,rv5_fwd,HAR,GARCH,Naive,window
2007-01-02,0.0002893627705219,0.0003630142217847454,0.00029181149280445794,0.00030451055525658477,calm
2007-01-03,0.0002081670161451,0.0003643008925158731,0.00032293205723309945,0.00044316512201208764,calm
2007-01-04,0.0001973267738342,0.0003561421310494935,0.00030997565564787,0.0004254724019404732,calm
2007-01-05,0.0001856952807406,0.0003504310594011171,0.00029487393373773163,0.0003691200706440199,calm
2007-01-08,0.0001175845403223,0.00036213819800752007,0.00031420736154883075,0.0004553710196671569,calm
2007-01-09,0.0002164420093581,0.0003519047650726614,0.00029960708362201005,0.0002893627705219168,calm
2007-01-10,0.0001625561033504,0.00032642922381566087,0.0003046859284754211,0.00020816701614514066,calm
2007-01-11,0.0001625819439469,0.00031245178077157277,0.00028794431478973046,0.00019732677383427628,calm
2007-01-12,0.000316023035222,0.000317527007106596,0.0002731394118551196,0.00018569528074061,calm
2007-01-15,0.0003107832144615,0.00031968476769551505,0.0002653286206451208,0.00011758454032235986,calm
2007-01-16,0.0001962905351334,0.00034207156515462535,0.00029350146775515443,0.00021644200935819823,calm
2007-01-17,0.0003699958935491,0.0003309044439613167,0.00028053996958781174,0.00016255610335041455,calm
2007-01-18,0.0004255013685579,0.0003019321403041536,0.0002671911731100769,0.0001625819439469419,calm
2007-01-19,0.0003152074932527,0.0003158966390487056,0.00029002233212731553,0.0003160230352220187,calm
2007-01-22,0.0002927151205182,0.00031539781566363215,0.0002864024934230301,0.0003107832144615914,calm
2007-01-23,0.0003006651224039,0.00030755808575778286,0.0002750302513153737,0.00019629053513344147,calm
2007-01-24,0.0002035869928914,0.0003329542975546185,0.0003018077225688057,0.0003699958935491169,calm
2007-01-25,0.0003928023894062,0.0003380753249674723,0.00030613909090928745,0.00042550136855793754,calm
2007-01-26,0.0005654236300202,0.00033960533621153435,0.00030749289929108943,0.00031520749325271674,calm
2007-01-29,0.000625842891178,0.00033111840765640796,0.000290741643157273,0.0002927151205182553,calm
2007-01-30,0.0006233160202416,0.00032674316308680453,0.00028199084327520225,0.0003006651224039459,calm
2007-01-31,0.000544094758217,0.0003336339003428533,0.00029609378861919185,0.00020358699289142163,calm
2007-02-01,0.0003042561962455,0.0003506862452233629,0.00033785908721438245,0.00039280238940628677,calm
2007-02-02,0.0002058907034277,0.00036412483880689055,0.0003690852535332269,0.00056542363002,calm
2007-02-05,0.0001560985085141,0.0003683137748122139,0.0003588086816821042,0.0006258428911779999,calm
2007-02-06,0.0001551363159005,0.0003631779863528143,0.000337628959549979,0.0006233160202414999,calm
2007-02-07,0.0003157875227903,0.00034511259187509447,0.00031880201193301537,0.000544094758217,calm
2007-02-08,0.0004094825013562,0.000340088463434103,0.0003008512221838978,0.0003042561962455667,calm
2007-02-09,0.0002919070940193,0.00034969659844144845,0.0003112580385165196,0.0002058907034277732,calm
2007-02-12,0.0002933241786847,0.00034311408081879235,0.000301312283216108,0.00015609850851420004,calm
2007-02-13,0.000291022235439,0.00034246074672670456,0.00028591460714326103,0.00015513631590054823,calm
2007-02-14,0.0001308651803231,0.00037128917700224426,0.0003076428481759409,0.0003157875227903954,calm
2007-02-15,4.334885245849562e-05,0.00037128092604048565,0.000311637645681682,0.0004094825013562469,calm
2007-02-16,4.457021276805174e-05,0.0003593974814127232,0.0002972842624062683,0.0002919070940193311,calm
2007-02-19,3.3806224207786696e-05,0.000364410824917013,0.00028369074563791395,0.0002933241786847579,calm
2007-02-20,0.0013124565890254,0.00034691768421038597,0.000269737120361029,0.0002910222354390793,calm
2007-02-21,0.0014921846196589,0.00033089235124269574,0.0002582143624716262,0.000130865180323152,calm
2007-02-22,0.0016867435899344,0.0003231813951037583,0.0002520470532733392,4.334885245849606e-05,calm
2007-02-23,0.0016847041772597,0.00030443830107756395,0.0002443727315194145,4.4570212768052175e-05,calm
2007-02-26,0.0020275124176278,0.00029648162872544396,0.00023782513742008203,3.380622420778713e-05,calm
2007-02-27,0.0008623070480304,0.00047614792141765773,0.0006077586995211861,0.0013124565890249998,calm
2007-02-28,0.0008504671091729,0.00048628082107117184,0.0006190688520669315,0.0014921846196585,calm
2007-03-01,0.001310312967009,0.0005040264165725373,0.0006366420456400501,0.0016867435899340002,calm
2007-03-02,0.0013103150688266,0.0004846699911951972,0.0005883027721814029,0.0016847041772595,calm
2007-03-05,0.0009687447408725,0.0005113593270399643,0.000651631852525788,0.0020275124176275,calm
2007-03-06,0.0009554243193341,0.0004850152022528554,0.0006254725407338905,0.00086230704803,calm
2007-03-07,0.0024842736075473,0.0004937414225672108,0.000614001301656389,0.0008504671091725,calm
2007-03-08,0.0019484710290594,0.0005533823831210099,0.0007323644819494905,0.001310312967009,calm
2007-03-09,0.0019917445337056,0.0005343681102335673,0.0006714567334028194,0.0013103150688264999,calm
2007-03-12,0.0020875363370511,0.0005314611329025674,0.0006212106592238799,0.0009687447408725,calm
2007-03-13,0.0019966578279055,0.0005398319778249698,0.0006088036454512135,0.0009554243193340001,calm
2007-03-14,0.0003278795722956,0.0006738581659615871,0.0010577238566456166,0.002484273607547,calm
2007-03-15,0.0003926504716339,0.0006628495578282831,0.00099172361180721,0.001948471029059,calm
2007-03-16,0.000356487223283,0.0006525952742653132,0.0009126809225260786,0.0019917445337055,calm
2007-03-19,0.0002985049792556,0.0006575032793565676,0.0008552460113788792,0.002087536337051,calm
2007-03-20,0.000336718041763,0.0006490033333004064,0.000783816201358867,0.0019966578279055,calm
2007-03-21,0.0004438246152004,0.0006118036903597942,0.0007223542124311372,0.00032787957229565585,calm
2007-03-22,0.0004768063473608,0.000633287151306047,0.0007072500562703084,0.00039265047163392595,calm
2007-03-23,0.0004798590911569,0.0006192390670626889,0.0006544613024457189,0.0003564872232830037,calm
2007-03-26,0.000447747669294,0.0006231183525327413,0.000619046321560949,0.0002985049792556644,calm
2007-03-27,0.0004340124351951,0.0006290079002417352,0.0005903382003352506,0.00033671804176301455,calm
2007-03-28,0.0003188721073003,0.0006455882545432454,0.0005899242432962396,0.00044382461520040277,calm
2007-03-29,0.0001329055710201,0.0005938635591624377,0.000596879425032702,0.000476806347360897,calm
2007-03-30,0.0002622039390647,0.0005734407431557398,0.0005566419973721109,0.0004798590911569248,calm
2007-04-02,0.0002559481084296,0.0005610374285151007,0.0005204311965038127,0.0004477476692940273,calm
2007-04-03,0.0002146633366143,0.0005668731852582599,0.000488865724457762,0.0004340124351951076,calm
2007-04-04,0.0002182531907626,0.0005391852476290457,0.0004624281802513333,0.00031887210730034406,calm
2007-04-05,0.00028840218031,0.0005205727062453161,0.0004369418754227852,0.00013290557102016028,calm
2007-04-10,0.0001450870327265,0.0005361853298705475,0.00043847882991127925,0.00026220393906476716,calm
2007-04-11,0.0001852144045775,0.00048367661432159305,0.00040845908769336566,0.0002559481084296043,calm
2007-04-12,0.000195356460962,0.00046959299693469795,0.000381724159953167,0.00021466333661436206,calm
2007-04-13,0.0002817118908718,0.0004858673486452475,0.00036092404221014845,0.00021825319076266972,calm
2007-04-16,0.0001697097703027,0.0004960395669572545,0.00036258059349793167,0.00028840218031009796,calm
2007-04-17,0.0003462606164697,0.0003307740791250288,0.00034044463414550566,0.0001450870327265106,calm
2007-04-18,0.0003090063511858,0.00033876959330139824,0.0003380944098766978,0.0001852144045775215,calm
2007-04-19,0.0003361465066566,0.0003319030450146431,0.0003232472220909752,0.00019535646096201475,calm
2007-04-20,0.0004123126096727,0.00034261240840563814,0.0003286586947561089,0.00028171189087185884,calm
2007-04-23,0.0004122619061655,0.0003173693741712137,0.0003099198068381143,0.00016970977030279698,calm
2007-04-24,0.0002393966912338,0.00036044940727761294,0.000350649985025758,0.000346260616469717,calm
2007-04-25,0.0006333144506884,0.00033210270577407175,0.0003344936120473477,0.0003090063511858212,calm
2007-04-26,0.0008015489359181,0.000339053590199065,0.0003212742000927855,0.00033614650665669685,calm
2007-04-27,0.0006183937454726,0.00036107712576788494,0.00036412629822319217,0.0004123126096727551,calm
2007-04-30,0.0007749837263547,0.00033173607883788404,0.0003415626625960765,0.0004122619061655173,calm
2007-05-01,0.0008791976343538,0.0003246384051998101,0.0003210745889406464,0.00023939669123381575,calm
2007-05-02,0.0005240550216742,0.0003672462907014908,0.00040125898574877654,0.000633314450688,calm
2007-05-03,0.000376315023874,0.00038910168396366347,0.00042213545102866073,0.0008015489359179999,calm
2007-05-04,0.0003730622558347,0.00037457580434208673,0.0003962089156838533,0.0006183937454725,calm
2007-05-08,0.0002303631115255,0.0003985888270907337,0.00042193883216001257,0.0007749837263545,calm
2007-05-09,0.0001447977380123,0.00040782081801080664,0.0004301728406061294,0.0008791976343534999,calm
2007-05-10,9.7645143647768e-05,0.00039895229249783856,0.00041903132670569504,0.000524055021674,calm
2007-05-11,0.0001268919153065,0.0003867015145357309,0.0004017327793741546,0.0003763150238740907,calm
2007-05-14,0.0002550335588775,0.0003758381395182148,0.0003763448078851158,0.00037306225583479623,calm
2007-05-15,0.0002759121373995,0.0003770075410236748,0.0003538579271641223,0.0002303631115255262,calm
2007-05-16,0.0004001669693791,0.00037186576555948194,0.00034171823270026875,0.0001447977380123078,calm
2007-05-17,0.0004114070884194,0.0003506849648948051,0.0003210726357529877,9.764514364776842e-05,calm
2007-05-18,0.0003244298925913,0.0003715004707491714,0.0003208412860905662,0.00012689191530657146,calm
2007-05-21,0.0001968287269452,0.00038951176299093084,0.00033090327233205194,0.00025503355887758646,calm
2007-05-22,0.0001626720683178,0.0003893130209339107,0.00031743981697846874,0.00027591213739950417,calm
2007-05-23,6.867955066216287e-05,0.00040168709295405566,0.00033215606222646184,0.00040016696937915993,calm
2007-05-24,5.590423840097618e-05,0.0003966690458112252,0.00031898273869452476,0.000411407088419452,calm
2007-05-25,0.0001756535397754,0.00036742651990744697,0.00030154736075945816,0.00032442989259130674,calm
2007-05-28,0.0008063825825214,0.0003644685654991763,0.00028505010347358806,0.0001968287269452294,calm
2007-05-29,0.001433049354092,0.0003559857403271269,0.00027135081905547113,0.00016267206831788202,calm
2007-05-30,0.0014025802049995,0.00034325498097208934,0.00027779396545755784,6.86795506621633e-05,calm
2007-05-31,0.0014295157065124,0.0003299325063273048,0.00026382420562673234,5.590423840097661e-05,calm
2007-06-01,0.001414793117421,0.000368430760847875,0.00027749512372589547,0.00017565353977547102,calm
2007-06-05,0.0008365840686972,0.00041604542004719617,0.0004554504145289723,0.000806382582521,calm
2007-06-06,0.0002399468307853,0.0004634477152189714,0.0006134818419289699,0.001433049354092,calm
2007-06-07,0.0004640297267471,0.00045405865158137617,0.0005744061381422974,0.0014025802049995,calm
2007-06-08,0.0006966234200908,0.0004438736620300987,0.0005411439824111369,0.001429515706512,calm
2007-06-11,0.0005940963611882,0.000447614704823977,0.0005225142900776342,0.0014147931174210001,calm
2007-06-12,0.0005638350956675,0.00043782371876625224,0.0005034700427552565,0.000836584068697,calm
2007-06-13,0.0005845092379356,0.00041501824722116576,0.00047864029944171856,0.00023994683078532616,calm
2007-06-14,0.0006286355049162,0.00045141482843314513,0.0005018140822287597,0.000464029726747194,calm
2007-06-15,0.0004946939643344,0.000477753567327637,0.0005260797050411327,0.0006966234200905,calm
2007-06-18,0.0004933007803386,0.00045900293960500293,0.0004886487117806406,0.000594096361188,calm
2007-06-19,0.0004692783308037,0.000466649215157758,0.00046310026606538146,0.0005638350956675,calm
2007-06-20,0.0006689488685979,0.00046694237902175406,0.00043968474104490694,0.0005845092379355001,calm
2007-06-21,0.0004322036187155,0.00048611980901382894,0.0005009339287006545,0.0006286355049160001,calm
2007-06-22,0.0003061640194194,0.000485970085700901,0.0005065344596571687,0.0004946939643344876,calm
2007-06-25,0.0003121127277264,0.0004607104327092899,0.0004704173975860104,0.0004933007803386103,calm
2007-06-26,0.0003262873817986,0.00044349015336937194,0.0004368679119322062,0.00046927833080379717,calm
2007-06-27,0.0001031256330607,0.0005002691471979647,0.00048669760016197954,0.0006689488685975,calm
2007-06-28,9.234071969877252e-05,0.0004910584225327051,0.00046139430656576714,0.00043220361871557203,calm
2007-06-29,0.0001973350541824,0.00046018539119332936,0.0004286556762830727,0.0003061640194194379,calm
2007-07-02,0.0001936702478577,0.0004756880281764448,0.0003996306323129228,0.0003121127277264364,calm
2007-07-03,0.0004323102052193,0.00047953572228875974,0.0003747875886749147,0.0003262873817986336,calm
2007-07-04,0.0005487349876086,0.00045635922963032,0.0003552792281362507,0.00010312563306075936,calm
2007-07-05,0.0005123324867926,0.000413250059839019,0.0003498596217682827,9.234071969877298e-05,calm
2007-07-06,0.0004100619219582,0.00038209294663820673,0.0003509429838037994,0.00019733505418246435,calm
2007-07-09,0.0004424772478168,0.0003714415810500033,0.0003320450392197283,0.00019367024785770336,calm
2007-07-10,0.0002059820842704,0.0004145011533891217,0.00039326486985358087,0.00043231020521936807,calm
2007-07-11,8.586116316133623e-05,0.0004199015954735766,0.00041555363069369474,0.0005487349876085,calm
2007-07-12,0.0001228856796752,0.00040582299388963527,0.0003911706632756216,0.0005123324867925,calm
2007-07-13,0.000360073501258,0.00039779245200659974,0.0003676653709163546,0.00041006192195826156,calm
2007-07-16,0.0003258756857173,0.0003864200920920406,0.0003506969702444417,0.0004424772478168376,calm
2007-07-17,0.0007400284407414,0.0003503121738108669,0.0003367193025420427,0.0002059820842704836,calm
2007-07-18,0.000869200253645,0.0003426746725101063,0.00032692797735850584,8.586116316133667e-05,calm
2007-07-19,0.0016296992284974,0.00035040410676116194,0.00031583526304515335,0.0001228856796752468,calm
2007-07-20,0.0015923345043346,0.00038728016645703716,0.0003748999004980112,0.0003600735012580081,calm
2007-07-23,0.0017399244110896,0.00034471991191073194,0.00035267164285004255,0.0003258756857173454,calm
2007-07-24,0.0026472894049131,0.00040045215136011886,0.00046408537281969123,0.000740028440741,calm
2007-07-25,0.0025849172248466,0.00041464384506769466,0.0004817947943237108,0.000869200253645,calm
2007-07-26,0.0023943770362422,0.0004996919188475994,0.0006881594866282545,0.001629699228497,calm
2007-07-27,0.0023245670187258,0.0004907105532431092,0.0006975341867477833,0.0015923345043345,calm
2007-07-30,0.0023819513750352,0.0004987968262424378,0.0006899400686741347,0.0017399244110895,calm
2007-07-31,0.0013545429228103,0.0006096055156849159,0.0009789296311354114,0.002647289404913,calm
2007-08-01,0.002220560595484,0.0006031154051332925,0.0009242312764679034,0.0025849172248465,calm
2007-08-02,0.00208770449504,0.0006456121450549862,0.000996704817326049,0.002394377036242,calm
2007-08-03,0.0036841935270381,0.0006441455419809134,0.000953053235795171,0.0023245670187255,calm
2007-08-06,0.003868717632643,0.0006559146788615776,0.0009363160351155956,0.0023819513750350002,calm
2007-08-07,0.0036630884185702,0.0006559100888530779,0.0009285582320533383,0.0013545429228099999,calm
2007-08-08,0.0027425878237765,0.0007225421231937454,0.001091369767364092,0.002220560595484,calm
2007-08-09,0.0037704772524935,0.0007287265543516754,0.0011410014309446766,0.00208770449504,Global Financial Crisis
2007-08-10,0.0020787255874687,0.0008242587661474503,0.0015436463239137947,0.003684193527038,Global Financial Crisis
2007-08-13,0.0017160310572086,0.0008338188672423191,0.0014939827399527228,0.0038687176326430003,Global Financial Crisis
2007-08-14,0.0016329483179395,0.0008289486106654897,0.0013902913669391588,0.00366308841857,Global Financial Crisis
2007-08-15,0.0018167377909227,0.0008145751772451598,0.0012756373180276015,0.0027425878237765,Global Financial Crisis
2007-08-16,0.0003326185580007,0.0009056929959681265,0.0016015324833946636,0.0037704772524934996,Global Financial Crisis
2007-08-17,0.0003036229539713,0.0008650199596884557,0.0014571952004970889,0.0020787255874685,Global Financial Crisis
2007-08-20,0.0003796487816236,0.0008570625701899645,0.0013258798826878528,0.0017160310572085001,Global Financial Crisis
2007-08-21,0.0010437958541483,0.0008458944382522428,0.0012066810290785003,0.0016329483179394998,Global Financial Crisis
2007-08-22,0.0009225792215698,0.0008709471481622265,0.0011478784793756474,0.0018167377909225,Global Financial Crisis
2007-08-23,0.000922299570115,0.0007937228521110749,0.0010476594818025309,0.00033261855800070306,Global Financial Crisis
2007-08-24,0.0010114262472765,0.0007803396731086076,0.0009586547503382414,0.0003036229539713131,Global Financial Crisis
2007-08-27,0.0009274873147601,0.0007743783308672599,0.0008966800350071606,0.0003796487816236894,Global Financial Crisis
2007-08-28,0.0003213023074274,0.0008319198174207026,0.0010260080166838304,0.0010437958541479999,Global Financial Crisis
2007-08-29,0.0007637903591296,0.000815398804425216,0.0009556676830910812,0.0009225792215694999,Global Financial Crisis
2007-08-30,0.0007416800370612,0.0007558711320253623,0.0008752791135337355,0.0009222995701149999,Global Financial Crisis
2007-08-31,0.0008522628986689,0.0007659606238825982,0.0008201985289910961,0.0010114262472765,Global Financial Crisis
2007-09-03,0.0011232209675944,0.0007306298209285482,0.0007531412295277407,0.00092748731476,Global Financial Crisis
2007-09-04,0.0012319426279638,0.0007081101435770917,0.0007063752326944302,0.0003213023074274832,Global Financial Crisis
2007-09-05,0.0007334526776613,0.0007542887269358511,0.0008135557782488474,0.0007637903591295001,Global Financial Crisis
2007-09-06,0.0007315674025731,0.0007122353494244372,0.0007459962023859578,0.000741680037061,Global Financial Crisis
2007-09-07,0.001786372003494,0.0007052544447418345,0.0007510765594262786,0.0008522628986685001,Global Financial Crisis
2007-09-10,0.0032022505170048,0.0007048652729567191,0.0007804926245094674,0.001123220967594,Global Financial Crisis
2007-09-11,0.0032141963917786,0.0006253059588793368,0.0007577364199472237,0.0012319426279635,Global Financial Crisis
2007-09-12,0.0052359296474003,0.0005882605093261298,0.0007106991553227776,0.0007334526776610001,Global Financial Crisis
2007-09-13,0.0057057698014369,0.0005600654318265706,0.000652572125843735,0.000731567402573,Global Financial Crisis
2007-09-14,0.0045335993889067,0.0006846822166652899,0.0009728861002572002,0.001786372003494,Global Financial Crisis
2007-09-17,0.0029412229251502,0.0007110701680321248,0.0013867851074860578,0.0032022505170045,Global Financial Crisis
2007-09-18,0.0032683735210169,0.0007091731348794008,0.0013043086143353071,0.0032141963917785,Global Financial Crisis
2007-09-19,0.0012045404642561,0.0008323229463239288,0.001724681392408867,0.0052359296474,Global Financial Crisis
2007-09-20,0.0012632831098822,0.0008460025668626161,0.0017056716208885198,0.0057057698014365,Global Financial Crisis
2007-09-21,0.0013063042133902,0.0008242028513526269,0.0015630260797578255,0.0045335993889065,Global Financial Crisis
2007-09-24,0.0013502816443312,0.0008168514126918127,0.0014554197745374445,0.00294122292515,Global Financial Crisis
2007-09-25,0.0018597680109928,0.0008501792867849635,0.0014810205619234513,0.0032683735210164997,Global Financial Crisis
2007-09-26,0.0020769903865519,0.0007815810249538103,0.0013424920411682071,0.001204540464256,Global Financial Crisis
2007-09-27,0.0015754071897059,0.0008117012337766705,0.0013494441950715804,0.001263283109882,Global Financial Crisis
2007-09-28,0.0015045023943732,0.0008063869740943252,0.0012541862380644286,0.00130630421339,Global Financial Crisis
2007-10-01,0.0013622890164589,0.0008136743965502764,0.0011750999948047913,0.001350281644331,Global Financial Crisis
2007-10-02,0.0003650579389068,0.0008706411885678363,0.0013336719253980078,0.0018597680109925,Global Financial Crisis
2007-10-03,0.0002291902154153,0.0008721495095480783,0.0012611972160405753,0.0020769903865515,Global Financial Crisis
2007-10-04,0.000457967565647,0.0008494213452080198,0.0011498264582607005,0.0015754071897055,Global Financial Crisis
2007-10-05,0.0007961033585285,0.0008350434628683772,0.001058056622518113,0.001504502394373,Global Financial Crisis
2007-10-08,0.0009042487777979,0.0008252143356114997,0.0009711448145511071,0.0013622890164585,Global Financial Crisis
2007-10-09,0.0008932961412103,0.0007862365938847884,0.000900954217354365,0.0003650579389068843,Global Financial Crisis
2007-10-10,0.0009445312966089,0.0007697209449546611,0.0008516214675265825,0.00022919021541531828,Global Financial Crisis
2007-10-11,0.0008518228062997,0.0007975069876930972,0.0008600056641680686,0.0004579675656470497,Global Financial Crisis
2007-10-12,0.0005749449484559,0.0008293373825013333,0.000910326151299352,0.0007961033585285,Global Financial Crisis
2007-10-15,0.0008128077960692,0.0008310651690671529,0.0008732971192566916,0.0009042487777975,Global Financial Crisis
2007-10-16,0.0010380324400243,0.0007752174578161862,0.0008095782877510377,0.00089329614121,Global Financial Crisis
2007-10-17,0.000909931886354,0.000717800988585558,0.0007700925747973987,0.0009445312966084999,Global Financial Crisis
2007-10-18,0.0007609184501909,0.0007144944416724139,0.0007591439717000136,0.0008518228062995,Global Financial Crisis
2007-10-19,0.0007501517971935,0.0006078555657743571,0.0007374622768058976,0.0005749449484555,Global Financial Crisis
2007-10-22,0.0003875503441762,0.0006139192188584715,0.0007892990078164733,0.000812807796069,Global Financial Crisis
2007-10-23,0.0001504922151883,0.0006268760923278933,0.0007822890564169814,0.001038032440024,Global Financial Crisis
2007-10-24,0.0002383441690687,0.0006016546342139347,0.0007194925396026881,0.000909931886354,Global Financial Crisis
2007-10-25,0.0006703477459259,0.0005729119018420103,0.0006615589745560719,0.0007609184501905,Global Financial Crisis
2007-10-26,0.0008443524970127,0.0005874976868146546,0.0006324512755133022,0.0007501517971934999,Global Financial Crisis
2007-10-29,0.0012753872254005,0.0005224315996434498,0.0005817895986026762,0.0003875503441762224,Global Financial Crisis
2007-10-30,0.0012997864789667,0.000511164918066723,0.0005441315225714893,0.00015049221518832623,Global Financial Crisis
2007-10-31,0.0021387504548344,0.0005216057106627855,0.0005222570217661682,0.00023834416906870422,Global Financial Crisis
2007-11-01,0.0020815528556505,0.0005064683075403417,0.0006207241346716916,0.0006703477459254999,Global Financial Crisis
2007-11-02,0.0019239686985714,0.0005140580328410067,0.0006623506163842416,0.0008443524970125001,Global Financial Crisis
2007-11-05,0.0015104021361577,0.00055145112144138,0.0007420166757707412,0.0012753872254005,Global Financial Crisis
2007-11-06,0.0014979965496918,0.0005415202787788332,0.0006960651186573786,0.0012997864789665,Global Financial Crisis
2007-11-07,0.0011606824312509,0.0006225512702512236,0.0009171270661234225,0.0021387504548340004,Global Financial Crisis
2007-11-08,0.0008078905869121,0.0006388424236501516,0.0009579953059669743,0.0020815528556505,Global Financial Crisis
2007-11-09,0.0006813444355981,0.0006349788696541584,0.0009022546939430624,0.0019239686985710002,Global Financial Crisis
2007-11-12,0.0015179656771041,0.000607600578018513,0.0008261252544396237,0.0015104021361574999,Global Financial Crisis
2007-11-13,0.0017902378105487,0.0005875341841462067,0.0007601579504592826,0.0014979965496915001,Global Financial Crisis
2007-11-14,0.002723349792659,0.0006223382530265014,0.0008772777754729966,0.0011606824312505,Global Financial Crisis
2007-11-15,0.0027601150287144,0.0006030878135591105,0.0008156341933439764,0.000807890586912,Global Financial Crisis
2007-11-16,0.0046427187321649,0.00058255097843854,0.0007484797670608145,0.0006813444355979999,Global Financial Crisis
2007-11-19,0.0038067698474647,0.0006617714436654926,0.0009417844804348096,0.001517965677104,Global Financial Crisis
2007-11-20,0.0035576598873654,0.0006703805853498211,0.0009542633259552753,0.0017902378105485,Global Financial Crisis
2007-11-21,0.0036104715890038,0.0007481245198762554,0.0013189588911392222,0.002723349792659,Global Financial Crisis
2007-11-22,0.0035808215422735,0.0007242110620932438,0.0012234574466206314,0.002760115028714,Global Financial Crisis
2007-11-23,0.0029265993357803,0.0008424908857277381,0.0016041263962639693,0.0046427187321645,Global Financial Crisis
2007-11-26,0.0034195211124429,0.00081054340462192,0.0014612606492002515,0.0038067698474645003,Global Financial Crisis
2007-11-27,0.0039179565170522,0.0008117925771340372,0.001334747160816198,0.0035576598873649995,Global Financial Crisis
2007-11-28,0.0024993088631654,0.0008965680575565019,0.001622038686384742,0.0036104715890035,Global Financial Crisis
2007-11-29,0.0029942031769693,0.0008753433533128913,0.001476886816481666,0.0035808215422735,Global Financial Crisis
2007-11-30,0.0019833643018552,0.0009321216953157772,0.001656110106549373,0.0029265993357800004,Global Financial Crisis
2007-12-03,0.0017860600793187,0.0009339610123514461,0.0016562934688245374,0.0034195211124424998,Global Financial Crisis
2007-12-04,0.0012960282423823,0.0009484446657143775,0.0016678129484189001,0.003917956517052,Global Financial Crisis
2007-12-05,0.0011367702517973,0.0009161670335268392,0.001546658961612569,0.002499308863165,Global Financial Crisis
2007-12-06,0.0021257815095824,0.0009473788460439771,0.001534972019902176,0.0029942031769689998,Global Financial Crisis
2007-12-07,0.00200472802491,0.0009030387090946846,0.0014423618093274413,0.0019833643018550002,Global Financial Crisis
2007-12-10,0.0024261583292019,0.000899220441914971,0.0013832144565547118,0.0017860600793185,Global Financial Crisis
2007-12-11,0.0024696067555119,0.0008766151893948765,0.001277110203726547,0.001296028242382,Global Financial Crisis
2007-12-12,0.0024676117925499,0.0008540026150843989,0.0011620171766265595,0.001136770251797,Global Financial Crisis
2007-12-13,0.0009540582431104,0.000964368101363797,0.0015049953512690244,0.002125781509582,Global Financial Crisis
2007-12-14,0.0011793298451266,0.0009277861029771693,0.0013852868539220736,0.0020047280249099997,Global Financial Crisis
2007-12-17,0.0005221459022507,0.0009709026986735652,0.0014784342662581512,0.0024261583292015,Global Financial Crisis
2007-12-18,0.0005722735955459,0.0009618124258146563,0.0013760966627475043,0.0024696067555115,Global Financial Crisis
2007-12-19,0.0006270344789015,0.0009031733214859162,0.0012497122203632789,0.0024676117925494997,Global Financial Crisis
2007-12-20,0.0006190374712158,0.000880225025728291,0.0011417575206941677,0.00095405824311,Global Financial Crisis
2007-12-21,0.000301695389927,0.000863892462627602,0.0011165188140622021,0.0011793298451265,Global Financial Crisis
2007-12-24,0.0002394807705419,0.000831390551910912,0.0010318603043165107,0.0005221459022505,Global Financial Crisis
2007-12-27,8.581803910104813e-05,0.0007732739726313662,0.0009910630363421547,0.0005722735955455,Global Financial Crisis
2007-12-28,0.0003175968419764,0.0007718023750922039,0.0009140266631257543,0.0006270344789015,Global Financial Crisis
2007-12-31,0.0003300789564429,0.0007576152955876235,0.0008377199061144761,0.0006190374712155,Global Financial Crisis
2008-01-02,0.0012422328054145,0.0009607638675299365,0.0009572327794313124,0.00030169538992701444,Global Financial Crisis
2008-01-03,0.0013027562960028,0.0009428245849067897,0.0008666010756233524,0.0002394807705419852,Global Financial Crisis
2008-01-04,0.0013313760206305,0.0007407798373046281,0.0007837081614245299,8.581803910104812e-05,Global Financial Crisis
2008-01-07,0.0011459293081379,0.0008654944244913052,0.0008476363468494203,0.000317596841976456,Global Financial Crisis
2008-01-08,0.0025571895987745,0.0008009508999508835,0.0007698863618776409,0.0003300789564429764,Global Financial Crisis
2008-01-09,0.0016398133121199,0.0010210774154018462,0.0011176125252751832,0.0012422328054145,Global Financial Crisis
2008-01-10,0.0015716516954003,0.0009578231406576302,0.0010466674841836123,0.0013027562960025,Global Financial Crisis
2008-01-11,0.0015930119509087,0.0009320818445517109,0.0009502365591251531,0.0013313760206305,Global Financial Crisis
2008-01-14,0.0033089757858624,0.0009048871907188926,0.0008913905867611721,0.0011459293081375,Global Financial Crisis
2008-01-15,0.0032467518535411,0.001154272380303991,0.0014498698804860772,0.0025571895987744997,Global Financial Crisis
2008-01-16,0.0032453349714796,0.0010511628905898198,0.00130341935165069,0.0016398133121195001,Global Financial Crisis
2008-01-17,0.005605326200713,0.0008983536711002206,0.0011717816709924539,0.0015716516954,Global Financial Crisis
2008-01-18,0.0056158618500125,0.0009066234529863968,0.0010688792549266933,0.0015930119509085,Global Financial Crisis
2008-01-21,0.0041136099301672,0.0011313157177659321,0.0017777655873870593,0.0033089757858619996,Global Financial Crisis
2008-01-22,0.0028842135164154,0.001263921943761886,0.0021413822745526105,0.003246751853541,Global Financial Crisis
2008-01-23,0.002911349586514,0.0011945020205554086,0.00191640942774725,0.0032453349714795,Global Financial Crisis
2008-01-24,0.0007282954882161,0.0015807017078199063,0.0026810549418327684,0.005605326200712999,Global Financial Crisis
2008-01-25,0.0013425130620023,0.0015108421679511843,0.0024274375035559315,0.005615861850012499,Global Financial Crisis
2008-01-28,0.0011281650299688,0.001507003688840454,0.002320146164301447,0.004113609930167,Global Financial Crisis
2008-01-29,0.0028747903900749,0.0014448284959652723,0.0021216854246738095,0.0028842135164150002,Global Financial Crisis
2008-01-30,0.0028862587827954,0.001425670638165193,0.001904617099504252,0.002911349586514,Global Financial Crisis
2008-01-31,0.0030253063780341,0.0012784497906882665,0.0017964677174413606,0.000728295488216,Global Financial Crisis
2008-02-01,0.0025064024523014,0.0014251266625495468,0.0018728053505606304,0.001342513062002,Global Financial Crisis
2008-02-04,0.0024607556807453,0.0013868723077348525,0.0017104251775036125,0.0011281650299684999,Global Financial Crisis
2008-02-05,0.0011585646589956,0.0017116419264622531,0.002376557263685579,0.0028747903900745,Global Financial Crisis
2008-02-06,0.0011799019510788,0.0016412868764885003,0.0021465762324160156,0.002886258782795,Global Financial Crisis
2008-02-07,0.0009397420906213,0.0017009864123451557,0.0020747361396976317,0.003025306378034,Global Financial Crisis
2008-02-08,0.0008623276577034,0.0016004445844171131,0.0019109229882505502,0.002506402452301,Global Financial Crisis
2008-02-11,0.0008723595199032,0.0015829098719245087,0.0017409898375806544,0.0024607556807449997,Global Financial Crisis
2008-02-12,0.0002939950427398,0.001539590331757236,0.0017855963421666197,0.0011585646589955,Global Financial Crisis
2008-02-13,0.0002337517573803,0.0015120213284817035,0.0016322820088267328,0.0011799019510785,Global Financial Crisis
2008-02-14,0.0001854015864737,0.001384922137159282,0.0015073786596211346,0.000939742090621,Global Financial Crisis
2008-02-15,0.0003374871252132,0.001378282454660643,0.001393796700940349,0.0008623276577030001,Global Financial Crisis
2008-02-18,0.0007579248414628,0.001382065140216938,0.0012716571717597059,0.0008723595199030001,Global Financial Crisis
2008-02-19,0.0015473045171196,0.0012126272112074126,0.0011424514348986824,0.0002939950427398752,Global Financial Crisis
2008-02-20,0.001613388936287,0.0010524526870933342,0.0010290487092482967,0.00023375175738030396,Global Financial Crisis
2008-02-21,0.0021378760629878,0.0009655125911987339,0.0009481112301015583,0.00018540158647371705,Global Financial Crisis
2008-02-22,0.0021655564884596,0.0010568624189348135,0.0009678837152981002,0.00033748712521325483,Global Financial Crisis
2008-02-25,0.0020623110471824,0.000978858740820051,0.0010599819242249591,0.0007579248414624999,Global Financial Crisis
2008-02-26,0.0014667260712784,0.0011279551188283618,0.0012671613682275636,0.0015473045171195,Global Financial Crisis
2008-02-27,0.0021777207436257,0.0010860377250353792,0.0011747217117463638,0.001613388936287,Global Financial Crisis
2008-02-28,0.002593182142373,0.0011784531384905412,0.0013176249289735124,0.0021378760629875,Global Financial Crisis
2008-02-29,0.0023475965448254,0.001195648252479562,0.0013086565179654091,0.0021655564884595,Global Financial Crisis
2008-03-03,0.0020463082334022,0.0012130391174083343,0.001356979015666561,0.0020623110471820003,Global Financial Crisis
2008-03-04,0.0019180326617845,0.001121863534408695,0.0013157312600530348,0.001466726071278,Global Financial Crisis
2008-03-05,0.0014246049831198,0.0012458319236653623,0.0014879662862541168,0.0021777207436255,Global Financial Crisis
2008-03-06,0.0014010000736142,0.0011767560043727018,0.0017800883110325883,0.002593182142373,Global Financial Crisis
2008-03-07,0.0015236267331001,0.0011234944742136092,0.0016030173149700802,0.002347596544825,Global Financial Crisis
2008-03-10,0.0036941253499177,0.0011000717727348414,0.0014800774762741631,0.002046308233402,Global Financial Crisis
2008-03-11,0.0045471296987363,0.001082855887634112,0.001349624581562878,0.0019180326617844999,Global Financial Crisis
2008-03-12,0.0043617901962249,0.0010866867429891972,0.0013176709114653875,0.0014246049831194998,Global Financial Crisis
2008-03-13,0.0062405821568753,0.0011319138107721916,0.0016184346833035147,0.001401000073614,Global Financial Crisis
2008-03-14,0.0068354282854756,0.0011308853313288297,0.0015192177012407653,0.0015236267331000001,Global Financial Crisis
2008-03-17,0.0048556184452653,0.00147819580312394,0.002367429249787044,0.0036941253499175003,Global Financial Crisis
2008-03-18,0.0039479329358829,0.0015768345191662435,0.0024813014287433247,0.004547129698736,Global Financial Crisis
2008-03-19,0.004084071255132,0.001545906210158134,0.002268320020002314,0.0043617901962245,Global Financial Crisis
2008-03-20,0.0012683182343931,0.0018982321663351762,0.0031867994563682276,0.0062405821568750006,Global Financial Crisis
2008-03-25,0.0019250917195752,0.001955852086340702,0.003130124692344062,0.0068354282854755,Global Financial Crisis
2008-03-26,0.0021320695239093,0.0018957752221731034,0.002924482209679986,0.004855618445265,Global Financial Crisis
2008-03-27,0.0034205778506035,0.0017990702331163546,0.00261312648167477,0.0039479329358825,Global Financial Crisis
2008-03-28,0.0032091614849039,0.0018254802202401935,0.0024484552987912656,0.004084071255132,Global Financial Crisis
2008-03-31,0.0032282401115845,0.001540092050152487,0.0021906219484363865,0.001268318234393,Global Financial Crisis
2008-04-01,0.0019282842647806,0.0017605416050470444,0.002516328820946662,0.001925091719575,Global Financial Crisis
2008-04-02,0.0016675841332075,0.0017572678111951376,0.002432275024214054,0.002132069523909,Global Financial Crisis
2008-04-03,0.0003903958123351,0.0019339477804466577,0.0027627989348835685,0.0034205778506035,Global Financial Crisis
2008-04-04,0.0006671588966379,0.0018359663039445074,0.0024724703005538757,0.0032091614849034996,Global Financial Crisis
2008-04-07,0.0009600948557044,0.0018305064354873838,0.0022182938374677294,0.0032282401115845,Global Financial Crisis
2008-04-08,0.0009027967997995,0.0017047649803274985,0.0020291612830584593,0.0019282842647805002,Global Financial Crisis
2008-04-09,0.0013674795897085,0.0016383658959191495,0.0019222715968659663,0.0016675841332074999,Global Financial Crisis
2008-04-10,0.0013414477176959,0.0013994410336045948,0.0017362131269036637,0.00039039581233517556,Global Financial Crisis
2008-04-11,0.0015860909330354,0.0015179042682423797,0.0016994566386973884,0.0006671588966375001,Global Financial Crisis
2008-04-14,0.0012733367668835,0.0015914622785277966,0.0016789825131448505,0.000960094855704,Global Financial Crisis
2008-04-15,0.001603149140763,0.001535188913848353,0.0015222095754030482,0.0009027967997995,Global Financial Crisis
2008-04-16,0.0009372839475024,0.0016191929304472466,0.0016325884727287708,0.0013674795897085,Global Financial Crisis
2008-04-17,0.0010098480283911,0.00147466450756409,0.0014630301014930279,0.0013414477176955002,Global Financial Crisis
2008-04-18,0.0006654971922687,0.0014995332781001579,0.0015236850695097021,0.001586090933035,Global Financial Crisis
2008-04-21,0.0010684748356136,0.0013568335231757976,0.0013762492589798486,0.0012733367668835,Global Financial Crisis
2008-04-22,0.0007102059476061,0.0014444810521846067,0.001406580715962007,0.001603149140763,Global Financial Crisis
2008-04-23,0.0007073773404111,0.0011117466692571313,0.001266023100095702,0.000937283947502,Global Financial Crisis
2008-04-24,0.0010861333500525,0.0010729894860984806,0.0011764518254282447,0.001009848028391,Global Financial Crisis
2008-04-25,0.0010579377288148,0.0010322450322770244,0.0011307120194361303,0.0006654971922685,Global Financial Crisis
2008-04-28,0.0007686743112025,0.0011249221477336727,0.0011768302656203775,0.0010684748356134999,Global Financial Crisis
2008-04-29,0.0007764040388295,0.0010142519071010129,0.001057916128220673,0.0007102059476060001,Global Financial Crisis
2008-04-30,0.0008248440294509,0.0010318952958270973,0.0009555146499345069,0.000707377340411,Global Financial Crisis
2008-05-02,0.0004522966470545,0.0010146082248503271,0.0010348577016910314,0.0010861333500525,Global Financial Crisis
2008-05-06,0.0005922205589333,0.0009734092633793316,0.001018165912975327,0.0010579377288145,Global Financial Crisis
2008-05-07,0.0004713011464787,0.0008189775383589172,0.000961847294026178,0.0007686743112025,Global Financial Crisis
2008-05-08,0.0004864236612067,0.0008013023327012173,0.0008686426468408724,0.0007764040388295,Global Financial Crisis
2008-05-09,0.0004239709469963,0.0008215243575727329,0.0008189725437511534,0.0008248440294505,Global Financial Crisis
2008-05-12,0.0003686351585853,0.0007753343876546573,0.0007660371652027753,0.00045229664705453553,Global Financial Crisis
2008-05-13,0.0005045123107507,0.0008148229703795657,0.0008433496756202967,0.000592220558933,Global Financial Crisis
2008-05-14,0.0012696123860588,0.0007717946785742827,0.0007629348198067793,0.0004713011464787203,Global Financial Crisis
2008-05-15,0.0012460726091571,0.0007524934620282191,0.00069670670248291,0.0004864236612067198,Global Financial Crisis
2008-05-16,0.0014182044165277,0.0006871869935632152,0.0006315722844279424,0.00042397094699635283,Global Financial Crisis
2008-05-19,0.0014584915404039,0.0006970123905775826,0.0005797285402780757,0.0003686351585853476,Global Financial Crisis
2008-05-20,0.0010109717712478,0.0007085586220002257,0.0007391169725321472,0.0005045123107505,Global Financial Crisis
2008-05-21,0.0002424429961745,0.0008733677669055049,0.0010250909995346078,0.0012696123860585,Global Financial Crisis
2008-05-22,0.0002553417360718,0.0007638103561086408,0.0009248981421766178,0.001246072609157,Global Financial Crisis
2008-05-23,8.430472687226878e-05,0.0008260992145294728,0.0009205405801655633,0.0014182044165275002,Global Financial Crisis
2008-05-26,0.0005486235865654,0.0007850832575429581,0.0008506356911439182,0.0014584915404035,Global Financial Crisis
2008-05-27,0.0006090284112537,0.0007309601668173982,0.0007700651666421415,0.0010109717712475002,Global Financial Crisis
2008-05-28,0.0007777350362987,0.000636182154868776,0.0006970569653283884,0.00024244299617457945,Global Financial Crisis
2008-05-29,0.0018231065144852,0.0006254054589535064,0.0006416564362324208,0.000255341736071888,Global Financial Crisis
2008-05-30,0.0026860006291864,0.0005108588247695491,0.0005826705088174346,8.430472687226878e-05,Global Financial Crisis
2008-06-03,0.0021580123484016,0.0007068040838399731,0.0007773441697359585,0.000548623586565,Global Financial Crisis
2008-06-04,0.0025038146379982,0.0007074648239102732,0.0007370783887492402,0.0006090284112535,Global Financial Crisis
2008-06-05,0.0024144894722241,0.0006959395935595587,0.0007294874869160167,0.0007777350362985,Global Financial Crisis
2008-06-06,0.0014288411122662,0.0008836126099613598,0.001143209206080551,0.0018231065144849999,Global Financial Crisis
2008-06-09,0.0006602128906629,0.0010075124006207825,0.0014246854151355314,0.0026860006291859998,Global Financial Crisis
2008-06-10,0.0007353958436054,0.000914117537238174,0.0012782952947466722,0.0021580123484015,Global Financial Crisis
2008-06-11,0.0009112201825486,0.00103364016304393,0.00134091814586615,0.002503814637998,Global Financial Crisis
2008-06-12,0.0008281852273262,0.0010176491830169272,0.001231302693653437,0.002414489472224,Global Financial Crisis
2008-06-13,0.000772617091994,0.0009401586690951827,0.0011302279458871123,0.001428841112266,Global Financial Crisis
2008-06-16,0.0008505862214711,0.0008828972300583557,0.0010670276776787808,0.0006602128906625,Global Financial Crisis
2008-06-17,0.0011650448447297,0.0008956484069761026,0.0009849971296026503,0.000735395843605,Global Financial Crisis
2008-06-18,0.0011446906310324,0.0009891505467580395,0.0011591566576992175,0.0009112201825485,Global Financial Crisis
2008-06-19,0.0023565248013801,0.0009233832393616051,0.0010422855550027102,0.000828185227326,Global Financial Crisis
2008-06-20,0.0024907358366094,0.0009026566616576341,0.0009504888607881636,0.0007726170919940001,Global Financial Crisis
2008-06-23,0.0025854300518571,0.0008648632446511525,0.0009438194174400018,0.000850586221471,Global Financial Crisis
2008-06-24,0.0028769219587328,0.0009402539649765798,0.0010360264422494875,0.0011650448447295,Global Financial Crisis
2008-06-25,0.003693924923849,0.0009828186115846765,0.0011515783981950877,0.001144690631032,Global Financial Crisis
2008-06-26,0.0025556958458987,0.0011846257810200478,0.0015854844192835379,0.00235652480138,Global Financial Crisis
2008-06-27,0.0026039203873694,0.0011869376154068176,0.0014748430198931802,0.002490735836609,Global Financial Crisis
2008-06-30,0.0023361145519536,0.0012233644387265377,0.0014528348452625573,0.0025854300518569997,Global Financial Crisis
2008-07-01,0.0034086029685504,0.0013119215187907879,0.0016183223078018163,0.0028769219587325,Global Financial Crisis
2008-07-02,0.0027483803707322,0.0014853741766320174,0.002073557970895294,0.0036939249238490002,Global Financial Crisis
2008-07-03,0.0031163157073672,0.0013597222999619444,0.0018783819375827243,0.0025556958458985,Global Financial Crisis
2008-07-04,0.0064856454937868,0.0013856110095149647,0.0017799933681749067,0.0026039203873689997,Global Financial Crisis
2008-07-07,0.0068426633038742,0.0012979571231382543,0.0015952387494373207,0.0023361145519535,Global Financial Crisis
2008-07-08,0.0061544852066511,0.0014957870539938605,0.002217050992838509,0.00340860296855,Global Financial Crisis
2008-07-09,0.0058693238119203,0.0014414243201667331,0.002264417099431332,0.0027483803707319997,Global Financial Crisis
2008-07-10,0.0079167185617031,0.0014932274380560534,0.002232256310795616,0.003116315707367,Global Financial Crisis
2008-07-11,0.0064755211283352,0.0019174434841706125,0.0035742559452799447,0.0064856454937865,Global Financial Crisis
2008-07-14,0.0072306336730981,0.0019155994351746513,0.0033226583724897444,0.006842663303874,Global Financial Crisis
2008-07-15,0.0070761427639865,0.001993613401616647,0.0034488495308974704,0.006154485206651,Global Financial Crisis
2008-07-16,0.0091020396041692,0.0019971225424851293,0.00324213183518687,0.00586932381192,Global Financial Crisis
2008-07-17,0.0082253525638493,0.0022762552989389105,0.003908758064641911,0.007916718561703,Global Financial Crisis
2008-07-18,0.0063648273963346,0.00234306889978957,0.004350216297619625,0.006475521128335,Global Financial Crisis
2008-07-21,0.0081823902177855,0.0024358281331004427,0.004320654310007817,0.007230633673098,Global Financial Crisis
2008-07-22,0.0073264654287754,0.0024890684435402307,0.00426690677089463,0.0070761427639865005,Global Financial Crisis
2008-07-23,0.0058728068044461,0.0027299643982111295,0.004806611104319095,0.009102039604169,Global Financial Crisis
2008-07-24,0.0045141936009322,0.00277513458358558,0.005007109264139211,0.008225352563849,Global Financial Crisis
2008-07-25,0.0086900452210452,0.002649856794236122,0.0045893224781473375,0.0063648273963345,Global Financial Crisis
2008-07-28,0.0057595150950603,0.0028792522365627474,0.005389464728243971,0.0081823902177855,Global Financial Crisis
2008-07-29,0.0116032194831991,0.0027540822852518427,0.0048297550845075,0.007326465428775,Global Financial Crisis
2008-07-30,0.0109540239396678,0.002803433202095424,0.004761186641006906,0.005872806804446,Global Financial Crisis
2008-07-31,0.0115344044048289,0.002677735155750189,0.004364598667660287,0.004514193600932,Global Financial Crisis
2008-08-01,0.0080966186291629,0.0031118155473641392,0.005847290243618695,0.008690045221045,Global Financial Crisis
2008-08-04,0.0095734408431128,0.002692672004343407,0.005205985304910316,0.00575951509506,Global Financial Crisis
2008-08-05,0.0043368833674354,0.0035483346593105335,0.007082898707751201,0.011603219483199,Global Financial Crisis
2008-08-06,0.0054111833863983,0.00347101030789862,0.006438254672851239,0.0109540239396675,Global Financial Crisis
2008-08-07,0.0050711079042757,0.0034593236704195313,0.006113542226411941,0.0115344044048285,Global Financial Crisis
2008-08-08,0.0046139353139888,0.003363129030935612,0.005842443173872933,0.0080966186291625,Global Financial Crisis
2008-08-11,0.0033204826404135,0.003487145117674376,0.005796408202168345,0.009573440843112499,Global Financial Crisis
2008-08-12,0.0049214003194121,0.0030554334337372898,0.005467155670860134,0.004336883367435,Global Financial Crisis
2008-08-13,0.0035599887049153,0.0031997574681534805,0.005514285532164944,0.0054111833863979995,Global Financial Crisis
2008-08-14,0.0035520313632923,0.0031222684473114445,0.005100676274053687,0.0050711079042755,Global Financial Crisis
2008-08-15,0.0043367994863259,0.003102368295780508,0.004755531650346717,0.0046139353139885,Global Financial Crisis
2008-08-18,0.0042331270016851,0.002858642806060449,0.004327191278049067,0.0033204826404135005,Global Financial Crisis
2008-08-19,0.0020060613384524,0.003037607812667946,0.004865813956707749,0.004921400319412,Global Financial Crisis
2008-08-20,0.0019927984889746,0.0028079440055705502,0.00437206604240979,0.003559988704915,Global Financial Crisis
2008-08-21,0.0021751309407658,0.0028276141095685977,0.004123849494955411,0.003552031363292,Global Financial Crisis
2008-08-22,0.0008414895445843,0.002842323776813838,0.004210890055388236,0.0043367994863254995,Global Financial Crisis
2008-08-25,0.0007773934883382,0.0026862365875911106,0.003795023508573751,0.004233127001685,Global Financial Crisis
2008-08-26,0.001525744711224,0.002469960772360098,0.0033933161524786442,0.002006061338452,Global Financial Crisis
2008-08-27,0.0017955316417131,0.0023201210941374327,0.0030440623167054953,0.0019927984889745,Global Financial Crisis
2008-08-28,0.0014226153723091,0.002421402923486267,0.0029780901439084274,0.0021751309407655,Global Financial Crisis
2008-08-29,0.0028090939020888,0.0019728958929384286,0.0026579982805457576,0.000841489544584,Global Financial Crisis
2008-09-01,0.0069938777787438,0.002063124423283127,0.0023840445115549764,0.0007773934883380001,Global Financial Crisis
2008-09-02,0.0062144251717149,0.0020574075998612005,0.0024393610828116787,0.0015257447112240002,Global Financial Crisis
2008-09-03,0.0071750335487769,0.0020959114997332194,0.0023357118251687544,0.001795531641713,Global Financial Crisis
2008-09-04,0.0072917371997795,0.0016859581076618941,0.0022296699266948264,0.0014226153723090002,Global Financial Crisis
2008-09-05,0.0059716136748392,0.0019001728343647608,0.0026194515046129145,0.0028090939020885,Global Financial Crisis
2008-09-08,0.0028334766807808,0.0023539326769798554,0.004072214108615169,0.0069938777787435,Global Financial Crisis
2008-09-09,0.0042474972820634,0.002136062633401201,0.00363381214522013,0.0062144251717145,Global Financial Crisis
2008-09-10,0.0052946726018708,0.0022494738432579722,0.0038228247818141016,0.007175033548776501,Global Financial Crisis
2008-09-11,0.0056645343701203,0.0022140284520526096,0.003602962098611587,0.007291737199779501,Global Financial Crisis
2008-09-12,0.0150714821027334,0.002038913220776926,0.0032336971217265115,0.0059716136748389995,Global Financial Crisis
2008-09-15,0.0155716685459234,0.0019788695452458032,0.003368409487667165,0.0028334766807805003,Global Financial Crisis
2008-09-16,0.0179152830785922,0.002126509467069376,0.003644983007918028,0.004247497282063,Global Financial Crisis
2008-09-17,0.0156699406226161,0.0023356631174170457,0.0042911260819007745,0.0052946726018705,Global Financial Crisis
2008-09-18,0.0150693910179447,0.002225578864412293,0.004183749647145414,0.00566453437012,Global Financial Crisis
2008-09-19,0.0057145012524392,0.00318585501260408,0.007681615901693449,0.015071482102733,Global Financial Crisis
2008-09-22,0.0236501816035985,0.003221131404235804,0.007538200074882238,0.015571668545923,Global Financial Crisis
2008-09-23,0.0256294858378708,0.003446285072710473,0.008369945555489946,0.017915283078592,Global Financial Crisis
2008-09-24,0.0261760057169028,0.003302722093719816,0.007475504395339691,0.015669940622616,Global Financial Crisis
2008-09-25,0.0283640682318015,0.003317762881293749,0.006717021677133471,0.0150693910179445,Global Financial Crisis
2008-09-26,0.0292122096789999,0.0030121001191483364,0.006038892777835121,0.0057145012524390006,Global Financial Crisis
2008-09-29,0.0206019853609634,0.004714934483075914,0.013826117909682361,0.0236501816035985,Global Financial Crisis
2008-09-30,0.0203525475577484,0.005004973671486612,0.014671915886263235,0.025629485837870503,Global Financial Crisis
2008-10-01,0.0256570842549536,0.004959395361439839,0.013290568234130884,0.0261760057169025,Global Financial Crisis
2008-10-02,0.0233168722967425,0.0051306351586042935,0.01278229910349242,0.0283640682318015,Global Financial Crisis
2008-10-03,0.0255293396818997,0.005140706471161594,0.01174828567129305,0.0292122096789995,Global Financial Crisis
2008-10-06,0.0152417902627563,0.005563649806527096,0.01518917259551551,0.020601985360963,Global Financial Crisis
2008-10-07,0.0104765266659984,0.005709582223574795,0.015914342341239625,0.020352547557748003,Global Financial Crisis
2008-10-08,0.0088783132379878,0.005921161503892731,0.016752133160079685,0.025657084254953503,Global Financial Crisis
2008-10-09,0.0102040446893383,0.005625842240926466,0.014907584425132217,0.0233168722967425,Global Financial Crisis
2008-10-10,0.0070325026085347,0.005973269151711504,0.014660605118096248,0.0255293396818995,Global Financial Crisis
2008-10-13,0.0069181972216631,0.005613859894987087,0.013266093067030953,0.015241790262756,Global Financial Crisis
2008-10-14,0.0083964735167829,0.0054470460854470805,0.012079587199147878,0.010476526665998,Global Financial Crisis
2008-10-15,0.0085042657681014,0.0055643995939210576,0.012654340662453543,0.0088783132379875,Global Financial Crisis
2008-10-16,0.0071831695158813,0.005585962795652931,0.011863326288001791,0.010204044689337999,Global Financial Crisis
2008-10-17,0.0076853386150995,0.005085337473636701,0.010554144949190351,0.0070325026085345,Global Financial Crisis
2008-10-20,0.0082523278527435,0.00523705255512808,0.009572883670170507,0.0069181972216630005,Global Financial Crisis
2008-10-21,0.0063678626126944,0.005112985870366196,0.009412278186534269,0.0083964735167825,Global Financial Crisis
2008-10-22,0.005677080122651,0.00526470945460615,0.010332419011563485,0.008504265768101,Global Financial Crisis
2008-10-23,0.0067534310535867,0.004839731205620523,0.00920898548926781,0.007183169515881,Global Financial Crisis
2008-10-24,0.014249685038669,0.004993829861973144,0.008429617890899962,0.007685338615099501,Global Financial Crisis
2008-10-27,0.0131986021722842,0.0050926295135025855,0.007978521993385218,0.0082523278527435,Global Financial Crisis
2008-10-28,0.0131435084094802,0.004927005538008816,0.007252127215735888,0.006367862612694,Global Financial Crisis
2008-10-29,0.0094088412048323,0.004320061074568012,0.008001087705132458,0.005677080122651,Global Financial Crisis
2008-10-30,0.0159477386429761,0.004143925825991007,0.007561826684706617,0.0067534310535865,Global Financial Crisis
2008-10-31,0.0080094589559126,0.004883384840810504,0.010062504198497711,0.014249685038669,Global Financial Crisis
2008-11-03,0.0080959636921637,0.0044330166451465765,0.008951343639919642,0.013198602172284,Global Financial Crisis
2008-11-04,0.0080580948467009,0.004575100204387836,0.008060908849328604,0.01314350840948,Global Financial Crisis
2008-11-05,0.0088690217347736,0.0038424563787167296,0.007186687604311416,0.009408841204832,Global Financial Crisis
2008-11-06,0.001644954031399,0.00434825707495652,0.00974071646568642,0.015947738642976,Global Financial Crisis
2008-11-07,0.0015774821050852,0.0036303847693651818,0.00868473111879838,0.008009458955912499,Global Financial Crisis
2008-11-10,0.0030395510857804,0.0036448931134097666,0.007754771217369096,0.0080959636921635,Global Financial Crisis
2008-11-11,0.0051122107683639,0.00351844010659515,0.00701115477478331,0.0080580948467005,Global Financial Crisis
2008-11-12,0.0044718382100287,0.003600756718670411,0.006622671786063466,0.0088690217347735,Global Financial Crisis
2008-11-13,0.0060356498549525,0.0030261961832297457,0.006095166585134537,0.001644954031399,Global Financial Crisis
2008-11-14,0.0060537373828676,0.002641160957470193,0.005426500752471862,0.001577482105085,Global Financial Crisis
2008-11-17,0.0080588117037445,0.0030392854365507076,0.005530344252111116,0.00303955108578,Global Financial Crisis
2008-11-18,0.0057586346092555,0.0033289332636281346,0.00595066112535363,0.005112210768363499,Global Financial Crisis
2008-11-19,0.0055727762112815,0.003207343160752638,0.005393827394708975,0.0044718382100285,Global Financial Crisis
2008-11-20,0.00401925452959,0.0033522232343527318,0.005693421661332323,0.0060356498549525,Global Financial Crisis
2008-11-21,0.004030515096118,0.002995338260552362,0.005073151253072224,0.0060537373828675,Global Financial Crisis
2008-11-24,0.0006339429007329,0.003413199106582871,0.005980806592426701,0.008058811703744501,Global Financial Crisis
2008-11-25,0.000647122849075,0.0030560182830934833,0.00532406809927969,0.0057586346092555005,Global Financial Crisis
2008-11-26,0.0008507938360954,0.003059681416741539,0.004742397435463059,0.0055727762112815,Global Financial Crisis
2008-11-27,0.0004996500847269,0.0030624108738622285,0.004391469406659916,0.00401925452959,Global Financial Crisis
2008-11-28,0.0005440474771907,0.002801997197820613,0.003920700705445828,0.004030515096118,Global Financial Crisis
2008-12-01,0.0036063634444698,0.0023278748535418997,0.003574576548944786,0.0006339429007325001,Global Financial Crisis
2008-12-02,0.0039383060061493,0.0018950381781261054,0.003190136448860957,0.0006471228490750001,Global Financial Crisis
2008-12-03,0.0037510577789312,0.0020006792334562895,0.002950552249707676,0.0008507938360950001,Global Financial Crisis
2008-12-04,0.0042072804801538,0.0018763276968761077,0.0026611690789551524,0.000499650084726942,Global Financial Crisis
2008-12-05,0.0055346844949654,0.0018925189226804784,0.0024160294452359337,0.0005440474771905,Global Financial Crisis
2008-12-08,0.0023188836708705,0.002038276446395425,0.003481183877487442,0.0036063634444695,Global Financial Crisis
2008-12-09,0.002207723859594,0.0020398204765069068,0.003235112764304705,0.0039383060061490005,Global Financial Crisis
2008-12-10,0.0025609186077763,0.001984179908258452,0.002901774077417804,0.003751057778931,Global Financial Crisis
2008-12-11,0.0033340339845091,0.002078377792019485,0.0028425278648684985,0.0042072804801535,Global Financial Crisis
2008-12-12,0.0026031177700084,0.0021927280121093046,0.0031702020333036506,0.005534684494965,Global Financial Crisis
2008-12-15,0.0026013619031295,0.0019008363708239962,0.0028287839270808393,0.0023188836708705,Global Financial Crisis
2008-12-16,0.0024896103064283,0.0019645153756732473,0.002639632967436754,0.002207723859594,Global Financial Crisis
2008-12-17,0.0021320728930129,0.0019198623966078091,0.0025010605726318723,0.002560918607776,Global Financial Crisis
2008-12-18,0.0008335432562259,0.0019165736578266761,0.002828614058021805,0.003334033984509,Global Financial Crisis
2008-12-19,0.0001664801481523,0.0018953046821678825,0.0028352589020179167,0.0026031177700080003,Global Financial Crisis
2008-12-22,0.0001724832953983,0.0016780141648922097,0.0025309695393583593,0.0026013619031295,Global Financial Crisis
2008-12-23,0.0010745734356411,0.0017254794788928486,0.0023235606162601325,0.002489610306428,Global Financial Crisis
2008-12-24,0.0021744464475243,0.0014011793605748126,0.0020900112436268896,0.0021320728930125,Global Financial Crisis
2008-12-29,0.0043278093834889,0.0012767449269178819,0.0018723123865508836,0.0008335432562255,Global Financial Crisis
2008-12-30,0.0043245124465678,0.0010778596671545749,0.0016757526927759117,0.00016648014815236434,Global Financial Crisis
2008-12-31,0.0043699884730695,0.0010628406724459605,0.001508528580445773,0.00017248329539836237,Global Financial Crisis
2009-01-02,0.0036308035018824,0.002071900989074388,0.0021378311618261638,0.001074573435641,Global Financial Crisis
2009-01-05,0.0027908857072497,0.0024656321674394106,0.002452547049642596,0.002174446447524,Global Financial Crisis
2009-01-06,0.0006224306893316,0.0031253947467981937,0.0032540174665575392,0.0043278093834885,Global Financial Crisis
2009-01-07,0.0037827304003148,0.002784637996108934,0.0029094599875233223,0.0043245124465675,Global Financial Crisis
2009-01-08,0.003767967484817,0.002988237761711598,0.0026231986645467963,0.0043699884730695,Global Financial Crisis
2009-01-09,0.003572957464166,0.0029806825051708783,0.0024759955741766623,0.003630803501882,Global Financial Crisis
2009-01-12,0.00924452729972,0.002399103789501341,0.0023763663881549582,0.0027908857072494997,Global Financial Crisis
2009-01-13,0.0096129410456041,0.0017461970629046699,0.0021282010378430903,0.0006224306893315,Global Financial Crisis
2009-01-14,0.0067551174197075,0.0030418682773549442,0.0035738972438774056,0.0037827304003145,Global Financial Crisis
2009-01-15,0.0070895537126763,0.0028428678201019,0.003221752189525224,0.003767967484817,Global Financial Crisis
2009-01-16,0.0073627127739686,0.0026297761966978172,0.002936659263145508,0.003572957464166,Global Financial Crisis
2009-01-19,0.0015687568293677,0.0042572043697036805,0.005739006623957553,0.009244527299720001,Global Financial Crisis
2009-01-20,0.0013358629335692,0.004198335106699613,0.005331713058717964,0.009612941045604,Global Financial Crisis
2009-01-21,0.0031852805611823,0.003954980764429307,0.00493309214839622,0.006755117419707499,Global Financial Crisis
2009-01-22,0.0052207688146001,0.003840396255869698,0.0045777268423630646,0.007089553712676,Global Financial Crisis
2009-01-23,0.0049060815387593,0.003811394219677989,0.004255635957234604,0.0073627127739685,Global Financial Crisis
2009-01-26,0.0047757264604803,0.002994462110906759,0.0038705245626190674,0.0015687568293675,Global Financial Crisis
2009-01-27,0.0046410931620676,0.0029180915653222363,0.0035166096399805434,0.0013358629335689998,Global Financial Crisis
2009-01-28,0.0034767177950064,0.003732782994003261,0.0041939330999639125,0.0031852805611819997,Global Financial Crisis
2009-01-29,0.0010782903581106,0.004393930393339894,0.005025539562202089,0.005220768814600001,Global Financial Crisis
2009-01-30,0.0020052137543135,0.004206124825589106,0.004520599406367111,0.004906081538759,Global Financial Crisis
2009-02-02,0.0020156735430456,0.004170151722787338,0.004047547403902209,0.00477572646048,Global Financial Crisis
2009-02-03,0.0021952368944163,0.0038964734121255226,0.0036186205181143365,0.0046410931620675,Global Financial Crisis
2009-02-04,0.0014422473574131,0.003940481631954509,0.003706344087706931,0.003476717795006,Global Financial Crisis
2009-02-05,0.0018406967614357,0.0029101560971396007,0.0033223452050314558,0.0010782903581105,Global Financial Crisis
2009-02-06,0.000905631595504,0.0034645456650285503,0.003436619568098208,0.0020052137543134997,Global Financial Crisis
2009-02-09,0.0025166582533174,0.003364642867504925,0.003085862162778681,0.0020156735430455,Global Financial Crisis
2009-02-10,0.0030950175845179,0.0034441531448726687,0.0028654589392311343,0.002195236894416,Global Financial Crisis
2009-02-11,0.0029148445390639,0.0032283952448456717,0.002698292948281658,0.001442247357413,Global Financial Crisis
2009-02-12,0.0025074641869565,0.0034226689186114038,0.0026439481092610877,0.0018406967614355001,Global Financial Crisis
2009-02-13,0.0044074116500811,0.002643695954241158,0.002393224962026461,0.000905631595504,Global Financial Crisis
2009-02-16,0.0029244205522912,0.0034322791611830898,0.003024376778262932,0.002516658253317,Global Financial Crisis
2009-02-17,0.0022225459123429,0.0036140252758092633,0.003119701578203429,0.0030950175845174998,Global Financial Crisis
2009-02-18,0.0022494075370942,0.0026425923585093624,0.002825043219960838,0.0029148445390635,Global Financial Crisis
2009-02-19,0.0022481569390312,0.002460393434873563,0.002530600355469161,0.0025074641869565002,Global Financial Crisis
2009-02-20,0.0004451500577393,0.003124989717678113,0.00329867780654493,0.004407411650080999,Global Financial Crisis
2009-02-23,0.0023916436626428,0.0028353890746623945,0.0030474722403284597,0.002924420552291,Global Financial Crisis
2009-02-24,0.0024066855745011,0.002646148512328706,0.0027623597078534536,0.0022225459123425,Global Financial Crisis
2009-02-25,0.0040796488091911,0.0026482143160476293,0.0025037497074472427,0.002249407537094,Global Financial Crisis
2009-02-26,0.0042807312386495,0.0025385653382312677,0.00224320044290776,0.002248156939031,Global Financial Crisis
2009-02-27,0.0053787267193484,0.0018154177559801799,0.0020671979895152434,0.000445150057739352,Global Financial Crisis
2009-03-02,0.0035612820005868,0.002368864614906079,0.0029754778346653297,0.0023916436626425,Global Financial Crisis
2009-03-03,0.0047490552539807,0.00230289900710896,0.0027068044307005557,0.002406685574501,Global Financial Crisis
2009-03-04,0.0033726060857759,0.0028715166752196542,0.003273978498217017,0.004079648809191,Global Financial Crisis
2009-03-05,0.0036662184099972,0.002870090936630369,0.0030451705840248986,0.0042807312386495,Global Financial Crisis
2009-03-06,0.0025795761680575,0.003066414911033721,0.0033889284659974505,0.005378726719348,Global Financial Crisis
2009-03-09,0.0037677496391854,0.002884071436890712,0.0031980103951538483,0.0035612820005865,Global Financial Crisis
2009-03-10,0.0025315860468379,0.0031039426112014997,0.003466327812321658,0.0047490552539805,calm
2009-03-11,0.0022984307612184,0.0029639101736993437,0.0033109739889279396,0.0033726060857754998,calm
2009-03-12,0.0018305077860869,0.003059857442828598,0.003191037163955162,0.0036662184099969996,calm
2009-03-13,0.0021792072494162,0.002852971527082155,0.002917275684969688,0.0025795761680575,calm
2009-03-16,0.0007601231825803,0.0032593270725880382,0.0033272359527113087,0.003767749639185,calm
2009-03-17,0.0008667291112473,0.0029482609140623543,0.0029920068938703776,0.0025315860468374998,calm
2009-03-18,0.0008073816991397,0.0027361989218052207,0.002737690904608798,0.002298430761218,calm
2009-03-19,0.0008979295619118,0.0024997383934850115,0.0024693791802632837,0.0018305077860865,calm
2009-03-20,0.0004510710319683,0.0027022212589629733,0.002441684075287855,0.002179207249416,calm
2009-03-23,0.0006902133744578,0.0022594644873352304,0.002210616405473956,0.00076012318258,calm
2009-03-24,0.0014528619211347,0.0020867398202685152,0.0020577338666092457,0.000866729111247,calm
2009-03-25,0.0030485600174529,0.002045171445206599,0.0018775697530059852,0.0008073816991395,calm
2009-03-26,0.0040670254215267,0.0020938530880159163,0.001732573346160312,0.0008979295619115001,calm
2009-03-27,0.0042234929144385,0.0018632860856774814,0.0015868743357174058,0.0004510710319683568,calm
2009-03-30,0.0040803430641473,0.0020622019830394194,0.0015963507612559709,0.0006902133744575,calm
2009-03-31,0.0033347730465955,0.0024464917537032733,0.0018574435906224145,0.0014528619211345,calm
2009-04-01,0.0019192784301355,0.002691366733349752,0.0024805254743118644,0.0030485600174525,calm
2009-04-02,0.0014909269689849,0.0029822828496388963,0.002766182119820242,0.0040670254215265,calm
2009-04-03,0.0015766517485494,0.002696528867664463,0.0025951593310658654,0.0042234929144384994,calm
2009-04-06,0.0024971093068145,0.002668823889419749,0.002417232852431287,0.004080343064147,calm
2009-04-07,0.0036511089030443,0.0024036282861641927,0.0022513182081483306,0.0033347730465955,calm
2009-04-08,0.0035191326222724,0.0022129240058009546,0.0021348582893558226,0.0019192784301354999,calm
2009-04-09,0.0037020657969181,0.0020627697940181844,0.0022468847837283845,0.0014909269689845,calm
2009-04-14,0.0034238154877352,0.002051022002735862,0.0021442747813132995,0.0015766517485490002,calm
2009-04-15,0.0029494344989198,0.0023267969073900606,0.002504949657080589,0.0024971093068145,calm
2009-04-16,0.0017799148896794,0.002670822661641622,0.002869213978238394,0.003651108903044,calm
2009-04-17,0.0016475104593827,0.0023738795390115695,0.002623056806641877,0.003519132622272,calm
2009-04-20,0.0007663260036134,0.0025853196712260725,0.002832150609914748,0.0037020657969179995,calm
2009-04-21,0.0009130305540447,0.0024395214005552934,0.0025373883281499805,0.003423815487735,calm
2009-04-22,0.0020413708407697,0.002560302908000693,0.0025555559703077943,0.0029494344989195002,calm
2009-04-23,0.0041679372362649,0.002279717526606731,0.0023660270197093107,0.001779914889679,calm
2009-04-24,0.0050949746097308,0.002146612958693201,0.0021176803155837786,0.0016475104593825002,calm
2009-04-27,0.0051457405212412,0.001931263449756115,0.0018991002423306082,0.000766326003613,calm
2009-04-28,0.0061953143741553,0.0020443131724595977,0.0017973059545276686,0.0009130305540445001,calm
2009-04-29,0.0055296566334419,0.0026157033912629023,0.0024540181036365213,0.0020413708407695,calm
2009-04-30,0.0041119544145134,0.0032910087936725164,0.003300176732182122,0.0041679372362645,calm
2009-05-05,0.0032012170695792,0.0034690287878604386,0.0033931995111412725,0.0050949746097305,calm
2009-05-06,0.0052439009216551,0.0032574987224045573,0.0030730493882314344,0.005145740521241,calm
2009-05-07,0.00469066453273,0.0033652610826938162,0.0034008909552815277,0.006195314374155,calm
2009-05-08,0.0044378232603909,0.0032911555200865286,0.003552901074956023,0.0055296566334415,calm
2009-05-11,0.0036148547666266,0.003236992344971874,0.003633912744530422,0.004111954414513,calm
2009-05-12,0.0050395386485596,0.00298395191058551,0.00325284995036837,0.0032012170695790002,calm
2009-05-13,0.0029544892925125,0.0036843391153654516,0.004027565943972283,0.005243900921655,calm
2009-05-14,0.0025484742960562,0.003643397899906621,0.003908697908974834,0.00469066453273,calm
2009-05-15,0.0017704800590323,0.0036357093958141224,0.0038807490565365903,0.0044378232603905,calm
2009-05-18,0.0017553818946513,0.0033617199910774484,0.0034730970267693386,0.0036148547666265,calm
2009-05-19,0.0003159984147681,0.0037409020286597494,0.0038017537041729744,0.0050395386485595,calm
2009-05-20,0.0006438080975432,0.0031308251182108767,0.003403230722727509,0.0029544892925125,calm
2009-05-21,0.0008357211111856,0.003148996861814942,0.0031870997742391876,0.0025484742960560003,calm
2009-05-22,0.0009306161832728,0.0028122599749329418,0.002876076305211433,0.001770480059032,calm
2009-05-25,0.0021165718424212,0.0027413380762202435,0.002575974925175576,0.001755381894651,calm
2009-05-26,0.0022591591136424,0.002037469691429473,0.0023050110600733318,0.00031599841476814394,calm
2009-05-27,0.002018050646912,0.0024045609261411915,0.002222027840220444,0.000643808097543,calm
2009-05-28,0.0018764283270388,0.002563810483411997,0.0022374072301699207,0.0008357211111854999,calm
2009-05-29,0.0022531352831519,0.002593623543136258,0.002060101214386973,0.0009306161832725,calm
2009-06-02,0.0011668859020707,0.003149958267533971,0.002416862517360582,0.002116571842421,calm
2009-06-03,0.0011550080494664,0.0028999300814169108,0.0022253991070650438,0.002259159113642,calm
2009-06-04,0.0011268056661484,0.002534505498704628,0.002036552509321899,0.002018050646912,calm
2009-06-05,0.0008486264549246,0.0024378408942740465,0.0019611722757291047,0.0018764283270385,calm
2009-06-08,0.0012734182853346,0.0025887447433464972,0.0020403446150252563,0.0022531352831515,calm
2009-06-09,0.0011766948694654,0.002150958603568364,0.0018700264019422092,0.0011668859020705,calm
2009-06-10,0.0023661170382305,0.002020159967570234,0.0017324787014187844,0.001155008049466,calm
2009-06-11,0.0023075055596495,0.0018924795770348547,0.0015843411429501124,0.001126805666148,calm
2009-06-12,0.0025114040412141,0.0017926103254827215,0.001428881332610834,0.0008486264549245001,calm
2009-06-15,0.0032073307724189,0.0017920873924802355,0.001790531246096438,0.0012734182853344999,calm
2009-06-16,0.0032890092038716,0.0015908653648952049,0.0016058249433871952,0.001176694869465,calm
2009-06-17,0.0027776296067768,0.00195370319346443,0.0021516088795533513,0.0023661170382305,calm
2009-06-18,0.0031429615678396,0.001872598804668617,0.0019413249815711723,0.0023075055596495,calm
2009-06-19,0.0029300969741253,0.0017214641735627074,0.0018407352606766064,0.0025114040412139997,calm
2009-06-22,0.0014434917285244,0.0021258407070477558,0.002522244293922411,0.0032073307724185,calm
2009-06-23,0.001398794217706,0.002048409741709087,0.0023114805058851795,0.0032890092038715,calm
2009-06-24,0.0006169151777295,0.0021724405233864985,0.0024545255849278934,0.0027776296067765,calm
2009-06-25,0.0003245067694658,0.0022661824892902774,0.002412869007712681,0.0031429615678395,calm
2009-06-26,0.0004157433020003,0.002178596506627473,0.0021716308046079596,0.002930096974125,calm
2009-06-29,0.0015650336350408,0.0019611063676969803,0.002006531548433273,0.0014434917285240001,calm
2009-06-30,0.0018925702636482,0.0018690137521826385,0.0018262318035882326,0.001398794217706,calm
2009-07-01,0.0018859736422913,0.001626052134880568,0.0016576175039980214,0.0006169151777295001,calm
2009-07-02,0.0018831307221836,0.0013485447276160615,0.0015434742788648283,0.0003245067694658938,calm
2009-07-03,0.0023686267531775,0.0013981278664425628,0.0014289619326432422,0.0004157433020003801,calm
2009-07-06,0.0012377183914523,0.0019536764959756127,0.001978842755801874,0.0015650336350405,calm
2009-07-07,0.0009998707907001,0.0020005419194032968,0.0019425486617851186,0.0018925702636480002,calm
2009-07-08,0.0012004473178825,0.0018708445336436954,0.0017476241014330292,0.0018859736422909999,calm
2009-07-09,0.0011151810476039,0.0018915840026211374,0.0016220938772163866,0.0018831307221834999,calm
2009-07-10,0.0005761353585908,0.0020732470269977637,0.0017814228258311133,0.0023686267531775,calm
2009-07-13,0.0006213936131731,0.0018652697346651054,0.001667379653457067,0.001237718391452,calm
2009-07-14,0.0004984766484282,0.0018168572399173883,0.0015514912377736665,0.0009998707907,calm
2009-07-15,0.0003157873523111,0.001769299172085825,0.0014911094522218782,0.0012004473178825,calm
2009-07-16,0.0015212786455386,0.0016861438326517758,0.0013384485837266936,0.0011151810476035,calm
2009-07-17,0.0015451818779821,0.0013793745310792986,0.0012219974711845999,0.0005761353585905,calm
2009-07-20,0.0014730881085842,0.0014410931461309121,0.001190183319374224,0.0006213936131729999,calm
2009-07-21,0.001484269011739,0.0013237855161615604,0.0010719908127980891,0.0004984766484282935,calm
2009-07-22,0.0014434862489585,0.0010313594968069512,0.0009921112638561671,0.0003157873523111658,calm
2009-07-23,0.000443190511582,0.0015634810612658169,0.0014752621145897938,0.0015212786455385,calm
2009-07-24,0.0003741590934854,0.0013984839781379828,0.0013722735799862437,0.0015451818779820001,calm
2009-07-27,0.0012445324483392,0.0013503327908875203,0.001313650047374519,0.001473088108584,calm
2009-07-28,0.0014773235707127,0.001329952295460815,0.0011954587319627597,0.0014842690117389998,calm
2009-07-29,0.0015777019002181,0.0012301331268950145,0.0010746862001818208,0.0014434862489585,calm
2009-07-30,0.0014038871497142,0.0011289262752222713,0.0010593816440899787,0.0004431905115820571,calm
2009-07-31,0.0014219582798172,0.0010639418883935444,0.0009604121971906704,0.0003741590934854456,calm
2009-08-04,0.0004606332872185,0.0015020694634935198,0.0013465741003034755,0.0012445324483389998,calm
2009-08-05,0.000450927744298,0.0015489264958654934,0.0013549156652457807,0.0014773235707125,calm
2009-08-06,0.0007276855695662,0.001337659600767796,0.0012581229572321657,0.001577701900218,calm
2009-08-07,0.0006927268128712,0.0012399996319513791,0.0011428344636009687,0.001403887149714,calm
2009-08-10,0.0016870755901201,0.0012394337944138221,0.001046311577083481,0.0014219582798170002,calm
2009-08-11,0.0016476271057887,0.001038652047538601,0.000971788588845614,0.000460633287218558,calm
2009-08-12,0.0014190846866623,0.00099559020822745,0.000984171047679531,0.0004509277442980254,calm
2009-08-13,0.0015903811961116,0.0011139985574189094,0.0010593136520297588,0.000727685569566,calm
2009-08-14,0.0018618007276752,0.0010195156863522861,0.000953097099228753,0.000692726812871,calm
2009-08-17,0.0008604084464665,0.0014100825569733125,0.0014111495533504085,0.00168707559012,calm
2009-08-18,0.0010469186208403,0.0013403415271644454,0.0012676544462500118,0.0016476271057885002,calm
2009-08-19,0.0011393469011607,0.0013146969991901956,0.001143135671366394,0.001419084686662,calm
2009-08-20,0.0008584561296254,0.001445709380881909,0.0012842892375868498,0.0015903811961115,calm
2009-08-21,0.0008317134498287,0.0015207713860456253,0.0012760898945030409,0.001861800727675,calm
2009-08-24,0.00085046414087,0.0013128170756735642,0.0011519924101061217,0.0008604084464665,calm
2009-08-25,0.0010343383591872,0.001206162988846815,0.0011202113810772933,0.00104691862084,calm
2009-08-26,0.0013479004148407,0.0012212741397614629,0.0010732503902252763,0.0011393469011605,calm
2009-08-27,0.0010812768992904,0.0012011763311575128,0.0010859218958600512,0.000858456129625,calm
2009-08-28,0.0012376894674262,0.0012324657643525596,0.0010864981889533477,0.0008317134498285001,calm
2009-08-31,0.0012866724200575,0.0012219844704298402,0.0010031204907589063,0.00085046414087,calm
2009-09-01,0.0015272551519829,0.0013155426271944297,0.0011147587859402037,0.0010343383591870001,calm
2009-09-02,0.0012102418331863,0.0014460027826113551,0.0012384542171090813,0.0013479004148405,calm
2009-09-03,0.00122569672414,0.0011549861810223312,0.0011127206781801336,0.00108127689929,calm
2009-09-04,0.0012795861918932,0.0012733970241332086,0.0011857065908554832,0.001237689467426,calm
2009-09-07,0.0012168132414797,0.0012607551233994303,0.0011009675931894448,0.0012866724200575,calm
2009-09-08,0.0007164821785517,0.0014267316002806322,0.0012800699651321482,0.0015272551519824999,calm
2009-09-09,0.0008872870068064,0.0013675344346641112,0.0011932220610028164,0.0012102418331860001,calm
2009-09-10,0.0018154471150962,0.0013423805850726342,0.001077198427311252,0.00122569672414,calm
2009-09-11,0.0013780041756222,0.0014303141088954012,0.001180207499266897,0.0012795861918929998,calm
2009-09-14,0.0019731588208556,0.0013210077883118324,0.0010685233731026428,0.0012168132414795,calm
2009-09-15,0.001878584818146,0.0012530109409247948,0.0010102388789430972,0.0007164821785515,calm
2009-09-16,0.0016337258476951,0.0011782046312213627,0.0010333886208206133,0.000887287006806,calm
2009-09-17,0.0014035785356558,0.001512176098437087,0.0013810349018031965,0.001815447115096,calm
2009-09-18,0.0013874214050407,0.001397776117276528,0.0012537757672779247,0.001378004175622,calm
2009-09-21,0.0008112879008693,0.0015397336869697699,0.0014674565611719707,0.0019731588208555,calm
2009-09-22,0.000795848584316,0.0014365557173261724,0.00132373953464392,0.001878584818146,calm
2009-09-23,0.0007701267752903,0.0014119883042844664,0.00119913528663588,0.001633725847695,calm
2009-09-24,0.0002232417376816,0.0015123746921873367,0.0014693015446768528,0.0014035785356555,calm
2009-09-25,0.0007268141875156,0.001412427454431618,0.0013213151831362182,0.0013874214050405,calm
2009-09-28,0.0006844647103525,0.001301198043863477,0.0012023062427739175,0.000811287900869,calm
2009-09-29,0.0010472557573212,0.0012372915193384628,0.0010817113489980667,0.000795848584316,calm
2009-09-30,0.0010633184113752,0.0012220658125511265,0.0009737007761452093,0.00077012677529,calm
2009-10-01,0.0011305401735577,0.0010135053055743606,0.0009757079962115338,0.00022324173768167762,calm
2009-10-02,0.0006470956677811,0.0012438503849492464,0.0011593620914871056,0.0007268141875155,calm
2009-10-05,0.0006872701059993,0.0011560612607924318,0.0010422762730876408,0.0006844647103525,calm
2009-10-06,0.0011071766740627,0.0013070200958382563,0.001107222629299955,0.001047255757321,calm
2009-10-07,0.0013001730565964,0.0012648426125653435,0.001002206751435703,0.001063318411375,calm
2009-10-08,0.0010667795429738,0.0012375268681463134,0.0010069163577435941,0.0011305401735575,calm
2009-10-09,0.0012946754371494,0.0010970801702391033,0.0009228110387161689,0.0006470956677810001,calm
2009-10-12,0.0013238591981047,0.0011176139438015603,0.00084619695838926,0.000687270105999,calm
2009-10-13,0.0005571100721423,0.0012969094913720181,0.0011941635895541057,0.0011071766740625,calm
2009-10-14,0.0004048722336337,0.0013481062035879867,0.0011679358588037288,0.001300173056596,calm
2009-10-15,0.0008909470795261,0.001229374960799039,0.001052260581024027,0.0010667795429735,calm
2009-10-16,0.0007708708029662,0.0013239277072232796,0.0010905956446258564,0.001294675437149,calm
2009-10-19,0.0014905737329918,0.0011517675968744667,0.0010086186288984162,0.0013238591981045,calm
2009-10-20,0.0060183919154273,0.0009970508793028276,0.0009245199416235333,0.0005571100721419999,calm
2009-10-21,0.0066827559380248,0.0008674858813097828,0.0008726169213406511,0.00040487223363377663,calm
2009-10-22,0.0067844010532581,0.0010863780503933588,0.0010578950800556467,0.0008909470795259999,calm
2009-10-23,0.0066595004915932,0.0010670120366974044,0.0010299597944004877,0.000770870802966,calm
2009-10-27,0.0063357209762313,0.00121665948044579,0.0013581787370427322,0.0014905737329915,calm
2009-10-28,0.0033136794671296,0.002531516274586396,0.003607433447265457,0.0060183919154269995,calm
2009-10-29,0.0027862635235455,0.002663448111975059,0.003567443781530024,0.0066827559380245,calm
2009-10-30,0.0022022051893547,0.0027759098181051618,0.0035137064844743913,0.006784401053258,calm
2009-11-02,0.0023949388640401,0.002649726114398988,0.003141335716425968,0.006659500491593,calm
2009-11-03,0.0023685568051325,0.0027961639298554664,0.0030683398087541854,0.006335720976231,calm
2009-11-04,0.0008474831174052,0.0027261568574779463,0.0034837532015238757,0.0033136794671295,calm
2009-11-05,0.0006573634626964,0.002635614677720461,0.003201293193735446,0.0027862635235455,calm
2009-11-06,0.0008017998012962,0.002403964634934375,0.002862924944746791,0.0022022051893545,calm
2009-11-09,0.0007048480170391,0.002545662589613913,0.002647653293191591,0.00239493886404,calm
2009-11-10,0.000651540211373,0.002591314069027136,0.0026142677829996833,0.0023685568051325,calm
2009-11-11,0.0006495936521386,0.0021249737099183655,0.0023403389464363065,0.000847483117405,calm
2009-11-12,0.0008194690712951,0.0020417032608124816,0.0021023696588144537,0.000657363462696,calm
2009-11-13,0.0006779196471303,0.0020793879747811684,0.001947081397461677,0.000801799801296,calm
2009-11-16,0.000773137830675,0.0020163744652953383,0.0018062418662608956,0.000704848017039,calm
2009-11-17,0.00052231939243,0.0020654481047506254,0.001835855805980425,0.0006515402113730001,calm
2009-11-18,0.000528217032739,0.001954579400173287,0.0016459799778494712,0.0006495936521385001,calm
2009-11-19,0.0011781453349718,0.002107508990093339,0.0015806657760351764,0.000819469071295,calm
2009-11-20,0.0015367138908979,0.0019871945371819043,0.0014194252041778983,0.00067791964713,calm
2009-11-23,0.0015221719901852,0.0021059101956901532,0.0013603009355165126,0.000773137830675,calm
2009-11-24,0.0016078287237719,0.0019317402484985838,0.0013024693531695863,0.00052231939243,calm
2009-11-25,0.0017609513733066,0.0018769821567217859,0.0011792118427506129,0.000528217032739,calm
2009-11-26,0.0010534195256711,0.0022173237986657427,0.001511514393330545,0.0011781453349715,calm
2009-11-27,0.0012331952600995,0.0016344991090640716,0.0015241423682157767,0.0015367138908975,calm
2009-11-30,0.0011150267980123,0.0015278710150871918,0.0014738777889410862,0.001522171990185,calm
2009-12-01,0.0018713486426009,0.0014780805850358179,0.0014206831519705191,0.0016078287237715001,calm
2009-12-02,0.0017466684976897,0.001523925094763946,0.0013463907406734814,0.0017609513733065,calm
2009-12-03,0.0016795373878646,0.0013450510001199393,0.0012597944838307247,0.0010534195256709999,calm
2009-12-04,0.0014416525378018,0.0012193472835763065,0.0013871830234519443,0.0012331952600995,calm
2009-12-07,0.0013794426312017,0.001152426209423122,0.0012860161441891431,0.0011150267980119999,calm
2009-12-08,0.0004077687069226,0.0014716497065803329,0.0016852563943322131,0.0018713486426004998,calm
2009-12-09,0.0003732205004648,0.0013848034522812632,0.0015378587608219395,0.0017466684976895001,calm
2009-12-10,0.0003522819542936,0.001308258605729186,0.0013999173293273047,0.0016795373878645,calm
2009-12-11,0.0001354082188568,0.0013540798935256194,0.001396651954112098,0.0014416525378015,calm
2009-12-14,0.0002288583994897,0.0012752559655334111,0.0012537159676196652,0.0013794426312015,calm
2009-12-15,0.0008779135718901,0.0010505357886631602,0.0011320186791955837,0.0004077687069226506,calm
2009-12-16,0.0008751394048237,0.001021059346019621,0.0010230707385966494,0.0003732205004648964,calm
2009-12-17,0.0010081630073086,0.0009770360250777577,0.0009435271437183206,0.0003522819542936264,calm
2009-12-18,0.0014456399467326,0.0008613869575352914,0.0008873833255458125,0.00013540821885688512,calm
2009-12-21,0.0015897101645002,0.0009230333215845782,0.000838695222223425,0.00022885839948973266,calm
2009-12-22,0.0010880572659434,0.0012705957668321807,0.001064866899117981,0.00087791357189,calm
2009-12-23,0.0027228622869839,0.001173563036175011,0.0009610439929251605,0.0008751394048235,calm
2009-12-24,0.0026297656114658,0.0012536881885231118,0.0009632764706026892,0.0010081630073085,calm
2009-12-29,0.0021291595692986,0.0014349091826297055,0.0011144743915371333,0.0014456399467325,calm
2009-12-30,0.0019227694154253,0.0013367357473694009,0.0011398780426575919,0.0015897101644999998,calm
2009-12-31,0.0017809935053298,0.001217102556656341,0.0011157854120568496,0.001088057265943,calm
2010-01-04,0.0001816053371738,0.001722015856943129,0.0017297915808868562,0.0027228622869835003,calm
2010-01-05,0.0003299562913838,0.0016508115684424412,0.0016246409958869557,0.0026297656114655002,calm
2010-01-06,0.0004232854046251,0.0015697517511735174,0.001498462557042296,0.0021291595692985,calm
2010-01-07,0.0004462034476289,0.0015329564076944286,0.001393866192126954,0.0019227694154250001,calm
2010-01-08,0.0004520584458088,0.0014034136301955959,0.0012818952647791644,0.0017809935053295,calm
2010-01-11,0.0004251897617073,0.001045496735006696,0.0011883040246559774,0.0001816053371738526,calm
2010-01-12,0.0002089792981863,0.0010183250457205396,0.0011973598017731885,0.00032995629138382306,calm
2010-01-13,0.0001078724577983,0.001062322904266867,0.0011423731559498244,0.00042328540462513334,calm
2010-01-14,0.0002463786770159,0.0010646223668244364,0.0010670586362332291,0.00044620344762890795,calm
2010-01-15,0.0002361525864595,0.001008019334677376,0.0009918212703237288,0.000452058445808802,calm
2010-01-18,0.0002732303642696,0.0009986921988935314,0.0009141935202980391,0.0004251897617073443,calm
2010-01-19,0.0002687531798642,0.000905043880526176,0.0008451290361257557,0.00020897929818636203,calm
2010-01-20,0.000729622484356,0.0008403867356629188,0.0007907882406761282,0.00010787245779834048,calm
2010-01-21,0.0005370327216633,0.0009758103197303568,0.0008217392463872587,0.00024637867701591447,calm
2010-01-22,0.0006203506260185,0.0009366993965770397,0.0007619786997007803,0.0002361525864595199,calm
2010-01-25,0.0005756869883728,0.000958867758948239,0.0007281645801539071,0.0002732303642696348,calm
2010-01-26,0.0007031128967793,0.0008080652222168274,0.0006712680825692813,0.0002687531798642534,calm
2010-01-27,0.0002324389620729,0.0010728285415073707,0.0008403709327892864,0.0007296224843559999,calm
2010-01-28,0.0008439138527955,0.0009618937576934584,0.0007752178775430738,0.000537032721663,calm
2010-01-29,0.0011927465382671,0.0009247445766002297,0.000744431091118562,0.0006203506260185,calm
2010-02-01,0.001228997427223,0.0008517249865329751,0.0006860968443991291,0.0005756869883725,calm
2010-02-02,0.0011702678214376,0.0008899414074333425,0.0006771751600102156,0.0007031128967790001,calm
2010-02-03,0.0013303279835453,0.00045362801695026354,0.0006265886049200745,0.00023243896207296953,calm
2010-02-04,0.0007983575135296,0.0006816015011625951,0.0008570027184415195,0.0008439138527955,calm
2010-02-05,0.0003636185684019,0.0008092334587337169,0.00099143806090408,0.001192746538267,calm
2010-02-08,0.0005108661762227,0.0008017761445781962,0.0009234031282863834,0.001228997427223,calm
2010-02-09,0.0005892273956092,0.0008126032887127002,0.0008857266461395927,0.0011702678214375,calm
2010-02-10,0.0007710247466799,0.0008619113303201159,0.0008764675041257695,0.0013303279835449999,calm
2010-02-11,0.0007231857249136,0.000772260481755102,0.0008483403928222906,0.0007983575135295,calm
2010-02-12,0.0007194595786154,0.0006612632706625317,0.0007813212025449426,0.00036361856840196554,calm
2010-02-15,0.0005377667779698,0.0007352312828482892,0.000809922573230553,0.0005108661762225,calm
2010-02-16,0.000454535413994,0.0007749297483995274,0.0007979419366690103,0.000589227395609,calm
2010-02-17,0.0002263190747825,0.0008793347739296017,0.0008679858949430735,0.0007710247466795001,calm
2010-02-18,0.0004286192302102,0.0008647158452404149,0.0008081995541718413,0.0007231857249135,calm
2010-02-19,0.000428152318529,0.0008375180429075552,0.0007453491308333568,0.000719459578615,calm
2010-02-22,0.0004958202804523,0.0007813464147880401,0.0006873160293554932,0.0005377667779695001,calm
2010-02-23,0.0005719229743592,0.0007879737519366019,0.0006675959246198081,0.0004545354139940083,calm
2010-02-24,0.0004537553021145,0.0007359650322326807,0.0006777168513024503,0.00022631907478252143,calm
2010-02-25,0.0002926270939608,0.0008481141714797646,0.0007369673965004069,0.00042861923021023833,calm
2010-02-26,0.0005279249315208,0.0007115513365634792,0.0006793343297357787,0.00042815231852907465,calm
2010-03-01,0.0004577107130804,0.0007782250759168692,0.0006501897658141591,0.0004958202804523358,calm
2010-03-02,0.0003233257344264,0.0008062693898812693,0.000649161238889453,0.0005719229743589999,calm
2010-03-03,0.0003170430356013,0.0007676860181453714,0.0005997242456024213,0.00045375530211453843,calm
2010-03-04,0.0002680499653656,0.000726362706569043,0.0005778865531927117,0.00029262709396080425,calm
2010-03-05,0.0001546370193617,0.0008351257093729672,0.0006202786661000754,0.0005279249315205,calm
2010-03-08,0.0002656776451942,0.0006780118897556902,0.0005724731935491286,0.000457710713080459,calm
2010-03-09,0.0003037510816995,0.0005662113813584911,0.0005333754851458268,0.00032332573442649283,calm
2010-03-10,0.0009388185162341,0.0005350340443741092,0.0004933267541419255,0.0003170430356013276,calm
2010-03-11,0.0009500258711391,0.0005410864658114758,0.0004630031040032659,0.0002680499653656856,calm
2010-03-12,0.0008673415669843,0.0004993323090873785,0.0004710938833963481,0.0001546370193617583,calm
2010-03-15,0.0008218581612685,0.0005423945196748081,0.0004929864417048931,0.00026567764519424446,calm
2010-03-16,0.0011580791405229,0.0005567492965765953,0.0004692581316637285,0.0003037510816995578,calm
2010-03-17,0.0005359001619276,0.0007614043971306334,0.0006810302794923297,0.0009388185162340001,calm
2010-03-18,0.0007959643773734,0.0007238062549983956,0.000648482414094838,0.000950025871139,calm
2010-03-19,0.000766544491914,0.0006437835260333149,0.000609836738573925,0.000867341566984,calm
2010-03-22,0.0009922436643641,0.0006496735951288902,0.0005986696371859042,0.0008218581612685,calm
2010-03-23,0.0006189917239983,0.0007777379363307841,0.0006966682128982713,0.0011580791405225,calm
2010-03-24,0.0006859550678605,0.0006900178057797724,0.0006510205904028298,0.0005359001619275,calm
2010-03-25,0.0008306080620268,0.0007921770878145481,0.0007111692659318711,0.000795964377373,calm
2010-03-26,0.0010275663982047,0.0007471342516004223,0.0006573723415865779,0.0007665444919140001,calm
2010-03-29,0.0007881419283376,0.0008027414491250526,0.0007445580906612815,0.000992243664364,calm
2010-03-30,0.0007867269270043,0.0007382294702424909,0.0006913107937576877,0.000618991723998,calm
2010-03-31,0.0009870673040713,0.000761614470260046,0.0006638657411593684,0.0006859550678605,calm
2010-04-01,0.0005467396472507,0.000854490775456757,0.0007806491171577069,0.0008306080620265001,calm
2010-04-06,0.0003883096999938,0.0009177904198510456,0.0007944233939277591,0.0010275663982045,calm
2010-04-07,0.0005230031624128,0.0008750047856529156,0.0007609071439741347,0.0007881419283375,calm
2010-04-08,0.0005340785151537,0.0008148222916140719,0.000701615003382202,0.000786726927004,calm
2010-04-09,0.0002556934748413,0.0009207282353404217,0.000751115770990173,0.000987067304071,calm
2010-04-12,0.0002651364586518,0.0008171537796596312,0.0006920113100206746,0.0005467396472505,calm
2010-04-13,0.0003829175713504,0.0008140794567320213,0.0006644861979726465,0.0003883096999938814,calm
2010-04-14,0.0003137179513915,0.0008854857824335027,0.0006812214721604495,0.0005230031624125,calm
2010-04-15,0.0004550487404373,0.0008541239959176517,0.0006386947658842033,0.0005340785151534999,calm
2010-04-16,0.0012372459731984,0.00074579384760168,0.0005914833480295212,0.0002556934748413134,calm
2010-04-19,0.0013385477643721,0.0007514573528584867,0.0005532163654649987,0.0002651364586518302,calm
2010-04-20,0.0032712302951353,0.0007122819804580339,0.0005706354386232655,0.00038291757135049164,calm
2010-04-21,0.0037931224416387,0.0007084782829836544,0.0005686302720488564,0.0003137179513915421,calm
2010-04-22,0.0048372941261092,0.000768579824334475,0.0006023656781521316,0.0004550487404373614,calm
2010-04-23,0.0041082476504324,0.0010426603129736459,0.0008630807161378883,0.0012372459731980001,Irish sovereign debt crisis
2010-04-26,0.0058280181105241,0.0009825464640756377,0.000832742228190258,0.001338547764372,Irish sovereign debt crisis
2010-04-27,0.0041642335323421,0.001610277656176971,0.0016887392251431702,0.003271230295135,Irish sovereign debt crisis
2010-04-28,0.0041266360823152,0.0017053402411763888,0.00184075073974272,0.0037931224416384995,Irish sovereign debt crisis
2010-04-29,0.0046753324818484,0.0020294029468824622,0.0021655237776271917,0.004837294126109,Irish sovereign debt crisis
2010-04-30,0.0103510022313458,0.0018988721284205299,0.0020023829040335937,0.0041082476504320006,Irish sovereign debt crisis
2010-05-04,0.0086882095902605,0.0024244075825485966,0.002642747887620943,0.0058280181105240005,Irish sovereign debt crisis
2010-05-05,0.0083926133625745,0.002369025953881898,0.0026222290792173265,0.004164233532342,Irish sovereign debt crisis
2010-05-06,0.0077912568361167,0.0024029673771972172,0.0026776922695730186,0.004126636082315,Irish sovereign debt crisis
2010-05-07,0.0079306982262865,0.0027598124637517414,0.0032254476485664256,0.004675332481848,Irish sovereign debt crisis
2010-05-10,0.0022755605701148,0.004223783151257962,0.00530370966065126,0.0103510022313455,Irish sovereign debt crisis
2010-05-11,0.0024083341851706,0.004066828239863599,0.00493596382809051,0.0086882095902605,Irish sovereign debt crisis
2010-05-12,0.0040838330386574,0.004018299158333333,0.004567009775333624,0.0083926133625745,Irish sovereign debt crisis
2010-05-13,0.0051729689727683,0.003880996038407247,0.004180619483812201,0.0077912568361165006,Irish sovereign debt crisis
2010-05-14,0.0032869717909327,0.004385783118068292,0.004659489164860374,0.0079306982262865,Irish sovereign debt crisis
2010-05-17,0.003211824456149,0.0036337076463597074,0.004304440858571223,0.0022755605701145,Irish sovereign debt crisis
2010-05-18,0.0044094234829348,0.0037354214343657426,0.0040530429264259895,0.0024083341851705003,Irish sovereign debt crisis
2010-05-19,0.0039124424208514,0.004337628529971485,0.004510557158831397,0.004083833038657,Irish sovereign debt crisis
2010-05-20,0.0042617961023648,0.00463361848742987,0.004616405441714025,0.005172968972768001,Irish sovereign debt crisis
2010-05-21,0.0045634127975828,0.004190874843679481,0.00422602666601711,0.0032869717909325,Irish sovereign debt crisis
2010-05-24,0.0045722548819657,0.004097392844578296,0.0038697761791766723,0.003211824456149,Irish sovereign debt crisis
2010-05-25,0.0032110091094489,0.004712078229474769,0.0042065795602886395,0.0044094234829345005,Irish sovereign debt crisis
2010-05-26,0.0019030249731015,0.004716296772912403,0.004375898658262306,0.003912442420851,Irish sovereign debt crisis
2010-05-27,0.0006643530466156,0.004974088209367041,0.0045811518670379105,0.0042617961023645005,Irish sovereign debt crisis
2010-05-28,0.0006494816817245,0.0046968662825777295,0.0043369984746647805,0.0045634127975825,Irish sovereign debt crisis
2010-05-31,0.0010292166771889,0.004499734228348832,0.003971933144299741,0.0045722548819655,Irish sovereign debt crisis
2010-06-01,0.0018508761655755,0.0042126506058585405,0.0036848693860009425,0.0032110091094484997,Irish sovereign debt crisis
2010-06-02,0.0021503221367833,0.003863387378250423,0.003375973593791574,0.0019030249731015001,Irish sovereign debt crisis
2010-06-03,0.0020019474120805,0.0032307497927336368,0.003165368407409233,0.0006643530466155,Irish sovereign debt crisis
2010-06-04,0.0017187503704918,0.003210566969876547,0.00303606825829484,0.0006494816817244999,Irish sovereign debt crisis
2010-06-08,0.0014443835913844,0.003387375592362506,0.00296145407533783,0.0010292166771885,Irish sovereign debt crisis
2010-06-09,0.0004964389900862,0.0035631565336082392,0.003090929025076423,0.0018508761655755001,Irish sovereign debt crisis
2010-06-10,0.0001883434908226,0.002766046483081237,0.002947011365096894,0.002150322136783,Irish sovereign debt crisis
2010-06-11,0.0001592904105548,0.0026919984467909525,0.002728745403485507,0.0020019474120805,Irish sovereign debt crisis
2010-06-14,0.0001527186747982,0.0025855531811347886,0.0025011916908859438,0.0017187503704915001,Irish sovereign debt crisis
2010-06-15,0.0002486166534892,0.002588714802352871,0.00233159513703851,0.001444383591384,Irish sovereign debt crisis
2010-06-16,0.0008459771416521,0.001963748620221466,0.002139114885695745,0.0004964389900862576,Irish sovereign debt crisis
2010-06-17,0.0009122846311651,0.0016979326803449885,0.0019608829860731326,0.00018834349082261014,Irish sovereign debt crisis
2010-06-18,0.0009987840565787,0.0016591322600198407,0.0018046959692832644,0.00015929041055489805,Irish sovereign debt crisis
2010-06-21,0.0012261870948546,0.0013958002503814862,0.0016551485791756362,0.0001527186747982619,Irish sovereign debt crisis
2010-06-22,0.0025028587676962,0.0014167622109164803,0.0016195371189222647,0.00024861665348921425,Irish sovereign debt crisis
2010-06-23,0.0018946241809428,0.0017740444784237568,0.001762958130970103,0.0008459771416520001,Irish sovereign debt crisis
2010-06-24,0.0026646503450589,0.0017779291858698923,0.0016527201759616097,0.000912284631165,Irish sovereign debt crisis
2010-06-25,0.0028395697300135,0.00156956510511358,0.0015723615655193037,0.0009987840565785,Irish sovereign debt crisis
2010-06-28,0.0026442636778399,0.0014190315310083107,0.001526665577975696,0.0012261870948545,Irish sovereign debt crisis
2010-06-29,0.0020402310569793,0.0015859238208488673,0.0020595832427274764,0.002502858767696,Irish sovereign debt crisis
2010-06-30,0.0025522704061408,0.001382342577067234,0.0018883419163079995,0.0018946241809425,Irish sovereign debt crisis
2010-07-01,0.0019812943260464,0.0017017036320229144,0.0021087855199360996,0.0026646503450585,Irish sovereign debt crisis
2010-07-02,0.0017087574593227,0.0017348420182581883,0.0020400129701327683,0.0028395697300135,Irish sovereign debt crisis
2010-07-05,0.0017043448225326,0.001700065074029572,0.0018893663107454215,0.0026442636778395,Irish sovereign debt crisis
2010-07-06,0.0010993362931826,0.0018097619941579933,0.0020799383701016103,0.002040231056979,Irish sovereign debt crisis
2010-07-07,0.000587495755006,0.0019003810564539256,0.0021416656545471817,0.0025522704061405003,Irish sovereign debt crisis
2010-07-08,0.0006857904729763,0.0018079831463991597,0.0020622532772694205,0.001981294326046,Irish sovereign debt crisis
2010-07-09,0.0008246664983009,0.001565979696340648,0.0018999626397131774,0.0017087574593225,Irish sovereign debt crisis
2010-07-12,0.0009467885993808,0.0015191321244259939,0.0017502258091486279,0.0017043448225325,Irish sovereign debt crisis
2010-07-13,0.0006689327847442,0.001496184715896326,0.0017089208986278627,0.0010993362931825,Irish sovereign debt crisis
2010-07-14,0.0010255330736492,0.0013196617768380834,0.0015686062842130341,0.0005874957550059999,Irish sovereign debt crisis
2010-07-15,0.0011531786364306,0.0014505108446565308,0.0016092924192740404,0.000685790472976,Irish sovereign debt crisis
2010-07-16,0.0010448410108293,0.0015021364207464293,0.001551530003526197,0.0008246664983005001,Irish sovereign debt crisis
2010-07-19,0.0009930763876633,0.0015553732361306056,0.0014977949497260799,0.0009467885993804999,Irish sovereign debt crisis
2010-07-20,0.0009941986879053,0.0014226079495337977,0.001375482864637964,0.000668932784744,Irish sovereign debt crisis
2010-07-21,0.0007590788297002,0.0016382873933084932,0.0013976696422204756,0.001025533073649,Irish sovereign debt crisis
2010-07-22,0.0002665554915899,0.0017166601295666288,0.0014723144720617896,0.0011531786364305,Irish sovereign debt crisis
2010-07-23,0.000224655720073,0.0015720518654486538,0.00137594775018373,0.001044841010829,Irish sovereign debt crisis
2010-07-26,0.0003835490073106,0.0015750024331645843,0.00129695232723884,0.000993076387663,Irish sovereign debt crisis
2010-07-27,0.0003822552171506,0.0015144519653736957,0.0011929168714045848,0.0009941986879049998,Irish sovereign debt crisis
2010-07-28,0.0002607072186261,0.0014861267447190216,0.0011567492597275887,0.0007590788297000001,Irish sovereign debt crisis
2010-07-29,0.0002626527247584,0.0010197300029296226,0.0010634573418245843,0.0002665554915899147,Irish sovereign debt crisis
2010-07-30,0.0003899695036498,0.0010203219751710852,0.0009776541953468178,0.00022465572007308022,Irish sovereign debt crisis
2010-08-02,0.0004181502632055,0.0010282284229563671,0.0009946254308355379,0.00038354900731069253,Irish sovereign debt crisis
2010-08-03,0.0004872977985042,0.0009269925936481976,0.0009152106178312487,0.00038225521715066737,Irish sovereign debt crisis
2010-08-04,0.0012492224691295,0.0008850461966038373,0.0008420808571126856,0.00026070721862616117,Irish sovereign debt crisis
2010-08-05,0.0012720410522459,0.00074956841783132,0.0007752015800364696,0.0002626527247584351,Irish sovereign debt crisis
2010-08-06,0.0013372156223002,0.0007371838140031004,0.0007785496517303569,0.00038996950364986367,Irish sovereign debt crisis
2010-08-09,0.0010666250721134,0.0007514758023531286,0.0008237542852325576,0.00041815026320554514,Irish sovereign debt crisis
2010-08-10,0.001242468061188,0.0007708265094577511,0.000794852807174449,0.0004872977985042945,Irish sovereign debt crisis
2010-08-11,0.0004814944948398,0.0010468337592065844,0.001076239553387039,0.0012492224691295,Irish sovereign debt crisis
2010-08-12,0.0007973430056588,0.0009731942040794978,0.001004215813671248,0.0012720410522455,Irish sovereign debt crisis
2010-08-13,0.0008822667926357,0.001034576057789481,0.0010174948528448979,0.0013372156223,Irish sovereign debt crisis
2010-08-16,0.0009467700833758,0.0009156752821645433,0.0009456666866721154,0.001066625072113,Irish sovereign debt crisis
2010-08-17,0.0042471784182625,0.0009707445429272654,0.0009603368799619375,0.001242468061188,Irish sovereign debt crisis
2010-08-18,0.0042821684749915,0.0008013214971219767,0.0008850662005234938,0.00048149449483983703,Irish sovereign debt crisis
2010-08-19,0.0040364315562199,0.0009569730580866082,0.0009736456949479218,0.0007973430056585001,Irish sovereign debt crisis
2010-08-20,0.003765428378654,0.0009526709950426096,0.0010276055555901778,0.0008822667926354999,Irish sovereign debt crisis
2010-08-23,0.0036857693768905,0.0008671423682106562,0.0009713331334788727,0.0009467700833755,Irish sovereign debt crisis
2010-08-24,0.0003152852357529,0.001911644420770469,0.0024358940157688017,0.0042471784182625,Irish sovereign debt crisis
2010-08-25,0.0007123466313084,0.0018459088846322722,0.0022428206572906095,0.0042821684749915,Irish sovereign debt crisis
2010-08-26,0.0006501765550257,0.0018625453690157851,0.002087937689859893,0.004036431556219499,Irish sovereign debt crisis
2010-08-27,0.0010338361292195,0.0017951976176156976,0.0019157638550998093,0.003765428378654,Irish sovereign debt crisis
2010-08-30,0.0010401871426294,0.0017508732249183207,0.001757638102772137,0.0036857693768905,Irish sovereign debt crisis
2010-08-31,0.0009418759724172,0.0013488026667004905,0.0016751655632760937,0.0003152852357529203,Irish sovereign debt crisis
2010-09-01,0.0005892227707269,0.0015384728174909707,0.0017021712577530586,0.000712346631308,Irish sovereign debt crisis
2010-09-02,0.0006244169640695,0.0015009597365692451,0.001580404837763803,0.0006501765550255001,Irish sovereign debt crisis
2010-09-03,0.0002318409093122,0.0016881242554743078,0.0015992524343497437,0.0010338361292195001,Irish sovereign debt crisis
2010-09-06,0.0003806273352598,0.0016472648685015633,0.001468383671367565,0.001040187142629,Irish sovereign debt crisis
2010-09-07,0.0003570600476925,0.0016423928287085197,0.001387676570800952,0.000941875972417,Irish sovereign debt crisis
2010-09-08,0.0002769326500943,0.0015124301534646496,0.0013157385117988575,0.0005892227707265,Irish sovereign debt crisis
2010-09-09,0.0005365775111185,0.001522106268535263,0.0012302929215111532,0.0006244169640695,Irish sovereign debt crisis
2010-09-10,0.000753294173267,0.0011610619337278894,0.001130440974045675,0.00023184090931223668,Irish sovereign debt crisis
2010-09-13,0.0007005276287803,0.0013370133588318828,0.0010941789076188938,0.0003806273352598993,Irish sovereign debt crisis
2010-09-14,0.0006810165777423,0.0012950727017025279,0.00103443181250608,0.00035706004769251755,Irish sovereign debt crisis
2010-09-15,0.0008757921932861,0.0012137913933857173,0.0009510103724134798,0.00027693265009439555,Irish sovereign debt crisis
2010-09-16,0.000644237588055,0.0013928031845776149,0.0010281325663210954,0.0005365775111185001,Irish sovereign debt crisis
2010-09-17,0.0004520746523841,0.001488927081637706,0.0010491349176393815,0.000753294173267,Irish sovereign debt crisis
2010-09-20,0.0003843115813356,0.0014278665091820221,0.0009995831227783288,0.00070052762878,Irish sovereign debt crisis
2010-09-21,0.0004171725766822,0.001371166665495198,0.0009288289948134174,0.000681016577742,Irish sovereign debt crisis
2010-09-22,0.0002242794643708,0.0014531646313559522,0.0009486894235686972,0.000875792193286,Irish sovereign debt crisis
2010-09-23,0.0001795219141709,0.0007483838883534569,0.0009216113893935402,0.0006442375880550001,Irish sovereign debt crisis
2010-09-24,0.0001830728006046,0.000706067270832005,0.0008544478193241374,0.0004520746523841154,Irish sovereign debt crisis
2010-09-27,0.0001551572808817,0.0006809259816116072,0.0008064477639700559,0.00038431158133560327,Irish sovereign debt crisis
2010-09-28,0.000328020262646,0.0007025850205639541,0.0007777288989351268,0.0004171725766822958,Irish sovereign debt crisis
2010-09-29,0.0004392998585833,0.0006347016355965553,0.0007189770783425193,0.00022427946437087023,Irish sovereign debt crisis
2010-09-30,0.0004414099487072,0.0006064058019568909,0.0006786188192311256,0.00017952191417099848,Irish sovereign debt crisis
2010-10-01,0.0004182810778211,0.0005307676497689203,0.0006423525841203219,0.0001830728006046374,Irish sovereign debt crisis
2010-10-04,0.0004233331183312,0.0005101001149682564,0.0005936739472432761,0.00015515728088178355,Irish sovereign debt crisis
2010-10-05,0.0002093936652506,0.0005430237439762758,0.0006362816904633784,0.00032802026264602824,Irish sovereign debt crisis
2010-10-06,0.0001477672976183,0.0005848519826326837,0.0006263414700497434,0.00043929985858337566,Irish sovereign debt crisis
2010-10-07,0.0002520843418814,0.0005774179320685039,0.0006068883570403034,0.0004414099487072958,Irish sovereign debt crisis
2010-10-08,0.0002692095077766,0.000548762435268239,0.0005644789272063724,0.00041828107782118196,Irish sovereign debt crisis
2010-10-11,0.0002711309868615,0.0005405887853623273,0.0005239181113743746,0.00042333311833120163,Irish sovereign debt crisis
2010-10-12,0.0002842938789884,0.0005004346357324612,0.000499550218365306,0.0002093936652506926,Irish sovereign debt crisis
2010-10-13,0.0002483118570877,0.00046049310751176324,0.0004782743728631229,0.0001477672976183805,Irish sovereign debt crisis
2010-10-14,0.0010369736438739,0.0005189245938658679,0.0005198188357869366,0.0002520843418814324,Irish sovereign debt crisis
2010-10-15,0.0011246904937415,0.0005213691814590477,0.0004941495157730456,0.00026920950777662496,Irish sovereign debt crisis
2010-10-18,0.0011166109181939,0.0004549177050356916,0.0004602091324345375,0.00027113098686151814,Irish sovereign debt crisis
2010-10-19,0.0011239397605038,0.00042146324265211575,0.0004478250071196717,0.00028429387898846564,Irish sovereign debt crisis
2010-10-20,0.0011179189146909,0.00039267782561541064,0.0004251928573571794,0.000248311857087748,Irish sovereign debt crisis
2010-10-21,0.0001726623559284,0.0007182190651163122,0.0007671647451844274,0.0010369736438735,Irish sovereign debt crisis
2010-10-22,6.29449277849586e-05,0.0006956760293845566,0.0007620187377440809,0.0011246904937415,Irish sovereign debt crisis
2010-10-25,6.284711156319807e-05,0.0006609043224464024,0.0007068239396046229,0.0011166109181935,Irish sovereign debt crisis
2010-10-26,5.436139901052071e-05,0.0006752621446578915,0.0006768366797705577,0.0011239397605035,Irish sovereign debt crisis
2010-10-27,6.410666349653015e-05,0.0006623952250243047,0.000631320229209879,0.0011179189146905,Irish sovereign debt crisis
2010-10-28,0.0004003869429559,0.0004996869512509149,0.0005842257476141107,0.00017266235592846473,Irish sovereign debt crisis
2010-10-29,0.0008050284627023,0.0004309217801589453,0.0005395838137536617,6.294492778495849e-05,Irish sovereign debt crisis
2010-11-01,0.0008526571964105,0.00043443761904924386,0.0005034156059105003,6.284711156319796e-05,Irish sovereign debt crisis
2010-11-02,0.0012073387935539,0.00043287064286778653,0.00047656240737703703,5.43613990105206e-05,Irish sovereign debt crisis
2010-11-03,0.0016670696615817,0.0004426697239992826,0.00044598750242696934,6.410666349653004e-05,Irish sovereign debt crisis
2010-11-04,0.001582859868681,0.0005937118499647932,0.0005401506941270085,0.00040038694295598546,Irish sovereign debt crisis
2010-11-05,0.001179359746413,0.0007182106624235677,0.0006866756944873101,0.000805028462702,Irish sovereign debt crisis
2010-11-08,0.0011889650948715,0.0007144271853998195,0.0006498439077342886,0.0008526571964105,Irish sovereign debt crisis
2010-11-09,0.0010831974599731,0.0008474455166910782,0.0007483230051703057,0.0012073387935535,Irish sovereign debt crisis
2010-11-10,0.0008288620584768,0.0009942788943059814,0.0009099334277368568,0.0016670696615815,Irish sovereign debt crisis
2010-11-11,0.0015079447269501,0.001034668671614393,0.0009574312389041879,0.001582859868681,Irish sovereign debt crisis
2010-11-12,0.0015755254251251,0.0009522526096641149,0.0008805839432176924,0.001179359746413,Irish sovereign debt crisis
2010-11-15,0.0017383694841344,0.0009569275368768139,0.0008306330323804982,0.0011889650948715,Irish sovereign debt crisis
2010-11-16,0.0026254227080819,0.0010103674602736199,0.0008997001690029863,0.001083197459973,Irish sovereign debt crisis
2010-11-17,0.002469154090582,0.0010164991298221588,0.0009104783783215879,0.0008288620584765,Irish sovereign debt crisis
2010-11-18,0.0016753112018464,0.0012973973766318453,0.0012050679908077956,0.00150794472695,Irish sovereign debt crisis
2010-11-19,0.001627135942007,0.0012942506704144035,0.0011294337787890719,0.001575525425125,Irish sovereign debt crisis
2010-11-22,0.0014198850474069,0.0011689874392907921,0.0011458365275074179,0.001738369484134,Irish sovereign debt crisis
2010-11-23,0.0002588580980688,0.001483269104474415,0.0015757403008507891,0.0026254227080814998,Irish sovereign debt crisis
2010-11-24,0.0005215190765407,0.0014585494533311276,0.0014683228010031022,0.002469154090582,Irish sovereign debt crisis
2010-11-25,0.0008264347933576,0.001411039444315093,0.001416142650628814,0.0016753112018459998,Irish sovereign debt crisis
2010-11-26,0.0008209356585081,0.001390972010071946,0.0013052472083667356,0.001627135942007,Irish sovereign debt crisis
2010-11-29,0.000819070471468,0.0013688607572932988,0.001210380367344952,0.0014198850474065,Irish sovereign debt crisis
2010-11-30,0.0010991395452883,0.0010948365240070934,0.0011203453342117553,0.00025885809806886146,Irish sovereign debt crisis
2010-12-01,0.0008083019788905,0.0012804229218183986,0.0011543089653686988,0.0005215190765405,Irish sovereign debt crisis
2010-12-02,0.0004595330248022,0.0014345163765341817,0.0012300577848870064,0.0008264347933574999,Irish sovereign debt crisis
2010-12-03,0.0004673386859147,0.0014022524297419442,0.0011398488760326843,0.000820935658508,Irish sovereign debt crisis
2010-12-06,0.0005112203515687,0.0013470256885784139,0.001051383402892124,0.000819070471468,Irish sovereign debt crisis
2010-12-07,0.0002484215720674,0.001404478851151422,0.0010757043996104385,0.001099139545288,Irish sovereign debt crisis
2010-12-08,0.0002157475504264,0.0013302457880291824,0.0010009288606304993,0.0008083019788905001,Irish sovereign debt crisis
2010-12-09,0.0001309458219505,0.0011927360919099079,0.0009524652442871353,0.000459533024802266,Irish sovereign debt crisis
2010-12-10,0.0001573616974594,0.0011078509377237746,0.000890109200688705,0.000467338685914763,Irish sovereign debt crisis
2010-12-13,0.0001260171728577,0.0010941901299642235,0.0008384615710792305,0.0005112203515685001,Irish sovereign debt crisis
2010-12-14,0.0003009486771352,0.000995695301634453,0.0007892169110785743,0.00024842157206742693,Irish sovereign debt crisis
2010-12-15,0.0003046871674032,0.0009609852992118038,0.0007329502569872261,0.0002157475504264122,Irish sovereign debt crisis
2010-12-16,0.0002964295594015,0.0008608338551421849,0.0006772816776172828,0.0001309458219505806,Irish sovereign debt crisis
2010-12-17,0.0002502843251918,0.0008637464506360494,0.0006515207359994591,0.0001573616974594059,Irish sovereign debt crisis
2010-12-20,0.0002336346535232,0.0006963807851391528,0.0006091301151123738,0.00012601717285775084,Irish sovereign debt crisis
2010-12-21,3.837917359869535e-05,0.0008144955535383993,0.0006367402161557642,0.0003009486771352487,Irish sovereign debt crisis
2010-12-22,3.241531305885467e-05,0.0007630111265387294,0.0005899064265528572,0.0003046871674032281,Irish sovereign debt crisis
2010-12-23,3.096351230068091e-05,0.0005300213348135762,0.0005466766314210344,0.0002964295594015754,Irish sovereign debt crisis
2010-12-24,5.895825329096328e-05,0.000507800503465048,0.0005083332307294755,0.0002502843251918612,Irish sovereign debt crisis
2010-12-29,4.831202803705564e-05,0.00048221024263330224,0.0004727689841653488,0.0002336346535232619,Irish sovereign debt crisis
2010-12-30,4.210629508903392e-05,0.0003782286607550442,0.0004443460323374536,3.837917359869513e-05,Irish sovereign debt crisis
2010-12-31,4.136524838539101e-05,0.00036687424698274746,0.0004123607959198271,3.241531305885446e-05,Irish sovereign debt crisis
2011-01-04,0.0002526732212507,0.00034029647653078214,0.000354589949291575,3.096351230068069e-05,Irish sovereign debt crisis
2011-01-05,0.0003126656895903,0.0003398654005978218,0.00034755521655707836,5.895825329096306e-05,Irish sovereign debt crisis
2011-01-06,0.0004295252460094,0.0002488518465754612,0.00032361181126187264,4.831202803705542e-05,Irish sovereign debt crisis
2011-01-07,0.0004621597601895,0.0002421889647309073,0.00029960618050713783,4.21062950890337e-05,Irish sovereign debt crisis
2011-01-10,0.0004618854884591,0.00024018529051935775,0.000282493630899094,4.1365248385390795e-05,Irish sovereign debt crisis
2011-01-11,0.0002916940166849,0.0003038105830352639,0.0003486927685931536,0.0002526732212507619,Irish sovereign debt crisis
2011-01-12,0.0003762704717606,0.00032505839478653856,0.00035660531670425735,0.00031266568959039624,Irish sovereign debt crisis
2011-01-13,0.0008166119377206,0.0003481017011479201,0.00039540954723430317,0.0004295252460094146,Irish sovereign debt crisis
2011-01-14,0.0008286997649943,0.00035279697559754627,0.0003760072154940767,0.0004621597601895493,Irish sovereign debt crisis
2011-01-17,0.0011016556495103,0.00033390722784022974,0.0003513887035377652,0.0004618854884591586,Irish sovereign debt crisis
2011-01-18,0.0010930681106918,0.00031829662110260644,0.0003383895198234244,0.00029169401668495664,Irish sovereign debt crisis
2011-01-19,0.0009920428604358,0.00037632675111792135,0.0004078771278166876,0.00037627047176063593,Irish sovereign debt crisis
2011-01-20,0.0004921538615588,0.0005701532093262805,0.0006604234260712675,0.0008166119377205001,Irish sovereign debt crisis
2011-01-21,0.0005020219988709,0.0005625886618763631,0.0006204543351807166,0.000828699764994,Irish sovereign debt crisis
2011-01-24,0.0003980931932221,0.0006562111644518542,0.0006835234098706392,0.00110165564951,Irish sovereign debt crisis
2011-01-25,0.0010353579748848,0.0006047264737896007,0.0006353090484136042,0.0010930681106915,Irish sovereign debt crisis
2011-01-26,0.0010307578797857,0.0006143368380771631,0.0006088509794426139,0.0009920428604355,Irish sovereign debt crisis
2011-01-27,0.0011116925049596,0.0005639111376480836,0.0005925672985562385,0.0004921538615588481,Irish sovereign debt crisis
2011-01-28,0.0013174753608742,0.0005773178502425325,0.0005769824256637333,0.0005020219988704999,Irish sovereign debt crisis
2011-01-31,0.001218660469043,0.0005943693870389671,0.0006226115272624186,0.0003980931932221108,Irish sovereign debt crisis
2011-02-01,0.0005770873233326,0.0008437410603917071,0.0008614114421838856,0.0010353579748845,Irish sovereign debt crisis
2011-02-02,0.0008375345032042,0.0008455360286431908,0.0008266691132547319,0.0010307578797855,Irish sovereign debt crisis
2011-02-03,0.0006999219570675,0.0008891408366152911,0.0008097235927496346,0.0011116925049595,Irish sovereign debt crisis
2011-02-04,0.0005764266664527,0.0009665266103930297,0.0008483239180932268,0.0013174753608739998,Irish sovereign debt crisis
2011-02-07,0.0005047610795771,0.0009632331135953821,0.0008015531675493302,0.001218660469043,Irish sovereign debt crisis
2011-02-08,0.0004767932523187,0.0008591484081062071,0.0007500754515732993,0.0005770873233325,Irish sovereign debt crisis
2011-02-09,0.000157100909732,0.0009868883243825588,0.0008573983302389859,0.000837534503204,Irish sovereign debt crisis
2011-02-10,0.0002201564061105,0.000893925009083299,0.0007850935230779205,0.0006999219570675001,Irish sovereign debt crisis
2011-02-11,0.0002636614861114,0.0008981077371630317,0.0007720138953057896,0.0005764266664525,Irish sovereign debt crisis
2011-02-14,0.0005283295320976,0.0008398977126059872,0.0007051036468927387,0.000504761079577,Irish sovereign debt crisis
2011-02-15,0.0006549041501897,0.0008149192165763758,0.0006443343586615584,0.0004767932523187429,Irish sovereign debt crisis
2011-02-16,0.0006733545041303,0.0007036976495265276,0.000591874042291267,0.00015710090973200633,Irish sovereign debt crisis
2011-02-17,0.0006133378823987,0.0007528542958844303,0.0005805838654340333,0.00022015640611051842,Irish sovereign debt crisis
2011-02-18,0.000642152267346,0.000779931958905669,0.0006059872644764332,0.00026366148611148645,Irish sovereign debt crisis
2011-02-21,0.0004998870199576,0.0008145615026706147,0.0006960272146993564,0.0005283295320975,Irish sovereign debt crisis
2011-02-22,0.0004072734087505,0.00085326113730087,0.0007064471147495188,0.0006549041501895,Irish sovereign debt crisis
2011-02-23,0.0005405572450438,0.0008007762978907195,0.0006646743283342776,0.00067335450413,Irish sovereign debt crisis
2011-02-24,0.0005439124867258,0.0007763775159528938,0.0006129614619237029,0.0006133378823985,Irish sovereign debt crisis
2011-02-25,0.0003439415485549,0.0008264474987414918,0.0006478730848203888,0.000642152267346,Irish sovereign debt crisis
2011-02-28,0.0002221034877254,0.0008054745592596444,0.0006418309489210104,0.000499887019957628,Irish sovereign debt crisis
2011-03-01,0.0001882308883379,0.0007703774437806533,0.0006089646516306658,0.0004072734087505812,Irish sovereign debt crisis
2011-03-02,0.0001261006747111,0.0008098415597102905,0.0006458895027270148,0.0005405572450434999,Irish sovereign debt crisis
2011-03-03,0.0001670297223133,0.0006678975501156183,0.0005926511488569766,0.0005439124867255,Irish sovereign debt crisis
2011-03-04,0.0002619655371637,0.0006130190661496117,0.0005519985550217033,0.0003439415485549811,Irish sovereign debt crisis
2011-03-07,0.0003308675067719,0.0005451296313486588,0.0005062994630548168,0.00022210348772542209,Irish sovereign debt crisis
2011-03-08,0.0010373856165179,0.0004777940711795521,0.000465741069003834,0.00018823088833794526,Irish sovereign debt crisis
2011-03-09,0.0010893566150924,0.0004691410836173343,0.0004846898130021906,0.0001261006747111279,Irish sovereign debt crisis
2011-03-10,0.0018759058638911,0.000491534884005919,0.00047532648910467515,0.0001670297223133084,Irish sovereign debt crisis
2011-03-11,0.0017726217681684,0.00048437306442997174,0.000496802551675009,0.00026196553716379914,Irish sovereign debt crisis
2011-03-14,0.0018724453273505,0.000515397592087791,0.0004983777534934975,0.00033086750677190037,Irish sovereign debt crisis
2011-03-15,0.0011981138310893,0.0007575807802816226,0.0008144158378922518,0.0010373856165175,Irish sovereign debt crisis
2011-03-16,0.0010493401208792,0.0007900096803368136,0.0008265091589042502,0.001089356615092,Irish sovereign debt crisis
2011-03-17,0.0005729055593126,0.0010638083319958185,0.0011213138265672186,0.001875905863891,Irish sovereign debt crisis
2011-03-18,0.0005944234907659,0.0010194465085541491,0.0010246917749661556,0.001772621768168,Irish sovereign debt crisis
2011-03-21,0.0004949987028365,0.00107558956645625,0.0010028287583968845,0.0018724453273505,Irish sovereign debt crisis
2011-03-22,0.0005683902268623,0.0009636924733378358,0.0009344467361295637,0.001198113831089,Irish sovereign debt crisis
2011-03-23,0.0005766658529325,0.0008783969550776157,0.0008520603315293592,0.001049340120879,Irish sovereign debt crisis
2011-03-24,0.0002337897060389,0.000867963625177225,0.0009295142659266247,0.0005729055593125,Irish sovereign debt crisis
2011-03-25,0.0007443320885266,0.0008582213003272912,0.0008549703431466472,0.0005944234907655,Irish sovereign debt crisis
2011-03-28,0.0006832071881255,0.0008522752646241672,0.0008068119389512259,0.0004949987028365702,Irish sovereign debt crisis
2011-03-29,0.0005790730756187,0.0008525398233572894,0.0007959018171144774,0.000568390226862,Irish sovereign debt crisis
2011-03-30,0.000692247732214,0.0008219819306271638,0.0007292796268946929,0.0005766658529325,Irish sovereign debt crisis
2011-03-31,0.0007061572885868,0.0007150588386353945,0.0006784088407789103,0.00023378970603890367,Irish sovereign debt crisis
2011-04-01,0.0001701761512147,0.0009444086703791399,0.0008514124603439321,0.0007443320885265,Irish sovereign debt crisis
2011-04-04,0.0002941995998853,0.0009115499649323958,0.0007794977651041,0.0006832071881255001,Irish sovereign debt crisis
2011-04-05,0.0003452908439985,0.0008769942072938081,0.0007140951615004545,0.0005790730756185,Irish sovereign debt crisis
2011-04-06,0.0003220312982365,0.0009472853598181555,0.0007014649439766598,0.0006922477322139999,Irish sovereign debt crisis
2011-04-07,0.000291025869881,0.0009478727421835793,0.0006611059139434002,0.0007061572885865,Irish sovereign debt crisis
2011-04-08,0.0003036816062459,0.0007123974869288125,0.0006048436381893545,0.0001701761512147006,Irish sovereign debt crisis
2011-04-11,0.0004743324189974,0.0008345709409431179,0.0006286857686036425,0.000294199599885384,Irish sovereign debt crisis
2011-04-12,0.0004899741802013,0.0008412076237227892,0.0006071503300544036,0.0003452908439985743,Irish sovereign debt crisis
2011-04-13,0.0004116489994345,0.0008404797057569918,0.0005948302415700951,0.00032203129823650816,Irish sovereign debt crisis
2011-04-14,0.0004537354177182,0.0006761399568309295,0.0005448091879152285,0.00029102586988107205,Irish sovereign debt crisis
2011-04-15,0.0004857165712174,0.0006787101675152948,0.0005024738789118885,0.00030368160624591424,Irish sovereign debt crisis
2011-04-18,0.0001832624646381,0.0006345516860524835,0.000621692259738707,0.0004743324189974661,Irish sovereign debt crisis
2011-04-19,0.000158102348384,0.000645229834495925,0.0005939735876014421,0.0004899741802013592,Irish sovereign debt crisis
2011-04-20,0.0001610857230205,0.0005944510461115395,0.0005508764824273648,0.00041164899943457094,Irish sovereign debt crisis
2011-04-21,0.0002121929959865,0.0006074243060666404,0.0005191399774275182,0.0004537354177182565,Irish sovereign debt crisis
2011-04-26,0.0002927721117427,0.0006224630472587756,0.0004914479037950323,0.00048571657121748485,Irish sovereign debt crisis
2011-04-27,0.0003206259287136,0.00046472142124920644,0.000455430894779799,0.0001832624646381787,Irish sovereign debt crisis
2011-04-28,0.0007754512835603,0.0004641094900022736,0.00043335912698238736,0.00015810234838409466,Irish sovereign debt crisis
2011-04-29,0.0007923730601877,0.0004554418998684199,0.0004067821981541332,0.00016108572302054761,Irish sovereign debt crisis
2011-05-03,0.0008174121122366,0.0004761166875724363,0.00042762378717111575,0.0002121929959865475,Irish sovereign debt crisis
2011-05-04,0.0007378612660935,0.0005239775634094217,0.0004629014328859515,0.0002927721117427439,Irish sovereign debt crisis
2011-05-05,0.000766505509506,0.000529958581468534,0.0004459996797786067,0.0003206259287136509,Irish sovereign debt crisis
2011-05-06,0.0002690674024528,0.000607573224037572,0.0006242940361866441,0.00077545128356,Irish sovereign debt crisis
2011-05-09,0.0002687495880515,0.0006079592621584399,0.0005981051932281694,0.0007923730601875,Irish sovereign debt crisis
2011-05-10,0.0001628521385869,0.0006416682855845704,0.0005936385985397712,0.0008174121122364999,Irish sovereign debt crisis
2011-05-11,0.0001615486872871,0.0006100397304009209,0.0005592217937034735,0.0007378612660935,Irish sovereign debt crisis
2011-05-12,0.0001741208637971,0.0006214881682394054,0.000548499429289442,0.0007665055095059999,Irish sovereign debt crisis
2011-05-13,0.0001918173931921,0.0005163712146815034,0.0005026645961867268,0.00026906740245282574,Irish sovereign debt crisis
2011-05-16,0.0005447337748339,0.0005105434832737872,0.0004879585594849247,0.0002687495880515331,Irish sovereign debt crisis
2011-05-17,0.0005615681166702,0.00046203946795114346,0.00045740518499965245,0.0001628521385869047,Irish sovereign debt crisis
2011-05-18,0.0005265735464851,0.0004543790832881704,0.0004476818777255845,0.00016154868728713431,Irish sovereign debt crisis
2011-05-19,0.0004598497149208,0.00047478139810215933,0.0004386179214447079,0.0001741208637971492,Irish sovereign debt crisis
2011-05-20,0.000635836038922,0.0004789357936677611,0.000416390825432207,0.0001918173931921845,Irish sovereign debt crisis
2011-05-23,0.0002542258972529,0.0005919175361754783,0.00058803953863058,0.0005447337748335,Irish sovereign debt crisis
2011-05-24,0.0002451204546826,0.0005767203144467226,0.0005476608965195436,0.00056156811667,Irish sovereign debt crisis
2011-05-25,0.00023608421247,0.0005640953035988048,0.000503959823582678,0.0005265735464850001,Irish sovereign debt crisis
2011-05-26,0.0002360739641591,0.0005438659109436259,0.0004683079495594876,0.0004598497149208496,Irish sovereign debt crisis
2011-05-27,0.0001031141943908,0.0006170485700670956,0.0005093081784699507,0.000635836038922,Irish sovereign debt crisis
2011-05-30,0.0001174432024384,0.0005301545755853147,0.00047795072952169944,0.0002542258972529021,Irish sovereign debt crisis
2011-05-31,0.0002012159207545,0.0005238310107949406,0.0004446803438870684,0.00024512045468263284,Irish sovereign debt crisis
2011-06-01,0.0003770231788641,0.0005032533903383677,0.0004088624293555518,0.0002360842124700959,Irish sovereign debt crisis
2011-06-02,0.0006585394098503,0.0004959019656006311,0.00038231594084731937,0.00023607396415919687,Irish sovereign debt crisis
2011-06-03,0.0006561447737484,0.00043206168419466714,0.000388945200156878,0.00010311419439082992,Irish sovereign debt crisis
2011-06-07,0.0006534116155,0.0004381045268073776,0.0003772835374473823,0.00011744320243849627,Irish sovereign debt crisis
2011-06-08,0.0006811706498726,0.0004003724503905632,0.00040644488043855816,0.00020121592075455892,Irish sovereign debt crisis
2011-06-09,0.0005708038895081,0.00047207807369093954,0.0004453559687988709,0.00037702317886415833,Irish sovereign debt crisis
2011-06-10,0.0003398091545036,0.0005562592398319455,0.0005608096167801102,0.0006585394098499999,Irish sovereign debt crisis
2011-06-13,0.0003033197099587,0.000553788615914891,0.000535024352187657,0.0006561447737479999,Irish sovereign debt crisis
2011-06-14,0.0004197416699479,0.0005426225135402777,0.0004985178249733944,0.0006534116155,Irish sovereign debt crisis
2011-06-15,0.0002880944679184,0.0005821065417394287,0.0005302828620900441,0.0006811706498724999,Irish sovereign debt crisis
2011-06-16,0.0003556412767805,0.0005693206206481095,0.0005249652462213859,0.0005708038895080001,Irish sovereign debt crisis
2011-06-17,0.0003069066576427,0.0005348051822597164,0.0005017922152017327,0.00033980915450365715,Irish sovereign debt crisis
2011-06-20,0.0002864121834929,0.0005183362625517244,0.00047587665773610296,0.0003033197099587584,Irish sovereign debt crisis
2011-06-21,0.0002196368233179,0.0005654166046495858,0.00049353362166841,0.0004197416699479909,Irish sovereign debt crisis
2011-06-22,0.0003246814736793,0.000500348952402743,0.00045335222577842186,0.00028809446791845726,Irish sovereign debt crisis
2011-06-23,0.0002058953384963,0.0004918107953436239,0.0004902990601475626,0.0003556412767805517,Irish sovereign debt crisis
2011-06-24,0.0003865578240864,0.00046856856589659417,0.00045178998783396515,0.0003069066576427013,Irish sovereign debt crisis
2011-06-27,0.0004349187148324,0.0004583903206625526,0.0004153383913540846,0.00028641218349291416,Irish sovereign debt crisis
2011-06-28,0.0003763971749753,0.0004636093869101387,0.0004103572096783429,0.00021963682331794016,Irish sovereign debt crisis
2011-06-29,0.0004819890680852,0.00047397678328498085,0.0004182282484757044,0.00032468147367935545,Irish sovereign debt crisis
2011-06-30,0.000475442004005,0.0004369369456243488,0.0003886713574236578,0.00020589533849639475,Irish sovereign debt crisis
2011-07-01,0.0003558532502498,0.0005253288379617339,0.00043492801836454904,0.0003865578240864294,Irish sovereign debt crisis
2011-07-04,0.000524735216971,0.0005414215518193004,0.0004176825202452979,0.00043491871483247193,Irish sovereign debt crisis
2011-07-05,0.0005280626170032,0.0005283845972569132,0.00039669602780740155,0.00037639717497538595,Irish sovereign debt crisis
2011-07-06,0.0003701954674385,0.0005894132487116378,0.000478127752738599,0.00048198906808527456,Irish sovereign debt crisis
2011-07-07,0.0004000645152704,0.0005722700965082631,0.0004406536990283082,0.0004754420040050165,Irish sovereign debt crisis
2011-07-08,0.000429882367818,0.0005477387386940584,0.00044587408330189096,0.0003558532502498789,Irish sovereign debt crisis
2011-07-11,0.0003702011779707,0.000594646329395917,0.0005269912853521368,0.000524735216971,Irish sovereign debt crisis
2011-07-12,0.0003764875448331,0.0005279661086985378,0.000497445480639338,0.0005280626170030001,Irish sovereign debt crisis
2011-07-13,0.0004227647222683,0.0005016487010346869,0.00047512119788078875,0.00037019546743853897,Irish sovereign debt crisis
2011-07-14,0.0004226493309332,0.0005091468285412209,0.0004601772592828028,0.0004000645152704897,Irish sovereign debt crisis
2011-07-15,0.0005210151510169,0.0005106405615010696,0.0004790327664050313,0.00042988236781802097,Irish sovereign debt crisis
2011-07-18,0.0003793598513787,0.0005207709470308026,0.0005269299223181031,0.0003702011779707251,Irish sovereign debt crisis
2011-07-19,0.0004253740632483,0.0005100652904220438,0.0004914807334020644,0.00037648754483312973,Irish sovereign debt crisis
2011-07-20,0.0004995490682663,0.0005398204491803558,0.0004890299331305361,0.00042276472226836237,Irish sovereign debt crisis
2011-07-21,0.0005538123930077,0.0005140500789518426,0.0004614709818333248,0.00042264933093327757,Irish sovereign debt crisis
2011-07-22,0.0003580378156839,0.0005801733878171478,0.0005045106639490133,0.0005210151510165,Irish sovereign debt crisis
2011-07-25,0.0008738279859166,0.0005208533796398123,0.00047571280910875167,0.00037935985137871564,Irish sovereign debt crisis
2011-07-26,0.0010901243410283,0.0005483276032228251,0.0004793235897317789,0.00042537406324833675,Irish sovereign debt crisis
2011-07-27,0.0016257708277869,0.000601932858379274,0.0005340139080987984,0.0004995490682663363,Irish sovereign debt crisis
2011-07-28,0.0028388362820366,0.0006126445536232653,0.0005420234323506515,0.0005538123930075,Irish sovereign debt crisis
2011-07-29,0.0030756915712545,0.0005394257883838465,0.0004994011507029858,0.00035803781568395047,Irish sovereign debt crisis
2011-08-01,0.004584086415722,0.0007581173071786014,0.0007307948472168509,0.0008738279859165,Irish sovereign debt crisis
2011-08-02,0.0051389463470098,0.000803766556050757,0.0008193845530127251,0.0010901243410280002,Irish sovereign debt crisis
2011-08-03,0.0049673392232828,0.0010108720377960327,0.0011056058668124037,0.0016257708277864998,Irish sovereign debt crisis
2011-08-04,0.0039252667959771,0.001401522571333122,0.0016533691184849346,0.0028388362820365,Irish sovereign debt crisis
2011-08-05,0.0045076621403463,0.0014103885284768385,0.0016284627033364672,0.0030756915712545,Irish sovereign debt crisis
2011-08-08,0.0025944907897316,0.001970586848540047,0.0024809759625561067,0.004584086415722,Irish sovereign debt crisis
2011-08-09,0.0017719604316772,0.0021566240928912873,0.002620670863277684,0.005138946347009499,Irish sovereign debt crisis
2011-08-10,0.0013617180721614,0.002204103902997173,0.0026504735851917813,0.0049673392232824996,Irish sovereign debt crisis
2011-08-11,0.0030748658094314,0.002163948114920644,0.002512511341130065,0.003925266795977,Irish sovereign debt crisis
2011-08-12,0.0024584232015146,0.002374682314433672,0.0026388109705737565,0.004507662140346,Irish sovereign debt crisis
2011-08-15,0.002505162597897,0.0021744813202757437,0.002443443635993661,0.0025944907897315,Irish sovereign debt crisis
2011-08-16,0.0025165419748419,0.0020168969960487767,0.00223079555182773,0.001771960431677,Irish sovereign debt crisis
2011-08-17,0.0025620991518453,0.0019533842626036886,0.002073634463270118,0.0013617180721609999,Irish sovereign debt crisis
2011-08-18,0.0006540369455769,0.0025918849723724734,0.002851738429640659,0.003074865809431,Irish sovereign debt crisis
2011-08-19,0.0005169233169286,0.0024879926115444944,0.002694955755900282,0.0024584232015145003,Irish sovereign debt crisis
2011-08-22,0.0006288285999069,0.002515260285735011,0.0025144489683790083,0.002505162597897,Irish sovereign debt crisis
2011-08-23,0.0006285418510312,0.002465018635089291,0.002301349819281149,0.0025165419748415,Irish sovereign debt crisis
2011-08-24,0.0017532634097871,0.002521923728102342,0.002157141791872635,0.002562099151845,Irish sovereign debt crisis
2011-08-25,0.0017798864851331,0.002036004189012727,0.0019971566381925543,0.0006540369455765,Irish sovereign debt crisis
2011-08-26,0.0027053966686985,0.00195080596783483,0.0018522402012913822,0.0005169233169285,Irish sovereign debt crisis
2011-08-29,0.0036568278752657,0.0020534445769054195,0.0018017095046661247,0.0006288285999064999,Irish sovereign debt crisis
2011-08-30,0.0036564750909318,0.0020303348365689447,0.0016463279406344466,0.0006285418510309999,Irish sovereign debt crisis
2011-08-31,0.003187804492639,0.002544494314865077,0.0020727532139729866,0.001753263409787,Irish sovereign debt crisis
2011-09-01,0.0030964058011646,0.0024810581894183243,0.001916950008076744,0.0017798864851329998,Irish sovereign debt crisis
2011-09-02,0.0031404441159064,0.0027285019573327304,0.0022360937669288327,0.0027053966686985,Irish sovereign debt crisis
2011-09-05,0.0025606654560595,0.002849406433663099,0.002643706748217104,0.0036568278752655,Irish sovereign debt crisis
2011-09-06,0.0027490242385842,0.002752694744828218,0.0024075093426373945,0.0036564750909315,Irish sovereign debt crisis
2011-09-07,0.0023362638124591,0.002543856681096656,0.0025472683831067326,0.003187804492639,Irish sovereign debt crisis
2011-09-08,0.0023351181225208,0.002308007462554029,0.002310253132451047,0.0030964058011645,Irish sovereign debt crisis
2011-09-09,0.0014787398691514,0.002482554855391595,0.0026130461447187365,0.003140444115906,Irish sovereign debt crisis
2011-09-12,0.0010892390241872,0.0024661683963264677,0.0027032751420734123,0.0025606654560595002,Irish sovereign debt crisis
2011-09-13,0.0010846835012877,0.0023753981756819567,0.0025415433490490556,0.002749024238584,Irish sovereign debt crisis
2011-09-14,0.0010530468704902,0.0023736497552027526,0.0024820729323490687,0.002336263812459,Irish sovereign debt crisis
2011-09-15,0.0021131916626542,0.0022959801308365135,0.002253772194716489,0.0023351181225205,Irish sovereign debt crisis
2011-09-16,0.0021944193092341,0.0022079555387961927,0.002117689109319777,0.0014787398691509998,Irish sovereign debt crisis
2011-09-19,0.0021525791261743,0.0018559679901375174,0.0020638209078732922,0.001089239024187,Irish sovereign debt crisis
2011-09-20,0.0029503006745167,0.0018540256613345278,0.0019613592875866374,0.0010846835012875,Irish sovereign debt crisis
2011-09-21,0.0026209374989219,0.0018841752239807962,0.001979125433339461,0.00105304687049,Irish sovereign debt crisis
2011-09-22,0.0015748592241109,0.0022814612896781654,0.002325834646657038,0.002113191662654,Irish sovereign debt crisis
2011-09-23,0.0013246865862887,0.00228996817159341,0.0022185310493296907,0.002194419309234,Irish sovereign debt crisis
2011-09-26,0.0011327628135712,0.002307501818135986,0.00210654169663251,0.002152579126174,Irish sovereign debt crisis
2011-09-27,0.0013889309943093,0.002604155180913242,0.002359365602187709,0.0029503006745165003,Irish sovereign debt crisis
2011-09-28,0.0017599211175905,0.0024749376132648464,0.0021730186683000014,0.0026209374989215,Irish sovereign debt crisis
2011-09-29,0.0024988900337755,0.00227079860428586,0.0019759207320781003,0.0015748592241105002,Irish sovereign debt crisis
2011-09-30,0.002512262005781,0.0020164355405850984,0.0018024499536293342,0.0013246865862885,Irish sovereign debt crisis
2011-10-03,0.002595314977979,0.0019735377792264256,0.0016484005799687392,0.0011327628135710001,Irish sovereign debt crisis
2011-10-04,0.0014842882900869,0.002123590741906898,0.0021271628269220093,0.001388930994309,Irish sovereign debt crisis
2011-10-05,0.0014072202435644,0.002054598324089536,0.0021118718250291613,0.0017599211175904998,Irish sovereign debt crisis
2011-10-06,0.0008348630793281,0.0022997500878559844,0.0022466294011147772,0.0024988900337755003,Irish sovereign debt crisis
2011-10-07,0.0009720584028209,0.0021184648798058306,0.0020457849255327855,0.0025122620057809997,Irish sovereign debt crisis
2011-10-10,0.0008924388724945,0.0021693012233586985,0.0019029852360961748,0.002595314977979,Irish sovereign debt crisis
2011-10-11,0.0007727507238895,0.0018530696379562728,0.0018140002372102422,0.0014842882900865002,Irish sovereign debt crisis
2011-10-12,0.0004602601805298,0.0017954277421354838,0.001794273944247476,0.001407220243564,Irish sovereign debt crisis
2011-10-13,0.0003427849876179,0.0016458429720907124,0.0017278206541916398,0.000834863079328,Irish sovereign debt crisis
2011-10-14,0.0003154372968413,0.0016432355925187479,0.00163413396813577,0.0009720584028205,Irish sovereign debt crisis
2011-10-17,0.0008144833572595,0.0016139535008784045,0.0015090567976878098,0.0008924388724945,Irish sovereign debt crisis
2011-10-18,0.0009619783838395,0.0015572871023798232,0.0013843256759164283,0.0007727507238895,Irish sovereign debt crisis
2011-10-19,0.0009435900761208,0.0014052893606391096,0.0012704105349268314,0.0004602601805298509,Irish sovereign debt crisis
2011-10-20,0.0022431764279354,0.001327722164595442,0.0011939601543936671,0.00034278498761791286,Irish sovereign debt crisis
2011-10-21,0.0021226823591298,0.0012825892596292528,0.001139594787417576,0.000315437296841308,Irish sovereign debt crisis
2011-10-24,0.0017136375389404,0.001409251489680944,0.001269585632239726,0.0008144833572594999,Irish sovereign debt crisis
2011-10-25,0.0034355385138331,0.0014235092945414055,0.0012553309603466722,0.0009619783838395001,Irish sovereign debt crisis
2011-10-26,0.0034181009451231,0.0013642395477453124,0.001146767775049569,0.0009435900761205,Irish sovereign debt crisis
2011-10-27,0.0027967181949416,0.0016665435862361167,0.0016520199948468896,0.002243176427935,Irish sovereign debt crisis
2011-10-28,0.002825517013518,0.0016002028320381235,0.0015112092024667657,0.0021226823591295,Irish sovereign debt crisis
2011-10-31,0.0026960082749567,0.0015901834181112696,0.0014448726652247145,0.00171363753894,Irish sovereign debt crisis
2011-11-01,0.0008558228599653,0.0021705997776962334,0.0022507498105010884,0.0034355385138329997,Irish sovereign debt crisis
2011-11-02,0.0009477645793561,0.002056163633790776,0.0020418444926223822,0.003418100945123,Irish sovereign debt crisis
2011-11-03,0.0002042048313062,0.001988021136865613,0.00217803886820263,0.0027967181949415,Irish sovereign debt crisis
2011-11-04,0.0003338360156771,0.001886347044827565,0.002002894331133455,0.002825517013518,Irish sovereign debt crisis
2011-11-07,0.0003345996090318,0.0016608989264763339,0.001817965069135461,0.0026960082749565,Irish sovereign debt crisis
2011-11-08,0.0004036877356547,0.0014639401161731821,0.0016755318917834022,0.0008558228599649999,Irish sovereign debt crisis
2011-11-09,0.0003475501975488,0.0014852106778372762,0.0015743746211650705,0.000947764579356,Irish sovereign debt crisis
2011-11-10,0.0005822964338474,0.0010949860882052463,0.0014305812321775168,0.00020420483130627874,Irish sovereign debt crisis
2011-11-11,0.0005536525258606,0.0012242330115813675,0.0013699798434614388,0.00033383601567718655,Irish sovereign debt crisis
2011-11-14,0.0009590594045299,0.0011602005534863107,0.0012470791928988203,0.00033459960903183753,Irish sovereign debt crisis
2011-11-15,0.0008427628617279,0.0012278718584853862,0.0012100831294768273,0.00040368773565474823,Irish sovereign debt crisis
2011-11-16,0.0009626925024899,0.0011900491424274293,0.0011128549650260347,0.00034755019754881484,Irish sovereign debt crisis
2011-11-17,0.0007280572825992,0.0013327436669299821,0.0011377437271021115,0.000582296433847,Irish sovereign debt crisis
2011-11-18,0.0005974058711226,0.0013352727845789543,0.0011147130078186173,0.0005536525258605,Irish sovereign debt crisis
2011-11-21,0.0014083778811167,0.0015177886050218403,0.0012244440533901238,0.0009590594045294999,Irish sovereign debt crisis
2011-11-22,0.0014089629913386,0.0014436164293474185,0.0011284385580233901,0.0008427628617275,Irish sovereign debt crisis
2011-11-23,0.0034301204708532,0.0014273556118352992,0.0011123271485184497,0.0009626925024895,Irish sovereign debt crisis
2011-11-24,0.0036370082038356,0.0012810722434281894,0.0010126446723331397,0.0007280572825989999,Irish sovereign debt crisis
2011-11-25,0.0036391810106512,0.0012782169896702902,0.000925831619384547,0.0005974058711224999,Irish sovereign debt crisis
2011-11-28,0.0026712077392242,0.0014697679086393177,0.001384663056348014,0.0014083778811164998,Irish sovereign debt crisis
2011-11-29,0.0026920937678076,0.0014357472327465508,0.001265120390259777,0.0014089629913385,Irish sovereign debt crisis
2011-11-30,0.0005260363196346,0.00210252676617283,0.002132096549236639,0.003430120470853,Irish sovereign debt crisis
2011-12-01,0.0004749520987153,0.001753929179806695,0.0020454262438237775,0.0036370082038355,Irish sovereign debt crisis
2011-12-02,0.0005145671965899,0.0017301131604671375,0.0018604175312722329,0.003639181010651,Irish sovereign debt crisis
2011-12-05,0.0003876605546742,0.0015795664843975057,0.0017920692248698188,0.002671207739224,Irish sovereign debt crisis
2011-12-06,0.0003626238965215,0.0015644751339644483,0.0016535304832600052,0.0026920937678075003,Irish sovereign debt crisis
2011-12-07,0.0005853156919417,0.0012118194937411645,0.0015045019677645134,0.0005260363196345,Irish sovereign debt crisis
2011-12-08,0.0005302262839242,0.001225754449207176,0.0014522147204587982,0.00047495209871531636,Irish sovereign debt crisis
2011-12-09,0.0005192751734981,0.0012273255841375329,0.0013395054694627885,0.0005145671965895001,Irish sovereign debt crisis
2011-12-12,0.0004040550655199,0.001199363774797443,0.0012859197595472675,0.00038766055467420355,Irish sovereign debt crisis
2011-12-13,0.0007037375890284,0.0011506746787223372,0.0011743148415724878,0.0003626238965215448,Irish sovereign debt crisis
2011-12-14,0.0005656670769103,0.0012944571586118079,0.0011929351624361223,0.0005853156919415001,Irish sovereign debt crisis
2011-12-15,0.0005533182956089,0.0012629308711466253,0.001124031997087641,0.0005302262839239999,Irish sovereign debt crisis
2011-12-16,0.000609434441683,0.001253966675416829,0.0010383282387619764,0.0005192751734980001,Irish sovereign debt crisis
2011-12-19,0.0006600284843163,0.001159981403911171,0.0009469030270704,0.0004040550655199212,Irish sovereign debt crisis
2011-12-20,0.0003430511033281,0.0013202035275073124,0.0009962381467536149,0.0007037375890280001,Irish sovereign debt crisis
2011-12-21,0.0006345678205856,0.0012185498903216335,0.0009441003840308465,0.00056566707691,Irish sovereign debt crisis
2011-12-22,0.0009471491499415,0.0012245727218271186,0.0008938142490633169,0.0005533182956085,Irish sovereign debt crisis
2011-12-23,0.0011654286392613,0.0012347258228679304,0.00085348369338397,0.000609434441683,Irish sovereign debt crisis
2011-12-28,0.0011366742381109,0.0012549955064347599,0.0008129218257555718,0.000660028484316,Irish sovereign debt crisis
2011-12-29,0.001137201794284,0.0010986106363802767,0.0007418286390938866,0.000343051103328166,Irish sovereign debt crisis
2011-12-30,0.000964293136226,0.0011204995782684948,0.000842088312304098,0.0006345678205855,Irish sovereign debt crisis
2012-01-03,0.0008103041467365,0.001266427907583181,0.0009480625402715283,0.0009471491499415,Irish sovereign debt crisis
2012-01-04,0.0006064285078691,0.0009390208344263193,0.0010300205334387745,0.0011654286392609999,Irish sovereign debt crisis
2012-01-05,0.0006679047233768,0.0008761304454616861,0.0009572290967569359,0.0011366742381105,Irish sovereign debt crisis
2012-01-06,0.0006790873993526,0.0008425941266042262,0.0008743606824461711,0.001137201794284,Irish sovereign debt crisis
2012-01-09,0.0004694909059713,0.0008616999337767021,0.0008864811764007081,0.000964293136226,Irish sovereign debt crisis
2012-01-10,0.000229923740566,0.0008822865047177785,0.0009118195490525032,0.0008103041467365001,Irish sovereign debt crisis
2012-01-11,0.0001226627534277,0.000858055526821694,0.0008953344630353658,0.000606428507869,Irish sovereign debt crisis
2012-01-12,0.0008347908809912,0.0008558797485023722,0.0008678078887084254,0.0006679047233765001,Irish sovereign debt crisis
2012-01-13,0.0009306396008836,0.0008325900639469452,0.0007949686963757638,0.0006790873993525,Irish sovereign debt crisis
2012-01-16,0.0009274567804263,0.0007597391297391082,0.0007268142770703807,0.000469490905971326,Irish sovereign debt crisis
2012-01-17,0.0009776660122758,0.0006838855244897524,0.0006659248499433346,0.00022992374056601182,Irish sovereign debt crisis
2012-01-18,0.0009719289934504,0.0005886172332670092,0.0006109234994981955,0.00012266275342770342,Irish sovereign debt crisis
2012-01-19,0.0003530890536595,0.0009656409440521815,0.0009127321882385682,0.000834790880991,Irish sovereign debt crisis
2012-01-20,0.0002726723549212,0.000974384906295476,0.0008925036846852812,0.0009306396008834999,Irish sovereign debt crisis
2012-01-23,0.0003062288173899,0.0009335176471315216,0.0008143198209950256,0.0009274567804260001,Irish sovereign debt crisis
2012-01-24,0.0002848147824827,0.0009229183783708248,0.0007775276370317446,0.0009776660122755,Irish sovereign debt crisis
2012-01-25,0.0006800274693209,0.0008733838862101266,0.0007127961935840835,0.00097192899345,Irish sovereign debt crisis
2012-01-26,0.0004970070546555,0.0008017595263550033,0.0007267683801692213,0.0003530890536595957,Irish sovereign debt crisis
2012-01-27,0.000972037049589,0.0007446442602451094,0.0006820841083881888,0.0002726723549212818,Irish sovereign debt crisis
2012-01-30,0.0009382978632954,0.0007558333235821899,0.0006459568695193154,0.00030622881738993815,Irish sovereign debt crisis
2012-01-31,0.0009254203618531,0.0007539070536582631,0.000603496722723282,0.0002848147824827644,Irish sovereign debt crisis
2012-02-01,0.000558827789679,0.0008816947668398542,0.0007227739578954795,0.0006800274693205,Irish sovereign debt crisis
2012-02-02,0.0005724505670741,0.0007177435380974055,0.000662105775467214,0.0004970070546555512,Irish sovereign debt crisis
2012-02-03,9.90731636907794e-05,0.0008871638446126331,0.000823112433482647,0.0009720370495889999,Irish sovereign debt crisis
2012-02-06,9.882969138570915e-05,0.0008275046618382418,0.0007515208330748404,0.0009382978632950001,Irish sovereign debt crisis
2012-02-07,7.782010134860853e-05,0.0008530347492400461,0.0007022451999554361,0.0009254203618530001,Irish sovereign debt crisis
2012-02-08,0.0001990491814938,0.000757972851657944,0.0006616586756792795,0.0005588277896790001,Irish sovereign debt crisis
2012-02-09,0.000184753315562,0.0007095772868055352,0.0006092793706515134,0.000572450567074,Irish sovereign debt crisis
2012-02-10,0.0003495764864747,0.0005362386394754141,0.0005767090404775237,9.90731636907794e-05,Irish sovereign debt crisis
2012-02-13,0.0004450388514484,0.000506288528568627,0.0005305651336671525,9.882969138570917e-05,Irish sovereign debt crisis
2012-02-14,0.0004968827159246,0.0004899962680112099,0.0004896783328375115,7.782010134860853e-05,Irish sovereign debt crisis
2012-02-15,0.0003732567852438,0.000613687665920699,0.0005110345908712824,0.00019904918149380167,Irish sovereign debt crisis
2012-02-16,0.0003747385461407,0.0005498589301474303,0.00046950123977195516,0.00018475331556200243,Irish sovereign debt crisis
2012-02-17,0.000266862666281,0.0007028030327082157,0.0005111656379825217,0.00034957648647477994,Irish sovereign debt crisis
2012-02-20,0.0001778922065501,0.000582585681205221,0.0005067157813938133,0.0004450388514484184,Irish sovereign debt crisis
2012-02-21,0.0001335729970725,0.0005774032150154043,0.0004974362721397456,0.000496882715924616,Irish sovereign debt crisis
2012-02-22,0.0001770554418069,0.0005549680666547269,0.00047506625674548426,0.000373256785243817,Irish sovereign debt crisis
2012-02-23,0.0002640444929139,0.000527964208168411,0.00043665477338636425,0.00037473854614070314,Irish sovereign debt crisis
2012-02-24,0.0002477855324814,0.0005390987057288255,0.0004347447534446241,0.0002668626662810184,Irish sovereign debt crisis
2012-02-27,0.0003885674258838,0.0004633229997974879,0.0004065957961709878,0.00017789220655013504,Irish sovereign debt crisis
2012-02-28,0.0012467220466065,0.0004418135252519008,0.00038243426281241806,0.000133572997072521,Irish sovereign debt crisis
2012-02-29,0.0012011284544807,0.00047695473951293285,0.0003796607600293754,0.00017705544180698923,Irish sovereign debt crisis
2012-03-01,0.0018875608115503,0.0005178323428354433,0.0003842114264517359,0.00026404449291390203,Irish sovereign debt crisis
2012-03-02,0.0018991567354748,0.0004456463051318235,0.0003804526513623488,0.000247785532481432,Irish sovereign debt crisis
2012-03-05,0.002058409832348,0.0005130818548043525,0.00043167032079881513,0.0003885674258838194,Irish sovereign debt crisis
2012-03-06,0.0015042093112439,0.000715398742931886,0.0008308544840313992,0.0012467220466065,Irish sovereign debt crisis
2012-03-07,0.0014926866838138,0.0006927032925486531,0.0007667676113654148,0.0012011284544805,Irish sovereign debt crisis
2012-03-08,0.0008744353894331,0.0009539912267821189,0.0010411527913960785,0.00188756081155,Irish sovereign debt crisis
2012-03-09,0.0009231485720536,0.0009452886697865041,0.0009796215313618473,0.0018991567354744998,Irish sovereign debt crisis
2012-03-12,0.0006660103101381,0.0010380671883682918,0.001053110652949465,0.002058409832348,Irish sovereign debt crisis
2012-03-13,0.0004300617100477,0.0010521339060290333,0.0010922436381529768,0.0015042093112435,Irish sovereign debt crisis
2012-03-14,0.0004198378493761,0.0010218509063545681,0.0009989187156953187,0.0014926866838135,Irish sovereign debt crisis
2012-03-15,0.000386876278516,0.0009956980678306948,0.0009737867205733018,0.0008744353894330001,Irish sovereign debt crisis
2012-03-16,0.000257059026152,0.000997736065453221,0.0009395270561662727,0.0009231485720535,Irish sovereign debt crisis
2012-03-19,0.0002175091340733,0.0009504163624833179,0.0008870967239279902,0.000666010310138,Irish sovereign debt crisis
2012-03-20,0.0001405024532494,0.0008740078860919483,0.0008539231658633451,0.00043006171004770447,Irish sovereign debt crisis
2012-03-21,0.0001414185766082,0.0008305930692525007,0.0007835921352592854,0.0004198378493761503,Irish sovereign debt crisis
2012-03-22,0.0002827027899645,0.0008603152185008809,0.0007837424922332025,0.00038687627851602543,Irish sovereign debt crisis
2012-03-23,0.0003270397002669,0.0007572137094358613,0.0007159155262769638,0.0002570590261520016,Irish sovereign debt crisis
2012-03-26,0.0004371314243485,0.0007675813171935755,0.000657269019147965,0.0002175091340733689,Irish sovereign debt crisis
2012-03-27,0.0004857621138277,0.0006893562732674888,0.0006014391418273651,0.00014050245324941305,Irish sovereign debt crisis
2012-03-28,0.0008842492166266,0.0007017042934694781,0.0005518464488990301,0.0001414185766082434,Irish sovereign debt crisis
2012-03-29,0.0006192803496344,0.0008515068030511792,0.0006448956977515771,0.00028270278996455267,Irish sovereign debt crisis
2012-03-30,0.0009418199514932,0.0008504650179834942,0.0006058827551302808,0.0003270397002669653,Irish sovereign debt crisis
2012-04-02,0.0008211156785595,0.0009028596510902256,0.000602892214746565,0.0004371314243485162,Irish sovereign debt crisis
2012-04-03,0.0010895977206503,0.0009055504328920873,0.0005819586139873835,0.000485762113827752,Irish sovereign debt crisis
2012-04-04,0.0007097674581631,0.0010606073247680706,0.0007406343228581941,0.0008842492166265,Irish sovereign debt crisis
2012-04-05,0.000711448407492,0.0007580449800752725,0.0006773207656063693,0.000619280349634,Irish sovereign debt crisis
2012-04-10,0.0005559856469024,0.0009664459731701234,0.0008088865166462475,0.000941819951493,Irish sovereign debt crisis
2012-04-11,0.0005558958360845,0.0007387716954714813,0.0007398891766764573,0.0008211156785595001,Irish sovereign debt crisis
2012-04-12,0.0002576418447785,0.0008732942477206808,0.0008107460848928102,0.00108959772065,Irish sovereign debt crisis
2012-04-13,0.0002807678864529,0.0007409271177042373,0.0007561246862182116,0.000709767458163,Irish sovereign debt crisis
2012-04-16,0.0007611120577862,0.0006582150358102176,0.0006931612359391132,0.000711448407492,Irish sovereign debt crisis
2012-04-17,0.0005751022349,0.0007066900990464333,0.0007213117298557416,0.000555985646902,Irish sovereign debt crisis
2012-04-18,0.0007267093997854,0.0006343060571732191,0.0006593963983077609,0.0005558958360845,Irish sovereign debt crisis
2012-04-19,0.0007089228864038,0.0005666386515904614,0.0006168677058841008,0.0002576418447785574,Irish sovereign debt crisis
2012-04-20,0.0007437076778707,0.0005783077303760521,0.0005815350550189149,0.00028076788645296395,Irish sovereign debt crisis
2012-04-23,0.0002931474871612,0.0007755992475650719,0.0007785995709193429,0.000761112057786,Irish sovereign debt crisis
2012-04-24,0.000398333743416,0.0007263682683892311,0.0007193194481383947,0.0005751022349,Irish sovereign debt crisis
2012-04-25,0.0002507225403228,0.0007717170520807428,0.000718858914516347,0.0007267093997850001,Irish sovereign debt crisis
2012-04-26,0.0002725433973812,0.0007366009014091172,0.0006597091596771025,0.0007089228864034999,Irish sovereign debt crisis
2012-04-27,0.0009704557636997,0.0007845199349195526,0.0006347636338074097,0.0007437076778705,Irish sovereign debt crisis
2012-04-30,0.0012640975723665,0.0006812310988116372,0.0006010582960038701,0.0002931474871612461,Irish sovereign debt crisis
2012-05-01,0.0011478634202651,0.0007468198976325216,0.0006026783651813391,0.0003983337434160069,Irish sovereign debt crisis
2012-05-02,0.0011751807497224,0.0006296261373188194,0.0005527319818380681,0.00025072254032287644,Irish sovereign debt crisis
2012-05-03,0.001198761660031,0.0006446738124694888,0.0005226410425438466,0.00027254339738122003,Irish sovereign debt crisis
2012-05-04,0.0009119810846565,0.0009480478538416788,0.0008703414966341985,0.0009704557636995,Irish sovereign debt crisis
2012-05-08,0.0005882045695545,0.0010354763238487324,0.0009627742759674075,0.0012640975723665,Irish sovereign debt crisis
2012-05-09,0.0005735681187179,0.0009110372293033539,0.0008818023903091419,0.001147863420265,Irish sovereign debt crisis
2012-05-10,0.0009080537928376,0.0009279689946940138,0.0008150555202880686,0.001175180749722,Irish sovereign debt crisis
2012-05-11,0.0008757686988345,0.0008667242742818971,0.0007609529224708854,0.001198761660031,Irish sovereign debt crisis
2012-05-14,0.000413752575891,0.0009533185973005961,0.0009462817517216784,0.0009119810846565,Irish sovereign debt crisis
2012-05-15,0.000756138926123,0.0007841825192520384,0.0008648967990635169,0.0005882045695545001,Irish sovereign debt crisis
2012-05-16,0.0010539459646037,0.0007396299874378421,0.0007897299124081646,0.0005735681187175,Irish sovereign debt crisis
2012-05-17,0.0007299628144712,0.0009546525260699204,0.0009101351403321971,0.0009080537928375001,Irish sovereign debt crisis
2012-05-18,0.000860475952484,0.0008813903857445436,0.0008410211082305242,0.0008757686988345,Irish sovereign debt crisis
2012-05-21,0.0008441064241306,0.0007987857917149578,0.0007778559946500531,0.00041375257589103,Irish sovereign debt crisis
2012-05-22,0.0006611190948097,0.0009587072906469331,0.0008565467127554058,0.0007561389261230001,Irish sovereign debt crisis
2012-05-23,0.0005253509606387,0.0010560423222404519,0.0009368054084611724,0.0010539459646035,Irish sovereign debt crisis
2012-05-24,0.0006646413487044,0.0008982330324260217,0.000869007330106657,0.000729962814471,Irish sovereign debt crisis
2012-05-25,0.0007693698673106,0.0009556568807187872,0.0008514770992749594,0.000860475952484,Irish sovereign debt crisis
2012-05-28,0.0010595073688372,0.0009049261122424894,0.0007811152311343044,0.0008441064241305,Irish sovereign debt crisis
2012-05-29,0.0014904919212658,0.0009235434872245908,0.0007785339551394401,0.0006611190948095,Irish sovereign debt crisis
2012-05-30,0.0013339532010698,0.0009067916815269091,0.0007985642098758468,0.0005253509606385,Irish sovereign debt crisis
2012-05-31,0.0011566845231512,0.0009681596550716712,0.0008264988031322618,0.000664641348704,Irish sovereign debt crisis
2012-06-01,0.0009093235411718,0.0010152205299341142,0.0008861070872178404,0.0007693698673105,Irish sovereign debt crisis
2012-06-05,0.0006243825123845,0.0011253539085203648,0.0009669866128081713,0.001059507368837,Irish sovereign debt crisis
2012-06-06,3.683155556567367e-05,0.0013050525679119483,0.00113921277771846,0.0014904919212655,Irish sovereign debt crisis
2012-06-07,6.219261672162817e-05,0.001079339523513067,0.0010383887922430272,0.0013339532010695,Irish sovereign debt crisis
2012-06-08,0.0004900037124654,0.0009924962519874474,0.0009468484967403658,0.001156684523151,Irish sovereign debt crisis
2012-06-11,0.0004876814444338,0.000951764531779527,0.0008666953000170837,0.0009093235411714999,Irish sovereign debt crisis
2012-06-12,0.0004953435137968,0.0009146177288683186,0.0008044102908692938,0.0006243825123845,Irish sovereign debt crisis
2012-06-13,0.000493502520335,0.0005841421755657135,0.000738643993476709,3.683155556567367e-05,Irish sovereign debt crisis
2012-06-14,0.0005136690396721,0.0005839089707144399,0.0006947018023400532,6.219261672162816e-05,Irish sovereign debt crisis
2012-06-15,0.0001239450151039,0.0008962555826341566,0.0008209317557456645,0.0004900037124654211,Irish sovereign debt crisis
2012-06-18,0.0001864735488288,0.0008397981344729442,0.0007494950387410015,0.00048768144443382384,Irish sovereign debt crisis
2012-06-19,0.0001668755537067,0.0008128692122849364,0.0006936866992874437,0.0004953435137968801,Irish sovereign debt crisis
2012-06-20,0.0003375823954895,0.0007902900767256992,0.0006371729848298909,0.0004935025203350309,Irish sovereign debt crisis
2012-06-21,0.0002911289506697,0.0008237185557641722,0.0006137424930955924,0.000513669039672,Irish sovereign debt crisis
2012-06-22,0.0008428790675883,0.0006190717053898853,0.0005879450850886803,0.00012394501510395577,Irish sovereign debt crisis
2012-06-25,0.0007959871026811,0.0006219572219534811,0.0005756273891504483,0.00018647354882888454,Irish sovereign debt crisis
2012-06-26,0.0008655180374289,0.000593492535994569,0.0005292750677699591,0.00016687555370671622,Irish sovereign debt crisis
2012-06-27,0.0007748661952643,0.0006854086550827552,0.0005560821866565663,0.0003375823954895608,Irish sovereign debt crisis
2012-06-28,0.0007716223015196,0.0006446430896518157,0.0005106104844852774,0.0002911289506697347,Irish sovereign debt crisis
2012-06-29,0.0003464757100013,0.0008848952677413363,0.0007274553291840751,0.000842879067588,Irish sovereign debt crisis
2012-07-02,0.0003303199086254,0.0008174625484182738,0.0006695342342940486,0.0007959871026809999,Irish sovereign debt crisis
2012-07-03,0.0002742690085633,0.0008193139009224644,0.0006417690531379134,0.0008655180374285,Irish sovereign debt crisis
2012-07-04,0.0001935675983431,0.0007716843770830427,0.0006187448818498611,0.000774866195264,Irish sovereign debt crisis
2012-07-05,0.0003305013483553,0.0006781441811666822,0.0005685954419932629,0.0007716223015195,Irish sovereign debt crisis
2012-07-06,0.0002393561578934,0.0005468416266730021,0.000612144504127984,0.00034647571000136744,Irish sovereign debt crisis
2012-07-09,0.0004044778677336,0.0005057875285689209,0.0005607298025740367,0.0003303199086254165,Irish sovereign debt crisis
2012-07-10,0.0003886265575766,0.0005194814133028131,0.0005205794168875601,0.000274269008563312,Irish sovereign debt crisis
2012-07-11,0.0003869830646088,0.0004804038028055315,0.00047785335920521536,0.00019356759834312,Irish sovereign debt crisis
2012-07-12,0.0002916138393047,0.0005680189025970873,0.0005145562934752678,0.00033050134835535175,Irish sovereign debt crisis
2012-07-13,0.0003130165285309,0.0005520193222899094,0.000501751385714783,0.00023935615789345648,Irish sovereign debt crisis
2012-07-16,0.0006882857985253,0.0006289373835424274,0.0005278017489082939,0.00040447786773364024,Irish sovereign debt crisis
2012-07-17,0.0010634134245058,0.000519200928761209,0.0004893127950343659,0.0003886265575766861,Irish sovereign debt crisis
2012-07-18,0.0010717550989607,0.0004936814564794416,0.0004500771851515816,0.00038698306460885714,Irish sovereign debt crisis
2012-07-19,0.0013777585884628,0.0005106345081266512,0.0004289454179473256,0.000291613839304701,Irish sovereign debt crisis
2012-07-20,0.0013432910498788,0.0005401736171538594,0.0004504429142071065,0.00031301652853095506,Irish sovereign debt crisis
2012-07-23,0.0010484287193964,0.0007271462325550258,0.0006886204465885924,0.000688285798525,Irish sovereign debt crisis
2012-07-24,0.0007362845517199,0.000848923974727357,0.0008257434308809273,0.0010634134245055,Irish sovereign debt crisis
2012-07-25,0.0007945624563195,0.0008064271405737346,0.0007606512583888495,0.0010717550989605,Irish sovereign debt crisis
2012-07-26,0.000447414262391,0.0009456841374645953,0.000843298059856981,0.0013777585884625,Irish sovereign debt crisis
2012-07-27,0.0004691188767637,0.0009028765733389697,0.0007936666182975954,0.0013432910498785,calm
2012-07-30,0.0003228535807582,0.0009323244599073206,0.0008272460423836188,0.001048428719396,calm
2012-07-31,0.0003127531155646,0.0007679068669014267,0.000794867647007665,0.0007362845517195,calm
2012-08-01,0.0002624626629627,0.0007869625301427582,0.0007646134720608681,0.0007945624563194999,calm
2012-08-02,0.0003492001485173,0.0006822960602718978,0.0006986255837051296,0.00044741426239100176,calm
2012-08-03,0.0002788899969679,0.0007153244707183876,0.0006719181889864739,0.000469118876763713,calm
2012-08-06,0.0002045677157609,0.0006951845188780047,0.0006532656626698822,0.0003228535807582863,calm
2012-08-07,0.0002424183977946,0.000668243881451472,0.0006321900543040619,0.0003127531155646091,calm
2012-08-08,0.0002699260582139,0.0006454953545249691,0.0005833675756088884,0.000262462662962721,calm
2012-08-09,0.0001833234183349,0.0006975837040965072,0.0005685009392082869,0.00034920014851734255,calm
2012-08-10,0.0002794745082384,0.0006656089829001768,0.0005256845157858194,0.0002788899969679114,calm
2012-08-13,0.0003096230134597,0.0006191780733342439,0.0004988829552706667,0.00020456771576091875,calm
2012-08-14,0.0003334395058998,0.0006469815398388498,0.0005121712813557182,0.00024241839779461547,calm
2012-08-15,0.0004385961739277,0.0006306555662724468,0.0004968530644289906,0.0002699260582139638,calm
2012-08-16,0.0004478343735593,0.0005760693911065413,0.0004587760650566569,0.00018332341833496814,calm
2012-08-17,0.0003569643018366,0.0006596506851239887,0.00046597212866810855,0.0002794745082384309,calm
2012-08-20,0.0003264742346053,0.0006673516052300569,0.000461104423266573,0.0003096230134597432,calm
2012-08-21,0.00021646268504,0.0006839136488448393,0.00047140710676022736,0.000333439505899834,calm
2012-08-22,6.79033870454461e-05,0.0006368696163078587,0.0005141657316380734,0.000438596173927768,calm
2012-08-23,0.0001024924856999,0.0005471083868522595,0.0004804567852218504,0.0004478343735593532,calm
2012-08-24,0.000172831891479,0.0005349922519898397,0.0004559277061745169,0.0003569643018366658,calm
2012-08-27,0.0001576401714347,0.0004612749756334877,0.0004270669628048132,0.0003264742346053323,calm
2012-08-28,0.0001691172631229,0.00041881521877472615,0.0004010208174712953,0.00021646268504001154,calm
2012-08-29,0.000200953957106,0.0002997557869950524,0.00037082811293685574,6.790338704544608e-05,calm
2012-08-30,0.0004299059755367,0.0003293220609082698,0.00036997307832251606,0.00010249248569990793,calm
2012-08-31,0.0004542147047941,0.0003639976479599104,0.00037686221850685334,0.00017283189147908394,calm
2012-09-03,0.0004448128346271,0.00035257157704485665,0.0003500144491837138,0.00015764017143475822,calm
2012-09-04,0.0004412084618384,0.00034557711982792304,0.0003379666860900999,0.00016911726312299034,calm
2012-09-05,0.0004089816681238,0.00034128354916983244,0.00032329092141449695,0.00020095395710605367,calm
2012-09-06,0.0001480482000817,0.00044422734447163953,0.00041456975300566893,0.0004299059755367503,calm
2012-09-07,0.0001850431107624,0.00046771587796202914,0.00042760544405893606,0.000454214704794158,calm
2012-09-10,0.0002278641014536,0.000417461800426096,0.00039378623217380067,0.00044481283462712256,calm
2012-09-11,0.0002273315953182,0.000437010242644108,0.00037552294277388445,0.00044120846183844786,calm
2012-09-12,0.0002447505991208,0.00040393247386205086,0.00034674178157470087,0.00040898166812388184,calm
2012-09-13,0.0003881870988887,0.000348462750448278,0.00032419572456041665,0.00014804820008176755,calm
2012-09-14,0.0002731637371707,0.0003923436494411836,0.00036186448522375076,0.00018504311076248265,calm
2012-09-17,0.0002498951169181,0.000408391945559069,0.00036041305432673784,0.00022786410145368778,calm
2012-09-18,0.0002616649641653,0.0003844432097387124,0.00034502799023467976,0.0002273315953182918,calm
2012-09-19,0.0004077040183686,0.00038051431357477073,0.0003240057743559584,0.0002447505991208026,calm
2012-09-20,0.0002517479086982,0.0004256756920446337,0.0003634642073132854,0.0003881870988887169,calm
2012-09-21,0.0002169535803751,0.0003731216423259373,0.0003486524633942764,0.00027316373717075075,calm
2012-09-24,0.0001973202796415,0.000367686148365999,0.0003357171229273865,0.0002498951169181789,calm
2012-09-25,0.0002062339422312,0.0003734264452252963,0.0003292699749186269,0.0002616649641653488,calm
2012-09-26,5.4859678406309656e-05,0.00043949366113741657,0.0003928975684685351,0.00040770401836862704,calm
2012-09-27,6.114831428430326e-05,0.0003874067031755647,0.00036229531660277064,0.0002517479086982604,calm
2012-09-28,0.0001834917999894,0.00038324150349090894,0.00033497678438591897,0.00021695358037518862,calm
2012-10-01,0.0003437499843109,0.0003557902785212939,0.000310046354732078,0.00019732027964156754,calm
2012-10-02,0.0003899354441098,0.0003685683061945007,0.0003003292126465758,0.00020623394223121672,calm
2012-10-03,0.0004424953702975,0.0002992430076446464,0.00028165823023744007,5.485967840630958e-05,calm
2012-10-04,0.0004424988535695,0.0003001867650447787,0.00026790959217975005,6.114831428430318e-05,calm
2012-10-05,0.0003256987311294,0.0003839697484814962,0.00029903433626027673,0.00018349179998948826,calm
2012-10-08,0.0001661955623728,0.0003959463503879015,0.0003639427922122995,0.00034374998431093004,calm
2012-10-09,0.0001470958756247,0.00039315637831870696,0.0003839277877441776,0.00038993544410981793,calm
2012-10-10,8.27922108549662e-05,0.0004155090418133448,0.00039185349683807454,0.00044249537029758795,calm
2012-10-11,8.554638577504965e-05,0.0004041410529131095,0.00036759818624726735,0.000442498853569544,calm
2012-10-12,0.000124387450451,0.00038862986439537855,0.0003413869468121014,0.00032569873112943247,calm
2012-10-15,0.0001245638402211,0.0003406245772996089,0.00031567965638058045,0.00016619556237289123,calm
2012-10-16,0.0002564331512126,0.00033080561030991517,0.00031652408020423436,0.00014709587562471203,calm
2012-10-17,0.0002934102723107,0.0002806032869430337,0.00029321953161242086,8.27922108549661e-05,calm
2012-10-18,0.0003614294052162,0.00028974445713124923,0.0002800612302195176,8.554638577504956e-05,calm
2012-10-19,0.0003140961477966,0.0003175291571746941,0.000288902703114158,0.00012438745045103942,calm
2012-10-22,0.0003334666817909,0.0002735429505079134,0.0002699449726308173,0.0001245638402211498,calm
2012-10-23,0.0002178914911474,0.0003596228379459115,0.00035603837776983704,0.00025643315121262866,calm
2012-10-24,0.0001865405727724,0.00036505256745857805,0.00034166168332058143,0.00029341027231078164,calm
2012-10-25,0.0002148343435459,0.00039133908043801247,0.00034552658048521006,0.00036142940521622,calm
2012-10-26,0.0003019596130984,0.0003255513158844853,0.0003194748858792835,0.0003140961477966787,calm
2012-10-29,0.0004307852386852,0.00034696110185334977,0.00030970014280801535,0.0003334666817909182,calm
2012-10-30,0.0003740523964113,0.00034807105627085677,0.00031795504053839575,0.00021789149114749982,calm
2012-10-31,0.0005794814351255,0.00033259842218345245,0.00029982035677069443,0.0001865405727724368,calm
2012-11-01,0.0005610995693891,0.0003650298996888605,0.0003197063042489555,0.0002148343435459732,calm
2012-11-02,0.0004749660926693,0.0004008086028958731,0.0003295472056660226,0.0003019596130984134,calm
2012-11-05,0.0003876920140635,0.0004588340708035424,0.0003650182885785714,0.0004307852386852723,calm
2012-11-06,0.0004125093688348,0.0004181581617027141,0.00034481035106631347,0.00037405239641139345,calm
2012-11-07,0.0005226649017345,0.00046903482155172363,0.00043098132708159476,0.0005794814351254999,calm
2012-11-08,0.0005757178846815,0.00046366419695605745,0.0004465988417118898,0.000561099569389,calm
2012-11-09,0.0006030145164916,0.000418941607208607,0.00041088562611433084,0.000474966092669319,calm
2012-11-12,0.0007109929824512,0.00043505074205937573,0.0004147882717499173,0.0003876920140635002,calm
2012-11-13,0.000696062280323,0.0004475976506152505,0.000399726132417723,0.00041250936883486296,calm
2012-11-14,0.0003761313341145,0.0005481821886429611,0.0005353215862416752,0.0005226649017344999,calm
2012-11-15,0.0002425972027641,0.0005689556126072268,0.0005680508248778818,0.0005757178846814999,calm
2012-11-16,0.0002269321910218,0.0005701351189243323,0.0005391491860889364,0.0006030145164915,calm
2012-11-19,7.290394860339657e-05,0.0006315830006370574,0.0005636577571394572,0.0007109929824509999,calm
2012-11-20,4.2512536457028304e-05,0.0006167097135553643,0.0005283722395130069,0.0006960622803230001,calm
2012-11-21,5.320707982986218e-05,0.0005457768206105015,0.00048490589537322765,0.00037613133411450986,calm
2012-11-22,0.0001391541079705,0.000482807530549977,0.00044714876544644236,0.00024259720276410262,calm
2012-11-23,0.0001362649335384,0.00047577563651887917,0.0004147541511351313,0.0002269321910218071,calm
2012-11-26,0.0001206245459835,0.00039188472997326717,0.000393326722263726,7.290394860339657e-05,calm
2012-11-27,0.00011846973686,0.00035727189658153025,0.00036328195682905053,4.2512536457028304e-05,calm
2012-11-28,0.0001301100036268,0.00037223698077575306,0.0003386876379767721,5.3207079829862183e-05,calm
2012-11-29,0.000184002727545,0.0004409904059970313,0.0003493510252586459,0.000139154107970593,calm
2012-11-30,0.0001788915636891,0.0004306154331741848,0.00033072471357382824,0.00013626493353849828,calm
2012-12-03,0.0001933946538845,0.0003892916580066706,0.0003069878537557385,0.0001206245459835331,calm
2012-12-04,0.0002302423037317,0.0003810261943931356,0.0002871564211694515,0.00011846973686003136,calm
2012-12-05,0.0002220218139895,0.0003721406741597531,0.00027410831941188806,0.0001301100036268813,calm
2012-12-06,9.133621616253546e-05,0.00042432117984250397,0.0003141387241541487,0.00018400272754506817,calm
2012-12-07,8.648027661592661e-05,0.00036730373368731503,0.0002918447092075056,0.00017889156368918133,calm
2012-12-10,9.13673324173469e-05,0.00036023287058587286,0.00028147993050482294,0.00019339465388454932,calm
2012-12-11,8.899918860776257e-05,0.0003816290073584712,0.0002748218358278611,0.00023024230373179004,calm
2012-12-12,0.0003367199120987,0.0003661558263521562,0.0002666892298213734,0.00022202181398959175,calm
2012-12-13,0.0003265814053877,0.0003144643490981376,0.00025993726742631695,9.133621616253546e-05,calm
2012-12-14,0.0003320631706541,0.00023507474827373382,0.00024271807970441337,8.648027661592661e-05,calm
2012-12-17,0.0003313896438475,0.0002229780367124162,0.00023984004019205526,9.13673324173469e-05,calm
2012-12-18,0.0002954690741908,0.00022527881661214597,0.00023620528791420964,8.899918860776258e-05,calm
2012-12-19,4.092384584972222e-05,0.00030625523344743344,0.00033084864437611276,0.0003367199120987482,calm
2012-12-20,0.0001152313637682,0.0002865882179760421,0.00030747765277009786,0.0003265814053877834,calm
2012-12-21,0.0004115047535221,0.000287786715494393,0.00029004382325642676,0.0003320631706541401,calm
2012-12-24,0.0004335554206323,0.0002942232076072339,0.0002822704700806782,0.00033138964384754426,calm
2012-12-27,0.0004626613669208,0.00027640790978209227,0.00026220718591430975,0.0002954690741908538,calm
2012-12-28,0.0004541868184715,0.00020975754457368972,0.0002512335592635448,4.0923845849722215e-05,calm
2012-12-31,0.0003899610747156,0.00026781753499271056,0.00026488409522243617,0.00011523136376825188,calm
2013-01-02,9.638218024261162e-05,0.0003902643315427241,0.0003623503413604003,0.0004115047535221054,calm
2013-01-03,5.683062286946977e-05,0.0003728990136607641,0.0003494813102408927,0.00043355542063230456,calm
2013-01-04,5.515122722864019e-05,0.0003798494309316964,0.0003336329096741671,0.00046266136692082896,calm
2013-01-07,7.999759547689545e-05,0.0003652170610587888,0.0003102614404491071,0.000454186818471598,calm
2013-01-08,7.51276176840341e-05,0.00037313150412007144,0.000293387807234709,0.0003899610747156215,calm
2013-01-09,7.4913522889864e-05,0.00030572967596562367,0.00027969762391622844,9.63821802426116e-05,calm
2013-01-10,0.0001279273275283,0.00025356959197690937,0.00026302910808450024,5.6830622869469784e-05,calm
2013-01-11,0.0001049093788751,0.00026396986953333235,0.00026239839690601034,5.5151227228640175e-05,calm
2013-01-14,7.986490346924391e-05,0.0002790087832131018,0.0002604669320501427,7.999759547689545e-05,calm
2013-01-15,7.552198280594138e-05,0.0002694115464827983,0.00025172567907178573,7.512761768403412e-05,calm
2013-01-16,7.315822203776401e-05,0.00026678892438601674,0.00023727443300466006,7.4913522889864e-05,calm
2013-01-17,0.0002296292804783,0.0002993646350764018,0.00024059029033824295,0.00012792732752833845,calm
2013-01-18,0.0002674684138723,0.0002864442506476823,0.00022972479735173525,0.00010490937887518128,calm
2013-01-21,0.0002673051226951,0.00026576869595317106,0.00021651289563924233,7.986490346924391e-05,calm
2013-01-22,0.000259886372153,0.0002657691062327807,0.00020506156924593474,7.552198280594136e-05,calm
2013-01-23,0.0002588673172063,0.0002098454000710532,0.0001977586797522525,7.315822203776401e-05,calm
2013-01-24,4.8217488662275774e-05,0.00030379323383246447,0.00026639364404613806,0.0002296292804783056,calm
2013-01-25,6.084662347421663e-05,0.0003145454976456957,0.0002627599916755942,0.00026746841387239223,calm
2013-01-28,0.0001293360709001,0.0002944333346071571,0.00024579636738078774,0.000267305122695141,calm
2013-01-29,0.0001434472073256,0.0002936146473060731,0.00023033277586006066,0.0002598863721530103,calm
2013-01-30,0.0001529670165168,0.00030131062416584114,0.00022016844806715255,0.0002588673172063292,calm
2013-01-31,0.0002831892989287,0.00022069039137934533,0.00020780144974801243,4.821748866227578e-05,calm
2013-02-01,0.0004156916478918,0.00018451226134064494,0.0002141271590137463,6.0846623474216644e-05,calm
2013-02-04,0.0004053001541491,0.00021104120408225053,0.00023759395181853206,0.00012933607090016017,calm
2013-02-05,0.0005658044876436,0.00020694696290935924,0.00023214970468340464,0.00014344720732569562,calm
2013-02-06,0.0007873428650754,0.00021218354680842827,0.00022714536298357987,0.00015296701651680913,calm
2013-02-07,0.0006570779025698,0.0002659005104432601,0.0002609587653481016,0.00028318929892871846,calm
2013-02-08,0.0004906767890071,0.0003295015631553723,0.000314716234150643,0.00041569164789185186,calm
2013-02-11,0.0004328085180834,0.0003395441976697187,0.00032425206131791605,0.0004053001541491466,calm
2013-02-12,0.0002979497511176,0.0003969195729880863,0.0003670645127464157,0.0005658044876435,calm
2013-02-13,6.821119762422253e-05,0.00047087328899401884,0.00043063114674956503,0.000787342865075,calm
2013-02-14,0.0003098080447386,0.0004295369417349819,0.00039946170299028403,0.0006570779025695001,calm
2013-02-15,0.0006668971573082,0.00043353951828137445,0.00038340468581567915,0.0004906767890071832,calm
2013-02-18,0.0006814343244658,0.00039892143947993237,0.00035561670275486093,0.0004328085180834919,calm
2013-02-19,0.0006831728173945,0.00040420722624329836,0.0003429431769110527,0.0002979497511176606,calm
2013-02-20,0.0006861159392969,0.0003287061155395439,0.0003235307569310279,6.821119762422253e-05,calm
2013-02-21,0.0005325158829203,0.0004662761601585501,0.00041728814440226795,0.00030980804473867274,calm
2013-02-22,0.000155904114125,0.0006041469214087529,0.0005346921007512634,0.000666897157308,calm
2013-02-25,0.0003027068987425,0.0005445432856791516,0.0004971899398404895,0.0006814343244655001,calm
2013-02-26,0.0006291203817616,0.0005495907021296989,0.00047254427505067243,0.0006831728173945,calm
2013-02-27,0.000847547299802,0.0005441970237501446,0.00044326300559479617,0.0006861159392965001,calm
2013-02-28,0.0007596241180539,0.0005570678209674231,0.00044120200315404877,0.00053251588292,calm
2013-03-01,0.000758104457635,0.0004580440371769488,0.000408364355858967,0.0001559041141250878,calm
2013-03-04,0.0006299223067259,0.0005524216072667193,0.0004384491856643351,0.0003027068987425083,calm
2013-03-05,0.0002837859312008,0.0006800251221101379,0.0005496168997678067,0.0006291203817615,calm
2013-03-06,5.97512484615468e-05,0.0007383428120179093,0.0006166350665601983,0.000847547299802,calm
2013-03-07,0.0002485917587619,0.0006831244941529573,0.0005680728364265309,0.0007596241180534999,calm
2013-03-08,0.000513040789814,0.0006832985722427563,0.0005249598442438091,0.000758104457635,calm
2013-03-11,0.0006965911609705,0.0006724562594777761,0.0004948527182689386,0.0006299223067255,calm
2013-03-12,0.0007354146934046,0.0005725177777903052,0.00046329233063205615,0.00028378593120082505,calm
2013-03-13,0.0008105136827405,0.00045075857288704704,0.00043153313678499485,5.9751248461546806e-05,calm
2013-03-14,0.0007248781838493,0.0005661865925381252,0.00047056397957463594,0.00024859175876198276,calm
2013-03-15,0.0004620953206145,0.0006304528370036202,0.000561727874030463,0.000513040789814,calm
2013-03-18,0.000247796566304,0.0007014676681623283,0.0006004055003363701,0.0006965911609705,calm
2013-03-19,0.0001918032623869,0.0007065004899526581,0.000573747459741128,0.0007354146934045,calm
2013-03-20,0.0001204073051985,0.0007337218018376923,0.0005562464570014162,0.0008105136827405,calm
2013-03-21,0.0001484640510648,0.0007381261269224359,0.0005656821238813749,0.0007248781838489999,calm
2013-03-22,0.0002727268304969,0.0006712587052746197,0.0005240666406272472,0.0004620953206145518,calm
2013-03-25,0.0003973931992298,0.0005779091000464342,0.0004839758812360428,0.0002477965663040612,calm
2013-03-26,0.0005314826041275,0.0004948837762829707,0.00045126830274935266,0.00019180326238699093,calm
2013-03-27,0.0012387126419875,0.00046597202320282875,0.000422805524907688,0.00012040730519851552,calm
2013-03-28,0.0011168987882509,0.0005082516394823861,0.00043960843369191693,0.00014846405106484724,calm
2013-04-02,0.0010310739263352,0.0005728523019426579,0.00045288869620310426,0.00027272683049697234,calm
2013-04-03,0.0012564372434343,0.0006096561862167321,0.0004826681968885252,0.0003973931992298726,calm
2013-04-04,0.001149113759202,0.0006620353784416256,0.0005150781154899292,0.0005314826041275,calm
2013-04-05,0.0005178934105563,0.0008747175971248121,0.0008034253209407012,0.0012387126419875,calm
2013-04-08,0.0005354839806727,0.0007542701032043835,0.0007451285155223025,0.0011168987882504999,calm
2013-04-09,0.0005091578665666,0.0007154930192124062,0.000698017463685171,0.001031073926335,calm
2013-04-10,0.0002492226022926,0.00082853688152448,0.0007798017250168554,0.001256437243434,calm
2013-04-11,0.0002279876732211,0.0008076613176063987,0.000726262077902601,0.0011491137592019999,calm
2013-04-12,0.0001606951995693,0.0007438628315651982,0.0007109221201818267,0.0005178934105560001,calm
2013-04-15,0.0001577334239933,0.0007406118134493272,0.0006700422551628006,0.0005354839806725,calm
2013-04-16,0.0008173739802513,0.0007334932623675297,0.0006260915267153447,0.0005091578665665,calm
2013-04-17,0.0007530991452353,0.0006627070265748309,0.0006243084212696142,0.0002492226022926977,calm
2013-04-18,0.0007466717474978,0.0005976715170707392,0.0005822589455638646,0.00022798767322113763,calm
2013-04-19,0.0008402042903489,0.0005386273194674605,0.0005407963870065576,0.0001606951995693318,calm
2013-04-22,0.0008465842249363,0.0005331248656746518,0.0005060072675928553,0.0001577334239933619,calm
2013-04-23,0.0002130607999026,0.0008096676325142291,0.0007374751435154236,0.000817373980251,calm
2013-04-24,0.0001882362769579,0.0007631827631287839,0.0006948480425277593,0.0007530991452349999,calm
2013-04-25,0.0002243284809851,0.0007488603908315608,0.0006427995487262672,0.0007466717474975,calm
2013-04-26,0.0002817756386976,0.0008059875252803105,0.0006472053235707779,0.0008402042903485,calm
2013-04-29,0.0003492428946389,0.0008027542012483739,0.0006052113153529815,0.000846584224936,calm
2013-04-30,0.0003304874979315,0.0006777003827498388,0.0005802375657796536,0.00021306079990268684,calm
2013-05-01,0.0003392828889843,0.0006316586754754781,0.0005353587025350595,0.0001882362769579828,calm
2013-05-02,0.0003182941905322,0.0006454260568308568,0.0005066841171769387,0.000224328480985193,calm
2013-05-03,0.0001525542397779,0.0006807814040866132,0.0005300138359432099,0.0002817756386976838,calm
2013-05-07,5.709596722692662e-05,0.0006892453889230255,0.0005241253408382609,0.000349242894638932,calm
2013-05-08,0.0001105300696319,0.0005434849459504677,0.0004970096942649818,0.00033048749793155327,calm
2013-05-09,0.0001080528738851,0.0005431959107692437,0.0004675384105077506,0.0003392828889843374,calm
2013-05-10,9.236463220960396e-05,0.0005364205139800683,0.0004373892297975275,0.0003182941905322413,calm
2013-05-13,0.0003039787330154,0.0004107820915945845,0.0004047648969180753,0.00015255423977799572,calm
2013-05-14,0.000301795936301,0.0003599540085646808,0.00037530783273053466,5.7095967226926584e-05,calm
2013-05-15,0.0002310809243336,0.00040288032844528274,0.00037421475309358494,0.00011053006963191075,calm
2013-05-16,0.0002684870115341,0.0003912143041483001,0.00035433835433935614,0.00010805287388516714,calm
2013-05-17,0.0002668011787067,0.0003774047657951078,0.0003294780154315304,9.236463220960392e-05,calm
2013-05-20,0.0001220191528881,0.0004837370819475085,0.0003870421606091669,0.0003039787330154139,calm
2013-05-21,0.0001632851860043,0.00045626222024877904,0.0003601178491783668,0.00030179593630103003,calm
2013-05-22,0.0004608095985228,0.00044631888280007904,0.00033500596979654297,0.00023108092433360569,calm
2013-05-23,0.0004156208045344,0.000469902877155551,0.0003375502272462345,0.0002684870115341525,calm
2013-05-24,0.0004637046761097,0.00031090707495899075,0.0003138792933055262,0.0002668011787067237,calm
2013-05-27,0.0004186308168033,0.00029899218253027425,0.00031544988996634545,0.00012201915288818045,calm
2013-05-28,0.0004908871726803,0.00031766435225295147,0.0003070798361619131,0.0001632851860043893,calm
2013-05-29,0.0004061298102383,0.0004187131000352702,0.00042953103137753396,0.0004608095985228156,calm
2013-05-30,0.000569716648023,0.0003885283124963305,0.00039777479172116144,0.0004156208045344473,calm
2013-05-31,0.0005362282214896,0.00040755399741845773,0.00039578479585673017,0.0004637046761097837,calm
2013-06-04,0.0007361426164601,0.00040376877806928705,0.0003733337515175844,0.0004186308168033682,calm
2013-06-05,0.0006682381819695,0.00043634693959167465,0.0004040149622734008,0.000490887172680351,calm
2013-06-06,0.0004543618381367,0.0004400084445249722,0.0004793673973602989,0.000406129810238365,calm
2013-06-07,0.0004046405031937,0.0004750720212756933,0.0005048000012630706,0.000569716648023,calm
2013-06-10,0.0003887983109055,0.0004601285916212296,0.0004765593883419645,0.0005362282214895001,calm
2013-06-11,0.0001770135895706,0.0005422933974324948,0.0005479459561091842,0.00073614261646,calm
2013-06-12,0.0001409276088472,0.0005341431749896568,0.0005308987938302917,0.0006682381819695,calm
2013-06-13,0.0003204278987907,0.0004962965793216635,0.0004930988931222933,0.0004543618381367724,calm
2013-06-14,0.0002069885053943,0.0005294586145820139,0.0004975416963388,0.00040464050319375744,calm
2013-06-17,0.0008845072705451,0.00048454095271967094,0.000459586655317358,0.0003887983109055115,calm
2013-06-18,0.0012701480244971,0.00045111283451513537,0.00042747390536464734,0.0001770135895706572,calm
2013-06-19,0.0015511898559941,0.00043886406844748603,0.00039799531105529247,0.00014092760884721424,calm
2013-06-20,0.0014308067909243,0.0004953668287375561,0.0004581731274899052,0.0003204278987907417,calm
2013-06-21,0.0014299403332593,0.00045067600246175645,0.00042648782330630884,0.00020698850539436976,calm
2013-06-24,0.0009833734862114,0.0007290033742136792,0.0007065573278102478,0.000884507270545,calm
2013-06-25,0.0005872609929104,0.0008392471802785687,0.00080550465167216,0.001270148024497,calm
2013-06-26,0.0003662450638355,0.0009235026077019061,0.0008525345268618599,0.0015511898559939998,calm
2013-06-27,0.0007178787763682,0.0008998715655685682,0.0008040412740245733,0.001430806790924,calm
2013-06-28,0.0010073452805666,0.0008631412688605598,0.0007388402696530271,0.001429940333259,calm
2013-07-01,0.0008033245801035,0.0008442258717841219,0.0007674877964106517,0.000983373486211,calm
2013-07-02,0.000854772813319,0.0007445901211016384,0.0007064600246882701,0.00058726099291,calm
2013-07-03,0.0007922512564706,0.0007373661281724265,0.00068678870670356,0.00036624506383559617,calm
2013-07-04,0.0003783574364765,0.0008954323811616747,0.0007947032286809305,0.000717878776368,calm
2013-07-05,0.0001038742108139,0.0009683789388334556,0.0008689120050164149,0.0010073452805665,calm
2013-07-08,7.716156867444636e-05,0.0008839272214761463,0.0008059056577164498,0.0008033245801035,calm
2013-07-09,0.0002463033679098,0.0008740760560099059,0.0007575604013882431,0.000854772813319,calm
2013-07-10,0.0002559930081014,0.0008488072488143173,0.0007021587947650884,0.0007922512564705,calm
2013-07-11,0.0006729630287398,0.0007066858014006756,0.0006466706559578308,0.00037835743647651434,calm
2013-07-12,0.0006725916470498,0.0006179913720105457,0.0005998398031586033,0.00010387421081397365,calm
2013-07-15,0.0006764129176834,0.0005760932532673938,0.0005527413090614969,7.716156867444647e-05,calm
2013-07-16,0.0004942418706203,0.0007258749646559269,0.0006165801723441934,0.0002463033679098318,calm
2013-07-17,0.0007668899705585,0.000715623622828042,0.0005725940247678319,0.0002559930081014429,calm
2013-07-18,0.0003525925849655,0.0009143140227889795,0.0006919489164526252,0.0006729630287395,calm
2013-07-19,0.0004505496872362,0.0008887953051405312,0.0006471825366613381,0.0006725916470495,calm
2013-07-22,0.0004489315636007,0.0008460852181506456,0.0005997043967513668,0.000676412917683,calm
2013-07-23,0.000412606555447,0.0008349520623467352,0.0005744239774915373,0.000494241870620365,calm
2013-07-24,0.0001616194524139,0.0008238297623947481,0.0006415561312507563,0.0007668899705585,calm
2013-07-25,0.0004205094495402,0.0006431482845788106,0.0005910060565565866,0.00035259258496550923,calm
2013-07-26,0.0003619261623008,0.0006520297501005745,0.0006024329342196054,0.0004505496872362992,calm
2013-07-29,0.0003614863339683,0.0006184147022754312,0.0005579178654360812,0.0004489315636007621,calm
2013-07-30,0.0003602653225555,0.0006111674419522174,0.000514755252033191,0.00041260655544705027,calm
2013-07-31,0.0003407353737843,0.0005205606960426298,0.00048756116592834904,0.000161619452413953,calm
2013-08-01,0.0001868922277619,0.0006530773155869673,0.0005509331195110258,0.00042050944954025724,calm
2013-08-02,0.0002048399821409,0.0006286659933867706,0.0005268212342599495,0.00036192616230089526,calm
2013-08-05,0.0002454710401465,0.0005313191040711982,0.00048639998328226284,0.0003614863339683795,calm
2013-08-06,0.0002632496937528,0.000469541865200636,0.0004511698913613392,0.00036026532255556507,calm
2013-08-07,0.000244981863597,0.0004762050409450526,0.00042941292187194423,0.00034073537378430293,calm
2013-08-08,0.0003738852550325,0.0004582875052118601,0.00043626272208453754,0.0001868922277619773,calm
2013-08-09,0.0003153022829576,0.00047523144760959517,0.0004292291508843756,0.00020483998214092052,calm
2013-08-12,0.0003228092840896,0.0004927045346504097,0.00042116998111201774,0.00024547104014653907,calm
2013-08-13,0.0003571605799254,0.000493978468624714,0.0003951797428706159,0.00026324969375281183,calm
2013-08-14,0.0003592783356609,0.00047731902328002193,0.0003663308290006796,0.0002449818635970679,calm
2013-08-15,0.0001789021022383,0.0005326795953207614,0.00045396780575916723,0.00037388525503254696,calm
2013-08-16,0.0001660425800625,0.0005076151013024956,0.00042974379161374375,0.0003153022829576466,calm
2013-08-19,0.0001155642671869,0.0004370792320132749,0.0004143993268929581,0.0003228092840896706,calm
2013-08-20,0.000492684899019,0.0004513087563276025,0.0004127261658004504,0.0003571605799254778,calm
2013-08-21,0.0005212322679985,0.00044011084980277574,0.00038267039149772735,0.0003592783356609105,calm
2013-08-22,0.0008357698600742,0.00041587718869400453,0.00037375935196064497,0.0001789021022383129,calm
2013-08-23,0.0008346171334317,0.0003425931727716897,0.0003469819298837332,0.00016604258006259424,calm
2013-08-26,0.0010269665219171,0.0003105007513684499,0.00032283419142948525,0.00011556426718692603,calm
2013-08-27,0.0006164710948506,0.0004896000830622506,0.0005017499360429889,0.000492684899019088,calm
2013-08-28,0.000840767676754,0.000488255083838909,0.00048175983357868894,0.0005212322679985,calm
2013-08-29,0.0006321798935262,0.0006193789642531348,0.0005902441742084489,0.000835769860074,calm
2013-08-30,0.0006359677106594,0.0005793839662702412,0.0005457099937166233,0.0008346171334315001,calm
2013-09-02,0.0004437526950245,0.0006068324167050025,0.0005758433517844807,0.0010269665219169999,calm
2013-09-03,0.0005201769610815,0.0005481338106660175,0.0005432662193465526,0.0006164710948505,calm
2013-09-04,0.000271974087942,0.0006432132162499544,0.0006239432418190038,0.000840767676754,calm
2013-09-05,0.0001249887252549,0.0006518943934100229,0.0006350751648831082,0.000632179893526,calm
2013-09-06,0.00016197884929,0.0006289769503460828,0.0005856113530038878,0.000635967710659,calm
2013-09-09,0.0004181905364647,0.0005601751407838173,0.0005404697970639765,0.00044375269502454687,calm
2013-09-10,0.0003217608083921,0.0006117174363421305,0.0005329458593968028,0.0005201769610815,calm
2013-09-11,0.0003148059783589,0.0005427503691281721,0.0004977358852987152,0.0002719740879420014,calm
2013-09-12,0.0003220486545489,0.0004926608747793706,0.0004696893469446531,0.0001249887252549704,calm
2013-09-13,0.0003177592573688,0.000521650553002506,0.0004575462981579098,0.00016197884929009492,calm
2013-09-16,6.881501858473119e-05,0.0006043192559817125,0.0005214083844066055,0.0004181905364647702,calm
2013-09-17,8.751810759632341e-05,0.0005362486595668741,0.00048180484184014817,0.0003217608083921085,calm
2013-09-18,8.649713707964986e-05,0.0005413963075651958,0.000446772490788058,0.00031480597835890293,calm
2013-09-19,7.547103698038477e-05,0.0005525677877950638,0.0004197315497293852,0.0003220486545489667,calm
2013-09-20,5.55790469665784e-05,0.0005609526633774194,0.0004099356692817307,0.0003177592573688007,calm
2013-09-23,4.850857018543638e-05,0.00044477475931319803,0.00038536661356965423,6.88150185847313e-05,calm
2013-09-24,0.0001393979270186,0.000465589189685883,0.00036245534864662695,8.75181075963235e-05,calm
2013-09-25,0.0001422599016628,0.0004339078695769091,0.0003368249550755326,8.649713707964995e-05,calm
2013-09-26,0.0001428296710998,0.00038453391348100557,0.00032109473020525565,7.54710369803849e-05,calm
2013-09-27,0.0001419821652101,0.0003685665828390805,0.00031006549246961483,5.5579046966578526e-05,calm
2013-09-30,0.0001442149657274,0.00028788708484120466,0.0002897181482651688,4.8508570185436494e-05,calm
2013-10-01,0.0001646052576923,0.0003707002414854556,0.00030970013812888376,0.00013939792701860465,calm
2013-10-02,0.0002034646816714,0.0003212235573316001,0.00029131704520455156,0.0001422599016628046,calm
2013-10-03,0.000447715514341,0.00032402041320996435,0.0002799502054822327,0.00014282967109985654,calm
2013-10-04,0.0004361674587746,0.00027251757581462076,0.0002658320759958704,0.00014198216521011303,calm
2013-10-07,0.0004482384636506,0.00023159794624732954,0.0002511674570398447,0.0001442149657274366,calm
2013-10-08,0.0004657990514738,0.0002748052832390308,0.0003001090790785949,0.00016460525769233447,calm
2013-10-09,0.0004856180811608,0.0002896160173727779,0.00030293961122681423,0.00020346468167148834,calm
2013-10-10,0.0002294248788605,0.0003684285662079497,0.00038060452640300576,0.00044771551434103786,calm
2013-10-11,0.0003005370187809,0.00035382019041447864,0.00035749367975492435,0.0004361674587746025,calm
2013-10-14,0.0002897706730352,0.0003581395955798883,0.000335689392550269,0.0004482384636506022,calm
2013-10-15,0.0001465372588728,0.00039430473875354277,0.00036660541017972096,0.0004657990514738516,calm
2013-10-16,0.0001097123830665,0.0003435502887135517,0.00036107217007683075,0.0004856180811608156,calm
2013-10-17,0.0001224539460575,0.0002959926009543366,0.00033604843262613444,0.00022942487886055938,calm
2013-10-18,7.345254072543887e-05,0.0003418367079005691,0.00033899315081528084,0.0003005370187809784,calm
2013-10-21,7.127642511276828e-05,0.00032665586168190185,0.00031563171198155615,0.00028977067303529477,calm
2013-10-22,6.693945419946847e-05,0.0002919073796125706,0.00029766138023209956,0.00014653725887286235,calm
2013-10-23,9.364822164175742e-05,0.00028925867113257375,0.00029225902679508043,0.00010971238306658733,calm
2013-10-24,0.0002073518668228,0.00029047853879734695,0.0002812382011317022,0.00012245394605752715,calm
2013-10-25,0.0001891903311919,0.00027912895470547577,0.00027872331652403293,7.345254072543895e-05,calm
2013-10-28,0.0002258176086885,0.00026912144820994744,0.00026230587974375436,7.127642511276838e-05,calm
2013-10-29,0.0002784218359709,0.0002520445364999669,0.00024571331067607465,6.693945419946855e-05,calm
2013-10-30,0.0002772771901769,0.00029461453275101405,0.00024711952785148997,9.36482216417575e-05,calm
2013-10-31,0.0001506081604946,0.000333472203693958,0.0002776225180793509,0.00020735186682285876,calm
2013-11-01,0.0001453462138857,0.0003231895355775283,0.00026594724754897426,0.0001891903311919911,calm
2013-11-04,0.0001697382370573,0.0003410061543005208,0.0002701585128005734,0.00022581760868854226,calm
2013-11-05,0.0001552172868948,0.00035979207631918567,0.00026983585379720655,0.00027842183597097576,calm
2013-11-06,0.0001507928883443,0.00037043991630294554,0.0002686619438117392,0.0002772771901769323,calm
2013-11-07,0.0001729894148119,0.0002905237721669277,0.0002514607227807847,0.00015060816049460845,calm
2013-11-08,0.0001752235131477,0.00029748357245225343,0.00023595476421667198,0.00014534621388572063,calm
2013-11-11,0.0001376096981787,0.0002661197870542253,0.0002425141539926955,0.00016973823705739575,calm
2013-11-12,0.0001886801303344,0.0002695311669385235,0.00023924058605198731,0.00015521728689483788,calm
2013-11-13,0.0001657041706499,0.0002762244368013658,0.0002495116000134842,0.0001507928883443424,calm
2013-11-14,0.0001446316850175,0.0002493612652126053,0.00023989948872886363,0.00017298941481194,calm
2013-11-15,0.0001436525463745,0.0002333730426292586,0.00022986826405011794,0.0001752235131477056,calm
2013-11-18,0.0001452396808593,0.00023502300596691934,0.00023070583519038248,0.00013760969817873335,calm
2013-11-19,5.734328916217092e-05,0.00025097468193659226,0.0002624042342313758,0.00018868013033441277,calm
2013-11-20,6.501567679650763e-05,0.0002483532193782962,0.0002518804721996064,0.00016570417064993393,calm
2013-11-21,9.841537535978992e-05,0.00023660397911582558,0.00023742150710446964,0.00014463168501757328,calm
2013-11-22,9.311449952717635e-05,0.00023519777409258927,0.00022348480363164848,0.0001436525463745093,calm
2013-11-25,6.905692085169546e-05,0.00024233257918817664,0.00021777588482794238,0.0001452396808593016,calm
2013-11-26,0.0005383431945096,0.00020325763095465938,0.00020646691704812522,5.7343289162171004e-05,calm
2013-11-27,0.0005559173819104,0.000219012214955795,0.00020365603189358402,6.501567679650771e-05,calm
2013-11-28,0.0005569094706871,0.00023931193644142912,0.00020253773534214904,9.841537535979002e-05,calm
2013-11-29,0.0006359167543002,0.0002134059195118034,0.00019140432397906542,9.311449952717645e-05,calm
2013-12-02,0.0006521590031737,0.00018476881295773046,0.00018341422938001118,6.905692085169553e-05,calm
2013-12-03,0.0001821656430871,0.000384536679980743,0.0003926793324630943,0.0005383431945095,calm
2013-12-04,0.000182695896661,0.0003807076335462191,0.0003903808240667292,0.00055591738191,calm
2013-12-05,0.0002427384632151,0.0003753397158933495,0.0003821184781245968,0.000556909470687,calm
2013-12-06,0.0001638599122716,0.00039228861060255893,0.0003819383189052861,0.0006359167543,calm
2013-12-09,0.0002346019614916,0.0003933493685445506,0.0003593794480268218,0.0006521590031735,calm
2013-12-10,0.0002895780875849,0.0003217139275496188,0.00033370968621676246,0.00018216564308714894,calm
2013-12-11,0.0002631482154669,0.0003321190436901659,0.0003369230069189323,0.00018269589666104443,calm
2013-12-12,0.0003133031042309,0.0003600144664249426,0.00036216119159526787,0.00024273846321513248,calm
2013-12-13,0.0004422039154644,0.000313775709896465,0.0003369998883056603,0.0001638599122716835,calm
2013-12-16,0.000352911005352,0.0003631261253769589,0.0003449349083706522,0.00023460196149163094,calm
2013-12-17,0.0003101607865351,0.0003829007149338691,0.0003390531346781323,0.0002895780875849809,calm
2013-12-18,0.0005614305443937,0.00037434604872130993,0.00032869535684892085,0.00026314821546692945,calm
2013-12-19,0.0004814036401773,0.00040267170669504445,0.0003594913238033463,0.0003133031042309199,calm
2013-12-20,0.0003885598178285,0.0004458724971497679,0.0003809409178984584,0.00044220391546441777,calm
2013-12-23,0.0003997296102471,0.0004097511631907622,0.00035426467703908454,0.00035291100535206864,calm
2013-12-24,0.0004311893361039,0.00041822634251747007,0.00033762196419601456,0.0003101607865351735,calm
2013-12-27,0.0001627663296852,0.0005230988158872259,0.0004191355772372668,0.0005614305443935,calm
2013-12-30,0.0004453631217365,0.0005203408965666283,0.00042292539203119813,0.00048140364017738337,calm
2013-12-31,0.0004280287533786,0.0005044525604285046,0.0004028989787646318,0.0003885598178285788,calm
2014-01-02,0.0004988848834408,0.000491614113122488,0.00037395110978136225,0.0003997296102471799,calm
2014-01-03,0.0004594772230573,0.0005100174270706432,0.00036153230728885205,0.00043118933610390193,calm
2014-01-06,0.0005963454593626,0.0004487555441082321,0.00033738796862653925,0.0001627663296852719,calm
2014-01-07,0.0002513754647132,0.0004925095404459791,0.0004443472814950696,0.0004453631217365394,calm
2014-01-08,0.000283753414505,0.00047442547113099717,0.0004171150774693208,0.0004280287533786934,calm
2014-01-09,0.0002064068174667,0.0004983219398094099,0.00041480936871281536,0.0004988848834408242,calm
2014-01-10,0.0002274776814024,0.00046806097174545956,0.0003893195875454963,0.0004594772230573464,calm
2014-01-13,8.657822581731116e-05,0.0005218871302923208,0.0004118352185124806,0.0005963454593625,calm
2014-01-14,9.04636839850014e-05,0.0004603902833496866,0.0003856879111170533,0.00025137546471326204,calm
2014-01-15,4.798286529326345e-05,0.0004761176304443897,0.0003747658026365652,0.0002837534145050972,calm
2014-01-16,0.0001064953358394,0.00043368724287943074,0.00035285597914802363,0.00020640681746672242,calm
2014-01-17,0.0005064652643429,0.000448719571882802,0.00033589962624051714,0.0002274776814024771,calm
2014-01-20,0.0007707649278832,0.0003762279170524646,0.0003148096863029907,8.65782258173112e-05,calm
2014-01-21,0.0010626376653723,0.00037414970314480025,0.0002952782077553014,9.046368398500144e-05,calm
2014-01-22,0.0010539803698648,0.0003454095467275875,0.0002778931897598395,4.79828652932635e-05,calm
2014-01-23,0.0010581785658487,0.00036845350871086903,0.0002928808188101155,0.0001064953358394168,calm
2014-01-24,0.0006802853838517,0.0005167855553834803,0.0004655530853201965,0.0005064652643425,calm
2014-01-27,0.0004202114023171,0.0006021962431798364,0.0005537326834063288,0.000770764927883,calm
2014-01-28,0.0001218490588913,0.0006915016629302621,0.0006226339466092374,0.001062637665372,calm
2014-01-29,0.0001566860005592,0.0005975943626655559,0.0005751675705360689,0.0010539803698645,calm
2014-01-30,0.0003077755170366,0.0006228910406550781,0.000566232161713736,0.0010581785658485,calm
2014-01-31,0.0004444593470838,0.0005925603293418857,0.0005489517290236372,0.0006802853838514999,calm
2014-02-03,0.0004660164243277,0.0005504868712512872,0.0005085574174620892,0.0004202114023171361,calm
2014-02-04,0.0005613081322436,0.000462015868929118,0.00047090039322878694,0.00012184905889137893,calm
2014-02-05,0.0007145526712009,0.0004938717659424126,0.0004467960908909192,0.00015668600055927106,calm
2014-02-06,0.0004976175071248,0.0005148749847196102,0.0004938114668303428,0.00030777551703666694,calm
2014-02-07,0.0003255176231976,0.0005721285544289956,0.0005235813305343765,0.0004444593470838128,calm
2014-02-10,0.0003581788563686,0.0005564199032208803,0.000499957853300277,0.0004660164243277064,calm
2014-02-11,0.0002651199780955,0.0005931132733344127,0.0004955249706864335,0.0005613081322435001,calm
2014-02-12,8.932986574519255e-05,0.0006230861470120593,0.0005265168809146024,0.0007145526712004999,calm
2014-02-13,9.08807650014314e-05,0.0005788218436182675,0.0004894585320839351,0.0004976175071248732,calm
2014-02-14,9.212643998212814e-05,0.0005500363319202194,0.00045629855538410134,0.0003255176231976453,calm
2014-02-17,0.0001288786100588,0.0005729461668657428,0.0004421938102361411,0.0003581788563686313,calm
2014-02-18,0.0004834185111755,0.0005377488519493736,0.00041317377786401606,0.00026511997809552625,calm
2014-02-19,0.000555145216449,0.0004796231733858261,0.00038660980264416706,8.932986574519255e-05,calm
2014-02-20,0.0005916201526131,0.0004758621399365638,0.0003599105105097415,9.08807650014314e-05,calm
2014-02-21,0.0007127466563894,0.00048190605697383054,0.00033839894824850745,9.212643998212816e-05,calm
2014-02-24,0.0012224334752104,0.0005136270411222424,0.00034810216409829694,0.00012887861005888326,calm
2014-02-25,0.0008835453663289,0.0005909702539914334,0.00045773540384374183,0.0004834185111755508,calm
2014-02-26,0.0008081383263671,0.0005559887416510044,0.00046651344476104093,0.000555145216449,calm
2014-02-27,0.0008209192384229,0.000499526016892585,0.00044450770306354723,0.000591620152613,calm
2014-02-28,0.0010136829097337,0.0005460841454711924,0.00045956619980304565,0.000712746656389,calm
2014-03-03,0.0004286011137459,0.0007153941638783367,0.0006949799382296048,0.00122243347521,calm
2014-03-04,0.000477070116032,0.0006665111887490481,0.0006458491284794618,0.0008835453663285,calm
2014-03-05,0.0006540022208543,0.0006570107463503912,0.0005979659771222191,0.000808138326367,calm
2014-03-06,0.000652813383933,0.0006772523764734771,0.0005690822976528329,0.0008209192384225,calm
2014-03-07,0.0006608003180105,0.0007664942961776806,0.0006753444029300995,0.0010136829097335,calm
2014-03-10,0.0008281328612077,0.0006420805861882387,0.0006355919430146156,0.0004286011137459361,calm
2014-03-11,0.0007760972245535,0.0006317854541644293,0.0006086586610701411,0.00047707011603206044,calm
2014-03-12,0.0007482433067996,0.0006932155676564149,0.0006495438880542925,0.000654002220854,calm
2014-03-13,0.0006980821521636,0.000678060699333662,0.0006266514823771083,0.0006528133839329999,calm
2014-03-14,0.0003799591914141,0.0007180073874687367,0.0007313662678860993,0.0006608003180105,calm
2014-03-17,0.0003654267208097,0.0007731262894131101,0.0007418253473658394,0.0008281328612074999,calm
2014-03-18,0.0005765170382828,0.0007549660397910653,0.0006874816763229941,0.0007760972245535,calm
2014-03-19,0.0005677481448982,0.0007833747379391812,0.0007092232847586878,0.0007482433067995001,calm
2014-03-20,0.0005769616778167,0.0007524328628093388,0.0006558896002032375,0.0006980821521634999,calm
2014-03-21,0.0005800595879279,0.000713517155045928,0.0006098270816889085,0.00037995919141418336,calm
2014-03-24,0.0004071923437901,0.0007522333241102952,0.0006452987031713332,0.0003654267208097854,calm
2014-03-25,0.000464956121838,0.0008353075500517573,0.0006778804727670762,0.0005765170382825,calm
2014-03-26,0.0003158968562344,0.0008413445259011088,0.0006780204169065827,0.000567748144898,calm
2014-03-27,0.0003159322504339,0.0007637127995183221,0.0006327884583363268,0.0005769616778165,calm
2014-03-28,0.000399014712555,0.000755508363472067,0.0005897423770039073,0.0005800595879275,calm
2014-03-31,0.0005593460057545,0.0007020391747362413,0.0005450238889279187,0.00040719234379012176,calm
2014-04-01,0.0004432721334287,0.0007697393941604139,0.0006087590898851203,0.0004649561218380454,calm
2014-04-02,0.0004753675510034,0.0005848850889452505,0.0005626382515280726,0.0003158968562344901,calm
2014-04-03,0.000470935815715,0.0006083641133581682,0.0005274584366312204,0.0003159322504339662,calm
2014-04-04,0.0005294898264129,0.0006533600253874802,0.0005235334024588682,0.00039901471255503716,calm
2014-04-07,0.0004457663083944,0.0007036053958838225,0.000560973514607992,0.0005593460057545,calm
2014-04-08,0.0003775529990484,0.0006534557865847836,0.0005981197672085891,0.0004432721334287741,calm
2014-04-09,0.0005839188628576,0.00065387763631666,0.0005619543304962243,0.0004753675510034012,calm
2014-04-10,0.0005885686627666,0.0006341165614277229,0.0005244198472708284,0.0004709358157150892,calm
2014-04-11,0.0007026731047589,0.0006522884076481142,0.0005623131639981486,0.0005294898264125,calm
2014-04-14,0.0006932178047472,0.0006412164268880403,0.0005589104072599223,0.00044576630839446307,calm
2014-04-15,0.0006202317210596,0.0005831885286448628,0.0005658589330404255,0.0003775529990484749,calm
2014-04-16,0.000469818402046,0.0006281160090270825,0.0006101349885096021,0.0005839188628575,calm
2014-04-17,0.0005310731577043,0.0006150322085544848,0.0005709401698684754,0.0005885686627665,calm
2014-04-22,0.0003388442834677,0.0006670882332155441,0.0006295107551699286,0.0007026731047585,calm
2014-04-23,0.0002830510428956,0.0006738039945156604,0.0006159455555922212,0.000693217804747,calm
2014-04-24,0.0002568446014177,0.0006627656240243781,0.0005841867634213194,0.0006202317210595,calm
2014-04-25,0.0001993743619222,0.0006294159157326543,0.0005837319556995946,0.000469818402046054,calm
2014-04-28,0.0001491175250804,0.0006058987200594031,0.0005760347110483543,0.000531073157704,calm
2014-04-29,0.0001948364537942,0.0005623822247513754,0.000560586678506531,0.0003388442834677772,calm
2014-04-30,0.0004274299498689,0.000543873506710741,0.0005211085092854348,0.0002830510428956155,calm
2014-05-01,0.0005216957521837,0.0005219015111920489,0.0004823910214976844,0.00025684460141776514,calm
2014-05-02,0.0005058345792615,0.0005269049496447182,0.00045576651855710695,0.00019937436192220406,calm
2014-05-06,0.0005306921987972,0.00046004934630646015,0.00043557903951420247,0.00014911752508045854,calm
2014-05-07,0.0004987348384916,0.0005055129764880576,0.0004668203068575017,0.0001948364537942798,calm
2014-05-08,0.0011975824853734,0.0006052839853938789,0.0005221314384475654,0.0004274299498689167,calm
2014-05-09,0.0011137533109172,0.0006138626607741757,0.0005300574991893537,0.0005216957521834999,calm
2014-05-12,0.0017742214487466,0.0005739361242954173,0.0004940361419295319,0.0005058345792615,calm
2014-05-13,0.0017315898315693,0.000555793475637875,0.0004824094587488182,0.0005306921987970001,calm
2014-05-14,0.001738948433548,0.0005685302429676635,0.0004952654762240664,0.0004987348384916968,calm
2014-05-15,0.0008260956065154,0.0008506621134561603,0.0008713900990013158,0.001197582485373,calm
2014-05-16,0.0008171130893345,0.0007874770963329914,0.0008095003858682961,0.0011137533109170001,calm
2014-05-19,0.0002245259708392,0.0009861844282646399,0.0010045967502932283,0.0017742214487465001,calm
2014-05-20,0.0002310297639665,0.0009307217711460365,0.0009273342740747901,0.0017315898315689998,calm
2014-05-21,0.0001640357318798,0.0009231829999689339,0.0008892180047324569,0.001738948433548,calm
2014-05-22,0.0001428338654579,0.000842778085059755,0.0008272601494728515,0.0008260956065150001,calm
2014-05-23,0.0001478368509748,0.0007730419322750981,0.0007640397215793075,0.0008171130893345,calm
2014-05-26,6.566563326929032e-05,0.0006835416068354093,0.0007316628408914548,0.0002245259708392633,calm
2014-05-27,0.0001225193575323,0.000673769828630025,0.0006768263978658425,0.0002310297639665704,calm
2014-05-28,9.355295854058714e-05,0.0006444770687260636,0.0006359730477007515,0.0001640357318798942,calm
2014-05-29,0.0002361419114217,0.000618047238905436,0.0005938533474194688,0.00014283386545791934,calm
2014-05-30,0.0002340412847607,0.0006064932916772537,0.0005539459792083716,0.00014783685097485854,calm
2014-06-03,0.0002362709099753,0.0005396262658973526,0.0005133808223757619,6.566563326929032e-05,calm
2014-06-04,0.0002819813097327,0.0006113467982178909,0.0004971891408833162,0.00012251935753231725,calm
2014-06-05,0.0002734101688142,0.0005812138396530944,0.0004623970700056864,9.355295854058714e-05,calm
2014-06-06,0.0003188125443998,0.0006831825424833336,0.00048243109385850573,0.0002361419114217614,calm
2014-06-09,0.0003685828504597,0.0006454207730277777,0.00044769858539434954,0.000234041284760708,calm
2014-06-10,0.0003722114389532,0.0006013062420945714,0.00041802696707097544,0.00023627090997535834,calm
2014-06-11,0.0003680301109306,0.0006328265724700526,0.00044328493712185164,0.0002819813097327957,calm
2014-06-12,0.0006007670398072,0.0006074875416427364,0.0004113022116004558,0.00027341016881424755,calm
2014-06-13,0.0005544719007418,0.000670051136213577,0.0004745422161616963,0.00031881254439984,calm
2014-06-16,0.0006020090067341,0.0006676261496475792,0.0004682794546218964,0.0003685828504597298,calm
2014-06-17,0.0006187754669056,0.0004734300870841772,0.00043897872607964554,0.0003722114389532366,calm
2014-06-18,0.000545955617024,0.0005028624819935934,0.00046054046516820523,0.0003680301109306954,calm
2014-06-19,0.0003166130426438,0.0004311425178334871,0.000512048174327429,0.000600767039807,calm
2014-06-20,0.0001654422655126,0.00046120948599041455,0.0005461099606994831,0.0005544719007415,calm
2014-06-23,8.938129186298608e-05,0.00046370980165925973,0.0005552837712579729,0.000602009006734,calm
2014-06-24,0.0001864583351774,0.00045882563562872923,0.0005270700757494465,0.0006187754669055,calm
2014-06-25,0.0001504324009318,0.0004614510019165073,0.0005075907559808442,0.000545955617024,calm
2014-06-26,0.0004212984643794,0.0004096327858127052,0.0004705318871510216,0.0003166130426438098,calm
2014-06-27,0.0004452018269078,0.00036634867312104237,0.00043638303908726276,0.0001654422655126329,calm
2014-06-30,0.0005502990284881,0.0003529697483987229,0.00041994519364137715,8.938129186298608e-05,calm
2014-07-01,0.0007527998646928,0.0004118678239723775,0.00043153798246234505,0.0001864583351774274,calm
2014-07-02,0.0007632679194559,0.0003806332138280411,0.0004011423206145402,0.00015043240093180017,calm
2014-07-03,0.0005465189059213,0.0005153851172481474,0.00047394100328553674,0.0004212984643794807,calm
2014-07-04,0.0005276432539643,0.0005010266335904666,0.0004532325929539053,0.0004452018269078756,calm
2014-07-07,0.0004890906166117,0.0005465751631351251,0.0004834750547486558,0.000550299028488,calm
2014-07-08,0.0001678387158141,0.0006091432112108172,0.0005949888569326978,0.0007527998646925001,calm
2014-07-09,0.0003020987234645,0.0005976825796970622,0.0005520388229801058,0.0007632679194555,calm
2014-07-10,0.0002853539966241,0.0005930026044306671,0.0005407727412993994,0.0005465189059210001,calm
2014-07-11,0.0003303782446956,0.0005585441053707342,0.0005010423800660093,0.0005276432539640001,calm
2014-07-14,0.0002629430449946,0.0005837134658770381,0.000495227397137604,0.0004890906166117038,calm
2014-07-15,0.0003605468354125,0.00046481658980676056,0.0004587549771626852,0.00016783871581418097,calm
2014-07-16,0.0002310495937141,0.0005320163918530844,0.0004763165658896224,0.0003020987234645734,calm
2014-07-17,0.0001896430390458,0.0005310743622434993,0.0004638294195199433,0.0002853539966241283,calm
2014-07-18,0.0001650874821704,0.0005290905173482845,0.0004564381040102889,0.00033037824469569663,calm
2014-07-21,0.0001402524762571,0.00047100267603757996,0.00043782226982946507,0.0002629430449946998,calm
2014-07-22,8.27783019094547e-05,0.00048210530764785465,0.00043991199663286074,0.0003605468354125539,calm
2014-07-23,0.0001147986098163,0.0004342217451900787,0.00041190467275920896,0.00023104959371418702,calm
2014-07-24,0.0003352231128865,0.00040659443862311936,0.0003833299325424958,0.00018964303904588445,calm
2014-07-25,0.0003602662273556,0.0004121645799625711,0.0003712792031915713,0.00016508748217047815,calm
2014-07-28,0.0003672813708965,0.00039168377742820036,0.000345619776740054,0.00014025247625716844,calm
2014-07-29,0.0003376711801048,0.0003881449670578697,0.00033470014675603804,8.27783019094547e-05,calm
2014-07-30,0.0003282587148651,0.00040776104887552985,0.0003372377998763243,0.00011479860981639694,calm
2014-07-31,0.0001106734101869,0.0004888947523547947,0.0004170220894218433,0.00033522311288655134,calm
2014-08-01,7.866089940001752e-05,0.000498963827534089,0.000413928125592749,0.0003602662273556571,calm
2014-08-04,0.000229235086693,0.00043643235665445423,0.00038990830762694834,0.00036728137089654417,calm
2014-08-05,0.0002218251302102,0.00043092056932341534,0.00037045083913123,0.00033767118010487746,calm
2014-08-06,0.0001984372472405,0.00041214159547385543,0.00036545126232611795,0.0003282587148651875,calm
2014-08-07,0.0002848340886617,0.00029219842353279805,0.0003431202334470549,0.00011067341018697276,calm
2014-08-08,0.0002742504461361,0.0002857739847477283,0.00033112781861385223,7.866089940001752e-05,calm
2014-08-11,0.0001877078636468,0.00035175160963581197,0.00036477571024791546,0.00022923508669300547,calm
2014-08-12,0.0001962640485677,0.0003420876118421483,0.0003402139126211387,0.00022182513021023527,calm
2014-08-13,0.0002477866879729,0.0003228603936547497,0.00032063138100458773,0.0001984372472405741,calm
2014-08-14,0.0002315581365764,0.00036167110786444257,0.00032931842894893496,0.0002848340886617709,calm
2014-08-15,0.0002247941807654,0.00032258854410089683,0.0003087414694966777,0.00027425044613612264,calm
2014-08-18,0.0001954734047558,0.00031984542270093423,0.0003117929039878633,0.0001877078636468437,calm
2014-08-19,0.0002478929469257,0.0003094968681027848,0.00029972392224647255,0.00019626404856772377,calm
2014-08-20,0.000218154887993,0.00033120841990174433,0.00031396832267659446,0.0002477866879729744,calm
2014-08-21,0.0001541406687518,0.00032275244427113186,0.00031723019181052487,0.00023155813657646583,calm
2014-08-22,0.0001721605283616,0.00030980245545619357,0.0002979056252979325,0.00022479418076544325,calm
2014-08-25,0.0001974161580315,0.00032157367137342324,0.00029130575370352413,0.00019547340475587394,calm
2014-08-26,0.0001329406185348,0.0003409826580852928,0.00029373150530501716,0.00024789294692573584,calm
2014-08-27,0.0002268050145742,0.00034274047169281595,0.0002854875687852915,0.00021815488799304257,calm
2014-08-28,0.0004088508700145,0.0003190353358707449,0.0002690421370251057,0.00015414066875183723,calm
2014-08-29,0.0003901064057151,0.000318611927249676,0.00026382724784431897,0.00017216052836164822,calm
2014-09-01,0.0004487033180016,0.00029080660732069694,0.0002692942263203441,0.00019741615803158143,calm
2014-09-02,0.0004477037933633,0.0002588816867685427,0.0002524433730408479,0.00013294061853481818,calm
2014-09-03,0.000337925591911,0.00031451999605472175,0.0002823897967908826,0.00022680501457428764,calm
2014-09-04,0.0001525842367912,0.000382590482732945,0.0003330427741590916,0.00040885087001455995,calm
2014-09-05,0.0001587595957881,0.00035703059234443814,0.00031066439830418395,0.00039010640571519493,calm
2014-09-08,0.0001077678630217,0.00040644485025525623,0.00035096685762853793,0.0004487033180016216,calm
2014-09-09,0.0001588489942932,0.00037744938133823006,0.00032730199840360805,0.0004477037933633062,calm
2014-09-10,0.0001464810131656,0.0003519184005450307,0.00031758689374418914,0.0003379255919110205,calm
2014-09-11,0.0003857042107053,0.0003181251839498881,0.00029745243683332605,0.00015258423679125668,calm
2014-09-12,0.0004791309692042,0.0003182034687555785,0.00027928957576386963,0.0001587595957881869,calm
2014-09-15,0.000405507949714,0.00030588695244943665,0.0002993520620081903,0.00010776786302178972,calm
2014-09-16,0.0004689067772547,0.0003288211585653953,0.000306723528708843,0.00015884899429322431,calm
2014-09-17,0.0004631410902371,0.0003080798452270041,0.00028811844257963133,0.00014648101316564746,calm
2014-09-18,0.0002221538198082,0.00040922498834090063,0.00035909459750135104,0.0003857042107053552,calm
2014-09-19,0.0001220558594588,0.00042543357352617465,0.00038364666432324406,0.000479130969204213,calm
2014-09-22,0.0001245138428357,0.0003887926019006339,0.0003585615258514656,0.00040550794971408574,calm
2014-09-23,0.0001523069360557,0.0004344957346333611,0.00038961596935048584,0.0004689067772547768,calm
2014-09-24,0.0001997131723591,0.00041356083298081555,0.0003624374291908884,0.0004631410902371807,calm
2014-09-25,0.0007442819324868,0.0003676823454727312,0.00033797820772058456,0.00022215381980822337,calm
2014-09-26,0.0009140886767359,0.00032223531012396284,0.00031544336127621906,0.00012205585945884637,calm
2014-09-29,0.0009431263162276,0.0003348349574719341,0.0002979162658207201,0.0001245138428357505,calm
2014-09-30,0.0015056091084638,0.0003771074298388687,0.0003285086319230914,0.0001523069360557611,calm
2014-10-01,0.0016935900480048,0.0003828658268870226,0.00033267829812181124,0.00019971317235919323,calm
2014-10-02,0.0012852619455014,0.0005852455065680629,0.000554604509657154,0.0007442819324865001,calm
2014-10-03,0.0013932894576245,0.0006040752183357525,0.0005733868862750998,0.0009140886767355,calm
2014-10-06,0.0013979878157994,0.0005630197328701484,0.0005395889341691933,0.0009431263162275,calm
2014-10-07,0.0007546392515993,0.0007762065381787816,0.0008102521462039473,0.0015056091084635,calm
2014-10-08,0.0012041430213407,0.0008069567749351816,0.0008563738270270417,0.0016935900480045,calm
2014-10-09,0.0011233149487884,0.0008090081452704267,0.0008556522261240209,0.001285261945501,calm
2014-10-10,0.0018483778789795,0.0008760991379971796,0.0009153495759753607,0.0013932894576245,calm
2014-10-13,0.0018460476466125,0.0008715024797987014,0.0008627481935500982,0.001397987815799,calm
2014-10-14,0.0025973946655964,0.0008238952026269436,0.000813999673787076,0.000754639251599,calm
2014-10-15,0.0020132546748081,0.0010091678331957457,0.0010532836099408761,0.0012041430213405,calm
2014-10-16,0.0019544183066142,0.0009864377851644826,0.0009989819570799681,0.001123314948788,calm
2014-10-17,0.0009913894367171,0.0012662912617124882,0.0013083597691221887,0.0018483778789794999,calm
2014-10-20,0.0009565411781739,0.0011979522512248558,0.0012114716137562366,0.0018460476466125,calm
2014-10-21,0.0001628633198888,0.0014164469581491098,0.0014263959943581054,0.0025973946655960005,calm
2014-10-22,9.629798067126653e-05,0.0013749882005087452,0.0013440192710455524,0.002013254674808,calm
2014-10-23,9.68712566104886e-05,0.0013041559312066905,0.001233715602543193,0.001954418306614,calm
2014-10-24,0.0004799732381519,0.0012440314200156113,0.0011545817968196762,0.0009913894367169999,calm
2014-10-27,0.0006462170209418,0.0011975135142880573,0.0010608143898679287,0.0009565411781734999,calm
2014-10-28,0.0006336281778658,0.001003095624585716,0.0009800288220321491,0.0001628633198888981,calm
2014-10-29,0.0008534371487693,0.0009512915002515517,0.0009213262506201793,9.629798067126651e-05,calm
2014-10-30,0.0008558865088222,0.0009126559527332105,0.0008477866173740141,9.687125661048861e-05,calm
2014-10-31,0.0006525503666702,0.001204905203593773,0.0009397028383753978,0.00047997323815198,calm
2014-11-03,0.0004866375878794,0.0011773857604417785,0.0009237314185894649,0.0006462170209415001,calm
2014-11-04,0.000480158255145,0.0011230436274474625,0.000854932385342212,0.0006336281778655001,calm
2014-11-05,0.0003162555598031,0.0012303623571583838,0.0008809644678234919,0.000853437148769,calm
2014-11-06,0.0003152383082866,0.0010772775853762162,0.0008113272962737497,0.0008558865088220001,calm
2014-11-07,0.0001442180845132,0.0010690909371990156,0.00084948487316194,0.00065255036667,calm
2014-11-10,0.0001965085888258,0.000970450704730196,0.0007821884382767625,0.00048663758787941675,calm
2014-11-11,0.000235076616464,0.0009011192019183757,0.0007209979536359404,0.0004801582551450358,calm
2014-11-12,0.0002655823924125,0.0009180668393222195,0.0007105794770613758,0.0003162555598031112,calm
2014-11-13,0.0002864342940498,0.0008869953539716423,0.0006580297864440936,0.0003152383082866037,calm
2014-11-14,0.0005286709300742,0.0007280753778131797,0.0006330615267276818,0.00014421808451321424,calm
2014-11-17,0.0005132598898869,0.0007544189035139924,0.0006011989466993302,0.00019650858882581116,calm
2014-11-18,0.000525613947758,0.0006025511266047923,0.0005670181457919066,0.00023507661646401414,calm
2014-11-19,0.0004565684909783,0.0006321908347196806,0.0005668419034314421,0.0002655823924125542,calm
2014-11-20,0.0006748857181665,0.000478242649232695,0.0005304673724558968,0.0002864342940498568,calm
2014-11-21,0.0003858133138048,0.000564125766352874,0.0005981858646414167,0.000528670930074,calm
2014-11-24,0.0003493808497564,0.0005624145690838778,0.0005638778212747306,0.0005132598898865001,calm
2014-11-25,0.000341182284584,0.000567501820251753,0.0005373315445243559,0.000525613947758,calm
2014-11-26,0.0004106253723946,0.0005695655027713865,0.0005252703450742993,0.0004565684909783202,calm
2014-11-27,0.0003223342507118,0.0006505844134242765,0.0005743689238008786,0.0006748857181665,calm
2014-11-28,0.0007117484547215,0.0005829081690458435,0.0005330873477217901,0.0003858133138048067,calm
2014-12-01,0.0007459293290681,0.0005740502983464402,0.0004948485693655831,0.0003493808497564535,calm
2014-12-02,0.0012817492107752,0.0005103497302724137,0.00047138103845732824,0.00034118228458409553,calm
2014-12-03,0.001173358653335,0.000516032861810642,0.0004796715050178857,0.0004106253723946036,calm
2014-12-04,0.0010450190338458,0.0005326007172722027,0.0004987426968799997,0.00032233425071181076,calm
2014-12-05,0.0010312107605921,0.0006183352686106103,0.0006085107736325117,0.0007117484547215,calm
2014-12-08,0.0015565585766978,0.0006187664026835576,0.0005815366937667224,0.000745929329068,calm
2014-12-09,0.0010628543570481,0.0007545105363646181,0.0007946362259448469,0.0012817492107749999,calm
2014-12-10,0.0011049298719833,0.0007318616620023257,0.0007415016786846592,0.001173358653335,calm
2014-12-11,0.0016193458972315,0.0007298931824370975,0.0006905043528984972,0.0010450190338454999,calm
2014-12-12,0.0012465351993211,0.0008030504066674883,0.0008076922588243498,0.001031210760592,calm
2014-12-15,0.0006889194785471,0.0009655692112744086,0.0009934241759581785,0.0015565585766975,calm
2014-12-16,0.0006969788012327,0.0009188680633769813,0.0009419296745040665,0.001062854357048,calm
2014-12-17,0.0006682924089551,0.0009214327836069125,0.0008846692224349136,0.001104929871983,calm
2014-12-18,0.0001671770530015,0.0010815954632293306,0.0010194273218279534,0.0016193458972315,calm
2014-12-19,0.0001770584438591,0.0009935525238619002,0.0009379555431534614,0.0012465351993209998,calm
2014-12-22,0.0001793314666511,0.0009202455212749475,0.0008632181698308579,0.0006889194785470001,calm
2014-12-23,8.704239048273138e-05,0.0009063856938949722,0.0008260433468103745,0.0006969788012325001,calm
2014-12-24,0.0002089525979854,0.0008931165187568322,0.0007768061312130895,0.0006682924089550001,calm
2014-12-29,0.0004069489283592,0.0007583926937331009,0.0007273208167025632,0.00016717705300154344,calm
2014-12-30,0.0003939183186288,0.0007524200854434044,0.0006798383487049874,0.00017705844385917376,calm
2014-12-31,0.0005202799651209,0.0007111501513163883,0.000628052050107246,0.00017933146665110512,calm
2015-01-02,0.0005264021816709,0.0006477611212905353,0.0005794910691134458,8.704239048273138e-05,calm
2015-01-05,0.0003782290781257,0.0007711208679070453,0.0006065632061746291,0.00020895259798548306,calm
2015-01-06,0.0006255945140802,0.0008645731743631283,0.0006686420086829882,0.00040694892835925234,calm
2015-01-07,0.0007216711733426,0.000802094159104967,0.0006194467693517053,0.0003939183186288589,calm
2015-01-08,0.0008178586706657,0.0008564833622658163,0.0006180053553701438,0.0005202799651205,calm
2015-01-09,0.0008331007241988,0.0007655910252206086,0.0005763913216683024,0.0005264021816705001,calm
2015-01-12,0.0009086067857067,0.0007255350491431889,0.0005355713589210232,0.00037822907812575017,calm
2015-01-13,0.0004248131631621,0.000785502023827641,0.0006766388175018136,0.0006255945140800001,calm
2015-01-14,0.0004444339322256,0.0008019615279521729,0.0006721613409795447,0.0007216711733425,calm
2015-01-15,0.0003922032777717,0.0008586884312933994,0.0007025279233086102,0.0008178586706655,calm
2015-01-16,0.0008107283268936,0.0007731602516805515,0.0006543974386612289,0.0008331007241985,calm
2015-01-19,0.0007392587258028,0.0006890222405871615,0.0006299332643257718,0.0009086067857064999,calm
2015-01-20,0.0008195959229321,0.0005799035531362197,0.0005824794253372868,0.0004248131631621739,calm
2015-01-21,0.0007392781554507,0.0006368219487331956,0.0005788504854698353,0.0004444339322256885,calm
2015-01-22,0.0005669435498178,0.0005572397804370503,0.0005974604012735161,0.00039220327777177665,calm
2015-01-23,0.0001501444164956,0.0007017798064276763,0.000716315495739524,0.0008107283268934999,calm
2015-01-26,0.0001441263229562,0.0006690491510149086,0.000662156941175658,0.0007392587258025,calm
2015-01-27,0.0003852238147531,0.0006898135820122955,0.0006513153315722838,0.000819595922932,calm
2015-01-28,0.0003819857392344,0.0006793415698281532,0.0006215806858805206,0.0007392781554505,calm
2015-01-29,0.0003796049799055,0.0006392980063093739,0.0005776262832288278,0.0005669435498175,calm
2015-01-30,0.0003636353068695,0.0005680800312953936,0.0005480778657773344,0.00015014441649564446,calm
2015-02-02,0.0003954034005611,0.0005262246637893559,0.000507868242065062,0.00014412632295622162,calm
2015-02-03,0.0001802600966178,0.0007030540941121355,0.0005884247444037079,0.00038522381475313927,calm
2015-02-04,0.000217387279344,0.0006663412071092926,0.0005540707116893772,0.0003819857392344657,calm
2015-02-05,0.0002523352992682,0.0006003963263752735,0.0005143506016150694,0.00037960497990559213,calm
2015-02-06,0.0002480751153144,0.0006111635286654523,0.0004781540915822535,0.0003636353068695838,calm
2015-02-09,0.0002274831118534,0.000605008533157077,0.0004610623917797799,0.0003954034005611359,calm
2015-02-10,0.0001370514040137,0.0005815085307471891,0.00046395586811997554,0.00018026009661784183,calm
2015-02-11,0.0003670382451916,0.0006033966258517374,0.0004535327003022961,0.00021738727934409566,calm
2015-02-12,0.0003578847242132,0.00052428888485625,0.0004316268336287834,0.000252335299268266,calm
2015-02-13,0.0003806677891162,0.00049432090898825,0.00040430275515334946,0.00024807511531441345,calm
2015-02-16,0.0006884778104651,0.0004523238702071037,0.00038355916955800295,0.0002274831118534603,calm
2015-02-17,0.0006729054175114,0.00042916624300334144,0.0003670137944289817,0.0001370514040137563,calm
2015-02-18,0.0003752108988427,0.0005364289564181923,0.00045176833418194597,0.000367038245191665,calm
2015-02-19,0.0003589760373094,0.0005287834427058036,0.00042690575048760424,0.0003578847242132157,calm
2015-02-20,0.0005096052004071,0.0005133543995591179,0.0004116454961896252,0.0003806677891162092,calm
2015-02-23,0.0002011988923412,0.0005909161868163958,0.0004995772818649094,0.0006884778104650001,calm
2015-02-24,0.0003191677568936,0.00045909091581949093,0.00046414114354683604,0.000672905417511,calm
2015-02-25,0.0004224970114403,0.0004398064558732662,0.0004311441882868407,0.00037521089884275897,calm
2015-02-26,0.0005246760612133,0.0004274870998310026,0.00040290771694408194,0.0003589760373094413,calm
2015-02-27,0.0003481000941848,0.00048734311449862965,0.0004372780930811037,0.000509605200407,calm
2015-03-02,0.0003965138916864,0.0004324551346864542,0.0004133676991613389,0.00020119889234128515,calm
2015-03-03,0.0003232084766981,0.00048414759810398684,0.0004408935699406924,0.00031916775689363997,calm
2015-03-04,0.0004111412814109,0.0005210577682387793,0.00044552604517598667,0.0004224970114403405,calm
2015-03-05,0.0009396495984644,0.0004866840629664966,0.0004520727187747493,0.000524676061213,calm
2015-03-06,0.0009796679415318,0.0004351455997532243,0.00041989604393053554,0.0003481000941848615,calm
2015-03-09,0.0011719186395868,0.0004753036554596628,0.0004204155997309294,0.00039651389168647436,calm
2015-03-10,0.0015107735906425,0.00047201310433386606,0.0004144934241192559,0.0003232084766981219,calm
2015-03-11,0.0014905024705045,0.0005258012013119026,0.0004544357628430415,0.00041114128141091775,calm
2015-03-12,0.0008494719288603,0.0007008850421090735,0.0006639133349744801,0.000939649598464,calm
2015-03-13,0.0011148253295838,0.0006799596281095412,0.0006253526044923151,0.0009796679415315,calm
2015-03-16,0.0008951722623916,0.0007518145083199586,0.0006921448545119538,0.0011719186395865002,calm
2015-03-17,0.0005129359367059,0.0008583863550808903,0.0008097487184425908,0.0015107735906425,calm
2015-03-18,0.0004024424177113,0.0008854101303338277,0.0008077560047060803,0.0014905024705044998,calm
2015-03-19,0.0006374151659104,0.0007716107565270339,0.0007449005066414944,0.0008494719288600001,calm
2015-03-20,0.0003329020608276,0.0008610810086398674,0.0007988296658173049,0.0011148253295835,calm
2015-03-23,0.0005471027770289,0.0008253073795789934,0.0007538613759324686,0.0008951722623915001,calm
2015-03-24,0.0007281091048453,0.0007533970339478771,0.000697415967056288,0.0005129359367055,calm
2015-03-25,0.000664678759732,0.0007124187894830765,0.0006759198373858723,0.0004024424177113525,calm
2015-03-26,0.0004312363599655,0.0008023749134965115,0.0007313580146945325,0.0006374151659099999,calm
2015-03-27,0.0007418358742342,0.0007140756083670283,0.0006749405370194241,0.0003329020608276766,calm
2015-03-30,0.0005112851283972,0.0008338991963892136,0.000711948321138553,0.0005471027770285,calm
2015-03-31,0.0004980627148465,0.0008580135465001418,0.0007416546623851599,0.000728109104845,calm
2015-04-01,0.0004987237058354,0.0007881134809507878,0.000684870611620523,0.0006646787597319999,calm
2015-04-02,0.0005236879152443,0.0007556986415742819,0.0006325182107727357,0.0004312363599655292,calm
2015-04-07,0.0002119486388852,0.0008788800288113552,0.000698530709901409,0.000741835874234,calm
2015-04-08,0.0002905560988164,0.000804927009621143,0.0006485869890921807,0.0005112851283970001,calm
2015-04-09,0.0001286196293482,0.0008513470752372023,0.0006588336799902313,0.0004980627148465802,calm
2015-04-10,0.0003423536354029,0.0008001554067165814,0.0006099433118611806,0.0004987237058354318,calm
2015-04-13,0.0003163954417018,0.0008277438432348776,0.0005713436706465169,0.0005236879152440001,calm
2015-04-14,0.0003826257166712,0.0006794446411794171,0.0005292810555563777,0.00021194863888527286,calm
2015-04-15,0.0003123518473571,0.0006555247794301225,0.000521649799994709,0.0002905560988164651,calm
2015-04-16,0.0003072644071913,0.0005827641330807105,0.0004847461047960775,0.00012861962934826668,calm
2015-04-17,0.0001210303269402,0.0006586860200906257,0.000547898274982591,0.00034235363540293057,calm
2015-04-20,0.0002060694032935,0.0005487914890215613,0.0005073773450259437,0.00031639544170189156,calm
2015-04-21,0.000250455842419,0.0005627105035901234,0.0004915901578458747,0.00038262571667120387,calm
2015-04-22,0.0013367525060053,0.0005503595935051904,0.000469431213207327,0.00031235184735718864,calm
2015-04-23,0.0013718392166655,0.00047845006865071185,0.00043814520085469575,0.0003072644071913654,calm
2015-04-24,0.0013544460039634,0.00044320732252677323,0.00041499876775079976,0.00012103032694023739,calm
2015-04-27,0.0013045857553897,0.0004900145269787909,0.0004142529546210886,0.0002060694032935332,calm
2015-04-28,0.0012922153142248,0.0005107608736743874,0.00043833082780277176,0.0002504558424190445,calm
2015-04-29,0.0002423625411906,0.0008221856041491997,0.0008828050007615178,0.001336752506005,calm
2015-04-30,0.0007167657501273,0.0008070715117053467,0.0008333148016739305,0.0013718392166655,calm
2015-05-01,0.0007796632945963,0.0007474462932357196,0.0007703499695450117,0.001354446003963,calm
2015-05-05,0.0009775932390244,0.0007208089585593391,0.0007209796800036501,0.0013045857553895001,calm
2015-05-06,0.00088472883412,0.0007482692406135,0.0007130043387647797,0.0012922153142245,calm
2015-05-07,0.0009244364936783,0.0006357710781593804,0.0006771478342377367,0.00024236254119068383,calm
2015-05-08,0.0004330565798361,0.000767108774139649,0.0008168588508955114,0.000716765750127,calm
2015-05-11,0.0003916569377268,0.0007720612611210934,0.0007896220127713177,0.000779663294596,calm
2015-05-12,0.0004645615390273,0.0008121041653837824,0.0008346345524854648,0.000977593239024,calm
2015-05-13,0.0004913570824831,0.0007775495640432865,0.0007700711419674212,0.00088472883412,calm
2015-05-14,0.0004109095770289,0.00081680190030093,0.0007437360920707483,0.000924436493678,calm
2015-05-15,0.0003913194744624,0.000747402361296229,0.000691546826434725,0.00043305657983612987,calm
2015-05-18,0.0003619913273922,0.000731487486609272,0.0006562223762809383,0.00039165693772680646,calm
2015-05-19,5.586034955478488e-05,0.0008158202317454857,0.0007181848229349171,0.00046456153902735384,calm
2015-05-20,0.0002866331539791,0.0007707010689881021,0.000672121470290071,0.0004913570824831305,calm
2015-05-21,0.0002686729918211,0.0007562446716672305,0.0006322287253417646,0.00041090957702890447,calm
2015-05-22,0.0004596878250624,0.0007203429552168338,0.0005843908372779013,0.0003913194744624756,calm
2015-05-25,0.0007377201239955,0.0007187074892238417,0.0005435281351472787,0.0003619913273922047,calm
2015-05-26,0.0007431824894805,0.0005807672166371582,0.0005033983184454882,5.5860349554784895e-05,calm
2015-05-27,0.0005278438385914,0.0007716072844833666,0.0005618577642567177,0.00028663315397913386,calm
2015-05-28,0.0005698496079324,0.0007163779677275976,0.0005218368348151433,0.00026867299182113154,calm
2015-05-29,0.0003893761424472,0.0008078567453979272,0.0005720416745196464,0.00045968782506247376,calm
2015-06-02,0.0001234254530546,0.0006849340586690949,0.0006562202298304573,0.0007377201239954999,calm
2015-06-03,0.0003629399541663,0.0006553976574456971,0.0006072469326441407,0.0007431824894805,calm
2015-06-04,0.0005357722597625,0.0006518139260742523,0.0005863498987513246,0.000527843838591,calm
2015-06-05,0.0005257484835715,0.0006580167396587712,0.0005652705420822226,0.000569849607932,calm
2015-06-08,0.0005599827277339,0.0006079959428587549,0.0005307143119676009,0.00038937614244724755,calm
2015-06-09,0.0005454509099129,0.0005326880765194402,0.000500997183550509,0.0001234254530546875,calm
2015-06-10,0.0003132851524671,0.0005578731997801343,0.000552946718460041,0.00036293995416636566,calm
2015-06-11,0.0001285247080792,0.0006116391557909913,0.0005908652564866841,0.0005357722597625,calm
2015-06-12,0.0002756529262601,0.0005581953024552329,0.0005647261584366252,0.0005257484835715,calm
2015-06-15,0.0003291748391715,0.0005720957457013698,0.0005466071165174357,0.0005599827277335,calm
2015-06-16,0.0003956651994345,0.0005276707822298007,0.0005062011721236097,0.0005454509099125,calm
2015-06-17,0.0004054325108935,0.0005111077191591682,0.0004777001778567381,0.00031328515246716276,calm
2015-06-18,0.0003709307898891,0.0004704141442350719,0.0004536810723492889,0.00012852470807924005,calm
2015-06-19,0.0001999374601807,0.0004912205890392903,0.00048498724961113285,0.00027565292626014913,calm
2015-06-22,0.0007363407180739,0.0005117083824135408,0.0004831667642493016,0.00032917483917153673,calm
2015-06-23,0.000720109630899,0.0005298440035821427,0.00046975441536093994,0.00039566519943456133,calm
2015-06-24,0.0008706385879145,0.0005306611302642901,0.00044923143063071026,0.00040543251089355734,calm
2015-06-25,0.0008694431928664,0.0005115348997371272,0.0004189006494300102,0.00037093078988911397,calm
2015-06-26,0.0008638306669275,0.0004901843220875853,0.00039145007229349584,0.0001999374601807793,calm
2015-06-29,0.0004572188951234,0.000666123500051157,0.000641464962585526,0.0007363407180735,calm
2015-06-30,0.000489883070948,0.0006598358012085911,0.0006190486115517701,0.000720109630899,calm
2015-07-01,0.0003559389636116,0.0006766903233174763,0.0006334287420710399,0.0008706385879145,calm
2015-07-02,0.0007442180428532,0.0005675699913004346,0.0005859516339904592,0.000869443192866,calm
2015-07-03,0.0010665894400283,0.0005930273733210124,0.000545454816477884,0.0008638306669275,calm
2015-07-06,0.0011028758187929,0.0006134474249274488,0.0006096080027963368,0.00045721889512343676,calm
2015-07-07,0.0010748128295928,0.0006204381150055465,0.0006046960720711059,0.0004898830709480365,calm
2015-07-08,0.0010453387489458,0.0006014744472727653,0.0005803140019075573,0.00035593896361161697,calm
2015-07-09,0.0006987810961826,0.0007416895078229927,0.0006804068789904284,0.0007442180428530001,calm
2015-07-10,0.0003754052576533,0.0007860620908687458,0.0007478231847853276,0.0010665894400279999,calm
2015-07-13,0.0001215275278189,0.0007967806081651535,0.0007859753374789716,0.0011028758187924999,calm
2015-07-14,9.937293874991986e-05,0.0007879647301067774,0.0007421461019326854,0.0010748128295925,calm
2015-07-15,0.0001550468744128,0.0007664402921268855,0.0006868864566898467,0.0010453387489455,calm
2015-07-16,0.0001142703819741,0.0007524069593647445,0.0006468252174430728,0.0006987810961825,calm
2015-07-17,0.000131540404998,0.0006860665695816843,0.0006004406407688592,0.00037540525765336624,calm
2015-07-20,0.000776010678937,0.0006134918655098758,0.00055782879759525,0.00012152752781896821,calm
2015-07-21,0.0008363653729136,0.0005827640443982733,0.0005345301222206377,9.937293874991989e-05,calm
2015-07-22,0.0008260200932643,0.0006086070070045097,0.000516230065658906,0.0001550468744128823,calm
2015-07-23,0.0008365335327235,0.0005566327465230097,0.0004799023497918698,0.0001142703819741736,calm
2015-07-24,0.0009115353711878,0.0005801712591663947,0.0004570654962570746,0.00013154040499805525,calm
2015-07-27,0.0005848333164504,0.0008540567642893159,0.0007099157832134008,0.000776010678937,calm
2015-07-28,0.0004912362258597,0.0008619919772812286,0.0006865397728742393,0.0008363653729134999,calm
2015-07-29,0.0005524363481147,0.0007423213268000769,0.0006513557122464711,0.0008260200932639999,calm
2015-07-30,0.0007456746651059,0.0007248326617120014,0.0006043557998895699,0.0008365335327235001,calm
2015-07-31,0.000663800707687,0.0007292316647869132,0.0005906747409149368,0.0009115353711875,calm
2015-08-03,0.0003348617003058,0.00076927339785449,0.0006670152522131616,0.00058483331645,calm
2015-08-04,0.0003639531628671,0.0006865366063553033,0.0006165734751752293,0.0004912362258597556,calm
2015-08-05,0.0009847297453863,0.0007351092694651063,0.000609823880661439,0.0005524363481145,calm
2015-08-06,0.0011592432567126,0.0007867175055911508,0.0006579368009228408,0.0007456746651055001,calm
2015-08-07,0.0011544166921125,0.0007530051342977941,0.000616254743399559,0.0006638007076869999,calm
2015-08-10,0.0011611179620156,0.0006072811660416626,0.0005698754505101512,0.00033486170030586385,calm
2015-08-11,0.001189739481492,0.000582751217856681,0.0005435729732965964,0.00036395316286712173,calm
2015-08-12,0.0005860040207413,0.0007692370477829644,0.0008231895668827381,0.000984729745386,calm
2015-08-13,0.0006772030539916,0.0008461598294654483,0.0008987213615105996,0.0011592432567125001,calm
2015-08-14,0.0016673393245377,0.000816635590017809,0.0008293891911722509,0.0011544166921125,calm
2015-08-17,0.0043494699582659,0.000808726425468896,0.000765668712206279,0.0011611179620155,calm
2015-08-18,0.0058075789249079,0.0008378154946443276,0.0007244260432489803,0.001189739481492,calm
2015-08-19,0.0056854734539846,0.0008071493228023443,0.0007317567072876771,0.0005860040207410001,calm
2015-08-20,0.0064266637110625,0.0009120919136942614,0.0008826229742591119,0.0006772030539915,calm
2015-08-21,0.0054413439906634,0.0011953137321409648,0.0012421204602506525,0.0016673393245375,calm
2015-08-24,0.0029840720473077,0.0018719828274133003,0.0022717283802894117,0.0043494699582655,calm
2015-08-25,0.0019969779552945,0.0021998495619534046,0.0026687792396982157,0.0058075789249075,calm
2015-08-26,0.0019892187345003,0.0019863976906573056,0.002446967477145989,0.005685473453984501,calm
2015-08-27,0.0011148551599889,0.002305326508821454,0.0027083753037368936,0.0064266637110625,calm
2015-08-28,0.001238669611353,0.002167082739469281,0.002488975130430701,0.005441343990663,calm
2015-08-31,0.0010485011985762,0.002124883526108108,0.0023634092861213357,0.0029840720473075,calm
2015-09-01,0.0005839453820718,0.0021208954926722635,0.002397491341681225,0.0019969779552945,calm
2015-09-02,0.0009446545092009,0.0019784755950755604,0.0021971082499205943,0.0019892187345,calm
2015-09-03,0.0006367740477977,0.0019889168426362757,0.002137339812301996,0.0011148551599885,calm
2015-09-04,0.0005529539207686,0.001997557145065009,0.002023655399846694,0.0012386696113529999,calm
2015-09-07,0.0005532719645119,0.0019185358164127263,0.0018676915341327377,0.0010485011985760001,calm
2015-09-08,0.0005892431033225,0.0018184855561634728,0.0017332524863557573,0.0005839453820715,calm
2015-09-09,0.0002360815143935,0.0019951668104841403,0.0017242342450596144,0.0009446545092005,calm
2015-09-10,0.0002231312016062,0.001871151639111108,0.0015980156628778936,0.0006367740477975,calm
2015-09-11,0.0002327457844034,0.0017619830330018913,0.0014937894296661932,0.0005529539207685,calm
2015-09-14,0.0002229326085367,0.0017124719443682927,0.0013934212299914308,0.0005532719645115,calm
2015-09-15,0.0006286477125419,0.0017501935259449407,0.0013132173435116505,0.0005892431033225,calm
2015-09-16,0.0006285382338961,0.0015597887156246265,0.00120883022957809,0.00023608151439352261,calm
2015-09-17,0.0014577661230006,0.001550683608408112,0.0011150312153954407,0.0002231312016062157,calm
2015-09-18,0.0016850643019555,0.0015677828850472714,0.0010570352039489628,0.00023274578440346842,calm
2015-09-21,0.0018214975372782,0.0014965419749231503,0.0009815725619750325,0.00022293260853674358,calm
2015-09-22,0.0020556201762031,0.0016390952235300982,0.0011257638203745802,0.0006286477125415,calm
2015-09-23,0.0023768784093813,0.0011839688236044202,0.0010375909902156772,0.0006285382338959999,calm
2015-09-24,0.0015621047966098,0.0012216705809725832,0.0013197374509139857,0.0014577661230005,calm
2015-09-25,0.0013191415146472,0.0012803448169463275,0.0013178534951357318,0.0016850643019554999,calm
2015-09-28,0.0019524217271354,0.0010842149275593642,0.001288941592023209,0.001821497537278,calm
2015-09-29,0.0012240874398048,0.0012575657997911888,0.0015050186000035643,0.002055620176203,calm
2015-09-30,0.0011852481030059,0.0012872627567616225,0.0015034181695303904,0.002376878409381,calm
2015-10-01,0.0011553088919207,0.0011133643525711534,0.001397049580238928,0.0015621047966095,calm
2015-10-02,0.0011468709531058,0.001106068867188897,0.0013074694628120733,0.0013191415146470002,calm
2015-10-05,0.0003453471306033,0.0012730718071343361,0.001506067575968323,0.001952421727135,calm
2015-10-06,0.0003423750977848,0.0011444278208878947,0.0013850402342912482,0.0012240874398045001,calm
2015-10-07,5.457265726855042e-05,0.0012200747138217318,0.0014041825615778527,0.0011852481030055,calm
2015-10-08,0.0003055919951385,0.001144213796400542,0.001290875982873674,0.0011553088919205,calm
2015-10-09,0.0003382181089488,0.0011246047438344395,0.0012065965364959305,0.0011468709531055,calm
2015-10-12,0.0003379021198932,0.0009449596837235351,0.0011098561596596052,0.0003453471306033435,calm
2015-10-13,0.0003326275761894,0.0009659909756646536,0.0010223070739344348,0.00034237509778487906,calm
2015-10-14,0.0004104709544703,0.0007895683018835657,0.0009451914103926804,5.457265726855042e-05,calm
2015-10-15,0.0002421974999372,0.0010026840193178021,0.00096113829272361,0.00030559199513854115,calm
2015-10-16,0.0004532827076413,0.001011319740511315,0.0009078553777071228,0.000338218108948822,calm
2015-10-19,0.0005012559846136,0.000930465542212658,0.0008364765915838062,0.0003379021198932007,calm
2015-10-20,0.0006935797790477,0.0009703694287089714,0.0007712924357834002,0.0003326275761894723,calm
2015-10-21,0.0006917231885081,0.001029628450783259,0.0007389842634478142,0.0004104709544703565,calm
2015-10-22,0.0006601168754554,0.0009087918061167654,0.0007094526356925994,0.00024219749993725648,calm
2015-10-23,0.0003968151548382,0.0010268657233485554,0.0007575083628836932,0.0004532827076413382,calm
2015-10-26,0.0004625929572721,0.0008850883020621876,0.0007237360592940737,0.0005012559846135,calm
2015-10-27,0.000268038884313,0.0009100436732805961,0.000758092180660195,0.0006935797790475,calm
2015-10-28,0.0002177083765787,0.0008866097163389037,0.0007262496477223146,0.000691723188508,calm
2015-10-29,0.0001678383982209,0.0007483221891141561,0.0006970706928076717,0.000660116875455,calm
2015-10-30,0.0002586117880387,0.0006443742058948506,0.0006484828983436852,0.0003968151548382524,calm
2015-11-02,0.0002650349142944,0.0006817384081803379,0.0006378785083371851,0.0004625929572721521,calm
2015-11-03,0.0002645544255828,0.0006095367643033724,0.0005895629557984849,0.0002680388843130799,calm
2015-11-04,0.0002473600741824,0.0004693908671569737,0.0005544268098551234,0.00021770837657876854,calm
2015-11-05,0.0003429412806939,0.0004440877101950511,0.0005156653628246972,0.00016783839822090372,calm
2015-11-06,0.0002410180225841,0.0004430033124922125,0.0005151414979127139,0.0002586117880387272,calm
2015-11-09,0.0001258945426111,0.000469664610218437,0.0005346664063443742,0.00026503491429443995,calm
2015-11-10,0.0003074308856185,0.0004405130479807325,0.0004952857941352225,0.0002645544255828238,calm
2015-11-11,0.0003063023603103,0.0004524884092092423,0.00046268901622551715,0.0002473600741824282,calm
2015-11-12,0.0006137711920089,0.000495475334792087,0.0004768831896807297,0.00034294128069393065,calm
2015-11-13,0.0006213667772224,0.00046716132001614196,0.00044816471991687267,0.00024101802258412824,calm
2015-11-16,0.0006197805549648,0.00038782662987570186,0.0004170062521322562,0.0001258945426111272,calm
2015-11-17,0.0005834277379162,0.0004640955603937005,0.00045217488756842057,0.00030743088561853275,calm
2015-11-18,0.0006641233023883,0.00045577466908413113,0.0004283417844646757,0.0003063023603103451,calm
2015-11-19,0.0004813906315147,0.0005960806591211743,0.0005481775757047568,0.0006137711920085,calm
2015-11-20,0.0004695455761729,0.0005649059031318342,0.0005113669080167632,0.000621366777222,calm
2015-11-23,0.0005003232015276,0.0005400566992952928,0.00047437166057627127,0.0006197805549645,calm
2015-11-24,0.000357791769519,0.0005248770416655418,0.0005086905108963667,0.000583427737916,calm
2015-11-25,0.0002906366023587,0.0005403088142837508,0.0005028783521054052,0.000664123302388,calm
2015-11-26,0.0004590119697181,0.000532382588991816,0.000545917614983437,0.00048139063151470056,calm
2015-11-27,0.0004553252846171,0.0004950988828415216,0.0005088307235694578,0.0004695455761729973,calm
2015-11-30,0.0006153392419771,0.000504654164347552,0.00048160474641230334,0.0005003232015275,calm
2015-12-01,0.0007933422431945,0.0004737849537328651,0.00044716555646073466,0.00035779176951904624,calm
2015-12-02,0.0008058891391858,0.00045427636522016107,0.0004227565777282173,0.00029063660235871655,calm
2015-12-03,0.000433912871885,0.0005735380973678169,0.0005667023728833505,0.00045901196971815777,calm
2015-12-04,0.0005063324769203,0.000520470196510206,0.0005247532279728692,0.00045532528461715837,calm
2015-12-07,0.0003454664897467,0.0006221289580962088,0.0005551402268513131,0.000615339241977,calm
2015-12-08,0.0002645024815713,0.0006539994837541207,0.0005978843897927522,0.0007933422431945,calm
2015-12-09,0.0002253490998561,0.0006287098129031539,0.0005739562250131542,0.0008058891391855001,calm
2015-12-10,0.0004195596547039,0.0005889937740303494,0.0005424016376729934,0.0004339128718850967,calm
2015-12-11,0.0003473504047072,0.0006178508149871991,0.0005383824230960329,0.00050633247692,calm
2015-12-14,0.0003414070870666,0.0005768317714021404,0.00051683421731455,0.0003454664897467399,calm
2015-12-15,0.0002471104987204,0.0005843017012027393,0.000512692334681663,0.00026450248157134076,calm
2015-12-16,0.0003822498682948,0.0005416404847293799,0.0004759368541323005,0.00022534909985618646,calm
2015-12-17,0.0001860275248333,0.0006226733895620598,0.0005177337444424384,0.0004195596547039919,calm
2015-12-18,0.0003796242049783,0.0005716667102021231,0.0004806203736534885,0.00034735040470721426,calm
2015-12-21,0.0003571673749298,0.0005206521735378252,0.0004612674091748499,0.00034140708706669815,calm
2015-12-22,0.0004416048493276,0.0004946400534324301,0.00043287761898983115,0.0002471104987204016,calm
2015-12-23,0.0004716190920165,0.0005599370462842451,0.00044900226679450716,0.00038224986829487207,calm
2015-12-24,0.0004762375440264,0.0004851801791907258,0.00042728535626388825,0.00018602752483331387,calm
2015-12-29,0.0003355655722616,0.0005553618838222475,0.00046596307815472906,0.0003796242049783304,calm
2015-12-30,0.0006773791307718,0.0004897530646777059,0.00043324735121432465,0.0003571673749298659,calm
2015-12-31,0.0005870137147136,0.0005327578969204994,0.0004467669076825034,0.0004416048493276482,calm
2016-01-04,0.0004251322138874,0.0005642736239219189,0.0004925377957477231,0.0004716190920165282,calm
2016-01-05,0.0005324000362034,0.0005617851934283974,0.0004629264234017378,0.0004762375440264831,calm
2016-01-06,0.0004851345095165,0.0005481612938887463,0.0004573954826093114,0.0003355655722616936,calm
2016-01-07,0.0007263496994181,0.0005904461211300265,0.0005779308146222896,0.0006773791307715001,calm
2016-01-08,0.0011547671169032,0.0005551769453583004,0.0005356272078208451,0.0005870137147134999,calm
2016-01-11,0.0011970015490363,0.0005065571840473201,0.0004999606010428301,0.00042513221388744166,calm
2016-01-12,0.0012558677517434,0.0005194964122717226,0.0005074824729951655,0.0005324000362030001,calm
2016-01-13,0.0023372459950862,0.0004976609482374522,0.0004756383838537932,0.0004851345095165458,calm
2016-01-14,0.0019860150952363,0.0006593742703823546,0.0006950263796056131,0.0007263496994179999,calm
2016-01-15,0.0018131277542398,0.0007698779667592252,0.0008293306471459858,0.001154767116903,calm
2016-01-18,0.0017885260910283,0.0007653238527404057,0.000788954404152408,0.0011970015490359999,calm
2016-01-19,0.0016632337459846,0.0007942715093179438,0.0007933840867918146,0.001255867751743,calm
2016-01-20,0.0006067078045125,0.0010936692308476427,0.0011911511519710595,0.002337245995086,calm
2016-01-21,0.0007802220478725,0.0010687939693588043,0.0011793733329673829,0.001986015095236,calm
2016-01-22,0.0009430470535919,0.0011080022159998956,0.001175697933080579,0.0018131277542395,calm
2016-01-25,0.0011914971990181,0.0010887852514557964,0.001094146993980933,0.0017885260910280002,calm
2016-01-26,0.0013374340337919,0.0010975314145783269,0.0010267324873787992,0.0016632337459845002,calm
2016-01-27,0.0017156236190964,0.0009580618836093248,0.000962543933483135,0.0006067078045125,calm
2016-01-28,0.0014611949915032,0.0010692126458055893,0.0010662520171886563,0.0007802220478725,calm
2016-01-29,0.0011956373292407,0.0011314167667535488,0.0011338959548717108,0.0009430470535915001,calm
2016-02-01,0.0039631517424843,0.0012048564560859139,0.001139326747573684,0.0011914971990180001,calm
2016-02-02,0.0037779858926695,0.0012393639383720127,0.0011429368372261664,0.0013374340337915002,calm
2016-02-03,0.0042497953177517,0.0013232557166741002,0.001230589574220858,0.001715623619096,calm
2016-02-04,0.004812346525745,0.0013153010349009815,0.0012039885209591153,0.001461194991503,calm
2016-02-05,0.0047490495860171,0.0013025144843128108,0.0011784230256615153,0.0011956373292405001,calm
2016-02-08,0.002465943479532,0.0020089054025662118,0.0023373744074161353,0.003963151742484,calm
2016-02-09,0.0024725220418312,0.0019447830687657616,0.0021570617627709077,0.0037779858926695,calm
2016-02-10,0.0025805946057138,0.002162916156593493,0.002308519217906873,0.004249795317751499,calm
2016-02-11,0.0018713447561446,0.0022897316158592626,0.002424446923859335,0.004812346525745,calm
2016-02-12,0.0017822596201373,0.0022718989012583323,0.0022525117991334348,0.004749049586017,calm
2016-02-15,0.0010642710103611,0.002162700182459281,0.0023468510434534982,0.002465943479532,calm
2016-02-16,0.0011091835691346,0.002061818777082115,0.0021688277860934468,0.002472522041831,calm
2016-02-17,0.0001796694338781,0.0022605338449295056,0.002361059739886195,0.0025805946057134996,calm
2016-02-18,0.0003669514879711,0.002094857606489113,0.0021672768998303752,0.0018713447561445,calm
2016-02-19,0.0005888612596636,0.0018948458333016614,0.0019895398940780566,0.001782259620137,calm
2016-02-22,0.000825160369235,0.0018042426696933463,0.0018361220337138832,0.001064271010361,calm
2016-02-23,0.000759488656645,0.0017947388423184187,0.0017222504663401974,0.0011091835691345,calm
2016-02-24,0.0007061996725314,0.0014646453050355208,0.0016113418283686656,0.0001796694338781447,calm
2016-02-25,0.000544992656692,0.0016155765833159386,0.0015484220417241901,0.00036695148797110636,calm
2016-02-26,0.0003354067250049,0.0017306630729607717,0.0015006162199364952,0.0005888612596635,calm
2016-02-29,0.0001392418869977,0.0017807660361808158,0.0014755804239773654,0.000825160369235,calm
2016-03-01,0.0001689236129204,0.0016733520254906958,0.001357775281686101,0.000759488656645,calm
2016-03-02,0.0001676757666765,0.0016200980025600743,0.0012493150757345633,0.000706199672531,calm
2016-03-03,0.0002199863521627,0.001566968690144436,0.0011680982720404913,0.000544992656692,calm
2016-03-04,0.00055432031556,0.0014243297794758936,0.0010778183462633645,0.0003354067250049558,calm
2016-03-07,0.0005109828348929,0.001294422931963325,0.0010296997172648064,0.00013924188699778047,calm
2016-03-08,0.0008062621032098,0.0013038220843911087,0.000968907235943758,0.0001689236129204121,calm
2016-03-09,0.0008214300397,0.0008993575177542064,0.000893541377317096,0.00016767576667656687,calm
2016-03-10,0.0007465845430719,0.0009528149213207096,0.0008662957955388252,0.00021998635216272062,calm
2016-03-11,0.0004641958721775,0.0009779360972558113,0.0009240405674663205,0.00055432031556,calm
2016-03-14,0.0004342155386484,0.0008397394494788031,0.0008695977684446662,0.0005109828348925001,calm
2016-03-15,0.0001004171083774,0.0009410878173270939,0.0009493434975949549,0.0008062621032095,calm
2016-03-16,0.0001368497325053,0.0007916851288968601,0.0008866805187856357,0.0008214300397000001,calm
2016-03-17,0.0001241471773372,0.0007779027697783135,0.0008258409478682438,0.0007465845430714999,calm
2016-03-18,0.0001885021494558,0.0005677482171787105,0.0007823343149901181,0.0004641958721775852,calm
2016-03-21,0.0002341220148881,0.0005517524585607165,0.0007250675392880149,0.00043421553864845944,calm
2016-03-22,0.0002580302955992,0.00045946316375523297,0.0006706944757874508,0.00010041710837741214,calm
2016-03-23,0.0002167781668576,0.0004968007730547926,0.000637538000759751,0.00013684973250530915,calm
2016-03-24,0.0002169445510806,0.0004549257083516147,0.0005904433107628434,0.0001241471773372396,calm
2016-03-29,0.0001943107342643,0.0005167120383651784,0.0005903413310451562,0.00018850214945587598,calm
2016-03-30,0.0001565547759802,0.0004982556869194762,0.0005613115631588115,0.0002341220148881328,calm
2016-03-31,0.0001859642758248,0.0004625662314456945,0.0005339282735627739,0.0002580302955992259,calm
2016-04-01,0.0001979947504629,0.0004006381437476347,0.0005045823278880105,0.00021677816685760094,calm
2016-04-04,0.0001992589636546,0.0003884607252690269,0.0004685701403894515,0.00021694455108065775,calm
2016-04-05,0.0001071611974078,0.00041910470959435566,0.00048612044428745913,0.00019431073426437912,calm
2016-04-06,0.0004135572384336,0.00039865504150323177,0.0004586188220549804,0.00015655477598025582,calm
2016-04-07,0.0003703081779206,0.00041851843764298456,0.0004535840045926091,0.00018596427582480413,calm
2016-04-08,0.0004144233834907,0.0004099283324154029,0.00042913210475223877,0.0001979947504629027,calm
2016-04-11,0.0004134983392078,0.00039567904173819647,0.0003995210877781935,0.00019925896365464055,calm
2016-04-12,0.0004557394767134,0.0003759284066731489,0.0003813921753770224,0.0001071611974078091,calm
2016-04-13,0.0001828450955192,0.0004961090835614294,0.0004693455676163092,0.000413557238433602,calm
2016-04-14,0.000273148357751,0.0004076901392029827,0.00044306127280764666,0.0003703081779206798,calm
2016-04-15,0.0002213912629162,0.0004264409017765384,0.00044731626398462725,0.0004144233834907099,calm
2016-04-18,0.0002371970089338,0.00033770552852289845,0.0004172111263964772,0.0004134983392078514,calm
2016-04-19,0.0003278119551171,0.0003602067023544667,0.000405937738696451,0.0004557394767134877,calm
2016-04-20,0.0003515432506075,0.00033146973253309357,0.0004012125014999868,0.0001828450955192912,calm
2016-04-21,0.0002852416562131,0.00035669655031948057,0.00042190449835857827,0.0002731483577510342,calm
2016-04-22,0.0004186635774983,0.0003486761244488465,0.00040432314993254375,0.00022139126291623607,calm
2016-04-25,0.0007843108090816,0.0003546045181839749,0.0003806554896379209,0.0002371970089338193,calm
2016-04-26,0.0006525587607389,0.00039346940320266973,0.00040522023869754396,0.0003278119551171348,calm
2016-04-27,0.0005955545057389,0.00041006270506515366,0.000398896785143211,0.00035154325060759973,calm
2016-04-28,0.0005613627234559,0.0003779760263304523,0.00039021954198868524,0.0002852416562131353,calm
2016-04-29,0.0005072105160366,0.0004224229156601624,0.00043451923791693563,0.00041866357749836684,calm
2016-05-03,0.0002468747059536,0.0005409284450827325,0.0005717348458987445,0.0007843108090814999,calm
2016-05-04,0.0002320254265262,0.000519949296090117,0.0005393652453360342,0.0006525587607385001,calm
2016-05-05,0.0002314160610126,0.0005158486423353266,0.0005024806270172426,0.0005955545057385,calm
2016-05-06,0.0002414430166865,0.00046983389438760094,0.0004668157899770466,0.0005613627234555,calm
2016-05-09,0.0001777954632692,0.0005093195020950957,0.00046626328140430575,0.0005072105160365,calm
2016-05-10,5.747627602658661e-05,0.00048382316189436465,0.0004740577461705027,0.0002468747059536663,calm
2016-05-11,7.238460045295577e-05,0.0004609892235296772,0.00044183983300543207,0.0002320254265262845,calm
2016-05-12,8.546249806785924e-05,0.0004698786596292267,0.0004179446054099747,0.00023141606101260113,calm
2016-05-13,0.0001980883584592,0.00047120234887749817,0.00039598972405207705,0.00024144301668658764,calm
2016-05-16,0.0001906658577736,0.00040361838380177374,0.0003791307691783275,0.00017779546326925817,calm
2016-05-17,0.0005865301233047,0.00034701121941571584,0.0003538029969688743,5.747627602658705e-05,calm
2016-05-18,0.0007446787605352,0.000351294491310461,0.00033426341851662913,7.23846004529562e-05,calm
2016-05-19,0.0007294229655148,0.00036303557284849124,0.0003260389514950121,8.546249806785969e-05,calm
2016-05-20,0.0006645630212702,0.0004165625489136577,0.0003462500109474366,0.0001980883584592982,calm
2016-05-23,0.0006368990882515,0.0004078116433973335,0.00033119726553399695,0.0001906658577736158,calm
2016-05-24,0.0002415569378727,0.0005372185349690119,0.0004538415341534296,0.0005865301233045,calm
2016-05-25,0.00014749257859,0.000583339046381528,0.00048189319071915727,0.0007446787605349999,calm
2016-05-26,0.0001394162362045,0.0005696787134299657,0.00045342063036217766,0.0007294229655145,calm
2016-05-27,0.0001080249173132,0.0005509963973575772,0.0004394192043933554,0.00066456302127,calm
2016-05-30,0.0002347966502321,0.0005116888970383589,0.0004094367144145491,0.0006368990882515001,calm
2016-05-31,0.0003240343545428,0.0004624059623030327,0.0003835861811287584,0.0002415569378727083,calm
2016-06-01,0.0003196318611441,0.0004335122418876557,0.00039668143007036584,0.00014749257859005048,Brexit referendum
2016-06-02,0.0007457262258834,0.0003371158086796094,0.00037020295615962297,0.000139416236204588,Brexit referendum
2016-06-03,0.0012574638886442,0.00034544452887163435,0.0003603522793636673,0.0001080249173132931,Brexit referendum
2016-06-07,0.0014525505227049,0.0004054340784986763,0.00037913617275547813,0.00023479665023213328,Brexit referendum
2016-06-08,0.0013813840807689,0.0004393494430375343,0.00039760236739984746,0.0003240343545428396,Brexit referendum
2016-06-09,0.0016150818793835,0.0004331334106775892,0.00040755114726725956,0.00031963186114415687,Brexit referendum
2016-06-10,0.0014294339898593,0.0005521658820721671,0.0005655029652757244,0.000745726225883,Brexit referendum
2016-06-13,0.0028685025258559,0.0007099535672150999,0.0007564982943015187,0.001257463888644,Brexit referendum
2016-06-14,0.0025492178441196,0.0007877748442475672,0.0008409119482369848,0.0014525505227044998,Brexit referendum
2016-06-15,0.0025636952584459,0.0007725409170030382,0.0007808704886081348,0.0013813840807685,Brexit referendum
2016-06-16,0.0024161682080626,0.0008578793958052708,0.0008577772073348237,0.0016150818793835,Brexit referendum
2016-06-17,0.0086568442798661,0.0008940145181017327,0.0008759963565815687,0.0014294339898590002,Brexit referendum
2016-06-20,0.0175297863751091,0.0013819478965210862,0.0015637434014982188,0.0028685025258555,Brexit referendum
2016-06-21,0.0183040364354616,0.001307219700503518,0.0014392869312369282,0.0025492178441195003,Brexit referendum
2016-06-22,0.0189329191704863,0.0013118614342713072,0.0013325910497177535,0.0025636952584454998,Brexit referendum
2016-06-23,0.0188637327515866,0.0013400344683042397,0.001280637373024583,0.0024161682080625,Brexit referendum
2016-06-24,0.0127385877362147,0.002745929434936426,0.003823526340605342,0.008656844279865999,Brexit referendum
2016-06-27,0.0020857197429122,0.0047708906611854274,0.007908418510638796,0.017529786375109,Brexit referendum
2016-06-28,0.0020033840536933,0.00483521495112231,0.007525936712352471,0.0183040364354615,Brexit referendum
2016-06-29,0.0016522660590971,0.004939623280798821,0.007132567927875279,0.018932919170486,Brexit referendum
2016-06-30,0.0017218814591534,0.004893537663305071,0.00655730739731306,0.0188637327515865,Brexit referendum
2016-07-01,0.0016035101061842,0.0047698216796322815,0.0061296920953007854,0.0127385877362145,Brexit referendum
2016-07-04,0.0017770935867271,0.00389057469933279,0.005700106643319482,0.002085719742912,Brexit referendum
2016-07-05,0.0012082894866056,0.0039815409110089215,0.0055149446584367694,0.002003384053693,Brexit referendum
2016-07-06,0.0009208656831054,0.003909239195723665,0.005186666372828315,0.001652266059097,Brexit referendum
2016-07-07,0.0008770660989305,0.003916010997144814,0.004803932077854332,0.001721881459153,Brexit referendum
2016-07-08,0.0007256089538096,0.003909711181219817,0.0044822412572112485,0.001603510106184,Brexit referendum
2016-07-11,0.0003757810686695,0.003998551325547577,0.004238456954592313,0.001777093586727,Brexit referendum
2016-07-12,0.0002540986660466,0.003772291798546183,0.003923840701298774,0.0012082894866055,Brexit referendum
2016-07-13,0.0003755836297079,0.0035710421732696126,0.0036006165038819644,0.0009208656831050001,Brexit referendum
2016-07-14,0.0003694179618824,0.003563747280162359,0.003337989701267059,0.0008770660989305,Brexit referendum
2016-07-15,0.0002845695080388,0.0034886160447325175,0.003100226631366112,0.0007256089538095,Brexit referendum
2016-07-18,0.0002925167090852,0.0031857594690370777,0.002846544476793158,0.0003757810686695729,Brexit referendum
2016-07-19,0.0003594435940646,0.002997877728934044,0.002612800649377099,0.000254098666046685,Brexit referendum
2016-07-20,0.0002358259910717,0.0030255544424127234,0.002445286182172326,0.0003755836297079274,Brexit referendum
2016-07-21,0.0001292778948034,0.003025642667709488,0.0022954401741930495,0.00036941796188240893,Brexit referendum
2016-07-22,0.0002451393199785,0.0028581698545787995,0.002107268767149897,0.0002845695080388813,Brexit referendum
2016-07-25,0.0003468055757351,0.00290817916622796,0.0019414233853281271,0.00029251670908529725,Brexit referendum
2016-07-26,0.0004603639322549,0.002347197200593064,0.0018168882158844228,0.0003594435940646495,Brexit referendum
2016-07-27,0.0004398702273721,0.0009558080064955901,0.0016738956609375925,0.00023582599107176654,Brexit referendum
2016-07-28,0.0004877606094121,0.0007795073228200987,0.0015416162546344277,0.00012927789480347423,Brexit referendum
2016-07-29,0.000676961165359,0.0007666710898183062,0.0014554421475231586,0.00024513931997854714,Brexit referendum
2016-08-01,0.0005863283373051,0.0008041888930863391,0.0013986898964800708,0.0003468055757351268,calm
2016-08-02,0.0005222225131618,0.0008018849847704204,0.0013699097263795217,0.00046036393225497155,calm
2016-08-03,0.0005933911579128,0.0007430691588793536,0.0012617611135612313,0.0004398702273721139,calm
2016-08-04,0.0007228110161162,0.0006467991198386285,0.001176776915995929,0.0004877606094121071,calm
2016-08-05,0.0005253696638996,0.0006769597677503011,0.0011924033617927354,0.0006769611653589999,calm
2016-08-08,0.000486588001133,0.0006338098632623582,0.0011088116132662975,0.000586328337305,calm
2016-08-09,0.0003693410137551,0.000606161751762914,0.0010609931066951602,0.0005222225131615,calm
2016-08-10,0.0002969777016959,0.0005507225315729356,0.0010130726192585033,0.0005933911579125,calm
2016-08-11,0.0001367134297256,0.000578678309138374,0.0009964163669290915,0.000722811016116,calm
2016-08-12,4.70828800881998e-05,0.0005741319573071122,0.0009540598955591007,0.0005253696638995,calm
2016-08-15,5.808735499801283e-05,0.0005306304442842832,0.0008810306598841855,0.0004865880011330514,calm
2016-08-16,0.0001213138824104,0.0005006678091956504,0.0008155434105928945,0.00036934101375512657,calm
2016-08-17,0.0001266135157605,0.00048094479704622993,0.0007527245373992675,0.0002969777016959367,calm
2016-08-18,0.0001073607600683,0.0004525871299261881,0.0007010625316933606,0.00013671342972561244,calm
2016-08-19,0.0001602517989997,0.000380279237330497,0.0006594023930447261,4.708288008819981e-05,calm
2016-08-22,0.0001988559954278,0.00037131611934600536,0.0006126116434647658,5.808735499801283e-05,calm
2016-08-23,0.0001359291318448,0.0004197231928281098,0.000587965291073103,0.0001213138824104893,calm
2016-08-24,0.0001570658257024,0.00041161558171679723,0.0005456512742789194,0.00012661351576059363,calm
2016-08-25,0.0001638954988935,0.0003900568963330205,0.00050896986396085,0.00010736076006836566,calm
2016-08-26,0.0003981940113823,0.00042536901205103984,0.000495265641856625,0.00016025179899974368,calm
2016-08-29,0.0003535723919837,0.0004439122670478766,0.0004752523639970527,0.00019885599542787842,calm
2016-08-30,0.0004120893778014,0.00039722900559460695,0.00044478908763910557,0.0001359291318448195,calm
2016-08-31,0.0003895868169193,0.00038832055982536493,0.00042897160340933736,0.00015706582570245976,calm
2016-09-01,0.0003809464869165,0.0003523433540152085,0.000401329124804493,0.00016389549889350328,calm
2016-09-02,0.0003533189310099,0.00046625495073726993,0.00048358560776811695,0.00039819401138231695,calm
2016-09-05,0.0003994997576924,0.00043953690633457496,0.00045024167526630564,0.0003535723919837152,calm
2016-09-06,0.0003568752978247,0.00039815831112188045,0.0004497575435631653,0.00041208937780140055,calm
2016-09-07,0.0003545842144863,0.0003816512788781621,0.0004189839077106594,0.0003895868169193726,calm
2016-09-08,0.0003734210179727,0.0003503887052648246,0.0003902395384824267,0.0003809464869165688,calm
2016-09-09,0.0001026132446888,0.00040659507314570205,0.00048800007573709914,0.0003533189310099995,calm
2016-09-12,5.0337105611755495e-05,0.00037792616953362493,0.00047997641921548715,0.0003994997576924676,calm
2016-09-13,5.900992750456469e-05,0.00034994436687015896,0.0004573418011620345,0.00035687529782471567,calm
2016-09-14,6.48242858663994e-05,0.000345799861944295,0.00042784159049451026,0.00035458421448632585,calm
2016-09-15,0.0001382355832642,0.00035619315565950946,0.0004033685316583061,0.00037342101797279423,calm
2016-09-16,0.0001837940684279,0.00030775805789633843,0.00038162198254182764,0.00010261324468881106,calm
2016-09-19,0.0004237111173866,0.0002731716028843975,0.00035674919004202244,5.03371056117555e-05,calm
2016-09-20,0.0004119808060553,0.0002887108541532391,0.0003488236147635721,5.9009927504564705e-05,calm
2016-09-21,0.0004691693395363,0.0002889308564780415,0.00032760497266592887,6.48242858663994e-05,calm
2016-09-22,0.0004227125033214,0.0003250309982444509,0.0003371482752773953,0.0001382355832642441,calm
2016-09-23,0.0004064807803159,0.00034485137274953146,0.00034261258465946245,0.00018379406842798993,calm
2016-09-26,0.0001665467335269,0.0004374864577440855,0.00042808728286508434,0.0004237111173866271,calm
2016-09-27,0.0001807105587278,0.0004166782813208606,0.00040841794688491147,0.000411980806055381,calm
2016-09-28,0.0001753210015857,0.0004297158328335127,0.00040100200938344424,0.0004691693395363132,calm
2016-09-29,0.0001633112074466,0.00043372229466863345,0.00039808172633067936,0.0004227125033214989,calm
2016-09-30,0.0007234357890834,0.00043345105123469624,0.000381795863550868,0.0004064807803159906,calm
2016-10-03,0.0007504539186933,0.0003769923427426413,0.00035688386107252936,0.00016654673352693874,calm
2016-10-04,0.0007243922973476,0.00033513430511767175,0.00034183041308397805,0.00018071055872787467,calm
2016-10-05,0.0006880201075215,0.00034701379301750086,0.0003498338695456086,0.00017532100158570115,calm
2016-10-06,0.0006595535389039,0.0003374354688861949,0.00034581545088493396,0.00016331120744669494,calm
2016-10-07,0.0003195860802124,0.0005481292123582036,0.0005802770539417419,0.0007234357890829999,calm
2016-10-10,0.0002974859150399,0.0005460879640845589,0.000544941231708816,0.000750453918693,calm
2016-10-11,0.0006462150731837,0.00047653711440557754,0.0005090443018473015,0.0007243922973475,calm
2016-10-12,0.000623504681218,0.0004719099284820346,0.00048602964096598235,0.0006880201075215,calm
2016-10-13,0.0007005446374453,0.00046322510930015806,0.00045646402211681707,0.0006595535389035,calm
2016-10-14,0.0004534078997416,0.000490263101459414,0.0005155517119076493,0.00031958608021240574,calm
2016-10-17,0.0004483747837393,0.00047202866025737556,0.00048253194994563004,0.00029748591503991266,calm
2016-10-18,0.0002139699550577,0.0006035508500769697,0.0005754697206368617,0.0006462150731835,calm
2016-10-19,0.0002144322665612,0.0005809549309409795,0.0005348234812490762,0.000623504681218,calm
2016-10-20,0.0001782554487291,0.0006158317288087712,0.0005230202236235623,0.000700544637445,calm
2016-10-21,0.0001711340790478,0.000579559913296693,0.000492225242558159,0.0004534078997416066,calm
2016-10-24,0.000181866954958,0.0005375158447201189,0.00045759051357562844,0.0004483747837393012,calm
2016-10-25,0.0001252704910378,0.0005350908065304025,0.0004813688470736074,0.00021396995505772512,calm
2016-10-26,0.0001772134202098,0.00047769788925006493,0.00044913869019891497,0.00021443226656121063,calm
2016-10-27,0.0001350263462075,0.0004833492736232519,0.0004422603170512807,0.00017825544872915094,calm
2016-10-28,0.0001322272752604,0.0004620972301993074,0.0004117972043673766,0.00017113407904788042,calm
2016-10-31,0.0004648929435661,0.000461735846850233,0.00039073156787294985,0.00018186695495809625,calm
2016-11-01,0.0004916386678931,0.0004519205892003197,0.0003954235170529471,0.00012527049103788627,calm
2016-11-02,0.0009896828610019,0.0004795248511587523,0.0003848956914185902,0.00017721342020980224,calm
2016-11-03,0.0009843910492024,0.0004542523550054216,0.0003598170257024973,0.00013502634620753964,calm
2016-11-04,0.0009889224329996,0.00043606726026073706,0.00033718275558152275,0.00013222727526043316,calm
2016-11-07,0.0007432041584169,0.0005867427421926523,0.0004389097639074942,0.00046489294356619784,calm
2016-11-08,0.0006628501190742,0.00047796814806668896,0.00043719060229745156,0.0004916386678931041,calm
2016-11-09,0.0002769163032495,0.0006441434643645727,0.000609640549874549,0.0009896828610015,calm
2016-11-10,0.0005207835128503,0.0006101270324315193,0.0005651062016279976,0.000984391049202,calm
2016-11-11,0.0005237815780755,0.0006213171304258367,0.0005278101223461666,0.0009889224329995,calm
2016-11-14,0.0004581017723251,0.0006316609733729983,0.0005216241821190519,0.0007432041584164999,calm
2016-11-15,0.0004556941731137,0.0005626706085454258,0.0004899854037749156,0.000662850119074,calm
2016-11-16,0.0003024814213081,0.000550187548764464,0.0005311426045076479,0.0002769163032495686,calm
2016-11-17,0.0001006508329774,0.0005694278370737986,0.0005787232269370119,0.00052078351285,calm
2016-11-18,9.705815425545496e-05,0.0005597436362046042,0.0005376666533188312,0.0005237815780755,calm
2016-11-21,0.0001952216875176,0.0005453533923151815,0.0005160553379987755,0.00045810177232513205,calm
2016-11-22,0.0001954987852966,0.0005388307997234277,0.00047989800745359387,0.00045569417311375844,calm
2016-11-23,0.0001849351067875,0.0005191036264748932,0.0004538203025017652,0.000302481421308196,calm
2016-11-24,0.0001627170524465,0.0004486233495217592,0.000434361285492184,0.00010065083297744457,calm
2016-11-25,0.0001631984542615,0.0004413237763784739,0.00040795224877915846,9.705815425545494e-05,calm
2016-11-28,0.0001199629660995,0.0005027637383030378,0.00044093327363893753,0.00019522168751767976,calm
2016-11-29,0.0001511659716338,0.0004944915157860671,0.0004112956396310114,0.0001954987852966059,calm
2016-11-30,0.0001655724864714,0.00048611685140148835,0.0003852728077364435,0.00018493510678756415,calm
2016-12-01,0.0003941418451503,0.0004783233175915467,0.00037102505549566186,0.00016271705244652693,calm
2016-12-02,0.0004364014334539,0.0004656363088849301,0.0003503300216001322,0.0001631984542615801,calm
2016-12-05,0.0003986988056033,0.00047213034733456787,0.0003555137641603901,0.00011996296609956986,calm
2016-12-06,0.0003689324305409,0.0004888856204704619,0.0003429646634393257,0.0001511659716338404,calm
2016-12-07,0.0004177188769874,0.0004304953719704148,0.0003245357106266562,0.0001655724864714289,calm
2016-12-08,0.0004634738524514,0.0005162240646489108,0.00039155258686724337,0.0003941418451503733,calm
2016-12-09,0.0004299577302143,0.00040622549317643927,0.00037916421996495535,0.00043640143345392466,calm
2016-12-12,0.0003807320723001,0.00041343848381016833,0.00037904976963880495,0.00039869880560338897,calm
2016-12-13,0.0003799079944237,0.0004060202263616546,0.00035509755715481926,0.0003689324305409728,calm
2016-12-14,0.000333553547909,0.00040945940213642115,0.00036412531105677726,0.00041771887698749096,calm
2016-12-15,7.367059187721897e-05,0.0004830403920596495,0.0004449537274261048,0.0004634738524514467,calm
2016-12-16,7.902208608043307e-05,0.00043711369412153053,0.00041698441215329296,0.00042995773021433487,calm
2016-12-19,9.414843973240735e-05,0.0003604198635591663,0.00038881140965609564,0.00038073207230019247,calm
2016-12-20,9.54547784762507e-05,0.00037444090541118583,0.000367767816285966,0.00037990799442380005,calm
2016-12-21,7.822718323036341e-05,0.00036808360238723396,0.00035441971384021965,0.0003335535479090488,calm
2016-12-22,4.532251231163575e-05,0.00031713675416243344,0.0003408648135614722,7.367059187721907e-05,calm
2016-12-23,9.72002551296858e-05,0.000319804616785389,0.00032347087169397543,7.902208608043319e-05,calm
2016-12-28,0.0001144097516219,0.00032038868971956164,0.0003122003424835007,9.414843973240745e-05,calm
2016-12-29,0.0001186699798334,0.00032052481979182235,0.0002941172795171982,9.545477847625081e-05,calm
2016-12-30,0.0001263092790766,0.00028502729677583045,0.00027609850928782514,7.822718323036352e-05,calm
2017-01-03,0.0001417511967604,0.0002595549487396267,0.00025537179786969225,4.5322512311635854e-05,calm
2017-01-04,7.733995169807138e-05,0.00031339728752570803,0.00026704132077795756,9.720025512968592e-05,calm
2017-01-05,4.8957313845342976e-05,0.0003217410878426434,0.00026094847122217976,0.00011440975162192821,calm
2017-01-06,0.0001020767960909,0.0003226871329734116,0.000254185586860504,0.00011866997983348538,calm
2017-01-09,0.0002416423268782,0.0003099256322752004,0.00024593305313562295,0.00012630927907664275,calm
2017-01-10,0.0002261627002975,0.0003127497302290032,0.00023594679048299572,0.00014175119676042836,calm
2017-01-11,0.0002391291799029,0.00028130108556746075,0.00022333078997546817,7.733995169807148e-05,calm
2017-01-12,0.0002903155563057,0.00021764093522463123,0.00021497835951237522,4.8957313845343085e-05,calm
2017-01-13,0.0002489998769083,0.0002526668665164033,0.00022877299368773593,0.00010207679609098791,calm
2017-01-16,0.0001164998984892,0.00031376483224546705,0.000300405704121682,0.00024164232687823382,calm
2017-01-17,0.0002821510961617,0.0002983617064661731,0.00028170031834673533,0.0002261627002975469,calm
2017-01-18,0.0003549410331517,0.00029631993123370676,0.0002768327898381062,0.000239129179902976,calm
2017-01-19,0.0003431329989533,0.00024536652848918325,0.000279332956272456,0.0002903155563057828,calm
2017-01-20,0.0003189010899833,0.00024111244657672748,0.0002686699354893424,0.000248999876908344,calm
2017-01-23,0.0005064922927338,0.00021790948009218917,0.00026324298760472224,0.0001164998984892466,calm
2017-01-24,0.0003978427800919,0.00029590542157529107,0.0003408814368443936,0.0002821510961617481,calm
2017-01-25,0.0004035548476698,0.00032384825970736543,0.0003527174767890101,0.0003549410331517601,calm
2017-01-26,0.0003654863232911,0.0003225709689508777,0.0003539162768713737,0.00034313299895330756,calm
2017-01-27,0.0004030562763355,0.0003012993584275767,0.0003273508408483454,0.0003189010899833369,calm
2017-01-30,0.00029144977652,0.0003899253877291793,0.00041733426381029576,0.0005064922927335001,calm
2017-01-31,0.000300511813457,0.0003840601466134679,0.0004199124962084522,0.00039784278009197163,calm
2017-02-01,0.0002081741035795,0.00040867078680433856,0.00042572519372887225,0.00040355484766985063,calm
2017-02-02,0.000308761136887,0.00039454859900904255,0.0003921664600470104,0.0003654863232911373,calm
2017-02-03,0.0002710398165859,0.0003990086328045735,0.00037474325710934144,0.00040305627633550585,calm
2017-02-06,0.0003036777321111,0.0003952664112194849,0.0004003342766312581,0.0002914497765200129,calm
2017-02-07,0.000244844118459,0.00040784952227750245,0.0004097419794671861,0.00030051181345708457,calm
2017-02-08,0.0002539613052219,0.0003777432183352258,0.00037800939140552735,0.00020817410357958487,calm
2017-02-09,0.0001519996770187,0.000428889960110973,0.0003919206736796367,0.00030876113688702586,calm
2017-02-10,0.0001522434124857,0.0003908578900452862,0.0003614309528859179,0.00027103981658598876,calm
2017-02-13,2.931814936197185e-05,0.0004516751723074299,0.00038565217797145295,0.0003036777321111713,calm
2017-02-14,0.0001603638109984,0.0004173540142447905,0.00036285957294971435,0.0002448441184590148,calm
2017-02-15,0.0001550391071167,0.0003947395074138414,0.00033936584562465775,0.00025396130522194557,calm
2017-02-16,0.0002754110924507,0.0003618353944499193,0.0003183816376422935,0.00015199967701876483,calm
2017-02-17,0.00033196895753,0.00035100778688188037,0.00029654105314470727,0.00015224341248573322,calm
2017-02-20,0.0003752903492087,0.00026944602954154034,0.0002761561693495612,2.931814936197201e-05,calm
2017-02-21,0.0002435844423804,0.0003830280172350155,0.00031638870923406424,0.0001603638109984229,calm
2017-02-22,0.0008063621566179,0.00037207196316663377,0.00030158616147190015,0.00015503910711670214,calm
2017-02-23,0.0007030431447941,0.00040529339281761577,0.00035236432723570753,0.00027541109245076176,calm
2017-02-24,0.0006463548692601,0.0004069238183462112,0.0003611084785822269,0.00033196895753005636,calm
2017-02-27,0.0006052303497208,0.0004142781232820841,0.0003501861722092509,0.00037529034920875276,calm
2017-02-28,0.000673371397691,0.0003843740235094871,0.0003256716068671492,0.0002435844423804822,calm
2017-03-01,0.0001295367796448,0.0005644288628323763,0.0005626389259553005,0.0008063621566175,calm
2017-03-02,0.000120176275327,0.0005308609594802047,0.0005282109064359519,0.0007030431447939999,calm
2017-03-03,0.0001288413893365,0.00048345804484043077,0.0004834097546599112,0.00064635486926,calm
2017-03-06,0.0001270125140103,0.0004911917500976462,0.0004468983740405541,0.0006052303497205,calm
2017-03-07,0.0001098609487562,0.000519126087339742,0.00045598154435158074,0.000673371397691,calm
2017-03-08,9.76108590206858e-05,0.000389691137279733,0.00042774540526481795,0.0001295367796448516,calm
2017-03-09,0.0001219235370971,0.0003729719781371733,0.0003960723953608617,0.00012017627532706412,calm
2017-03-10,0.0001340792447464,0.0003767240068050328,0.0003668547260259698,0.0001288413893365028,calm
2017-03-13,0.0001394321389597,0.00035370816739649103,0.00034160676183349423,0.0001270125140103942,calm
2017-03-14,0.0001989741845664,0.0003652029774764945,0.00035270621281328587,0.00010986094875626006,calm
2017-03-15,0.0002898115493603,0.0003362310391608343,0.00033082922543953226,9.761085902068589e-05,calm
2017-03-16,0.0003106469870081,0.0003549539733154612,0.00031929404145268067,0.00012192353709712859,calm
2017-03-17,0.0003092636154674,0.00035981308898619683,0.0003029270496686888,0.00013407924474640015,calm
2017-03-20,0.0003597637803011,0.00035984535576701217,0.00028339970260111063,0.00013943213895973664,calm
2017-03-21,0.0002549878281683,0.0004109419297005685,0.0003330720381315762,0.0001989741845664652,calm
2017-03-22,0.0001501565914456,0.0004558614530673563,0.0003711437021629982,0.0002898115493603011,calm
2017-03-23,0.0001300920704732,0.0004418590537122071,0.00036410161004638936,0.0003106469870081662,calm
2017-03-24,0.0001498082793396,0.00044004637660294326,0.00035038205049528487,0.00030926361546748193,calm
2017-03-27,0.0001425984426409,0.00044022850884130994,0.0003600274739063761,0.00035976378030111336,calm
2017-03-28,0.0001312179973789,0.00040461590452276207,0.00033647965807905375,0.0002549878281683952,calm
2017-03-29,0.0001485316570423,0.0003600449281221964,0.0003144247665701311,0.0001501565914456204,calm
2017-03-30,0.0001306470511615,0.00036528849934884506,0.0003049904557225105,0.00013009207047321627,calm
2017-03-31,0.0001153061327119,0.00026454293384018757,0.00029767057713879003,0.0001498082793396192,calm
2017-04-03,9.717344699809438e-05,0.0002697765963580983,0.00030903532249771656,0.00014259844264092345,calm
2017-04-04,0.000121106691226,0.0002607069690058938,0.0002873869656597989,0.00013121799737897145,calm
2017-04-05,0.0001235026200125,0.0002733700514984911,0.00027387123013905524,0.00014853165704238041,calm
2017-04-06,0.0001727047075371,0.0002554527251706659,0.00026158827807226464,0.0001306470511615747,calm
2017-04-07,0.000155569199491,0.000250139238473139,0.0002526668282659429,0.00011530613271196714,calm
2017-04-10,0.0001386287188248,0.00024876980884208785,0.0002482845069887265,9.717344699809445e-05,calm
2017-04-11,0.0001181477877081,0.00026063569329187275,0.00025107849787539446,0.00012110669122600916,calm
2017-04-12,0.0001068130168276,0.0002652702912731517,0.00024244104739370266,0.00012350262001258226,calm
2017-04-13,0.0009561582358992,0.00028365857438944936,0.0002692602293716259,0.00017270470753717764,calm
2017-04-18,0.0009655066782137,0.00027229721409426,0.00025788752007206814,0.00015556919949107786,calm
2017-04-19,0.0009498503084109,0.00026485552576111237,0.00024618165422608405,0.00013862871882485328,calm
2017-04-20,0.0009829087860243,0.0002532821470598294,0.0002322544834406274,0.00011814778770810415,calm
2017-04-21,0.0009787580657883,0.00025115097795846763,0.00022137863352423502,0.00010681301682760304,calm
2017-04-24,0.000355068110824,0.0005750950444411894,0.0006339638318069906,0.000956158235899,calm
2017-04-25,0.0003408793469172,0.0005375119542819846,0.0005889263807799415,0.0009655066782135,calm
2017-04-26,0.00046019742816,0.0005035506228757268,0.000536907213940171,0.0009498503084105,calm
2017-04-27,0.0005506835046392,0.0005337133856782108,0.000515603076451789,0.000982908786024,calm
2017-04-28,0.000577324369652,0.0005137872276494135,0.00047717536627269857,0.000978758065788,calm
2017-05-02,0.0003074094806585,0.000510156323271282,0.0005666392794420576,0.00035506811082406243,calm
2017-05-03,0.0003208411453222,0.0004880486022861405,0.0005169807773401106,0.0003408793469172898,calm
2017-05-04,0.0002065059609087,0.0005437619431344465,0.000521926266069469,0.0004601974281600264,calm
2017-05-05,0.0001552381426882,0.000577509974767672,0.0005308160127320587,0.000550683504639,calm
2017-05-08,0.0001318740630606,0.00057206650354263,0.0005068052695548378,0.000577324369652,calm
2017-05-09,0.0001411319105437,0.0005222823787058239,0.0004712056879302616,0.00030740948065850445,calm
2017-05-10,0.000426815856794,0.0005232421999104849,0.0004433609115608432,0.00032084114532220196,calm
2017-05-11,0.0004366486574723,0.0004828454400584432,0.0004119471107349141,0.00020650596090875136,calm
2017-05-12,0.0004406561586327,0.0004809213048808389,0.0004258901686503351,0.00015523814268822629,calm
2017-05-15,0.0004312087810588,0.00045803744818407346,0.00039370790852079584,0.00013187406306065674,calm
2017-05-16,0.0004073970140079,0.0004682500401717625,0.0003845958488737201,0.00014113191054379386,calm
2017-05-17,0.000116751010384,0.0006165435139719662,0.0005191442404457123,0.0004268158567940512,calm
2017-05-18,0.0001018209861411,0.0005950777071169213,0.0004858181252400396,0.00043664865747237167,calm
2017-05-19,1.982376018963778e-05,0.000617539841179978,0.00047743956022113003,0.00044065615863279775,calm
2017-05-22,1.9743838018812903e-05,0.0005833001012276819,0.0004381521986652575,0.0004312087810588015,calm
2017-05-23,2.191797283915585e-05,0.000597943078752639,0.0004045028601807416,0.0004073970140079303,calm
2017-05-24,6.137904206475874e-05,0.000494718855217192,0.00037493857230059527,0.00011675101038402695,calm
2017-05-25,0.0003099560689408,0.0003215569759540156,0.0003463821594550612,0.00010182098614113273,calm
2017-05-26,0.0003128324498053,0.0002526166477770061,0.00032069358530292097,1.9823760189637885e-05,calm
2017-05-29,0.000421132445172,0.0002512957672641144,0.00029824130907370427,1.9743838018813004e-05,calm
2017-05-30,0.0004109584568833,0.00026225569503897643,0.0002805286901056282,2.191797283915596e-05,calm
2017-05-31,0.0003753605452917,0.0003175648358059101,0.00029322231088065357,6.137904206475884e-05,calm
2017-06-01,0.0001299852808586,0.00040170309668052773,0.0003816747081534299,0.000309956068940806,calm
2017-06-02,0.0001853001412576,0.0003891739297021466,0.00035541268529187836,0.00031283244980538297,calm
2017-06-06,0.0001165818784977,0.00041597908753752337,0.0003918353349480471,0.00042113244517204414,calm
2017-06-07,0.0001248085247634,0.0003717917138359554,0.0003630110138782687,0.0004109584568833597,calm
2017-06-08,0.0001469705089801,0.0003694188823918119,0.00033934913855340054,0.00037536054529173574,calm
2017-06-09,0.0001823367229574,0.00030673147863017453,0.00031459967027320097,0.0001299852808586653,calm
2017-06-12,0.0001681941426098,0.00033996754409208643,0.0003282506776085247,0.00018530014125761797,calm
2017-06-13,0.0001489841610141,0.0003224953393401684,0.00031855608328884517,0.00011658187849777885,calm
2017-06-14,0.0001402082980059,0.00030905502398567215,0.00029795586715841916,0.00012480852476346815,calm
2017-06-15,0.0001037905057577,0.00032554716711523813,0.0003012051564756064,0.0001469705089801314,calm
2017-06-16,0.0002386685252305,0.00033772346445228724,0.0002939978540496633,0.00018233672295746002,calm
2017-06-19,0.0001947011689022,0.0002786742305554742,0.00028992225797473854,0.00016819414260987192,calm
2017-06-20,0.0004948615653193,0.0002731876987683442,0.0002765347238204481,0.00014898416101419924,calm
2017-06-21,0.0005042576717526,0.00024590684408807087,0.0002596788876208552,0.0001402082980059186,calm
2017-06-22,0.0005255427245411,0.00022991485015087202,0.00024381654283893764,0.00010379050575779738,calm
2017-06-23,0.0003530491962065,0.0003179276636034219,0.00032693418319812076,0.00023866852523054426,calm
2017-06-26,0.0004017961095724,0.0002902081650408923,0.0003032905625307148,0.0001947011689022433,calm
2017-06-27,9.899209016635284e-05,0.0004334837500276403,0.0004567717420332757,0.0004948615653193717,calm
2017-06-28,9.92544229648459e-05,0.0004257029129065007,0.0004271578223056853,0.0005042576717525,calm
2017-06-29,0.000198780753952,0.00043574547535779547,0.00040764460062220245,0.0005255427245409999,calm
2017-06-30,0.0002102307306705,0.00039834863567025095,0.0003751196354121456,0.000353049196206519,calm
2017-07-03,0.0002077894939714,0.00041839990895303314,0.0003642820796130949,0.0004017961095724831,calm
2017-07-04,0.0003259539737876,0.0002927270004489982,0.00034180224253007994,9.899209016635294e-05,calm
2017-07-05,0.0003771053566866,0.00029303144498387995,0.0003189876956378071,9.925442296484599e-05,calm
2017-07-06,0.0002572048712215,0.0003346015259686545,0.00036605280650368573,0.00019878075395205472,calm
2017-07-07,0.000246538878267,0.00033407626710189,0.0003413647104646325,0.00021023073067059269,calm
2017-07-10,0.000206647058004,0.00034370443169141093,0.0003331459965701003,0.00020778949397149142,calm
2017-07-11,0.0001195861281075,0.000400839765737681,0.00038671859751922657,0.0003259539737876253,calm
2017-07-12,6.187432320114124e-05,0.0004080827485939477,0.00038002519843930354,0.0003771053566866751,calm
2017-07-13,0.0002809300756159,0.00036505087166657324,0.0003504956958215613,0.0002572048712215798,calm
2017-07-14,0.0003856978566647,0.0003627942587244207,0.00032664247563022155,0.00024653887826703183,calm
2017-07-17,0.0004547923620975,0.0003506801407726682,0.00030423100738006126,0.00020664705800401507,calm
2017-07-18,0.0004648745021029,0.00032954751658760274,0.0003137898209143381,0.00011958612810759116,calm
2017-07-19,0.0004850802705949,0.0002854212734843612,0.0002919425466275757,6.187432320114134e-05,calm
2017-07-20,0.0002903694892642,0.0004137209438586545,0.00039429677500952973,0.00028093007561596546,calm
2017-07-21,0.0004144156123611,0.00045455028659211095,0.0004255125192160356,0.00038569785666478225,calm
2017-07-24,0.0003432248344443,0.00048112027765423367,0.00043667703843457216,0.0004547923620975559,calm
2017-07-25,0.0003243806997664,0.0004571091024410993,0.0004234903937057135,0.0004648745021029728,calm
2017-07-26,0.0003764418019031,0.0004621306828053556,0.0003970072541783268,0.00048508027059498266,calm
2017-07-27,0.0003555989861145,0.00036547433097771764,0.0003739427206785841,0.0002903694892642777,calm
2017-07-28,0.0002570661365822,0.00044267733469309983,0.00047291984898412685,0.0004144156123611189,calm
2017-07-31,0.0002855314980434,0.000413951297059847,0.0004378725574335627,0.0003432248344443297,calm
2017-08-01,0.0002478602810081,0.00042549837482877914,0.00041649383535842776,0.00032438069976648687,calm
2017-08-02,0.0002322706944511,0.0004431581562314084,0.0004288081737865391,0.00037644180190317286,calm
2017-08-03,0.0002284177296194,0.0004272064493503396,0.0003946801622414388,0.00035559898611457535,calm
2017-08-04,0.0001286667230124,0.00044142078488697886,0.00041858112282447353,0.0002570661365822656,calm
2017-08-07,0.0002890620102186,0.0004263327022227136,0.0004067505687023972,0.00028553149804348715,calm
2017-08-08,0.0005534292479254,0.00040715084816914007,0.0003773702176261907,0.0002478602810081062,calm
2017-08-09,0.0005984914607982,0.00041581158724893257,0.00038538524433675983,0.0002322706944511689,calm
2017-08-10,0.0006953428467395,0.0003744409103558676,0.00035669150589582856,0.0002284177296194267,calm
2017-08-11,0.0008060263077198,0.00034820427980836156,0.0003511807576933847,0.00012866672301245082,calm
2017-08-14,0.0006343049947151,0.00043940110380723583,0.00040782462175929107,0.00028906201021863803,calm
2017-08-15,0.0004490046016592,0.000543921050200707,0.0004923173101010196,0.000553429247925,calm
2017-08-16,0.000469459959453,0.0005672957320984055,0.0004936545745676183,0.000598491460798,calm
2017-08-17,0.0004423316948775,0.0005903086040301062,0.0005092239565122573,0.0006953428467395,calm
2017-08-18,0.0004158641092168,0.0006350703665556395,0.000547423507505944,0.0008060263077195,calm
2017-08-21,0.0004314066528262,0.0005633071278148169,0.0005150457715360733,0.0006343049947150001,calm
2017-08-22,0.0005319229877672,0.0005348526601316722,0.000503244160023469,0.00044900460165924025,calm
2017-08-23,0.0004364722026955,0.000550350195776869,0.0005330319851239063,0.0004694599594530411,calm
2017-08-24,0.0004806768120589,0.0005452045447646981,0.0005143490143326031,0.0004423316948775708,calm
2017-08-25,0.0005386743328853,0.0005600743892672065,0.0005378911975421186,0.0004158641092168164,calm
2017-08-28,0.0005255966248389,0.0005606162274356374,0.0005155224201639823,0.00043140665282626886,calm
2017-08-29,0.0003465031117071,0.0005761172599185897,0.0005736941723991045,0.0005319229877669999,calm
2017-08-30,0.0003264693859158,0.000556461274367786,0.0005335707258348041,0.00043647220269559244,calm
2017-08-31,0.0002131212317938,0.000584911798786117,0.0005345053578154194,0.0004806768120589724,calm
2017-09-01,5.031436874087476e-05,0.0006163394937579298,0.0005626015456888975,0.000538674332885,calm
2017-09-04,3.301022198091983e-05,0.0006086030813734113,0.0005300268959179106,0.0005255966248385,calm
2017-09-05,4.460931623249669e-05,0.0005392166091476059,0.00048453494219839364,0.0003465031117071674,calm
2017-09-06,3.5945894755242536e-05,0.0005354652709490268,0.00045217166496390216,0.00032646938591587973,calm
2017-09-07,6.429266735222692e-05,0.0004933104698614175,0.00041680375293617764,0.0002131212317938976,calm
2017-09-08,6.366393664855473e-05,0.00039619808746864485,0.0003863475025067748,5.031436874087486e-05,calm
2017-09-11,5.781551360099993e-05,0.00037081229528668214,0.0003575250680582244,3.3010221980919944e-05,calm
2017-09-12,4.33456057118812e-05,0.0003880886840726403,0.00033454832842005715,4.4609316232496806e-05,calm
2017-09-13,4.866125509111361e-05,0.00034444345053786634,0.0003100320266023735,3.594589475524265e-05,calm
2017-09-14,8.539987947510773e-05,0.0003480342061301835,0.0003080060791977375,6.429266735222704e-05,calm
2017-09-15,8.307157326448488e-05,0.0003299446152205067,0.0002951729163696551,6.366393664855485e-05,calm
2017-09-18,8.507906100386354e-05,0.0003038945040117669,0.00027484611748077476,5.781551360100003e-05,calm
2017-09-19,8.87150889818834e-05,0.00026311878076263186,0.00025694238881780176,4.334560571188131e-05,calm
2017-09-20,0.0002822189833276,0.0002750873170698097,0.0002470967927439877,4.866125509111372e-05,calm
2017-09-21,0.0002380618801523,0.00030202355183215013,0.00025764957768174444,8.539987947510784e-05,calm
2017-09-22,0.0002946782120353,0.00027441185582286766,0.0002487930547979633,8.307157326448499e-05,calm
2017-09-25,0.0002918705177658,0.0002602593867405623,0.00023380554175776852,8.507906100386367e-05,calm
2017-09-26,0.0003116144331135,0.00023975492043950324,0.00022412829621613,8.871508898188353e-05,calm
2017-09-27,0.0001292060369822,0.0003346791213835812,0.00029788728826964295,0.00028221898332760965,calm
2017-09-28,0.0001359696463276,0.00028333561394467874,0.00028430030417778227,0.00023806188015238928,calm
2017-09-29,0.0001141925177487,0.00030384109255453723,0.00029041165609046155,0.0002946782120353924,calm
2017-10-02,0.0001516490651011,0.0002617202444178861,0.0002714270773632526,0.0002918705177658697,calm
2017-10-03,0.0001293482722448,0.00023330512421369651,0.0002612423296113592,0.0003116144331135025,calm
2017-10-04,0.0001120328952596,0.00020212595992813315,0.0002500951929612201,0.0001292060369822154,calm
2017-10-05,8.34547529038322e-05,0.00021099566653492294,0.00025419205397466673,0.0001359696463276947,calm
2017-10-06,4.603167555374179e-05,0.00021414019834168556,0.0002661976283069972,0.00011419251774878137,calm
2017-10-09,2.049404981763789e-05,0.00023237213601397946,0.00027353799136833174,0.0001516490651011851,calm
2017-10-10,3.714252872604555e-05,0.00021841179442924605,0.0002575142936034235,0.00012934827224485212,calm
2017-10-11,3.903259237973893e-05,0.0002118761675620396,0.00024127090659038317,0.00011203289525963752,calm
2017-10-12,5.366891582719684e-05,0.00019778843583664115,0.00022686170027242248,8.345475290383236e-05,calm
2017-10-13,8.662900217775831e-05,0.0001857648587052967,0.00021513139183072468,4.6031675553741914e-05,calm
2017-10-16,0.0001008574660889,0.0001618616473748304,0.00021300614312268977,2.0494049817638025e-05,calm
2017-10-17,0.0001271821997913,0.00017910058986017957,0.00021461653286765028,3.7142528726045684e-05,calm
2017-10-18,0.0001985785741123,0.0001782871011635609,0.0002063165679015828,3.903259237973907e-05,calm
2017-10-19,0.0005481140924165,0.00019270744556130123,0.000206917812640149,5.366891582719698e-05,calm
2017-10-20,0.0005627686564567,0.00021603627127758898,0.00021015683203927553,8.662900217775845e-05,calm
2017-10-23,0.0005389188269572,0.00021121243525012382,0.000207757808516111,0.00010085746608891173,calm
2017-10-24,0.0005710470263503,0.00022818087171674317,0.00022511549278888597,0.00012718219979135527,calm
2017-10-25,0.0005262143826116,0.0002630056701938864,0.00025718432905014687,0.00019857857411235077,calm
2017-10-26,0.0002029783341813,0.00040722139099162074,0.00040362710345312236,0.0005481140924165001,calm
2017-10-27,0.0001563270554507,0.00036583479512348593,0.00039177119352720534,0.0005627686564565,calm
2017-10-30,0.0001597114055292,0.00035000511529219736,0.00036116674082218843,0.0005389188269569999,calm
2017-10-31,0.000164946925607,0.00036533302180049383,0.00036372878195009995,0.00057104702635,calm
2017-11-01,0.0002070921813174,0.00036565862413489686,0.0003459078507914139,0.0005262143826115,calm
2017-11-02,0.0002026044229571,0.00032096760665622554,0.00034665611543374403,0.0002029783341813353,calm
2017-11-03,0.0002366631926394,0.00030204316770880924,0.00032223727397087996,0.0001563270554507005,calm
2017-11-06,0.0003968528877244,0.0002977418100759135,0.00030445759181563513,0.00015971140552927828,calm
2017-11-07,0.0003361680538709,0.0003133970559999901,0.0003319094684855976,0.00016494692560707072,calm
2017-11-08,0.0002900484343068,0.0003315396390895695,0.0003355429987835731,0.0002070921813174045,calm
2017-11-09,0.0005421599145919,0.0003363875982079914,0.0003348767656191082,0.0002026044229571492,calm
2017-11-10,0.0005692613989731,0.00035346359560634234,0.00033678038857653327,0.00023666319263946741,calm
2017-11-13,0.0004455167637278,0.00042440630985473297,0.0004058912812733892,0.00039685288772442365,calm
2017-11-14,0.0004321306771291,0.0004104580824295244,0.0003883731160952561,0.00033616805387090836,calm
2017-11-15,0.0004446372635677,0.0004046990681632877,0.00037542938558336107,0.0002900484343068044,calm
2017-11-16,0.0001687956718938,0.0005142854111896424,0.0004736934681733271,0.0005421599145914999,calm
2017-11-17,0.0001092490286494,0.0005265078771127026,0.00046054138423411037,0.000569261398973,calm
2017-11-20,6.984007726514839e-05,0.000510920367914394,0.0004376100703966422,0.00044551676372787214,calm
2017-11-21,6.505478010785709e-05,0.0004955363144976532,0.0004083827178279001,0.00043213067712915247,calm
2017-11-22,5.8063475227284434e-05,0.0005062558551059944,0.0004004490789666251,0.0004446372635677038,calm
2017-11-23,8.87738733522938e-05,0.00042781159136870216,0.0003788159728634053,0.0001687956718938832,calm
2017-11-24,8.070197595926201e-05,0.0003883533328086957,0.0003514427839369995,0.00010924902864944085,calm
2017-11-27,0.0002575507083657,0.00030126238394871343,0.00032837758337512406,6.984007726514855e-05,calm
2017-11-28,0.0002550299936773,0.0002891527348776936,0.0003046878517489996,6.505478010785725e-05,calm
2017-11-29,0.0002291322077751,0.0002944045673787063,0.000293901942243899,5.8063475227284604e-05,calm
2017-11-30,0.000195400106743,0.00030897601954339856,0.00030169299497056964,8.877387335229397e-05,calm
2017-12-01,0.0003011816096223,0.0002898434017533682,0.00028211844655714026,8.070197595926218e-05,calm
2017-12-04,0.0001634718018547,0.0003909008839800791,0.00033998443177698406,0.0002575507083657769,calm
2017-12-05,0.0001633765568181,0.00036745565903518096,0.00031497370193936413,0.00025502999367735306,calm
2017-12-06,0.0001592874859235,0.0003720893952976367,0.0002933376521619737,0.00022913220777518028,calm
2017-12-07,0.0001914478554058,0.0003507731552003942,0.0002756749555277493,0.00019540010674309926,calm
2017-12-08,0.0001504054364036,0.0003891386392788854,0.0003009365595680178,0.0003011816096223015,calm
2017-12-11,0.0001464375854587,0.0003530740164507708,0.00030699512278761136,0.00016347180185471337,calm
2017-12-12,0.0001849419733951,0.00032371474802722215,0.0002858979127810351,0.0001633765568181979,calm
2017-12-13,0.0001906380838832,0.00030081907033128655,0.00026827989370660575,0.00015928748592357333,calm
2017-12-14,0.000167273035248,0.00032321407499412696,0.0002779662110539165,0.00019144785540580822,calm
2017-12-15,0.0001024090228713,0.00032084485020122527,0.0002994984809880871,0.00015040543640368505,calm
2017-12-18,6.71008194096094e-05,0.0002646362824398089,0.0002922496872708788,0.00014643758545878165,calm
2017-12-19,3.978806733717312e-05,0.00026724238532105176,0.00028599093977487973,0.00018494197339517392,calm
2017-12-20,3.66733562738869e-05,0.0002564270298038466,0.0002726507196470988,0.00019063808388320878,calm
2017-12-21,2.322188544027146e-05,0.00025606459225214524,0.0002604979811629833,0.0001672730352480558,calm
2017-12-22,2.828706317710713e-05,0.000223188595814097,0.00024395217195924643,0.000102409022871364,calm
2017-12-27,8.633898516082724e-05,0.00020980653714027105,0.00022943924921885222,6.710081940960956e-05,calm
2017-12-28,0.000119398840711,0.0001963184586839496,0.0002191351734581593,3.978806733717328e-05,calm
2017-12-29,0.0001178617592412,0.00019228494425441907,0.00021087039527597966,3.667335627388706e-05,calm
2018-01-02,0.000113048620606,0.00017730600819120703,0.00019860681836817462,2.322188544027162e-05,calm
2018-01-03,0.0002228214748061,0.00017817455044197717,0.00018979718377798793,2.8287063177107292e-05,calm
2018-01-04,0.0002369233282317,0.00021853469353322284,0.00020358517514015154,8.63389851608274e-05,calm
2018-01-05,0.0002150579491219,0.0002388401274074255,0.00020904953639161848,0.00011939884071107473,calm
2018-01-08,0.0002197604013428,0.00019220574236393232,0.00019820346344460852,0.00011786175924129695,calm
2018-01-09,0.0002324396165122,0.0001892411477039741,0.00018953939728318263,0.0001130486206060676,calm
2018-01-10,0.0001217315393892,0.00024758766057505295,0.0002441217418653882,0.0002228214748061563,calm
2018-01-11,5.62380598464682e-05,0.0002655092878237036,0.00027215737522209296,0.00023692332823171,calm
2018-01-12,0.0001723904565565,0.00023843640310352025,0.0002616341337287535,0.00021505794912199597,calm
2018-01-15,0.0001657700357526,0.00022802088367103912,0.0002465155840611442,0.00021976040134286486,calm
2018-01-16,0.0002688842028314,0.00023459129362667018,0.00024111223641346403,0.00023243961651221528,calm
2018-01-17,0.000383892686084,0.0002119084202281777,0.00023104151230038478,0.0001217315393892424,calm
2018-01-18,0.0006733073632066,0.0001825784809283825,0.00022004793481339587,5.6238059846468356e-05,calm
2018-01-19,0.0006190394158399,0.00023916505532124816,0.0002641687181376774,0.0001723904565565164,calm
2018-01-22,0.0006499363926628,0.00021270869001705178,0.0002476955331732182,0.00016577003575267362,calm
2018-01-23,0.000650201574113,0.0002658496170178997,0.0002792034841555159,0.00026888420283144093,calm
2018-01-24,0.0005403531357623,0.0003104822908144097,0.0003265431883256691,0.00038389268608400443,calm
2018-01-25,0.0002464124903669,0.0004147574093644587,0.00045863771831795115,0.0006733073632065,calm
2018-01-26,0.0002401626106901,0.0004260213665342346,0.0004541218399145543,0.0006190394158395,calm
2018-01-29,0.0005753735143834,0.0004327129464157845,0.00043679302250346924,0.0006499363926625,calm
2018-01-30,0.0006638232800167,0.0004619251348585845,0.0004659859147711221,0.000650201574113,calm
2018-01-31,0.000852526858713,0.00044235648409318343,0.0004354816492336173,0.000540353135762,calm
2018-02-01,0.0010808103174087,0.00039056145144909923,0.0004050994721316412,0.0002464124903669123,calm
2018-02-02,0.0010624792555905,0.0004114438641693485,0.00041783479451331686,0.00024016261069017333,calm
2018-02-05,0.0008352654320064,0.0005414536301568848,0.0005736097824630405,0.000575373514383,calm
2018-02-06,0.0006411545855194,0.0005846470422453812,0.0006330270154059365,0.0006638232800165,calm
2018-02-07,0.00045412938623,0.0006484302409316627,0.0006601366667608856,0.000852526858713,calm
2018-02-08,0.000288273242027,0.0007218424186904814,0.0007244938554123905,0.0010808103174085,calm
2018-02-09,0.0002945743465136,0.0007013448865698156,0.0006940718679022052,0.0010624792555905,calm
2018-02-12,0.0001830680552057,0.0006931609067830925,0.000688471158631119,0.0008352654320060001,calm
2018-02-13,0.0001791219116379,0.0006513002434546152,0.0006298795177582002,0.000641154585519,calm
2018-02-14,0.0001804718828708,0.0006192050021534087,0.0005776511012888925,0.00045412938623005884,calm
2018-02-15,0.0001206963122765,0.0005946145651842823,0.0005533762924627697,0.00028827324202702247,calm
2018-02-16,0.000110687782876,0.0006066255300640696,0.0005311141091739341,0.00029457434651369824,calm
2018-02-19,8.894885197337864e-05,0.0005634680851173661,0.000503764324807513,0.00018306805520571816,calm
2018-02-20,8.328316783145714e-05,0.0005360314817522402,0.00046327993798365286,0.0001791219116379655,calm
2018-02-21,0.0001199573842045,0.000541051520063496,0.00043485541971177515,0.0001804718828708204,calm
2018-02-22,0.0001176020370825,0.0004912404673821133,0.000406225361651481,0.00012069631227656954,calm
2018-02-23,0.0001337076528557,0.0004827605471114497,0.00040734190302314983,0.00011068778287600399,calm
2018-02-26,0.0003074758938008,0.00041673478118977176,0.0003765926286320993,8.89488519733788e-05,calm
2018-02-27,0.0003341364045121,0.00039593995951554264,0.0003498717292177059,8.32831678314573e-05,calm
2018-02-28,0.0002909394226509,0.00043292162682560397,0.0003534927332039446,0.00011995738420459284,calm
2018-03-01,0.000287394300902,0.00040671607409860464,0.00033193057756293197,0.00011760203708259846,calm
2018-03-05,0.0002160811433582,0.00043327367631951967,0.0003492855203458121,0.00013370765285572288,calm
2018-03-06,0.0001240963448403,0.0005272412740312932,0.0003977971280897173,0.00030747589380082543,calm
2018-03-07,9.615436375015924e-05,0.0005174617518001547,0.0003762352003591952,0.0003341364045121065,calm
2018-03-08,0.0001106291870917,0.0004346957204286064,0.0003489601516004266,0.0002909394226509345,calm
2018-03-09,0.0001132777505629,0.0003897886032230948,0.0003253898369654741,0.0002873943009020154,calm
2018-03-12,0.0001247461255598,0.00033235043676825077,0.000303603318084959,0.00021608114335821367,calm
2018-03-13,8.268057181540556e-05,0.00028747877942107664,0.0003318774600539864,0.00012409634484035175,calm
2018-03-14,9.590317754529842e-05,0.00024891058502699167,0.00030821136933137003,9.615436375015939e-05,calm
2018-03-15,0.000241154717087,0.00024281473122553387,0.0002932734518087449,0.00011062918709178052,calm
2018-03-16,0.000237022589875,0.0002394066911093307,0.0002774564460816088,0.00011327775056295722,calm
2018-03-19,0.0003363640090928,0.0002450210008032358,0.0002682441994859057,0.0001247461255598502,calm
2018-03-20,0.0004095668743927,0.0002278877969396132,0.0002782578237756022,8.268057181540571e-05,calm
2018-03-21,0.0004205844359058,0.000219574215708873,0.0002695424827918383,9.59031775452986e-05,calm
2018-03-22,0.0003002832872864,0.00029159796363151887,0.0003413783513756886,0.0002411547170870186,calm
2018-03-23,0.0003038670334009,0.0002740790717481717,0.00031716225303152977,0.00023702258987509236,calm
2018-03-26,0.0002210692974559,0.0003283560917557131,0.0003564001413028669,0.00033636400909284434,calm
2018-03-27,0.000474352199203,0.00036543491103839266,0.0003774540664817305,0.00040956687439278034,calm
2018-03-28,0.0004875531270745,0.0003550745689419169,0.000356577453817947,0.0004205844359058861,calm
2018-03-29,0.0004420659848532,0.00034805227944552657,0.0003465512726902261,0.0003002832872864596,calm
2018-04-03,0.0004385096561603,0.00034275293546902786,0.00032475843809150407,0.0003038670334009974,calm
2018-04-04,0.0004895770530309,0.00032719358599996414,0.0003198913298872525,0.0002210692974559752,calm
2018-04-05,0.0002055545174996,0.00045942798212244873,0.0004576119648701993,0.00047435219920308544,calm
2018-04-06,0.0001683076193219,0.0004459969490080064,0.00044347025102697114,0.0004875531270745523,calm
2018-04-09,0.0002836735909336,0.0003851295933875422,0.0004078885344300798,0.0004420659848532574,calm
2018-04-10,0.0002841120974558,0.00037713823541276167,0.0003760937886013859,0.0004385096561603626,calm
2018-04-11,0.0002806970540197,0.0004188638327907087,0.00039283023660582596,0.0004895770530309247,calm
2018-04-12,0.0002008831928825,0.0003845625999274228,0.00039676123947639567,0.00020555451749963125,calm
2018-04-13,0.0002442179702376,0.00035668258786444027,0.00036685771210845776,0.0001683076193219931,calm
2018-04-16,0.0001325306660124,0.00041030002845191693,0.00038552387298624436,0.0002836735909336729,calm
2018-04-17,0.0002282516820512,0.0003946975393196929,0.0003572211099952817,0.00028411209745587995,calm
2018-04-18,0.0001587099205536,0.0004197316124101992,0.00036003066044847646,0.0002806970540197153,calm
2018-04-19,0.0002137307785329,0.00039304019872496746,0.00033500962462457384,0.00020088319288250235,calm
2018-04-20,0.0001733676718169,0.00041606218387231546,0.00032635443989921146,0.00024421797023768384,calm
2018-04-23,0.000170445495671,0.0003652886410682712,0.0003036311289735584,0.00013253066601241973,calm
2018-04-24,7.545913447468937e-05,0.0004222289379080865,0.0003364672737150761,0.0002282516820512284,calm
2018-04-25,0.0001163554525627,0.0003631034361623071,0.00031781614242950196,0.0001587099205536176,calm
2018-04-26,0.0001042191963692,0.00039840501011293393,0.000319089373021516,0.0002137307785329892,calm
2018-04-27,0.0002022586314686,0.0003573762364365981,0.00029982921284286653,0.000173367671816902,calm
2018-04-30,0.0003518545641137,0.0003310985217943201,0.0002793092323566184,0.00017044549567103224,calm
2018-05-01,0.0003746048398595,0.0002892781496803074,0.0002628388701483334,7.545913447468955e-05,calm
2018-05-02,0.0003280672844615,0.00031765627527824316,0.0002635304987649596,0.00011635545256276884,calm
2018-05-03,0.000295409804018,0.00032124938633999175,0.0002769762342049618,0.00010421919636924432,calm
2018-05-04,0.0002431582082905,0.0003716233519721299,0.00029886517193881425,0.00020225863146861018,calm
2018-05-08,0.000100542993608,0.0003555937536404061,0.0003399787663643599,0.00035185456411377584,calm
2018-05-09,8.21365243921099e-05,0.0003510034852829328,0.00032297086115507635,0.0003746048398595073,calm
2018-05-10,0.0001926246021235,0.00033678828620011946,0.00030004019481166746,0.00032806728446155146,calm
2018-05-11,0.0001784080190472,0.0003421772555968958,0.00029190608612548037,0.00029540980401805244,calm
2018-05-14,0.0002718463625904,0.0003278843951739527,0.00029002523429596925,0.00024315820829057865,calm
2018-05-15,0.0002684701159781,0.0002674747265721448,0.00027692851035324503,0.00010054299360805907,calm
2018-05-16,0.000317857548407,0.00025977426118827104,0.00025990491220394745,8.21365243921101e-05,calm
2018-05-17,0.0002061071536712,0.0003013899978786028,0.000288148281468833,0.00019262460212356294,calm
2018-05-18,0.0002176458328197,0.0002913699514485793,0.00026947307345144344,0.00017840801904726866,calm
2018-05-21,7.868009109909014e-05,0.00033412467691782067,0.00031008770046551856,0.0002718463625904164,calm
2018-05-22,0.0001394998171754,0.00032433469863859924,0.0002892644085790407,0.0002684701159781887,calm
2018-05-23,8.691581357624564e-05,0.00034159937302926177,0.0003021928738091268,0.0003178575484070635,calm
2018-05-24,9.94899233353986e-05,0.00029923904433794523,0.00028180734360148236,0.00020610715367120887,calm
2018-05-25,0.0001175985146325,0.00030096078997630775,0.00026768082354730594,0.00021764583281970036,calm
2018-05-28,0.0001222716263758,0.0002544035238554461,0.00025100638970264934,7.868009109909033e-05,calm
2018-05-29,6.128086089775626e-05,0.0002841254843448134,0.00027340011335425933,0.00013949981717541505,calm
2018-05-30,9.171402995361057e-05,0.0002579513774383885,0.00025843426537183636,8.691581357624585e-05,calm
2018-05-31,8.053387138777625e-05,0.000268782236379358,0.0002456773488885496,9.948992333539878e-05,calm
2018-06-01,5.620018788604687e-05,0.00028425031860413087,0.00024240179615098238,0.00011759851463250334,calm
2018-06-05,6.316950295433831e-05,0.00027493226398307664,0.00023440103013537664,0.00012227162637582303,calm
2018-06-06,5.969329251548264e-05,0.00023793646101562073,0.00022149284987333054,6.128086089775647e-05,calm
2018-06-07,7.521530282689095e-05,0.00024283189893451837,0.00022972916076604452,9.171402995361076e-05,calm
2018-06-08,0.0001227318958663,0.00020186908773377326,0.00021853690532526598,8.053387138777644e-05,calm
2018-06-11,0.0001571864661351,0.0001908276802443155,0.00020884655512621423,5.6200187886047057e-05,calm
2018-06-12,0.0001483233578757,0.00019785453372653283,0.00020850460522493544,6.31695029543385e-05,calm
2018-06-13,0.0001742764482831,0.00018863484708287468,0.00019759058694874363,5.969329251548282e-05,calm
2018-06-14,0.0001567040609381,0.00020102257486244178,0.00020540451098080627,7.521530282689113e-05,calm
2018-06-15,0.0001467112671525,0.00022612325702489445,0.00022391233222293603,0.00012273189586630752,calm
2018-06-18,0.0004334335889978,0.00024363680460716855,0.0002377527557590608,0.000157186466135186,calm
2018-06-19,0.0004272713643679,0.00021303637003067214,0.00022906023525996172,0.00014832335787571535,calm
2018-06-20,0.0004384414451969,0.00022645131970656083,0.0002248364580893003,0.00017427644828311086,calm
2018-06-21,0.0004957421925686,0.00019459193910829678,0.00023160578382624598,0.0001567040609381538,calm
2018-06-22,0.0004749647305453,0.0002019073820434387,0.00023193513563438546,0.00014671126715253685,calm
2018-06-25,0.0002083757104068,0.0003196905271799471,0.00038969002966860713,0.0004334335889978471,calm
2018-06-26,0.0002134870861459,0.0002994248281066393,0.0003602903638091692,0.00042727136436799173,calm
2018-06-27,0.0001967609604815,0.0003209622644054492,0.0003467390379704625,0.0004384414451969679,calm
2018-06-28,0.0001093662820999,0.0003509105439760307,0.0003708445415484244,0.0004957421925686328,calm
2018-06-29,0.0001127374539731,0.0003326749605271077,0.00034831234265559675,0.0004749647305453712,calm
2018-07-02,5.156108420601067e-05,0.0003100974664792396,0.0003596864620288123,0.0002083757104068912,calm
2018-07-03,5.735407988167398e-05,0.00030386481599263294,0.00033380966062731724,0.00021348708614599723,calm
2018-07-04,7.689723583221875e-05,0.00030062157143894287,0.00031639893199384133,0.00019676096048151787,calm
2018-07-05,0.0002037065265585,0.000266825757791393,0.00029553413686101565,0.0001093662820999465,calm
2018-07-06,0.0001917500938315,0.000278240405957984,0.0002822113334155151,0.00011273745397318645,calm
2018-07-09,0.0001914246838954,0.00023805844313574541,0.0002638398896103091,5.156108420601085e-05,calm
2018-07-10,0.0001967041581384,0.00024617108171874245,0.00025530254383715565,5.7354079881674145e-05,calm
2018-07-11,0.0001558108840834,0.00026589494053347784,0.00026429166556967836,7.689723583221891e-05,calm
2018-07-12,7.214558179780601e-05,0.00033515920970838496,0.000298956738913246,0.00020370652655851722,calm
2018-07-13,0.0001082567941521,0.00032752797689919764,0.0002808783294048125,0.00019175009383158985,calm
2018-07-16,0.00021197310188,0.0003147073907417687,0.00026257524152445015,0.00019142468389543474,calm
2018-07-17,0.0002050533035246,0.0003135967901664254,0.00025724572957032225,0.00019670415813841948,calm
2018-07-18,0.0002052005610877,0.000277926250034264,0.00024148002713182958,0.00015581088408345124,calm
2018-07-19,0.0002038779887432,0.00027022221788428334,0.00025352776070921115,7.214558179780615e-05,calm
2018-07-20,0.0001769032561898,0.0002911272150085925,0.000265249342600093,0.00010825679415213385,calm
2018-07-23,0.000144216305902,0.0003405168514132173,0.00030716500026498744,0.0002119731018800978,calm
2018-07-24,0.0001360145278004,0.0003265905437596432,0.00028814519430255344,0.00020505330352466018,calm
2018-07-25,0.0001418648777019,0.00024521358702731227,0.00026958081538401004,0.00020520056108771449,calm
2018-07-26,0.0002688839044522,0.0002656709139576705,0.0002674105925155806,0.00020387798874326802,calm
2018-07-27,0.0003384858114924,0.0002539143405490774,0.00026296367306304774,0.00017690325618984737,calm
2018-07-30,0.0002804151091636,0.0002453075028029224,0.0002882823645907443,0.00014421630590201503,calm
2018-07-31,0.000279576956603,0.0002319117666079933,0.00027070547407132207,0.00013601452780049843,calm
2018-08-01,0.0003317214237079,0.00022288650253817117,0.00025840350814482135,0.00014186487770195605,calm
2018-08-02,0.0001678836382187,0.00029363383123587257,0.0003332058753433998,0.00026888390445225444,calm
2018-08-03,0.0001695239401552,0.00031919229090749865,0.00034360927806474835,0.0003384858114924299,calm
2018-08-06,0.0001546326569851,0.0003096258979653958,0.00032291365039907263,0.00028041510916366,calm
2018-08-07,0.000155765245663,0.0002956580759061432,0.00030087368016290495,0.0002795769566030631,calm
2018-08-08,0.000230850131668,0.0003289600136707451,0.000314208949350318,0.0003317214237079745,calm
2018-08-09,0.0002917425130172,0.00029052741334949017,0.000297174181205243,0.00016788363821870233,calm
2018-08-10,0.000217529790571,0.00030745659638783013,0.0003274136726382482,0.00016952394015520432,calm
2018-08-13,0.0002341613538106,0.000265481760608762,0.00030399235096217057,0.00015463265698512898,calm
2018-08-14,0.0002345948139196,0.0002661213569562505,0.00028307786973162755,0.0001557652456630148,calm
2018-08-15,0.0001044619977476,0.0003221557673914127,0.0003369131996232091,0.00023085013166806228,calm
2018-08-16,3.813185684679027e-05,0.00034356414017205206,0.0003377020768692038,0.0002917425130172391,calm
2018-08-17,0.0001434505575872,0.00032844354210619564,0.000317752328356269,0.00021752979057103398,calm
2018-08-20,0.0001264170777232,0.00032656441375804085,0.00030042449013178014,0.00023416135381067968,calm
2018-08-21,0.0001286386735945,0.0003118717674390609,0.0002799528931007898,0.00023459481391969995,calm
2018-08-22,0.0001548963171244,0.00025664214783068217,0.0002647491405170591,0.00010446199774769504,calm
2018-08-23,0.0001589304187722,0.0002150678435973229,0.00024886861959311435,3.8131856846790404e-05,calm
2018-08-24,5.915356877696499e-05,0.00030042504704882024,0.00028231185211663934,0.00014345055758722627,calm
2018-08-27,6.300515544466378e-05,0.0002711981996175979,0.00026376726325836084,0.00012641707772321895,calm
2018-08-28,7.839320728450357e-05,0.0002766727916001941,0.0002509368218847446,0.00012863867359452031,calm
2018-08-29,0.0001283385325885,0.00027934494509719327,0.000245379770936142,0.00015489631712441778,calm
2018-08-30,0.0001243401354961,0.00027717551448039514,0.00023467097082483995,0.00015893041877229673,calm
2018-08-31,0.0001532368983401,0.0002442592295504838,0.00023511583270648768,5.915356877696512e-05,calm
2018-09-03,0.0001524966313789,0.00021183631603310745,0.00022199795754549795,6.300515544466392e-05,calm
2018-09-04,0.0001364450976902,0.00020697195114418102,0.00022276461671175837,7.83932072845037e-05,calm
2018-09-05,8.414517234011497e-05,0.00024017524700894644,0.0002553438130231789,0.00012833853258852705,calm
2018-09-06,9.068517707983488e-05,0.0002296338106369913,0.00024049447578491527,0.00012434013549618664,calm
2018-09-07,4.19658215005796e-05,0.00024403351406761497,0.00025597196399514615,0.00015323689834014582,calm
2018-09-10,6.454361250943825e-05,0.00023833206312257385,0.00024336498242419368,0.00015249663137896282,calm
2018-09-11,9.086691694487584e-05,0.0002144554193046887,0.0002292401409259083,0.00013644509769028564,calm
2018-09-12,6.958164861926408e-05,0.00020827163202077933,0.00023343928637568215,8.414517234011511e-05,calm
2018-09-13,6.745339048259475e-05,0.00020972735503826029,0.0002213744788650922,9.068517707983501e-05,calm
2018-09-14,9.516573556584486e-05,0.00015787709616923518,0.00020915542028128757,4.196582150057972e-05,calm
2018-09-17,0.0002520332677185,0.00016263168712043387,0.00020658167611240508,6.454361250943839e-05,calm
2018-09-18,0.0002351920709416,0.00017495891499407258,0.00020584224995912713,9.0866916944876e-05,calm
2018-09-19,0.0002351514084006,0.00016328124743038451,0.0001963139476631318,6.958164861926421e-05,calm
2018-09-20,0.0002332360460676,0.00016298055102169918,0.00019104107260393182,6.745339048259489e-05,calm
2018-09-21,0.0003005874148392,0.00018050958079242306,0.00020043986505714883,9.5165735565845e-05,calm
2018-09-24,0.0001360625511473,0.00026164493107436594,0.0002879029442785396,0.00025203326771850256,calm
2018-09-25,0.0001346900629008,0.00022604281801364809,0.0002779690442919243,0.0002351920709416914,calm
2018-09-26,0.0002367697306831,0.00022613509369415763,0.00026083962348750274,0.00023515140840063125,calm
2018-09-27,0.0003111895773749,0.00022438300743881742,0.0002447399895439314,0.00023323604606765997,calm
2018-09-28,0.0002394908707263,0.00025773797450652465,0.0002838744225795457,0.00030058741483928657,calm
2018-10-01,0.000313852477053,0.00022894526569730225,0.00027737332884319717,0.00013606255114730097,calm
2018-10-02,0.0003931269434444,0.00022556058811210906,0.00026774022600518785,0.00013469006290086174,calm
2018-10-03,0.0010680267075279,0.0002758716996518582,0.00029342630877065044,0.0002367697306831211,calm
2018-10-04,0.0014827857105442,0.00030131024288993093,0.0003175199933211758,0.0003111895773749302,calm
2018-10-05,0.0016305120898724,0.000274149383556018,0.0003112195390307641,0.00023949087072635048,calm
2018-10-08,0.0015444260519097,0.00031134504725982933,0.0003412940643951763,0.0003138524770530763,calm
2018-10-09,0.0020361068899388,0.0003322655828191444,0.00036733491476069246,0.0003931269434444088,calm
2018-10-10,0.0013992422672019,0.0005941058121135588,0.0007322922490395364,0.0010680267075275,calm
2018-10-11,0.0011580305958987,0.00073552856545025,0.0009169150211181071,0.001482785710544,calm
2018-10-12,0.0012239438007413,0.000772480238863861,0.0009026619699118893,0.0016305120898719998,calm
2018-10-15,0.0012375989241731,0.000747507988589101,0.0008200283810885665,0.0015444260519095,calm
2018-10-16,0.0009025418912876,0.0009327500813576357,0.001000672437875671,0.0020361068899385,calm
2018-10-17,0.0007615872598438,0.0008954849507024123,0.000985367467991928,0.0013992422672014998,calm
2018-10-18,0.0005906640359636,0.0009147789917690511,0.0010243173417950945,0.0011580305958985,calm
2018-10-19,0.0003538600621992,0.0009646622964195446,0.0010530053137167436,0.0012239438007409999,calm
2018-10-22,0.0004766946524124,0.0009513701332711382,0.0009594263254634765,0.001237598924173,calm
2018-10-23,0.0003054060859906,0.0009611429654759767,0.000999412698942672,0.0009025418912874999,calm
2018-10-24,0.0003535378205492,0.0008811213820934837,0.0009096863902338582,0.0007615872598435,calm
2018-10-25,0.0002756758049584,0.0008763154073352881,0.0008558401422837321,0.0005906640359634999,calm
2018-10-26,0.00039357139449,0.0007871568841460877,0.0007768953352329561,0.0003538600621992417,calm
2018-10-29,0.0002784273541816,0.0008727453828174303,0.0007643308333067541,0.0004766946524124699,calm
2018-10-30,0.0002820307703648,0.0008090791211344278,0.0007241722462332205,0.00030540608599062644,calm
2018-10-31,0.0005945405682413,0.0008300241112942506,0.0006784703737709957,0.00035353782054920574,calm
2018-11-01,0.0006626576464682,0.0007788804846264668,0.0006182557594247442,0.00027567580495845495,calm
2018-11-02,0.0005673697047156,0.0008490950309617691,0.0006121795213764008,0.00039357139449008947,calm
2018-11-05,0.0005943931677891,0.000790129300807658,0.0005764965627891407,0.00027842735418166147,calm
2018-11-06,0.0005181302121584,0.0008055806760010836,0.0005720821400444691,0.00028203077036487124,calm
2018-11-07,0.0002362823402022,0.0009548047168912722,0.0006803918600247223,0.000594540568241,calm
2018-11-08,0.0016915449785321,0.0009556072625502331,0.0006600726802514795,0.000662657646468,calm
2018-11-09,0.00168666947274,0.0008080660293457705,0.0006174222382215234,0.0005673697047155,calm
2018-11-12,0.0018287330976138,0.0007451926068717471,0.0005956750261072207,0.000594393167789,calm
2018-11-13,0.002024954973233,0.0006866803760962387,0.0005444971703758558,0.0005181302121579999,calm
2018-11-14,0.0021055980858994,0.0006360368618228764,0.0005306700714525001,0.00023628234020223117,calm
2018-11-15,0.0006143250954579,0.001063158540557477,0.0012381784212509752,0.001691544978532,calm
2018-11-16,0.0007368539952786,0.0010055407096902552,0.0011248569382525388,0.00168666947274,calm
2018-11-19,0.0005401105057671,0.0010253490135860943,0.001122172422627628,0.0018287330976134999,calm
2018-11-20,0.000423051591508,0.001033884970914175,0.0011212036995944864,0.002024954973233,calm
2018-11-21,0.0002981176783604,0.0010665698337613775,0.0010818130421025455,0.002105598085899,calm
2018-11-22,0.0002701146969466,0.0008404293418575061,0.0010002039036456068,0.0006143250954575,calm
2018-11-23,0.0001581019091874,0.0008960159987907793,0.0009637115475778686,0.0007368539952785,calm
2018-11-26,0.0001826768444096,0.0007973246758442137,0.0008739650524374084,0.000540110505767,calm
2018-11-27,0.0007385440449464,0.0008205840048782206,0.0008397522657554456,0.00042305159150805757,calm
2018-11-28,0.0007321225266608,0.0007589841575571546,0.0007864128646769734,0.0002981176783604045,calm
2018-11-29,0.001722210851598,0.000727581971676904,0.0007159292206610168,0.0002701146969466171,calm
2018-11-30,0.0017946927917544,0.0006757155379594708,0.000670504676263463,0.0001581019091874685,calm
2018-12-03,0.002419657348024,0.0006927522276240374,0.0006189523915384013,0.00018267684440969733,calm
2018-12-04,0.0020117650018343,0.0009634634854589181,0.0008871685673233465,0.0007385440449459999,calm
2018-12-05,0.0020114316817928,0.0009420227386982523,0.000825375194248355,0.0007321225266605,calm
2018-12-06,0.001020687001995,0.0012627972365752977,0.0012459022065129887,0.0017222108515979999,calm
2018-12-07,0.0009278491016089,0.0012044092902406963,0.001166341296064644,0.0017946927917540001,calm
2018-12-10,0.0003562487189229,0.001381531523278918,0.0013823960217445202,0.0024196573480239998,calm
2018-12-11,0.0002031721855609,0.0013677666632863046,0.001344936223928448,0.002011765001834,calm
2018-12-12,0.0001855680689128,0.0013443214901954054,0.0012255639505610557,0.0020114316817925,calm
2018-12-13,0.0003342774745529,0.0011972419861559535,0.0011086752968647374,0.001020687001995,calm
2018-12-14,0.0003323077914004,0.00117413990054337,0.0010103904074013805,0.0009278491016085001,calm
2018-12-17,0.0002558709613809,0.0008352920895534238,0.0009594403102805945,0.00035624871892291456,calm
2018-12-18,0.0003598430829112,0.000774751783436106,0.0009135943831123631,0.0002031721855609701,calm
2018-12-19,0.000955131030402,0.0007313541413427714,0.0008327783536340833,0.00018556806891288042,calm
2018-12-20,0.0008151361856152,0.0008069823095961147,0.0008393832481190536,0.000334277474552919,calm
2018-12-21,0.0008112760831895,0.0007658611674348105,0.0007637791690025662,0.00033230779140043336,calm
2018-12-24,0.0008125012527797,0.0007231321509992856,0.0006945127357036476,0.0002558709613809288,calm
2018-12-27,0.0016219677022947,0.0007947561696250867,0.0007294175410704779,0.00035984308291127517,calm
2018-12-28,0.0010125732913233,0.001033838851531468,0.0009322594039294437,0.0009551310304019999,calm
2018-12-31,0.0010253176112463,0.0009706681820380228,0.0008491926628691498,0.000815136185615,calm
2019-01-02,0.0011119860172792,0.0009466025811957992,0.0007661612220315175,0.0008112760831895001,calm
2019-01-03,0.0011113403439463,0.0009442226850604932,0.0006996043786782286,0.0008125012527795,calm
2019-01-04,0.0001790806574791,0.001266955981579947,0.001078780535899821,0.0016219677022944999,calm
2019-01-07,0.0002035129157733,0.0011091264854792267,0.0009780115434233033,0.001012573291323,calm
2019-01-08,0.0002055578669865,0.0010488557723279687,0.0008957743816341697,0.001025317611246,calm
2019-01-09,0.0002221560221994,0.0010817891753364093,0.0008488232119109142,0.001111986017279,calm
2019-01-10,0.0002211881797987,0.000888106299143905,0.0007711244973762418,0.0011113403439459999,calm
2019-01-11,0.0004312739812101,0.0006812825969718039,0.0007342721922153144,0.00017908065747912662,calm
2019-01-14,0.0004076318367223,0.0006029588435225921,0.0006838709826979534,0.0002035129157733645,calm
2019-01-15,0.0003971786956776,0.0005747024012273261,0.0006407190235120005,0.00020555786698659822,calm
2019-01-16,0.0002939450291146,0.0005992117590981639,0.000627700318610264,0.0002221560221994217,calm
2019-01-17,0.0003773948379712,0.000576859983122809,0.000573003794180697,0.00022118817979878522,calm
2019-01-18,0.0002731576432004,0.0007116622355746405,0.0006385131268189397,0.00043127398121012316,calm
2019-01-21,0.0002724660198631,0.0006651056090507797,0.0005845405733985792,0.000407631836722391,calm
2019-01-22,0.0002546889257973,0.0006659805712302989,0.0005402595008482683,0.00039717869567763007,calm
2019-01-23,0.0002544225374382,0.0006257091812270572,0.000495343969740071,0.0002939450291146217,calm
2019-01-24,0.000420794320755,0.0006557238609472417,0.0005005957302185845,0.00037739483797121523,calm
2019-01-25,0.0004035012253402,0.0006513192403780458,0.0005274656708114959,0.00027315764320045666,calm
2019-01-28,0.0004039874202094,0.000624535203124138,0.00048460980049765665,0.0002724660198631236,calm
2019-01-29,0.0007177847800825,0.000590213761477975,0.00044487061643389827,0.00025468892579733765,calm
2019-01-30,0.000748213373505,0.0005013839538150396,0.000409885029987065,0.00025442253743828623,calm
2019-01-31,0.0009640388137534,0.0006044535364385502,0.0005063832180810825,0.00042079432075507175,calm
2019-02-01,0.0008196164841541,0.0006230455137214142,0.0005250451029892298,0.00040350122534021666,calm
2019-02-04,0.0009656225885378,0.0006001298669458655,0.0004828226164820983,0.0004039874202094747,calm
2019-02-05,0.0006583008015212,0.000548462128499807,0.0005782416903460666,0.0007177847800825,calm
2019-02-06,0.0007840812958224,0.0005491968858532442,0.000540755172034338,0.000748213373505,calm
2019-02-07,0.0003747091029678,0.0006783014538167695,0.000728301440371408,0.0009640388137530001,calm
2019-02-08,0.0003825903837531,0.0006176677268406193,0.0006657352173198364,0.000819616484154,calm
2019-02-11,0.0002367602132831,0.0006839548820345152,0.0006677676746447768,0.0009656225885375,calm
2019-02-12,0.0002298387616817,0.0006193230664867774,0.0006105889176206269,0.0006583008015210001,calm
2019-02-13,0.0002387240223367,0.0006787954178855191,0.0006237729460600085,0.000784081295822,calm
2019-02-14,0.0001853273641219,0.0006051964022356982,0.0006017454007807443,0.0003747091029678756,calm
2019-02-15,0.0001783829103343,0.000582604625351816,0.0005527216547585727,0.0003825903837531792,calm
2019-02-18,0.0001815933287769,0.000532700565788573,0.0005059668052988329,0.00023676021328312605,calm
2019-02-19,0.0002297841705636,0.00048085863964001004,0.00046399367291733535,0.0002298387616817092,calm
2019-02-20,6.252927086213903e-05,0.0005370413929928737,0.0004964669365904431,0.00023872402233673768,calm
2019-02-21,0.0001140171946542,0.0004988168826845797,0.0004590264059677115,0.0001853273641219444,calm
2019-02-22,0.0002792255805416,0.0004955711585808342,0.0004253216307452572,0.0001783829103343252,calm
2019-02-25,0.0002900435314899,0.0004854880111180522,0.000395824940824708,0.00018159332877699285,calm
2019-02-26,0.0002534246234246,0.0004935176739290424,0.000383508206317413,0.00022978417056362385,calm
2019-02-27,0.0002849218015547,0.00039171035151852374,0.0003544441856905688,6.25292708621393e-05,calm
2019-02-28,0.0005082958679204,0.00045151350317324007,0.0003494325493535333,0.00011401719465424685,calm
2019-03-01,0.0003508345776432,0.0005520389323543047,0.00039411035971973813,0.0002792255805416107,calm
2019-03-04,0.0003708081965043,0.0005044611758139923,0.000368703210815451,0.00029004353148995077,calm
2019-03-05,0.0003652507299148,0.00046942198937641324,0.00034454661669001084,0.0002534246234246335,calm
2019-03-06,0.0003707980050048,0.00048761757811239463,0.0003390107215765733,0.00028492180155477974,calm
2019-03-07,9.245445579146076e-05,0.0005356163584604747,0.0004565743331027271,0.00050829586792,calm
2019-03-08,0.0002269110859454,0.0004886629696411247,0.00042774332532969186,0.0003508345776432014,calm
2019-03-11,0.0001912758056811,0.0004112690006295623,0.00040675358174266146,0.00037080819650439384,calm
2019-03-12,0.0001893142371998,0.0004053382219754505,0.00037665094108504607,0.00036525072991486885,calm
2019-03-13,0.0001825626551218,0.0003887847101521472,0.00036213687054356507,0.00037079800500487497,calm
2019-03-14,0.0003447844570881,0.00030191813780236477,0.00033523717585338454,9.245445579146099e-05,calm
2019-03-15,0.0004207559420317,0.0003599875905375969,0.0003712896516381362,0.00022691108594546068,calm
2019-03-18,0.0004244991244276,0.0003136385839128102,0.000343647439111891,0.00019127580568118206,calm
2019-03-19,0.000425725241843,0.0003276366378144349,0.000322416087928918,0.00018931423719981437,calm
2019-03-20,0.000398348949197,0.00033705280275146275,0.0003185661150291947,0.00018256265512186907,calm
2019-03-21,0.0002355927247546,0.00041224221401823624,0.0003813226373762263,0.0003447844570881375,calm
2019-03-22,0.000230851376403,0.00043783658314885076,0.0004665891610377669,0.00042075594203170284,calm
2019-03-25,0.0003232889612058,0.00042414235314052634,0.0004320665129058307,0.0004244991244276198,calm
2019-03-26,0.0003180255858055,0.00042608621325078796,0.0003990687553676228,0.0004257252418430341,calm
2019-03-27,0.0006250980710787,0.00042063568843332607,0.0003691081495104502,0.000398348949197046,calm
2019-03-28,0.0006251156433671,0.0003659619152187905,0.0003419397668234631,0.00023559272475462547,calm
2019-03-29,0.0005257887690222,0.000431095418009225,0.000408733380874797,0.00023085137640308786,calm
2019-04-01,0.000622010658125,0.00045917639687909436,0.0004153781630117715,0.00032328896120588585,calm
2019-04-02,0.0006803756859836,0.0004055476066934239,0.000382905398017588,0.00031802558580552387,calm
2019-04-03,0.0003700128060014,0.0005406778097353574,0.0004873490391529401,0.0006250980710785,calm
2019-04-04,0.0004084085481402,0.0005036535204283002,0.000447406626604925,0.000625115643367,calm
2019-04-05,0.0003665629793892,0.0005370457390038551,0.0004594114760109794,0.000525788769022,calm
2019-04-08,0.0002614441776627,0.0005353788946200491,0.0005219753911503473,0.000622010658125,calm
2019-04-09,0.0002393199473443,0.0005476184279950635,0.0005112474317280762,0.0006803756859835,calm
2019-04-10,0.000308493103638,0.0004754361928028981,0.00047006391779111107,0.0003700128060014013,calm
2019-04-11,0.0003339087208174,0.0005037035920501478,0.0004458019320223982,0.0004084085481402879,calm
2019-04-12,0.0003084035016555,0.0005052108665899751,0.0004398996529999139,0.00036656297938921563,calm
2019-04-15,0.0002698181796647,0.0004953520015897976,0.00043943906465160413,0.00026144417766278563,calm
2019-04-16,0.0003096495725567,0.00046606627153476414,0.0004176037988700336,0.00023931994734434678,calm
2019-04-17,0.0002408086015646,0.0005002124261083903,0.00041212666240019857,0.0003084931036380161,calm
2019-04-18,0.0002479042462916,0.0005169107252713928,0.0004045820812703208,0.000333908720817411,calm
2019-04-23,0.0001974077231807,0.0005129977827009063,0.00040198073478579983,0.00030840350165552534,calm
2019-04-24,0.0002079311330255,0.0004821183683445186,0.00039870348902320234,0.0002698181796647016,calm
2019-04-25,0.0001324909486203,0.00046715632415183296,0.000409920204232834,0.00030964957255670187,calm
2019-04-26,0.0004134767883315,0.0004342125545753531,0.0003780787709464387,0.00024080860156465436,calm
2019-04-29,0.0003611646236082,0.0004624868595207517,0.00037712278442970926,0.00024790424629169154,calm
2019-04-30,0.0007180926968281,0.00041985126747753557,0.00034878023675236097,0.00019740772318075934,calm
2019-05-02,0.0006588906330389,0.0004589655739052622,0.00034590336407654305,0.00020793113302553583,calm
2019-05-03,0.0008750302262924,0.00037927709184412564,0.0003220814064406489,0.00013249094862034065,calm
2019-05-07,0.0007562201923839,0.0005112032012783351,0.00044303559981351075,0.00041347678833154866,calm
2019-05-08,0.0007406009052318,0.000493168545006402,0.0004196010967405304,0.00036116462360829144,calm
2019-05-09,0.0005015562818324,0.0005716266107215291,0.0005666649317142416,0.000718092696828,calm
2019-05-10,0.0005231230115462,0.0005216572301899218,0.0005186774073631732,0.0006588906330385,calm
2019-05-13,0.0003895850335903,0.000608392190229478,0.0005871527683091143,0.0008750302262920001,calm
2019-05-14,0.0002280233991198,0.0005873759475679713,0.000604451724694136,0.0007562201923834999,calm
2019-05-15,0.0002258462664204,0.0005556745197877075,0.0005526122394021954,0.0007406009052315,calm
2019-05-16,0.0002974182058737,0.000561578972770878,0.000553596957076608,0.000501556281832,calm
2019-05-17,0.0002976597586717,0.0005543148711025959,0.0005201470689336272,0.000523123011546,calm
2019-05-20,0.0002162857885915,0.000536749370510849,0.0005222451909847451,0.0003895850335903754,calm
2019-05-21,0.0002524802621597,0.00046477332854925386,0.0004787389620112811,0.0002280233991198398,calm
2019-05-22,0.0005211518223928,0.00045526041451369017,0.000439626536961735,0.00022584626642046152,calm
2019-05-23,0.0004909750987282,0.0005178407720470493,0.0005028359824355191,0.00029741820587370294,calm
2019-05-24,0.0005354031918633,0.0005015051953989876,0.0004748414849145922,0.0002976597586717754,calm
2019-05-27,0.0006952335277489,0.00046040749923614095,0.0004384111179951243,0.00021628578859154453,calm
2019-05-28,0.0006703638988665,0.00048074470359270137,0.00041730436994197166,0.0002524802621597188,calm
2019-05-29,0.0004742665785484,0.0005844318896232925,0.0005220738327096444,0.0005211518223925,calm
2019-05-30,0.0003841916544224,0.0006061566844425088,0.0005443847116422714,0.0004909750987282677,calm
2019-05-31,0.0003313702715529,0.0006091417012478068,0.0005351696873406123,0.000535403191863,calm
2019-06-04,0.0001811880162483,0.0006700603439209368,0.0005572926482742925,0.0006952335277485,calm
2019-06-05,0.0003843997177229,0.000644392812644115,0.000513843879314288,0.0006703638988665,calm
2019-06-06,0.0004090982918138,0.0006321103630199655,0.0005114913001918465,0.0004742665785484518,calm
2019-06-07,0.0003779381520305,0.0005744266050924209,0.000495797444635399,0.0003841916544224741,calm
2019-06-10,0.0003950801721677,0.0005531058754780214,0.0004588843436976878,0.00033137027155293806,calm
2019-06-11,0.000429613861344,0.00044759919275961683,0.0004252500893908888,0.00018118801624835375,calm
2019-06-12,0.0002133173722909,0.0005555250477730402,0.0005031933823353745,0.0003843997177229963,calm
2019-06-13,0.0001531451315144,0.000535205679418507,0.0005007820428116954,0.00040909829181381193,calm
2019-06-14,0.0002420265978247,0.0005011815195962033,0.00048162768692345723,0.0003779381520305539,calm
2019-06-17,0.0003233583477811,0.0005089785286460184,0.0004605343646954969,0.0003950801721677432,calm
2019-06-18,0.0003186983500059,0.0005034883910096499,0.00044053963280169173,0.0004296138613440161,calm
2019-06-19,0.0003294531074665,0.00042696837770080673,0.0004054833639686722,0.00021331737229099263,calm
2019-06-20,0.000303017714148,0.0004170741383881388,0.0003877913603525358,0.00015314513151443084,calm
2019-06-21,0.0002305628375897,0.0004747595873376606,0.000425512064393162,0.0002420265978247527,calm
2019-06-24,0.0002758632403697,0.0005165103683363074,0.0004517685102150412,0.00032335834778119646,calm
2019-06-25,0.0002342581791771,0.00048423686911113156,0.0004307582687110106,0.000318698350005936,calm
2019-06-26,0.0005577453754235,0.000479455321853965,0.0003997255803897792,0.00032945310746656023,calm
2019-06-27,0.0006608195625479,0.00047520992939391733,0.00037686775127472057,0.00030301771414806825,calm
2019-06-28,0.0007526359910283,0.00046413141036255584,0.00036905908882809113,0.00023056283758976701,calm
2019-07-01,0.0006082164987922,0.0004605149238565272,0.0004064927844239619,0.000275863240369733,calm
2019-07-02,0.0006702487751638,0.00039517457718188706,0.0003750195137145749,0.00023425817917710565,calm
2019-07-03,0.0003607814990358,0.0005394787679169933,0.0004906225175729057,0.0005577453754235,calm
2019-07-04,0.0002892633712208,0.0005391267433426105,0.000496671733875146,0.0006608195625475001,calm
2019-07-05,0.0001520603225491,0.0005795638662815238,0.0005325849148985402,0.0007526359910280001,calm
2019-07-08,0.0001575179152356,0.0005376197541505024,0.0004964940723452074,0.000608216498792,calm
2019-07-09,0.0001796427085673,0.0005513230274487495,0.0004901999701447818,0.0006702487751635,calm
2019-07-10,0.0002659476335616,0.0004992537006247251,0.00046518289471706744,0.00036078149903589227,calm
2019-07-11,0.0002562035707963,0.0004902226877665186,0.0004433435960748092,0.0002892633712208271,calm
2019-07-12,0.0002494728351743,0.0004039687459333382,0.0004103629300196,0.00015206032254918463,calm
2019-07-15,0.0002389891545103,0.0003946919240555012,0.00038424245172870004,0.00015751791523560522,calm
2019-07-16,0.0001911607893967,0.0004160947541016129,0.0003883193767273282,0.0001796427085673679,calm
2019-07-17,8.265197875726675e-05,0.0004583318449930124,0.00041812412029710515,0.00026594763356163295,calm
2019-07-18,6.21823010373453e-05,0.0004488893995935605,0.0004051603340628245,0.0002562035707963984,calm
2019-07-19,8.49103951117514e-05,0.0004380323549333153,0.00037618466486230085,0.00024947283517433717,calm
2019-07-22,0.0001582503017551,0.0004338406194122427,0.0003497743159558783,0.00023898915451032516,calm
2019-07-23,0.000620998406976,0.0004081602857924513,0.00033728903920612777,0.00019116078939675912,calm
2019-07-24,0.0006269335125352,0.000333688706026479,0.00031337806797239763,8.265197875726709e-05,calm
2019-07-25,0.000648717577934,0.0003188521505347161,0.00029539683390419566,6.218230103734561e-05,calm
2019-07-26,0.0008831894863845,0.0003387990464986721,0.00029093477437877586,8.491039511175172e-05,calm
2019-07-29,0.0016205042905894,0.00038929423733101816,0.00031583694291839896,0.0001582503017551897,calm
2019-07-30,0.0011445141641631,0.0005831449645574121,0.0005425834091906011,0.000620998406976,calm
2019-07-31,0.0011713199102352,0.000535521669828259,0.0005030605048339489,0.000626933512535,calm
2019-08-01,0.0016068031155897,0.0005515501723137004,0.000481878524825878,0.000648717577934,calm
2019-08-02,0.0015371800251144,0.000571650771216196,0.0005750121878425904,0.0008831894863845,calm
2019-08-05,0.0007304033374783,0.0007954666846448552,0.0009279982834898153,0.001620504290589,calm
2019-08-06,0.0007094575555888,0.0007076066845818772,0.0008561388386680587,0.001144514164163,calm
2019-08-07,0.000989144013131,0.0007171974782010528,0.0007901287915932154,0.0011713199102349999,calm
2019-08-08,0.0005964204691224,0.000855255330783221,0.0009232778056930433,0.0016068031155895002,calm
2019-08-09,0.0005797319198181,0.0008761473718692078,0.0009359865771602135,0.001537180025114,calm
2019-08-12,0.0006163567210213,0.0007577579979336645,0.0008569304034249133,0.0007304033374780001,calm
2019-08-13,0.0010501766404067,0.0007432081035012829,0.0007783982260839276,0.0007094575555885,calm
2019-08-14,0.0010493851385784,0.0008686386925196167,0.0008674918990283195,0.000989144013131,calm
2019-08-15,0.000993581017763,0.0007928745391539196,0.0008300574707262513,0.000596420469122,calm
2019-08-16,0.0008310327880455,0.0008047066554504169,0.0008262107817013952,0.000579731919818,calm
2019-08-19,0.0007838980124726,0.0008064728897228112,0.0007686497355014554,0.0006163567210209999,calm
2019-08-20,0.0005790524301372,0.0009678543490108846,0.0009174111653895147,0.0010501766404064999,calm
2019-08-21,0.0004267617432135,0.001016816652179134,0.000967142606523249,0.0010493851385779999,calm
2019-08-22,0.0006431720043465,0.000984273938132301,0.0008903347768463798,0.000993581017763,calm
2019-08-23,0.0006628204679428,0.0009532101733276026,0.0008155501309449816,0.0008310327880454999,calm
2019-08-26,0.000687831843172,0.0009258255313741483,0.0007426034145347434,0.0007838980124724999,calm
2019-08-27,0.0005052734115899,0.0009529562969692707,0.0007735864866706597,0.000579052430137,calm
2019-08-28,0.0005942077427441,0.0009176442967779807,0.0007882255797504818,0.0004267617432135723,calm
2019-08-29,0.000490058774189,0.000941442857667919,0.0008174560237030679,0.0006431720043465,calm
2019-08-30,0.0004850982213365,0.0009335384280002776,0.0007534473037433295,0.0006628204679424999,calm
2019-09-02,0.0004671670620299,0.0009364847416564952,0.0006944472145642536,0.000687831843172,calm
2019-09-03,0.0006958513461423,0.0008661743934486642,0.0006604699139607913,0.0005052734115895,calm
2019-09-04,0.0006352007400084,0.000809780199767205,0.0007088588246510788,0.000594207742744,calm
2019-09-05,0.000564884613785,0.0007993856358547189,0.0007004208913189917,0.0004900587741890317,calm
2019-09-06,0.0007977084042256,0.000785935969012663,0.0006466952206925738,0.00048509822133657493,calm
2019-09-09,0.0009348234024814,0.0007019928704093202,0.0005960073020846881,0.00046716706202997035,calm
2019-09-10,0.0009209659468164,0.0007836259076918676,0.0006629172018154815,0.000695851346142,calm
2019-09-11,0.0007640168243031,0.0008005266070376916,0.0006841275786536435,0.000635200740008,calm
2019-09-12,0.0007306420050359,0.0007891093884123008,0.0006588857955983329,0.000564884613785,calm
2019-09-13,0.0004787483668138,0.0008321564597093467,0.0007106813261592395,0.0007977084042254999,calm
2019-09-16,0.0004020577733371,0.0008609335642004489,0.0007236493039007477,0.0009348234024809999,calm
2019-09-17,0.000188719275639,0.0008789036297977288,0.0007933219709074067,0.0009209659468160001,calm
2019-09-18,0.0002144252146527,0.0008371636940862232,0.000741008588586784,0.0007640168243030001,calm
2019-09-19,0.0002178296120773,0.000761773704397451,0.0006849444482932651,0.0007306420050355001,calm
2019-09-20,0.0003613506300986,0.0006537684108369884,0.0006256694528528324,0.0004787483668138904,calm
2019-09-23,0.0004103812639936,0.0006564701339261024,0.0006091391335226946,0.00040205777333718296,calm
2019-09-24,0.0003671735152083,0.0005880678459030191,0.0005751344927515731,0.00018871927563906431,calm
2019-09-25,0.000666398173777,0.0006092531348034376,0.0005590292692747786,0.00021442521465271636,calm
2019-09-26,0.0006327957448092,0.0005783311258378957,0.0005234371849297267,0.0002178296120773638,calm
2019-09-27,0.0005088719697885,0.0006311650087021865,0.0005414539478580595,0.0003613506300986722,calm
2019-09-30,0.0004756135371219,0.0006218470489241987,0.0005434969686707716,0.00041038126399365064,calm
2019-10-01,0.0006553616460182,0.0005934741897325567,0.0005028804905627396,0.0003671735152083153,calm
2019-10-02,0.0003345573145021,0.0007332905699691233,0.0006418560191683323,0.000666398173777,calm
2019-10-03,0.0004426585785419,0.0006603218220623621,0.0005859042750394058,0.000632795744809,calm
2019-10-04,0.0017604899296027,0.0006413302094476235,0.0005444017276617684,0.0005088719697885,calm
2019-10-07,0.0016764618351847,0.0006319862975602949,0.0005317426871789607,0.00047561353712198713,calm
2019-10-08,0.0021625779575976,0.0006983289017795683,0.0005839065162430133,0.000655361646018,calm
2019-10-09,0.0021467788707219,0.0006257727928562049,0.0005473000911257328,0.0003345573145021112,calm
2019-10-10,0.0021118909436901,0.0006299674083787818,0.0005445715956087144,0.0004426585785419311,calm
2019-10-11,0.0008638958784399,0.0010321558598766927,0.0011012442382309286,0.0017604899296025,calm
2019-10-14,0.001142973989644,0.0009477536212255876,0.0009976709025999815,0.0016764618351845,calm
2019-10-15,0.0005937147704709,0.0011270920313756045,0.0012007775238742936,0.0021625779575975,calm
2019-10-16,0.000583784837407,0.0010722264566926936,0.001099500967558484,0.0021467788707215,calm
2019-10-17,0.0005114530408103,0.0010441959345824517,0.0010355915863523352,0.0021118909436900002,calm
2019-10-18,0.0004579297850874,0.0009212476744700388,0.0009897761541108455,0.0008638958784395001,calm
2019-10-21,0.0001795647593989,0.001013295978546522,0.0010163251953852295,0.001142973989644,calm
2019-10-22,5.637277097300901e-05,0.0009270678107642507,0.0009864101490407319,0.0005937147704705,calm
2019-10-23,5.8832158775665686e-05,0.0008988505541835002,0.0008974164685792422,0.000583784837407,calm
2019-10-24,0.0001252610736297,0.0008553441693691926,0.0008156795803275422,0.0005114530408100001,calm
2019-10-25,0.0002971308547373,0.0008650492527305178,0.0007567259207189995,0.00045792978508740864,calm
2019-10-28,0.0006017936596214,0.000722354179575617,0.0006884789055771303,0.00017956475939891794,calm
2019-10-29,0.0006177129444033,0.0005827788280635634,0.000627355129397099,5.637277097300922e-05,calm
2019-10-30,0.0006041656928058,0.0005933581681489315,0.0005769395235058694,5.88321587756659e-05,calm
2019-10-31,0.0007033376619787,0.0006829926155865136,0.0005648463294906202,0.00012526107362975132,calm
2019-11-01,0.0005447429096826,0.0007679016594811286,0.0006068895834899058,0.00029713085473732285,calm
2019-11-04,0.0002550018353927,0.0009072732125093673,0.0006853573241948588,0.000601793659621,calm
2019-11-05,0.0002503728358702,0.0008881498789111871,0.0006296310867609959,0.000617712944403,calm
2019-11-06,0.0002497254394354,0.0008503336969338888,0.000575813703176269,0.0006041656928055,calm
2019-11-07,9.76295637718444e-05,0.0009069302530373071,0.000595640012651838,0.0007033376619785001,calm
2019-11-08,0.000198177095104,0.0008667082670452939,0.0005755686702181215,0.0005447429096825001,calm
2019-11-11,0.0002055981495123,0.0007503508850741504,0.0005312614182625854,0.0002550018353927169,calm
2019-11-12,0.0001939643064495,0.0005526647774737304,0.0004899650279281695,0.00025037283587027724,calm
2019-11-13,0.0003427071018355,0.0005273651234900061,0.00045005990260297104,0.00024972543943547267,calm
2019-11-14,0.0004601718640116,0.0003815227723923808,0.0004235207838212165,9.762956377184462e-05,calm
2019-11-15,0.0005080292666413,0.0004578150986391279,0.0004547473333665585,0.00019817709510409665,calm
2019-11-18,0.0005858745165657,0.00044482273952054755,0.0004326645888814296,0.00020559814951234693,calm
2019-11-19,0.0008838794626154,0.0003986321070042499,0.00039855245831455405,0.0001939643064495411,calm
2019-11-20,0.0007503342496801,0.00044429804237528994,0.00044597192498796554,0.000342707101835532,calm
2019-11-21,0.0006229016139599,0.000466391246849054,0.0004800192060746131,0.000460171864011657,calm
2019-11-22,0.0004352672429766,0.000515586588673729,0.0005264434886833364,0.000508029266641,calm
2019-11-25,0.0003567480489279,0.0005448283315258001,0.0005229465839078749,0.0005858745165655,calm
2019-11-26,0.0001292468481728,0.0006403744358787831,0.0006067563376091678,0.0008838794626150001,calm
2019-11-27,0.0002442837979099,0.0006122731753994437,0.0005588800795965144,0.0007503342496799999,calm
2019-11-28,0.00028438743521,0.0005896949270771553,0.000515106869562524,0.0006229016139595,calm
2019-11-29,0.0003644537396503,0.0005640807157446829,0.00048281068227474144,0.0004352672429766769,calm
2019-12-02,0.0003493184827487,0.000540522364681559,0.0004574211147915033,0.0003567480489279272,calm
2019-12-03,0.0002885007009951,0.00044364169029248793,0.0004594932396645947,0.0001292468481728091,calm
2019-12-04,0.0001698523912028,0.00046086720327875874,0.0004756309056220128,0.000244283797909916,calm
2019-12-05,0.0001564133313937,0.00047298649330895364,0.0004532853156123035,0.00028438743521001515,calm
2019-12-06,0.0003127924812902,0.0005127741986098737,0.0004553402409910823,0.0003644537396503357,calm
2019-12-09,0.0003171759794551,0.0004695461308353431,0.0004243804401055212,0.00034931848274877356,calm
2019-12-10,0.0004699910147586,0.0004482113709147366,0.0003978758706470604,0.00028850070099510535,calm
2019-12-11,0.000463264896256,0.0004126860829584052,0.00037525484358071683,0.00016985239120283273,calm
2019-12-12,0.0004347700663144,0.0004140092659324684,0.0003579160440955234,0.0001564133313937967,calm
2019-12-13,0.0002294230325219,0.0005162423721955621,0.0004388354800214841,0.00031279248129025255,calm
2019-12-16,0.0002197014684865,0.0005043539962197003,0.000407369632426754,0.00031717597945519105,calm
2019-12-17,8.01668173616143e-05,0.0005487400926609967,0.00046065686947642764,0.0004699910147586446,calm
2019-12-18,0.000101277866783,0.0005287531904222297,0.0004244403600121639,0.0004632648962560451,calm
2019-12-19,0.0002113773533645,0.0005213612029896311,0.0003913606333059582,0.0004347700663144459,calm
2019-12-20,0.0001639690611757,0.0004657377347739111,0.0003790556005534369,0.0002294230325219217,calm
2019-12-23,0.0004909040001327,0.00042905792511123414,0.000352745660310584,0.00021970146848655637,calm
2019-12-24,0.00056810694113,0.00034555275166649874,0.0003345184901715894,8.016681736161451e-05,calm
2019-12-27,0.0005610388689117,0.00034605836810302007,0.00031940848456215025,0.0001012778667830341,calm
2019-12-30,0.0004729991594227,0.00035592266205410473,0.000357184261603448,0.00021137735336452848,calm
2019-12-31,0.0004959847311562,0.0003145485448698771,0.00033103788414230484,0.0001639690611757655,calm
2020-01-02,0.0001940146418711,0.0004712606102412039,0.00044403661429785057,0.000490904000132796,calm
2020-01-03,0.0001052817419234,0.0004958425436683315,0.0004615948074455627,0.00056810694113,calm
2020-01-06,0.0001057544212191,0.0004888718303837633,0.0004371600683912078,0.0005610388689115,calm
2020-01-07,8.203953689290265e-05,0.00046795350038535556,0.00041145901290090325,0.0004729991594227611,calm
2020-01-08,0.0001801633187304,0.0004486814545311957,0.00039424773398146455,0.00049598473115627,calm
2020-01-09,0.0001562104479933,0.00038685129784096176,0.0003739156780844579,0.00019401464187117188,calm
2020-01-10,0.0001722786824762,0.00033649015773061736,0.00034982488422341345,0.00010528174192344533,calm
2020-01-13,0.0001547461286311,0.00033988815609399683,0.00033703594371729996,0.00010575442121911497,calm
2020-01-14,0.0001929182229578,0.0003194438186575767,0.0003136376259588651,8.203953689290286e-05,calm
2020-01-15,9.010956411618068e-05,0.00039131057506237437,0.00035453784766103824,0.00018016331873040766,calm
2020-01-16,0.0001353588690127,0.0003693886747184909,0.00033230218632906104,0.00015621044799337473,calm
2020-01-17,0.0001785539086621,0.00033765166486622166,0.000318386164490768,0.00017227868247623863,calm
2020-01-20,0.0004839119950795,0.0003246804177461462,0.00029889768829806596,0.00015474612863114305,calm
2020-01-21,0.0004547338887669,0.00031710102709674745,0.00030137096223862545,0.0001929182229578111,calm
2020-01-22,0.0005994365796647,0.0002838979953581865,0.0002871399344183259,9.010956411618088e-05,calm
2020-01-23,0.000712196019456,0.0003126592987271831,0.0002955244647722481,0.00013535886901279052,calm
2020-01-24,0.0007725230244093,0.00033142840541437334,0.00030255207674697736,0.00017855390866214365,calm
2020-01-27,0.0006638400033834,0.00045693429980666434,0.0004323281880180831,0.0004839119950795145,calm
2020-01-28,0.0006808145268637,0.0004401389833156877,0.00040175896419244827,0.0004547338887669524,calm
2020-01-29,0.0005997394414384,0.0004968163439481443,0.00043631688655388094,0.0005994365796645,calm
2020-01-30,0.000441266090512,0.0005204008616464708,0.0004838537436973633,0.000712196019456,calm
2020-01-31,0.0003350241228323,0.000554305809068094,0.0005121402674311164,0.000772523024409,calm
2020-02-03,0.0002826354043613,0.0005156903042476773,0.0005504605655613066,0.000663840003383,calm
2020-02-04,0.000423601657242,0.0004953837484614498,0.0005140642522526686,0.0006808145268635,calm
2020-02-05,0.0003850558454225,0.0005028468052831622,0.0005033932601426042,0.000599739441438,calm
2020-02-06,0.0004120865052555,0.00046565409965009224,0.0004656803394510514,0.00044126609051202,calm
2020-02-07,0.0003878583242327,0.00045334418380049447,0.0004438753186349457,0.0003350241228323132,calm
2020-02-10,0.000245450301144,0.0004691429628184431,0.0004834472887161522,0.00028263540436135245,calm
2020-02-11,7.761401581613876e-05,0.0005291375952441389,0.0005117255826398962,0.0004236016572420477,calm
2020-02-12,0.0002240040237725,0.0005215288055472052,0.00048570770578735135,0.0003850558454225382,calm
2020-02-13,0.0002013854525437,0.0005309746655227333,0.0004644611481313125,0.0004120865052555291,calm
2020-02-14,0.0002012149333936,0.0004912294233511426,0.0004280489408019319,0.0003878583242327713,calm
2020-02-17,0.0021761006918417,0.00046422451285664095,0.0003986031505252064,0.0002454503011440867,calm
2020-02-18,0.0023786935779103,0.0003749950663423945,0.0003693046529954863,7.761401581613899e-05,calm
2020-02-19,0.0021894142089779,0.0004970704611830604,0.0004184723462424722,0.0002240040237725791,COVID-19
2020-02-20,0.0037172805223814,0.0004738609514056474,0.0003920773513341564,0.0002013854525437776,COVID-19
2020-02-21,0.0044226346716841,0.0004621905985066407,0.00036305360811337997,0.00020121493339368115,COVID-19
2020-02-24,0.0024463641813562,0.0011052101814180138,0.0012531680839584696,0.0021761006918415,COVID-19
2020-02-25,0.0024810904162222,0.001128394477492521,0.001236942526322425,0.0023786935779099997,COVID-19
2020-02-26,0.0025441287943792,0.001017721140319327,0.0011217586751014598,0.0021894142089775,COVID-19
2020-02-27,0.001205086625395,0.0014538171676356567,0.001732357563436977,0.0037172805223810003,COVID-19
2020-02-28,0.0013114524736014,0.0015833426335721522,0.0019008584445564314,0.004422634671684,COVID-19
2020-03-02,0.005700973245052,0.001371526284520925,0.001720334903853562,0.002446364181356,COVID-19
2020-03-03,0.005505988730687,0.0014328863866882777,0.0016519281378560432,0.0024810904162219996,COVID-19
2020-03-04,0.0059937162730382,0.0014042641902545457,0.0015177214383586231,0.0025441287943789997,COVID-19
2020-03-05,0.0167491316749809,0.001288826920387924,0.0014714278520060215,0.0012050866253949999,COVID-19
2020-03-06,0.0159561810754647,0.0014233528036835135,0.0017154628629231635,0.001311452473601,COVID-19
2020-03-09,0.0183824885573361,0.0025043859837433767,0.003562777401018402,0.005700973245052,COVID-19
2020-03-10,0.0183433708396958,0.002420938596050792,0.003234053095798732,0.005505988730687,COVID-19
2020-03-11,0.0242478595787751,0.0025517526326424697,0.003178166710588453,0.005993716273038,COVID-19
2020-03-12,0.0135179190290627,0.004661021670157191,0.007838877185302568,0.0167491316749805,COVID-19
2020-03-13,0.0149461082784863,0.0044398843344325345,0.007056336591123829,0.015956181075464503,COVID-19
2020-03-16,0.0089859177996035,0.00558789836868795,0.009456257599859063,0.018382488557336,COVID-19
2020-03-17,0.0134857416718414,0.005319673446224018,0.008505850810262174,0.0183433708396955,COVID-19
2020-03-18,0.0085316867516215,0.006622865929594231,0.010594191076333106,0.024247859578775,COVID-19
2020-03-19,0.0102960547307805,0.005959968628054131,0.009614161225042139,0.013517919029062499,COVID-19
2020-03-20,0.0119233118281664,0.006260915750184727,0.009267131332340976,0.014946108278486,COVID-19
2020-03-23,0.0110952063564837,0.005865121808031437,0.008737292143224426,0.008985917799603501,COVID-19
2020-03-24,0.0083276823434987,0.006770767561276394,0.009827943561933452,0.013485741671841,COVID-19
2020-03-25,0.0078546598197913,0.006230710702959215,0.009482959519378619,0.0085316867516215,COVID-19
2020-03-26,0.0063733976134837,0.006594396831046989,0.009385989452236712,0.010296054730780501,COVID-19
2020-03-27,0.0036888747685731,0.0070609824602835694,0.009854066114540335,0.011923311828166,COVID-19
2020-03-30,0.005908858779248,0.00664053756791485,0.008870097725658678,0.0110952063564835,COVID-19
2020-03-31,0.0045468538001428,0.006622116097733367,0.008725509394206615,0.0083276823434985,COVID-19
2020-04-01,0.0035192014423762,0.006634606493887824,0.008329185459731991,0.007854659819790999,COVID-19
2020-04-02,0.0042044641031845,0.0064232158485412975,0.007732177746439928,0.0063733976134835,COVID-19
2020-04-03,0.0042229659858506,0.005932299269817145,0.007142922063914446,0.003688874768573,COVID-19
2020-04-06,0.0037329844157229,0.006614803302660801,0.007400803162793672,0.005908858779248,COVID-19
2020-04-07,0.0038612600142815,0.006251257852094514,0.006811448990967055,0.0045468538001425,COVID-19
2020-04-08,0.0052707377189719,0.005458136526277931,0.006129206190820223,0.003519201442376,COVID-19
2020-04-09,0.0041447521521161,0.005960239288750997,0.0060247087574861885,0.0042044641031845,COVID-19
2020-04-14,0.0042285053575984,0.005911843201515076,0.00561816689675607,0.004222965985850501,COVID-19
2020-04-15,0.0029345111407403,0.0050809795632985,0.005872760030292359,0.0037329844157224998,COVID-19
2020-04-16,0.0024659864579594,0.005108348422070073,0.005494568393546407,0.0038612600142815,COVID-19
2020-04-17,0.0010930239641161,0.004875351031391983,0.005551459161478968,0.0052707377189715,COVID-19
2020-04-20,0.0013675888412437,0.004615740531444819,0.005030602225372212,0.004144752152116,COVID-19
2020-04-21,0.0011362514255022,0.004109646891581497,0.00476426585457077,0.004228505357597999,COVID-19
2020-04-22,0.0020347918517168,0.003911971702078229,0.004483590396765177,0.00293451114074,COVID-19
2020-04-23,0.0022248170425713,0.0036164740227533493,0.004048583851066236,0.002465986457959,COVID-19
2020-04-24,0.0037402860035509,0.003134142844186736,0.0036595919449901003,0.001093023964116,COVID-19
2020-04-27,0.0034033840207015,0.0029089667339698266,0.0034366831518359503,0.0013675888412434999,COVID-19
2020-04-28,0.0033182843523857,0.0027094358446216457,0.0032033348735131246,0.001136251425502,COVID-19
2020-04-29,0.0024128696887986,0.002924364179472384,0.0034736792441207834,0.0020347918517165,COVID-19
2020-04-30,0.002425018366078,0.0026211706049616462,0.003240764699129294,0.002224817042571,COVID-19
2020-05-04,0.0011784233228769,0.003052696921866234,0.003643441325509194,0.0037402860035505,COVID-19
2020-05-05,0.0011912440481563,0.0026828403568425634,0.0032846831128091752,0.0034033840207015,COVID-19
2020-05-06,0.001168756239992,0.002651494600846507,0.003048675870358825,0.0033182843523855,COVID-19
2020-05-07,0.0007890477635867,0.002537659131368111,0.0029399767592595666,0.0024128696887985,COVID-19
2020-05-08,0.0005536354491084,0.0025106872080271235,0.0027463970549005475,0.002425018366078,COVID-19
2020-05-11,0.0036226265488385,0.002046045201794241,0.0026265766486137415,0.0011784233228765001,COVID-19
2020-05-12,0.0036131963827837,0.0019701970466325597,0.002378968686884446,0.001191244048156,COVID-19
2020-05-13,0.0036131630295644,0.0020115291988629705,0.002224659354295217,0.001168756239992,COVID-19
2020-05-14,0.0035502260571533,0.0017698281128343519,0.00205056045260936,0.0007890477635865,COVID-19
2020-05-15,0.0035675514332612,0.0015619215810434139,0.0018525259824533529,0.0005536354491079999,COVID-19
2020-05-18,0.0003425006491613,0.0024451663273809816,0.0031465194840710766,0.0036226265488385,COVID-19
2020-05-19,0.0010252693183238,0.002279892289684345,0.002840609418615751,0.0036131963827835,COVID-19
2020-05-20,0.0008938841368515,0.0021585602562093314,0.00262242187517933,0.003613163029564,COVID-19
2020-05-21,0.0009056239117121,0.002115746051055262,0.002376294276971229,0.003550226057153,COVID-19
2020-05-22,0.0009464279928152,0.002052015131614726,0.002150138132453872,0.003567551433261,COVID-19
2020-05-25,0.0011102272516601,0.0014308181774432406,0.0020010839650278496,0.0003425006491613584,COVID-19
2020-05-26,0.0004876070994493,0.0017817645469969008,0.00209834787688032,0.0010252693183235,COVID-19
2020-05-27,0.0013452968968155,0.0017056263158972068,0.001902248874764499,0.0008938841368514999,COVID-19
2020-05-28,0.0013231030556831,0.0016763336820483923,0.0017284767485446456,0.000905623911712,COVID-19
2020-05-29,0.0016241604034673,0.0016717557822530159,0.0015946433629508705,0.000946427992815,COVID-19
2020-06-01,0.0014165593372984,0.0016011160920256526,0.0015718613513297335,0.00111022725166,COVID-19
2020-06-02,0.0020205336808011,0.0013830285747110922,0.0014464691244578775,0.0004876070994493744,COVID-19
2020-06-03,0.0011581621419366,0.0015478046207573802,0.00168388602145784,0.0013452968968155,COVID-19
2020-06-04,0.0029889958103634,0.0014959263895671182,0.0015243885472042253,0.001323103055683,COVID-19
2020-06-05,0.0026636159552438,0.0016092406818854705,0.0015281265334024618,0.001624160403467,COVID-19
2020-06-08,0.0025727614389092,0.0015164987963536694,0.001438198000802418,0.0014165593372979998,COVID-19
2020-06-09,0.0026953009321631,0.001681206046133404,0.001619818378793444,0.002020533680801,COVID-19
2020-06-10,0.0027236967386084,0.0014731411010056187,0.001476420390195516,0.0011581621419365,COVID-19
2020-06-11,0.0009735385609121,0.002020432319494095,0.002188388461691641,0.002988995810363,COVID-19
2020-06-12,0.0009397033947022,0.0019192793442843166,0.0019876539038381114,0.0026636159552435,COVID-19
2020-06-15,0.0009655959721669,0.001891268561581943,0.0018005124131951816,0.0025727614389089997,COVID-19
2020-06-16,0.0002212494927039,0.002062377342546526,0.0019634443957871743,0.002695300932163,COVID-19
2020-06-17,0.0010281744589907,0.0015485971769789518,0.0017903147490120435,0.002723696738608,COVID-19
2020-06-18,0.0009565953857501,0.001343006760255775,0.0016514249322697606,0.000973538560912,COVID-19
2020-06-19,0.0009577820126513,0.0012501398904374893,0.0014943620369048682,0.0009397033947019999,COVID-19
2020-06-22,0.0010183077102094,0.0013179458303319298,0.0013761698219221493,0.0009655959721665,COVID-19
2020-06-23,0.0010595543446526,0.001060083512061304,0.001263558351081334,0.0002212494927039788,COVID-19
2020-06-24,0.0002156566602205,0.0014554174092623528,0.0015474078805661356,0.0010281744589904999,COVID-19
2020-06-25,0.0005062064459221,0.0013154567837287755,0.0014101798145857527,0.0009565953857500001,COVID-19
2020-06-26,0.0006277751387347,0.0012919960355417426,0.0012788780689033078,0.0009577820126509999,COVID-19
2020-06-29,0.0007881431446537,0.001351451758505702,0.0011985365409140434,0.001018307710209,COVID-19
2020-06-30,0.0007041814934893,0.0013624254646800703,0.001133542490073214,0.0010595543446525,COVID-19
2020-07-01,0.0009810920896749,0.0010242059135260934,0.0010310679449469294,0.00021565666022058772,calm
2020-07-02,0.0007956130954781,0.0012209288607068051,0.0010620885888064056,0.000506206445922,calm
2020-07-03,0.0008519621471972,0.0011561700811072702,0.0010274679439363588,0.0006277751387345,calm
2020-07-06,0.0006357167644666,0.0012371694677920332,0.0010404243437461438,0.0007881431446534999,calm
2020-07-07,0.0006316946489736,0.0011388852824354902,0.000946137457974366,0.000704181493489,calm
2020-07-08,0.0011400515224859,0.0012546313173050281,0.001000196575009135,0.0009810920896745,calm
2020-07-09,0.0010200875689206,0.001132886396749949,0.0009706063118869075,0.000795613095478,calm
2020-07-10,0.0008831823410145,0.0011705601206217471,0.0009539598976663296,0.000851962147197,calm
2020-07-13,0.0008877044641119,0.0008522165213942081,0.0008839770354847229,0.0006357167644665,calm
2020-07-14,0.0009235833812872,0.0008226822847317144,0.0008058041302669229,0.0006316946489735001,calm
2020-07-15,0.0001663453133845,0.0010723908693858666,0.001071199187752777,0.0011400515224855002,calm
2020-07-16,0.0001676860116489,0.0008743353081096643,0.000973494185849804,0.0010200875689205,calm
2020-07-17,0.0002917228498553,0.0008866678292963564,0.0009087395400468937,0.0008831823410145,calm
2020-07-20,0.0002776222990198,0.00088245154456027,0.000845172291432578,0.0008877044641114999,calm
2020-07-21,0.000369955725293,0.0008919028286356194,0.000782417613833398,0.0009235833812870001,calm
2020-07-22,0.0003338446164205,0.0006886450005339715,0.000734410221493041,0.00016634531338458535,calm
2020-07-23,0.0005068888539715,0.0006696827431073508,0.0006705656744095663,0.00016768601164894546,calm
2020-07-24,0.000382100187631,0.0006488435881995849,0.0006965642942958249,0.00029172284985537716,calm
2020-07-27,0.0007337071446254,0.0006410967808739542,0.0006572523334944923,0.00027762229901985233,calm
2020-07-28,0.0006469386540362,0.000694893040365572,0.0006513961754201273,0.0003699557252930234,calm
2020-07-29,0.0008194788517869,0.00064635370652079,0.0005970249864161096,0.00033384461642052847,calm
2020-07-30,0.0006666711249058,0.0007274696076111538,0.0006344363603628913,0.0005068888539715,calm
2020-07-31,0.0006762934212497,0.0006959229913576695,0.0006038808165852252,0.0003821001876310136,calm
2020-08-03,0.0002907140209562,0.0007930458276032338,0.0007139674152414608,0.000733707144625,calm
2020-08-04,0.000767299345757,0.0007536539672919586,0.0006755674041114034,0.0006469386540360001,calm
2020-08-05,0.0006635795337755,0.000772232405120225,0.0006865024485415516,0.0008194788517865001,calm
2020-08-06,0.0006633141082505,0.0007416722343727995,0.0006405870678794723,0.0006666711249055,calm
2020-08-07,0.0007559725018815,0.0007065223218303877,0.000604502550480976,0.0006762934212495,calm
2020-08-10,0.0007810211016221,0.0005925390327585709,0.0005541570067617207,0.00029071402095626084,calm
2020-08-11,0.0002626937572336,0.0007708321903054374,0.0007255810534379499,0.000767299345757,calm
2020-08-12,0.0002139019196651,0.0007485227642233327,0.0006882536345254409,0.0006635795337755,calm
2020-08-13,0.0004208894138693,0.0007464109415684974,0.0006420214975815449,0.0006633141082505001,calm
2020-08-14,0.0006068727796715,0.0006515812259487116,0.0006602416993144703,0.0007559725018815,calm
2020-08-17,0.0006733303468584,0.000653190359968349,0.0006201044931768992,0.0007810211016220001,calm
2020-08-18,0.0006746447525266,0.0005316310906736492,0.0005678465547676749,0.00026269375723367164,calm
2020-08-19,0.0009413919701407,0.0005252535325454265,0.0005273277298893988,0.00021390191966511377,calm
2020-08-20,0.0007554795362763,0.0006241713925767713,0.0005972722929305405,0.00042088941386939267,calm
2020-08-21,0.0004495793347047,0.000713353724036987,0.0006828827827087737,0.0006068727796714999,calm
2020-08-24,0.0004743715583274,0.0007350238682513367,0.0006600417602846442,0.000673330346858,calm
2020-08-25,0.0004977244569592,0.0006880425468221397,0.0006037976099999378,0.0006746447525265,calm
2020-08-26,0.0002283467053845,0.0007943170580854364,0.0006706204679734723,0.0009413919701405,calm
2020-08-27,0.0003474150457892,0.0007440389337793183,0.0006369017223611163,0.0007554795362759999,calm
2020-08-28,0.0003237091805148,0.0006893802765869857,0.0005971440041479289,0.00044957933470473704,calm
2020-08-31,0.0002158824539101,0.0006929706073793343,0.0006081146346729214,0.00047437155832748664,calm
2020-09-01,0.0002134232638511,0.0006883129556553936,0.0005718565269618848,0.000497724456959237,calm
2020-09-02,0.0003204800440768,0.0005549511591235678,0.0005357138931591738,0.00022834670538454633,calm
2020-09-03,0.0001622712055654,0.0006193571451303963,0.0005732510894323908,0.0003474150457892626,calm
2020-09-04,0.0001796378118503,0.0005583064771757288,0.0005263122712235776,0.0003237091805148195,calm
2020-09-07,0.0001916357768532,0.0005386910736992031,0.00048657910951381973,0.0002158824539101882,calm
2020-09-08,0.0005989959440432,0.0005357076919558466,0.00046144233087046303,0.00021342326385118961,calm
2020-09-09,0.000554603834569,0.0005961713032810669,0.00047402463109109407,0.0003204800440768595,calm
2020-09-10,0.0005695217240648,0.00044747451158129296,0.0004396595777703563,0.00016227120556541307,calm
2020-09-11,0.0006967362441639,0.0004506000846862569,0.00041103302473147007,0.00017963781185030244,calm
2020-09-14,0.0020057172066268,0.0004561017405164583,0.00038742894397203226,0.0001916357768532086,calm
2020-09-15,0.0015920165522565,0.0006079124642172699,0.000537502684170963,0.000598995944043,calm
2020-09-16,0.0016052509507491,0.0006043994187505388,0.0005239473111656166,0.000554603834569,calm
2020-09-17,0.0016516763834193,0.0006044086750861003,0.000492821679241823,0.0005695217240645,calm
2020-09-18,0.001632224203875,0.0006548899606694262,0.0005267124724652358,0.0006967362441635001,calm
2020-09-21,0.0005919401875868,0.0010070809658088748,0.0011053022223064222,0.0020057172066265,calm
2020-09-22,0.0006095076637679,0.0008877866021267226,0.0010137427001391157,0.0015920165522565,calm
2020-09-23,0.0005155498032483,0.0008989249388623666,0.000957067724530554,0.001605250950749,calm
2020-09-24,0.0004587333186347,0.0009126269242274979,0.0009051113503050413,0.001651676383419,calm
2020-09-25,0.0003374842329372,0.0008838083347534407,0.0008725131277255274,0.0016322242038749998,calm
2020-09-28,9.50086267100626e-05,0.0008038797343373671,0.0009138211152538327,0.0005919401875864999,calm
2020-09-29,0.0002959479476198,0.0007979302679036886,0.0008508642729888716,0.0006095076637675,calm
2020-09-30,0.0004897620236151,0.0007209129218503431,0.0007752929175829283,0.0005155498032479999,calm
2020-10-01,0.0005677483812578,0.0007366373950557781,0.000709077958809298,0.0004587333186347076,calm
2020-10-02,0.0005641836070141,0.0006982916724204591,0.000651133539656534,0.0003374842329372813,calm
2020-10-05,0.0005773270153901,0.0005724628863114494,0.000613282879109413,9.500862671006435e-05,calm
2020-10-06,0.000407540628365,0.0007206729056792308,0.0006566121712407425,0.00029594794761987413,calm
2020-10-07,0.0002173947185237,0.0008048789613997059,0.0006781922213240319,0.0004897620236151386,calm
2020-10-08,0.0004156310182426,0.0008285994941421345,0.0006524168432062624,0.0005677483812574999,calm
2020-10-09,0.0004259842532489,0.000781598408291913,0.0005968413172326204,0.0005641836070139999,calm
2020-10-12,0.0003667424936069,0.0008187559093381362,0.0005698144873553985,0.0005773270153899999,calm
2020-10-13,0.0003022069108305,0.0007841919810765384,0.000557407084867161,0.0004075406283650964,calm
2020-10-14,0.0005661880218919,0.0006979028825398596,0.0005121175352157115,0.0002173947185237508,calm
2020-10-15,0.0003024218863756,0.0007689824582231445,0.0006097275672324804,0.00041563101824267415,calm
2020-10-16,0.0003516690986613,0.0007453149809683682,0.0005613675442203589,0.00042598425324899883,calm
2020-10-19,0.0006316355072262,0.0007209642841215087,0.000518022195486608,0.00036674249360697916,calm
2020-10-20,0.0010116905565709,0.0006694234427625277,0.00047616461255278703,0.0003022069108305522,calm
2020-10-21,0.0014968170066333,0.0005791809469470749,0.000569722071869097,0.0005661880218915,calm
2020-10-22,0.0024097638173849,0.000519177036551315,0.0005288943168090675,0.0003024218863756586,calm
2020-10-23,0.0024633622883886,0.0005287136865553521,0.0005077995505566763,0.00035166909866133885,calm
2020-10-26,0.0023695124867742,0.0006255045701995011,0.0006054292218084321,0.000631635507226,calm
2020-10-27,0.0027834544687808,0.0007237218783135398,0.000738398974538142,0.0010116905565705002,calm
2020-10-28,0.0020778368151199,0.0008640193613937902,0.00102989961025051,0.001496817006633,calm
2020-10-29,0.0011993415687931,0.0011088581209897073,0.0013332005313384193,0.0024097638173845,calm
2020-10-30,0.0010906123202192,0.0011188927799039754,0.0012521089135215367,0.0024633622883885,calm
2020-11-02,0.0015703136588045,0.0011493827870900767,0.0012110919315981728,0.002369512486774,calm
2020-11-03,0.0010251980384469,0.0013324325379244586,0.0014352915835944722,0.0027834544687805,calm
2020-11-04,0.0012878279648803,0.0012519200778485725,0.0013165939283233633,0.0020778368151195,calm
2020-11-05,0.001314977424111,0.0011260436715701157,0.0012130686443722835,0.0011993415687930001,calm
2020-11-06,0.0013127414435416,0.0010644312607457909,0.001101273961361683,0.001090612320219,calm
2020-11-09,0.0007078320790173,0.0012552480181438803,0.0012821831081617524,0.0015703136588045001,calm
2020-11-10,0.0007826720430716,0.0012064467587719432,0.001263502639257348,0.0010251980384465,calm
2020-11-11,0.0006036716785143,0.0012873205316779094,0.0012726205250136735,0.0012878279648800002,calm
2020-11-12,0.0007162593894625,0.0012829566054525549,0.0011968876487024325,0.001314977424111,calm
2020-11-13,0.0007422241093193,0.0012547366370274922,0.001086134935476988,0.0013127414435414998,calm
2020-11-16,0.0007175311082053,0.001137144879765268,0.0010098881424339967,0.000707832079017,calm
2020-11-17,0.0004805181751712,0.0012098046148511317,0.001075376678641918,0.0007826720430715,calm
2020-11-18,0.0004272494070002,0.0011733529964623372,0.001027722982871472,0.000603671678514,calm
2020-11-19,0.0002337787957213,0.0012327587475440818,0.0010306827270168718,0.0007162593894624999,calm
2020-11-20,0.0002058736633207,0.001192740927440463,0.0009459851768830652,0.0007422241093189999,calm
2020-11-23,0.0001971307303356,0.0011916588143460374,0.0008826640400227018,0.000717531108205,calm
2020-11-24,0.0001491731253552,0.0011309908022735064,0.0008365000702308048,0.00048051817517121,calm
2020-11-25,9.710227454546692e-05,0.0010849298675948023,0.0007911422440546125,0.0004272494070002137,calm
2020-11-26,0.0005018816957943,0.0009217291708382434,0.0007214542517259002,0.00023377879572131642,calm
2020-11-27,0.0010457302400144,0.0008161251911368381,0.0006588404516310315,0.00020587366332078084,calm
2020-11-30,0.0010457823209881,0.00071778809104007,0.0006203857201202254,0.0001971307303356373,calm
2020-12-01,0.0010071454537789,0.0006800098920937678,0.0005815842385979731,0.0001491731253552486,calm
2020-12-02,0.001025236324266,0.000616249030323229,0.0005482963874418695,9.710227454546864e-05,calm
2020-12-03,0.0006334877802154,0.0007408888926663349,0.000671635301468662,0.000501881695794,calm
2020-12-04,0.0002212203842414,0.0009174059117111388,0.0008423362609452896,0.0010457302400140001,calm
2020-12-07,0.0003134612292117,0.0008966243041303289,0.0007851962397801307,0.001045782320988,calm
2020-12-08,0.0003130883750429,0.0008668335846837423,0.0007160817657060057,0.0010071454537785,calm
2020-12-09,0.0003323674126806,0.0007847627989748261,0.0006782304773850085,0.001025236324266,calm
2020-12-10,0.0003381184319031,0.0006842154982185771,0.0006291452963639015,0.000633487780215,calm
2020-12-11,0.0002057931997002,0.0005652223300337923,0.0006432304026637936,0.00022122038424146384,calm
2020-12-14,0.0003569923934318,0.000602081028077039,0.0006364089226107783,0.00031346122921170464,calm
2020-12-15,0.0003955346274771,0.0005729354642131228,0.000582579354456481,0.00031308837504292634,calm
2020-12-16,0.0006268056403059,0.0006041465722799046,0.0005571291390159798,0.0003323674126806459,calm
2020-12-17,0.000613341521583,0.0005503660977085187,0.0005234420862162329,0.0003381184319031612,calm
2020-12-18,0.0007809073035336,0.00046644572248793787,0.00048126367250569404,0.00020579319970020335,calm
2020-12-21,0.0005146961800816,0.0005552343105144969,0.0005773868248063995,0.000356992393431847,calm
2020-12-22,0.0009096467582753,0.0005586052023531851,0.0005427862480579359,0.00039553462747716876,calm
2020-12-23,0.0008642207351719,0.0006545713520700203,0.0006186765596175786,0.0006268056403055,calm
2020-12-24,0.0010742189782285,0.0006220702622546616,0.000571380319081392,0.000613341521583,calm
2020-12-29,0.0028113431806993,0.0006759350700713388,0.0005905632215506714,0.0007809073035335,calm
2020-12-30,0.0028394844196326,0.0006238517755965607,0.0005470626213635462,0.0005146961800815,calm
2020-12-31,0.0024650149327097,0.0007790723482983766,0.0007106846594907479,0.000909646758275,calm
2021-01-04,0.0022658167011537,0.0008208630184358542,0.000761492431255745,0.0008642207351715,calm
2021-01-05,0.0020571458948982,0.0008814725322618298,0.0008040118856930788,0.0010742189782285,calm
2021-01-06,0.0003328117862981,0.0013971713106756022,0.0015775264099624222,0.002811343180699,calm
2021-01-07,0.0002971495930755,0.0013138968124884447,0.0014377314186205861,0.0028394844196324995,calm
2021-01-08,0.0002779603814657,0.0011991713121474337,0.0013326183993568796,0.0024650149327095,calm
2021-01-11,0.0003373052997548,0.0011860664050312476,0.0012335630498584286,0.0022658167011534998,calm
2021-01-12,0.0003295913103425,0.001161920665880092,0.0011187528907676565,0.002057145894898,calm
2021-01-13,0.0001511906140003,0.0009008180122391073,0.0011066199033902336,0.00033281178629810857,calm
2021-01-14,0.0001573512821708,0.0008651158257701933,0.00100314498035239,0.00029714959307559604,calm
2021-01-15,0.0003878490045486,0.0008572765750795902,0.0009334727151376615,0.00027796038146577233,calm
2021-01-18,0.0006904194191487,0.0008849372921823159,0.0009056218727741078,0.000337305299754897,calm
2021-01-19,0.0007223771890638,0.0008559916451874681,0.0008232325833781395,0.0003295913103425277,calm
2021-01-20,0.0013333110323329,0.0007620008024177632,0.0007494329326355654,0.0001511906140003552,calm
2021-01-21,0.0014414692852616,0.0007685265559291989,0.0006846506117638557,0.00015735128217088997,calm
2021-01-22,0.0013661153680196,0.0009344543772324729,0.0007612031452742251,0.00038784900454864516,calm
2021-01-25,0.0010765444648121,0.0010449866265916687,0.0008973073281533804,0.0006904194191484999,calm
2021-01-26,0.0016395190416466,0.0010420777090849199,0.0008266234866145316,0.0007223771890635,calm
2021-01-27,0.001051035175913,0.0012110878322273413,0.0010517112048556861,0.0013333110323325002,calm
2021-01-28,0.0009439247645765,0.0012362507983886644,0.0009995079567179693,0.0014414692852615,calm
2021-01-29,0.0007491728574969,0.0012325050838019108,0.0010069106226561538,0.0013661153680195,calm
2021-02-01,0.0006273926771037,0.0012025406712419485,0.0009623555949481304,0.0010765444648120001,calm
2021-02-02,4.5347365663615975e-05,0.0013179512999076653,0.001130641608986165,0.0016395190416465,calm
2021-02-03,0.0001248985672838,0.0011818431597849575,0.001032693726679274,0.001051035175913,calm
2021-02-04,0.0001277306728682,0.0011263704340482921,0.0009387793489815639,0.0009439247645765,calm
2021-02-05,0.0001614953542578,0.0007775111698221334,0.0008527928372439792,0.0007491728574965,calm
2021-02-08,0.0002926616263218,0.0007441095309958942,0.0007761309295511359,0.0006273926771035001,calm
2021-02-09,0.0002898671229055,0.0004978490509435085,0.0007157669386936311,4.534736566361749e-05,calm
2021-02-10,0.0002137335035122,0.0005953143215229606,0.0007081746422464222,0.0001248985672838561,calm
2021-02-11,0.0002618215524451,0.0005930112413489509,0.0006535540370254554,0.00012773067286821766,calm
2021-02-12,0.0005244069837184,0.0005974771005222493,0.0006090614792251964,0.00016149535425784268,calm
2021-02-15,0.0005177017426953,0.0006791543587307737,0.0006099312712924124,0.0002926616263218091,calm
2021-02-16,0.0005373457101184,0.0006675703226397514,0.0005652885120788095,0.00028986712290554714,calm
2021-02-17,0.0006982143721197,0.0006268503545850654,0.0005349004111820898,0.00021373350351223068,calm
2021-02-18,0.0007367240289888,0.0006576889300165725,0.0005235120811078975,0.0002618215524451991,calm
2021-02-19,0.0006239664114718,0.0007864263204356874,0.0006053153623506448,0.000524406983718,calm
2021-02-22,0.0010622318932667,0.0008013477365372933,0.0006036995487683397,0.000517701742695,calm
2021-02-23,0.0010397224204878,0.0007631058845159527,0.000570331446955519,0.000537345710118,calm
2021-02-24,0.0016316622610214,0.0007614744828462708,0.0006000702183349175,0.0006982143721195,calm
2021-02-25,0.0015906029868785,0.0007776963519897835,0.0006011479026006541,0.0007367240289885001,calm
2021-02-26,0.0019514736104256,0.0006831556516389568,0.0006445897444132282,0.0006239664114715,calm
2021-03-01,0.001952091403613,0.0008323713633188982,0.0008316061258193383,0.0010622318932665,calm
2021-03-02,0.0020002984151356,0.0007819688613775322,0.0007584631415663365,0.0010397224204875,calm
2021-03-03,0.0012196964497749,0.00098349508647614,0.0010308578363265209,0.001631662261021,calm
2021-03-04,0.001427136206909,0.0008662256665755671,0.0009560755143257215,0.0015906029868785,calm
2021-03-05,0.0008902718217685,0.0010066529458754964,0.0011353679534552394,0.0019514736104255,calm
2021-03-08,0.0004586707715565,0.0011124067643906981,0.0012715875222299587,0.0019520914036130002,calm
2021-03-09,0.000405224373202,0.0011177586264962433,0.001171494559469427,0.0020002984151355,calm
2021-03-10,0.000420502103624,0.0010071615374286661,0.0010616679974183934,0.0012196964497745,calm
2021-03-11,0.000192776418261,0.001109049062555922,0.0010729377445633387,0.001427136206909,calm
2021-03-12,0.00033294214238,0.0010020920414891934,0.000978826578400021,0.0008902718217684999,calm
2021-03-15,0.000235589730075,0.0009291944826509103,0.000941465252674949,0.0004586707715565979,calm
2021-03-16,0.0002383992125987,0.0008936032611873193,0.0008553737465479126,0.0004052243732020264,calm
2021-03-17,0.0002383656675742,0.0008889913355614105,0.0007880892544831736,0.00042050210362403655,calm
2021-03-18,0.0002042190318742,0.0007920080207033968,0.0007302971642443017,0.0001927764182610884,calm
2021-03-19,0.000236574310715,0.0008836641574580365,0.0007428494793218004,0.0003329421423800194,calm
2021-03-22,0.0002330534300107,0.0008295592969476996,0.0006974322189525176,0.00023558973007508141,calm
2021-03-23,0.0002974299362303,0.0007878461766922067,0.000640558916193893,0.0002383992125987731,calm
2021-03-24,0.0002895558421873,0.0007766454817814615,0.0005901345072039128,0.0002383656675742353,calm
2021-03-25,0.0002936118982794,0.0007485088723641072,0.0005405317256340814,0.00020421903187424186,calm
2021-03-26,0.0001511206546691,0.0007776126095999992,0.0005697754913178986,0.00023657431071505688,calm
2021-03-29,0.0001275152758328,0.0007621781683940192,0.0005405339591489693,0.0002330534300107733,calm
2021-03-30,5.859410571646578e-05,0.0007781487330398619,0.0005222236478123984,0.0002974299362303596,calm
2021-03-31,5.2707352365811946e-05,0.0006891632098859003,0.0004851364128545133,0.00028955584218730925,calm
2021-04-01,0.0001298286823151,0.0006898149850040456,0.0004475519769942738,0.00029361189827947646,calm
2021-04-06,9.193934113026572e-05,0.0005204775183846486,0.0004260475168303107,0.00015112065466912683,calm
2021-04-07,8.516927472602788e-05,0.0004967582169115115,0.0003989064111177452,0.0001275152758328803,calm
2021-04-08,8.676141433314473e-05,0.00036147325160651407,0.0003698386932288596,5.859410571646729e-05,calm
2021-04-09,0.0003251027779767,0.00027276387090230424,0.0003448582350663764,5.2707352365813464e-05,calm
2021-04-12,0.0002426228415206,0.0003239376643637426,0.0003653830029596382,0.0001298286823151308,calm
2021-04-13,0.000747973191926,0.0002982669618106845,0.0003392084622353923,9.193934113026724e-05,calm
2021-04-14,0.0007534004027319,0.0002496316177692072,0.00031660611264002354,8.51692747260294e-05,calm
2021-04-15,0.0007689372687768,0.00025030578144103854,0.0002974244010734511,8.676141433314625e-05,calm
2021-04-16,0.0005707373931981,0.0003391390266757887,0.00037786156376690274,0.00032510277797677075,calm
2021-04-19,0.000673284204859,0.000316204412824815,0.00035106558590610127,0.00024262284152065392,calm
2021-04-20,0.0001698597909292,0.0005076424416688994,0.0005746104475432883,0.000747973191926,calm
2021-04-21,0.0001893846011771,0.0004936134370910915,0.0005277910261937255,0.0007534004027315,calm
2021-04-22,0.000190129197275,0.00046666623268258947,0.0004898967819545447,0.0007689372687765,calm
2021-04-23,0.0002436507300211,0.0004483163559766142,0.00046549743630491217,0.000570737393198,calm
2021-04-26,0.0002749770188949,0.0004841164498982129,0.00046921307490485864,0.0006732842048589999,calm
2021-04-27,0.0015436402763371,0.0003821205626209676,0.0004322529241359982,0.00016985979092926302,calm
2021-04-28,0.0015200727746894,0.00039663505219138305,0.0004073984911780082,0.0001893846011771418,calm
2021-04-29,0.0015196645537627,0.00036582477942698384,0.00038828217076724506,0.000190129197275032,calm
2021-04-30,0.0014272693408841,0.000395429192512933,0.0004104230308379204,0.0002436507300211996,calm
2021-05-04,0.0018749346668068,0.0004165215355971259,0.0004494967803722264,0.00027497701889490884,calm
2021-05-05,0.0006432759304967,0.0008407153186752205,0.0009739473995425128,0.001543640276337,calm
2021-05-06,0.0007288185294454,0.0008190134499924035,0.0008844541727329541,0.001520072774689,calm
2021-05-07,0.0008756444520045,0.000821324063791357,0.0008095711193955466,0.0015196645537624998,calm
2021-05-10,0.0009151601578094,0.0008070978042027275,0.0007397203575623546,0.001427269340884,calm
2021-05-11,0.0003332999649043,0.0009772446687575844,0.0009591530433178388,0.0018749346668065,calm
2021-05-12,0.0005309929219893,0.0008244038977902416,0.0008935748135771185,0.0006432759304965001,calm
2021-05-13,0.0005537891593889,0.0008439017430190641,0.0008592982545174406,0.000728818529445,calm
2021-05-14,0.0006036557077369,0.0008987688011742718,0.0008485097522611535,0.0008756444520045,calm
2021-05-17,0.0005733756357327,0.0009078265764187328,0.0007961648022177993,0.0009151601578090001,calm
2021-05-18,0.0005966187774778,0.0007548224544068294,0.0007251558401667767,0.0003332999649043772,calm
2021-05-19,0.0003932543459919,0.0008376595645408799,0.0007812348542857684,0.000530992921989,calm
2021-05-20,0.0003456043314626,0.0008581562832796261,0.0007552238504837034,0.0005537891593885,calm
2021-05-21,0.0001417531989057,0.0008251676971701288,0.0007769234451492474,0.0006036557077365,calm
2021-05-24,0.0001686797702343,0.0008112608560528338,0.0007111201894627253,0.0005733756357325001,calm
2021-05-25,0.0001880025235859,0.0008191848838470774,0.0006563892906156326,0.0005966187774775001,calm
2021-05-26,0.0001618260520041,0.0007669451157964376,0.00061129549292405,0.0003932543459919261,calm
2021-05-27,0.000106075636694,0.0007471924657466226,0.0005828716558632954,0.0003456043314626234,calm
2021-05-28,9.772856109175434e-05,0.0006466270348156922,0.0005413101802298249,0.00014175319890575327,calm
2021-05-31,6.452214771388621e-05,0.0006693785150425859,0.0005192069434752513,0.0001686797702343697,calm
2021-06-01,5.252060597704385e-05,0.0006844014173622829,0.0004921394125172813,0.00018800252358595296,calm
2021-06-02,5.8038125222642e-05,0.0006526870836200189,0.0004542754813081751,0.0001618260520041403,calm
2021-06-03,5.291088380349113e-05,0.0005948064902131565,0.0004239323813794864,0.00010607563669400526,calm
2021-06-04,6.995430905776819e-05,0.00041295404724723167,0.0003938409384697288,9.772856109175584e-05,calm
2021-06-07,0.0001519916887815,0.0003886961770322346,0.0003657653056077042,6.452214771388773e-05,calm
2021-06-08,0.0002188781069082,0.00038031508504323867,0.00034984413156125633,5.252060597704536e-05,calm
2021-06-09,0.0002476504301363,0.000386505679106659,0.0003336819101249582,5.803812522264352e-05,calm
2021-06-10,0.0002468393492588,0.00029365342472572936,0.0003126160737503711,5.291088380349264e-05,calm
2021-06-11,0.0004924159833466,0.00030616261444237785,0.00029782194121668877,6.995430905776971e-05,calm
2021-06-14,0.0004871942571772,0.0003477715166040813,0.00032570162432658144,0.00015199168878153455,calm
2021-06-15,0.0006361802262015,0.00035479959340657316,0.0003554966218978367,0.00021887810690828657,calm
2021-06-16,0.0006054750156846,0.00036047990944722367,0.0003449794658229067,0.00024765043013636725,calm
2021-06-17,0.0008302924786988,0.0003556802215218713,0.0003221140958767907,0.0002468393492588284,calm
2021-06-18,0.000569246747644,0.00041098924090327775,0.00043372874591791725,0.0004924159833466742,calm
2021-06-21,0.0009806422471903,0.0004022155610176185,0.00043213614628576254,0.00048719425717724953,calm
2021-06-22,0.000764070740511,0.00042880749715883907,0.0005014466011201665,0.0006361802262015,calm
2021-06-23,0.0008068945477062,0.0004205168518780785,0.00046842097438635317,0.0006054750156845,calm
2021-06-24,0.0007810797102562,0.0004959845170839876,0.00052489173921856,0.0008302924786985001,calm
2021-06-25,0.0007872626362708,0.0004542720932071015,0.00048533803584792834,0.000569246747644,calm
2021-06-28,0.0003763629555121,0.0006036328277952575,0.0006894760029205124,0.0009806422471900001,calm
2021-06-29,0.0004336412596409,0.0005787968073660218,0.0006395916438783205,0.000764070740511,calm
2021-06-30,0.0003918238013061,0.0005880563595194254,0.0006147154343324493,0.000806894547706,calm
2021-07-01,0.0007922417505633,0.000620483680414806,0.0006447124219743726,0.000781079710256,calm
2021-07-02,0.000915390815072,0.0006153431993233408,0.0005919509041054381,0.0007872626362705,calm
2021-07-05,0.0008598952717249,0.0005658146041405514,0.000574102159871596,0.00037636295551216373,calm
2021-07-06,0.0007960073515565,0.0005941119959779377,0.0005729325749424036,0.00043364125964097616,calm
2021-07-07,0.0008046032268652,0.0005816675528036774,0.00052824367119469,0.00039182380130618267,calm
2021-07-08,0.0002267962704158,0.0007675251809639657,0.0007784276236753389,0.0007922417505629999,calm
2021-07-09,0.000105778040396,0.0008032728360578531,0.0007625083407112915,0.000915390815072,calm
2021-07-12,0.0011342489590912,0.0007956873228125959,0.0007114545505654123,0.0008598952717245,calm
2021-07-13,0.0012195683580727,0.0007863400762287736,0.0006634546558830447,0.0007960073515565,calm
2021-07-14,0.0016710811977781,0.0007752463762414232,0.0006188504644883678,0.000804603226865,calm
2021-07-15,0.0018633006439327,0.0006245241292613225,0.0005800805391136024,0.00022679627041584925,calm
2021-07-16,0.0019559985030477,0.0005489293781597245,0.0005396783891575879,0.00010577804039600946,calm
2021-07-19,0.0009071960308408,0.0010020596798772786,0.0010038088883898221,0.001134248959091,calm
2021-07-20,0.000802830459109,0.0009782907035124394,0.0009539358431921034,0.0012195683580725,calm
2021-07-21,0.0003831179647759,0.0011039968178579267,0.0010683435234454574,0.001671081197778,calm
2021-07-22,0.0001867623072708,0.0011142009184533345,0.0010575931366193256,0.0018633006439325,calm
2021-07-23,0.0001353650217084,0.0011370117452254654,0.0010005119862126388,0.0019559985030475,calm
2021-07-26,0.0001407928487211,0.0009632381894166031,0.0009097823810943947,0.0009071960308405,calm
2021-07-27,0.0001406836495573,0.0009432202306781892,0.0008275633820965417,0.000802830459109,calm
2021-07-28,0.0001261290495301,0.0007827250666677347,0.000772291506472878,0.00038311796477599974,calm
2021-07-29,0.0001497270502128,0.0006950798515896521,0.0007093236600848731,0.00018676230727085523,calm
2021-07-30,0.0001369936729085,0.0006632646756774438,0.0006771439976580056,0.00013536502170847478,calm
2021-08-02,0.000124595401149,0.0006399822015077655,0.0006219517628798787,0.00014079284872113443,calm
2021-08-03,0.0006472411594047,0.0006366389521556401,0.0005725009718120017,0.00014068364955737114,calm
2021-08-04,0.0007449149949237,0.0006248287602896093,0.0005378432318253576,0.00012612904953012308,calm
2021-08-05,0.0007048217327283,0.0006361546193202351,0.0005085881315432376,0.0001497270502128837,calm
2021-08-06,0.0006643027765434,0.0006310585269413602,0.00048185330956975625,0.00013699367290857662,calm
2021-08-09,0.0007379885099985,0.0005318355596267538,0.0004441246313693867,0.00012459540114906858,calm
2021-08-10,0.0002422518024292,0.0007775275196008555,0.0006359976445672427,0.0006472411594045,calm
2021-08-11,0.000141329062362,0.0008098933486778913,0.0006357904536336344,0.0007449149949235001,calm
2021-08-12,0.0003373068077156,0.000787320643765778,0.0005834096205991041,0.000704821732728,calm
2021-08-13,0.00040777194596,0.0007701368891057376,0.0005344357323975532,0.0006643027765429999,calm
2021-08-16,0.0003351330265348,0.0008087027155449624,0.0005307903738934408,0.0007379885099985,calm
2021-08-17,0.0003170516786673,0.0006795049849322471,0.0005056786311945031,0.00024225180242922343,calm
2021-08-18,0.0004467222728131,0.0004792540774883824,0.0004766706514878179,0.00014132906236201598,calm
2021-08-19,0.0002655858230003,0.0005685821778006074,0.0005398531616875302,0.0003373068077156947,calm
2021-08-20,0.0001961044976806,0.0005088330237550944,0.0005222154830367106,0.0004077719459601005,calm
2021-08-23,0.0001974742913713,0.0004458816980953563,0.00047961960039301436,0.0003351330265348618,calm
2021-08-24,0.0002453648885433,0.0004274534542503076,0.00044509406036898487,0.0003170516786673244,calm
2021-08-25,8.210070029759192e-05,0.00048784186310590015,0.0004771472955034616,0.0004467222728131182,calm
2021-08-26,6.628771580689005e-05,0.00044831223477999923,0.0004442707636505039,0.0002655858230003318,calm
2021-08-27,6.648825426145184e-05,0.0004144341214244313,0.00041127198145156585,0.00019610449768064583,calm
2021-08-30,8.272819575782221e-05,0.00041328744086355647,0.00038050486168375033,0.00019747429137137134,calm
2021-08-31,2.348473751847005e-05,0.0004337437708200696,0.0003863007534867372,0.00024536488854332386,calm
2021-09-01,0.0002731277411068,0.00035765111828230263,0.0003589565039971848,8.210070029759365e-05,calm
2021-09-02,0.0002762063366305,0.00034567548800479785,0.0003333022209702899,6.62877158068918e-05,calm
2021-09-03,0.0003481262642966,0.000340809775537383,0.0003103743896638686,6.648825426145358e-05,calm
2021-09-06,0.000409295308285,0.0003522980529053754,0.0002956722525309346,8.272819575782394e-05,calm
2021-09-07,0.0004281322570823,0.0002814318280176035,0.0002767029177528764,2.348473751847178e-05,calm
2021-09-08,0.0002363534217181,0.0004690712971952333,0.00038605249011632736,0.00027312774110681347,calm
2021-09-09,0.0006756904124266,0.0003605632447193138,0.0003582649820458129,0.0002762063366305736,calm
2021-09-10,0.0006088291217554,0.0003638713748627771,0.0003726220886576315,0.00034812626429664607,calm
2021-09-13,0.000988865760582,0.0003912890492554561,0.00037634604188356335,0.0004092953082850978,calm
2021-09-14,0.0009907870827715,0.00039676380780112315,0.000361697826225029,0.00042813225708238946,calm
2021-09-15,0.0013321267634089,0.0003595625062396249,0.0003682963466174777,0.0002363534217181664,calm
2021-09-16,0.0008911735384035,0.0005225463700753816,0.0005310210664746174,0.0006756904124265,calm
2021-09-17,0.0009100871733503,0.0005005413763864424,0.0004924342729297251,0.000608829121755,calm
2021-09-20,0.000583630921141,0.0006079049126975245,0.0006797331903201732,0.000988865760582,calm
2021-09-21,0.0009274512221585,0.0005910772285634376,0.0006279168947682417,0.0009907870827715,calm
2021-09-22,0.0005311194348371,0.0007149879267150266,0.0007443950561536882,0.0013321267634085001,calm
2021-09-23,0.0006046178832284,0.0006571537311932523,0.0006810559376113361,0.0008911735384035,calm
2021-09-24,0.0006098668215486,0.0006364509093954296,0.0006373042602361208,0.00091008717335,calm
2021-09-27,0.0004817771741423,0.000619492549894595,0.0006524897538789667,0.000583630921141,calm
2021-09-28,0.0001452942252275,0.0007413534734994853,0.0007783212347108929,0.0009274512221585,calm
2021-09-29,0.0002724890328693,0.0006683912110932536,0.0007122411515201742,0.000531119434837,calm
2021-09-30,0.0003130258545634,0.0006921985735891963,0.000691065244042888,0.000604617883228,calm
2021-10-01,0.0003157450751036,0.000696276229159984,0.0006412859796566529,0.0006098668215484999,calm
2021-10-04,0.0003410407889041,0.0006677503096562263,0.0005907132055857472,0.00048177717414239714,calm
2021-10-05,0.0003235415731029,0.0005603895420465696,0.0005510294191220117,0.0001452942252275447,calm
2021-10-06,0.0002429176577396,0.00063926752863799,0.0005737754814800015,0.00027248903286931166,calm
2021-10-07,0.0001791290746407,0.000671098284174927,0.0005719870379761402,0.00031302585456349894,calm
2021-10-08,0.0002362541492331,0.0006348756544016662,0.0005437659827357499,0.00031574507510361797,calm
2021-10-11,0.000340301899805,0.0006467794602507825,0.0005172117749350646,0.00034104078890411426,calm
2021-10-12,0.0003282499873209,0.0006295861514280086,0.00048339520012074725,0.0003235415731029484,calm
2021-10-13,0.0003060449732722,0.0006002176014844511,0.00046313562963474196,0.00024291765773964817,calm
2021-10-14,0.0003836893349004,0.000577011318934965,0.00044600620152767637,0.00017912907464073076,calm
2021-10-15,0.0003465048477614,0.0006087053489477434,0.000446458111804153,0.00023625414923314183,calm
2021-10-18,0.0002366460022817,0.0005941885300637368,0.0004821180189581178,0.0003403018998050861,calm
2021-10-19,0.0003144717123746,0.0005758493108526102,0.0004442351057535335,0.00032824998732098676,calm
2021-10-20,0.0003862233177742,0.0005050921783157408,0.00041909831179976826,0.000306044973272277,calm
2021-10-21,0.0002695723409744,0.0005463009631253008,0.000455331727852158,0.0003836893349004176,calm
2021-10-22,0.0002313760126567,0.00047093749177820295,0.00043926524129916597,0.0003465048477614644,calm
2021-10-25,0.0002641253211409,0.0004465124867066281,0.00041351544648023477,0.0002366460022817454,calm
2021-10-26,0.0002641004247498,0.00047877594009467547,0.00041210054603510373,0.0003144717123746896,calm
2021-10-27,0.000229831754039,0.00048826275592325454,0.0004339976614032347,0.0003862233177742814,calm
2021-10-28,0.0002690995594138,0.0003901974508229284,0.0004044611686934928,0.00026957234097448426,calm
2021-10-29,0.0002588915435491,0.00038333648140074486,0.00037851969737864356,0.00023137601265671323,calm
2021-11-01,0.0002087135726113,0.0003895834802686974,0.00037233020328970466,0.00026412532114094336,calm
2021-11-02,0.0001445005845736,0.000399554095264595,0.00038756093699829634,0.0002641004247498683,calm
2021-11-03,8.087385204019625e-05,0.0004023214895705854,0.00038359361639925325,0.00022983175403907668,calm
2021-11-04,2.7984889143538658e-05,0.00041667663113276903,0.00038503858104522033,0.0002690995594138945,calm
2021-11-05,3.2144924659700664e-05,0.0003858934345215243,0.0003606814790308076,0.00025889154354917423,calm
2021-11-08,5.897045885420152e-05,0.00035216555422543257,0.0003366675429932936,0.000208713572611375,calm
2021-11-09,6.1243466977675e-05,0.000329354976193968,0.00032249460543430137,0.00014450058457365805,calm
2021-11-10,0.0001543976364277,0.0002934439340819801,0.0003026458052069634,8.087385204019798e-05,calm
2021-11-11,0.0001579157285154,0.00024211394682238944,0.0002830921785356453,2.7984889143540396e-05,calm
2021-11-12,0.0001551769482617,0.00024708260219751915,0.00027181750655901017,3.2144924659702406e-05,calm
2021-11-15,0.0001331831899135,0.00026995757414192305,0.00027543170052763674,5.8970458854203256e-05,calm
2021-11-16,0.0001188877177201,0.0002577713957231447,0.00026888290144020315,6.124346697767674e-05,calm
2021-11-17,6.551881428151927e-05,0.0002916002891922453,0.00030333519205979933,0.00015439763642779715,calm
2021-11-18,6.427842263692425e-05,0.0002899748927432556,0.0002866498057264708,0.00015791572851547625,calm
2021-11-19,0.0021623803667466,0.00028522088084740406,0.00027339671212577466,0.0001551769482617813,calm
2021-11-22,0.0021982989794685,0.00025421588311810064,0.0002650940630083553,0.00013318318991353698,calm
2021-11-23,0.0022248199519913,0.0002369252317294854,0.00025116191791043583,0.00011888771772017385,calm
2021-11-24,0.0023621835302052,0.0002214728398409631,0.0002606094080376072,6.551881428152099e-05,calm
2021-11-25,0.0023649884338905,0.0002034253940245805,0.00024542850190102693,6.427842263692598e-05,calm
2021-11-26,0.0003516864974078,0.0008967276377070026,0.001231591131704981,0.0021623803667465,calm
2021-11-29,0.00120213357159,0.0008946421138174832,0.001132747340084493,0.0021982989794685002,calm
2021-11-30,0.0015964060671493,0.0008974426582951734,0.0010435247929648475,0.002224819951991,calm
2021-12-01,0.0014364772771376,0.0009377422958114887,0.0010197903406967577,0.002362183530205,calm
2021-12-02,0.0014478376433752,0.0009109201930857558,0.000929533368028377,0.0023649884338905,calm
2021-12-03,0.00136389284541,0.000686108951708228,0.0008933052933049848,0.00035168649740787176,calm
2021-12-06,0.0007142867943978,0.0009943716351964987,0.0012045834922038488,0.00120213357159,calm
2021-12-07,0.0002962839011734,0.0011117422889865005,0.0012710560144194292,0.0015964060671490002,calm
2021-12-08,0.0002790404671364,0.0010835676957117273,0.0011625320219671835,0.0014364772771374998,calm
2021-12-09,0.0003331311604389,0.0010848195107668675,0.0010639059852626449,0.001447837643375,calm
2021-12-10,0.0003361965152188,0.0010724256463195342,0.0009702786083560165,0.00136389284541,calm
2021-12-13,0.0004042774365942,0.0010189489105647505,0.0010069093823853168,0.0007142867943975,calm
2021-12-14,0.000948847746951,0.0008743744814622307,0.0009146608398685318,0.0002962839011734384,calm
2021-12-15,0.0009865451399727,0.0008591522169822559,0.0008331726640630418,0.0002790404671364356,calm
2021-12-16,0.0011378635352131,0.0009021737809918265,0.0007849681753442873,0.0003331311604389709,calm
2021-12-17,0.0011277897238079,0.0008861004108583304,0.000717674830850853,0.00033619651521882385,calm
2021-12-20,0.0008850622827575,0.0009662271578087985,0.0008133164852629882,0.0004042774365942052,calm
2021-12-21,0.0003623602195542,0.0011893620394147853,0.0009766873739393447,0.000948847746951,calm
2021-12-22,0.0003498052754662,0.0011896664183958221,0.0009007455946025044,0.0009865451399725,calm
2021-12-23,0.0007734810973265,0.001257294386102499,0.0009105369650987951,0.001137863535213,calm
2021-12-24,0.0008002901811626,0.001216046259214431,0.0008275565461686619,0.0011277897238075,calm
2021-12-29,0.0008338044992112,0.0012084282543946441,0.0007816253391809699,0.0008850622827575,calm
2021-12-30,0.0008134709732818,0.0007661337697868966,0.0007207650979107352,0.000362360219554257,calm
2021-12-31,0.0008858583307632,0.0007587835898265616,0.0006737175914374617,0.00034980527546621496,calm
2022-01-04,0.0002712431068032,0.0009700972754415686,0.0008934383163976345,0.0007734810973265001,calm
2022-01-05,0.0002743304448559,0.000942509571892516,0.0008219102937682205,0.0008002901811625,calm
2022-01-06,0.0001790396660932,0.0009692765156370123,0.0008051991678239701,0.0008338044992110001,calm
2022-01-07,0.0004961816050043,0.0009434289226241968,0.0007385163386110837,0.0008134709732814999,calm
2022-01-10,0.0003975185512842,0.0008332355284230023,0.0007261955426322014,0.0008858583307629999,calm
2022-01-11,0.0006327849893059,0.0006235533817372457,0.0006736248421186032,0.0002712431068032611,calm
2022-01-12,0.0006092908484187,0.0006263273942842004,0.0006261603854157487,0.0002743304448559097,calm
2022-01-13,0.0006618689210907,0.000580961323340411,0.0005770948663938952,0.00017903966609328058,calm
2022-01-14,0.0007141540909796,0.0007479886632846074,0.0006886717468033527,0.000496181605004373,calm
2022-01-17,0.0026365042728447,0.0006685028951638985,0.0006305315460020529,0.0003975185512842753,calm
2022-01-18,0.0023707274762152,0.0007808463936483283,0.0007095348111897009,0.0006327849893055001,calm
2022-01-19,0.0027156902644562,0.0007676284794675122,0.0006496350479566493,0.0006092908484185,calm
2022-01-20,0.0026601066340174,0.0007832040580596625,0.0006189774292020811,0.0006618689210905,calm
2022-01-21,0.0023613834054268,0.0008580975428235113,0.0007508967004407383,0.0007141540909794999,calm
2022-01-24,0.0004898902896602,0.0013734717810996741,0.001588657155256147,0.0026365042728445,calm
2022-01-25,0.0007373477907627,0.001220510358208529,0.001435866303622169,0.002370727476215,calm
2022-01-26,0.000400857628008,0.0013315174490844887,0.0014462505091911951,0.002715690264456,calm
2022-01-27,0.000840449815207,0.0012747311706861597,0.001310849307094176,0.002660106634017,calm
2022-01-28,0.0008588473644704,0.0012710128600898608,0.001216151738890929,0.0023613834054265,calm
2022-01-31,0.0010913197856389,0.0009718143676882669,0.001120896736134442,0.0004898902896602582,calm
2022-02-01,0.0008438071561073,0.0010775560724101707,0.0011189854850887169,0.0007373477907625,calm
2022-02-02,0.0011870982118951,0.0009626885585376117,0.0010194712855424175,0.00040085762800803914,calm
2022-02-03,0.0008620954160018,0.0010732425434973574,0.0011445540678784185,0.000840449815207,calm
2022-02-04,0.0007682245837143,0.0010818675124860376,0.001087982725350584,0.00085884736447,calm
2022-02-07,0.0009683837034841,0.0011567678356895856,0.0011051506775336944,0.0010913197856384999,calm
2022-02-08,0.0010562914902418,0.001083862797046347,0.0010034340342029392,0.000843807156107,calm
2022-02-09,0.0007075445365128,0.0012123087253487876,0.0010617503094689426,0.001187098211895,calm
2022-02-10,0.0006378376305647,0.001158244775904883,0.00101298163591537,0.0008620954160015,War / energy shock 2022
2022-02-11,0.0008315810494435,0.0011158189169902493,0.0009216303062349164,0.0007682245837140001,War / energy shock 2022
2022-02-14,0.0006158962634729,0.0012486384593371582,0.0010732145973350793,0.000968383703484,War / energy shock 2022
2022-02-15,0.0005377969812029,0.0012269673351906043,0.0010080287047846955,0.0010562914902415,War / energy shock 2022
2022-02-16,0.000635470043773,0.0011402932808751804,0.0009222601026637364,0.0007075445365125,War / energy shock 2022
2022-02-17,0.0027699016321363,0.0010989471708402418,0.0008688245229847493,0.0006378376305645,War / energy shock 2022
2022-02-18,0.0033470050500299,0.0011797016538981058,0.0008891346989184711,0.0008315810494434999,War / energy shock 2022
2022-02-21,0.0031311630556759,0.0011492364294932295,0.0009423221589701591,0.0006158962634725,War / energy shock 2022
2022-02-22,0.0054221771603357,0.0010656320151598755,0.0008637428878789308,0.0005377969812025,War / energy shock 2022
2022-02-23,0.0053456729827874,0.000842901767973018,0.0008422493754610017,0.000635470043773,War / energy shock 2022
2022-02-24,0.0038073782957603,0.0014902213645629388,0.0017933895027783422,0.0027699016321359998,War / energy shock 2022
2022-02-25,0.0062750265572957,0.0016044935597732792,0.0019516160751862934,0.0033470050500294998,War / energy shock 2022
2022-02-28,0.0065175374440419,0.0015802312940126318,0.0017803384058409336,0.0031311630556755,War / energy shock 2022
2022-03-01,0.0048586052203408,0.002131494826805761,0.0026856493183644047,0.0054221771603354995,War / energy shock 2022
2022-03-02,0.0087658830381891,0.0020943306983308664,0.0024367144254695185,0.005345672982787,War / energy shock 2022
2022-03-03,0.0083261353221941,0.0020576299192760733,0.0025088513195436666,0.00380737829576,War / energy shock 2022
2022-03-04,0.0057680066705409,0.002736998428646566,0.003770862349491049,0.0062750265572955,War / energy shock 2022
2022-03-07,0.0057090217804616,0.0027116717416425947,0.0035370617365211485,0.0065175374440415,War / energy shock 2022
2022-03-08,0.0051004455671594,0.002661649476196247,0.0034907796874765005,0.0048586052203405,War / energy shock 2022
2022-03-09,0.0025912867420229,0.0034723068297687803,0.004887249504488265,0.008765883038189001,War / energy shock 2022
2022-03-10,0.0024184746652711,0.0034385559647568432,0.004497395427727996,0.008326135322194,War / energy shock 2022
2022-03-11,0.0019226206988843,0.003285094577761493,0.0043344862248618585,0.005768006670540501,War / energy shock 2022
2022-03-14,0.0017597794081367,0.0032821473546252957,0.003993350809819092,0.005709021780461499,War / energy shock 2022
2022-03-15,0.0017313683938775,0.003204737606069011,0.0036099693549397744,0.005100445567159001,War / energy shock 2022
2022-03-16,0.0008133755086043,0.0029950671284545392,0.0038709079544167217,0.0025912867420225,War / energy shock 2022
2022-03-17,0.0009063485642727,0.0029217520754161986,0.0034942630717796548,0.002418474665271,War / energy shock 2022
2022-03-18,0.0008107156908741,0.0028429742152146246,0.003218792547180395,0.001922620698884,War / energy shock 2022
2022-03-21,0.0007946055788636,0.0027946514452425637,0.0029358085177699075,0.0017597794081365,War / energy shock 2022
2022-03-22,0.0019371435073683,0.0027455850709305883,0.0026471161637023673,0.0017313683938775001,War / energy shock 2022
2022-03-23,0.002714603174566,0.002474758955671779,0.002631815030176349,0.000813375508604,War / energy shock 2022
2022-03-24,0.0025996555105342,0.0025198754998529346,0.0024381362383873346,0.0009063485642725,War / energy shock 2022
2022-03-25,0.0025103123486439,0.0024687686057487195,0.0022446169413503575,0.000810715690874,War / energy shock 2022
2022-03-28,0.0026870409597838,0.002271413889279328,0.0020447434950287228,0.0007946055788635001,War / energy shock 2022
2022-03-29,0.0017085601555421,0.002702099785471487,0.002343403071397198,0.0019371435073680002,War / energy shock 2022
2022-03-30,0.0014142018643364,0.002994239579387686,0.0027218519769758713,0.002714603174566,War / energy shock 2022
2022-03-31,0.0013982442561113,0.002686719489693454,0.002461587314395216,0.002599655510534,War / energy shock 2022
2022-04-01,0.001620910000071,0.0026425177148282917,0.002219246301794088,0.0025103123486435,War / energy shock 2022
2022-04-04,0.00149682835839,0.0026742426497519426,0.0020970908040544725,0.0026870409597835,War / energy shock 2022
2022-04-05,0.0013459374166263,0.002139550101365707,0.0019773660063892562,0.001708560155542,War / energy shock 2022
2022-04-06,0.0003535521757823,0.0021616692708588204,0.0022572008346304186,0.0014142018643359998,War / energy shock 2022
2022-04-07,0.0006795213177958,0.0020342330427114315,0.002034905235687055,0.001398244256111,War / energy shock 2022
2022-04-08,0.0004997704714363,0.0016749753567831497,0.001927411911797814,0.0016209100000710002,War / energy shock 2022
2022-04-11,0.0007607423891419,0.0016358019534043026,0.0017824730378987524,0.00149682835839,War / energy shock 2022
2022-04-12,0.0010817199259752,0.0015115016508671544,0.00162103301577182,0.001345937416626,War / energy shock 2022
2022-04-13,0.0012863623127446,0.001173456260844172,0.001466649840195979,0.00035355217578235756,War / energy shock 2022
2022-04-14,0.0012119870320284,0.0013668927252612263,0.00146285271373625,0.0006795213177955,War / energy shock 2022
2022-04-19,0.0013596238691455,0.0011280975780359657,0.001347706950706063,0.000499770471436327,War / energy shock 2022
2022-04-20,0.0010150593072866,0.0012620948739847622,0.0013756949711050557,0.0007607423891415,War / energy shock 2022
2022-04-21,0.0007858945856704,0.0013594479586834026,0.0013870701798356943,0.0010817199259749999,War / energy shock 2022
2022-04-22,0.0006539792652599,0.0014157904805089854,0.0013588292051689077,0.0012863623127445,War / energy shock 2022
2022-04-25,0.0004083326740405,0.0014360940246544295,0.0013553215913660534,0.001211987032028,War / energy shock 2022
2022-04-26,0.0002394647981832,0.0014185080591495956,0.0013232969507348724,0.0013596238691455,War / energy shock 2022
2022-04-27,0.0004802892752441,0.0013281979156289493,0.0012068067731652134,0.0010150593072865,War / energy shock 2022
2022-04-28,0.0005948227373486,0.0012807230458376881,0.001136969026992769,0.00078589458567,War / energy shock 2022
2022-04-29,0.0014192633481378,0.0012423988473345264,0.0010593186140905857,0.0006539792652595,War / energy shock 2022
2022-05-03,0.0014135628714587,0.0010041710557515517,0.0009663427790657515,0.0004083326740405994,War / energy shock 2022
2022-05-04,0.0017256373074414,0.0007708778049798908,0.0008919180379474099,0.00023946479818327303,War / energy shock 2022
2022-05-05,0.0015346168180939,0.0009086720934942804,0.0009441566306622603,0.0004802892752441949,War / energy shock 2022
2022-05-06,0.0020799521326128,0.0009734416457637127,0.0009708417824218617,0.0005948227373485,War / energy shock 2022
2022-05-09,0.0012104650788227,0.001237730093902309,0.0013110319250456992,0.0014192633481375,War / energy shock 2022
2022-05-10,0.0013674629713488,0.0011825718555686976,0.001187103108177414,0.0014135628714585,War / energy shock 2022
2022-05-11,0.0011405600900698,0.0011375283413671722,0.0012159825850852843,0.001725637307441,War / energy shock 2022
2022-05-12,0.0014092016677196,0.0011228250655594342,0.001142604824400886,0.0015346168180935,War / energy shock 2022
2022-05-13,0.0008876423898087,0.0012846800180747703,0.0013676067683780313,0.0020799521326125003,War / energy shock 2022
2022-05-16,0.0010167105846979,0.0011487113117570576,0.0012549588205325159,0.0012104650788225,War / energy shock 2022
2022-05-17,0.0010457529783564,0.0012005053914941942,0.0012002326004041072,0.0013674629713485,War / energy shock 2022
2022-05-18,0.0011695782963768,0.001179032500835338,0.0011439795316124965,0.0011405600900695001,War / energy shock 2022
2022-05-19,0.000952580532223,0.001228994653601832,0.001206772070044191,0.0014092016677195,War / energy shock 2022
2022-05-20,0.0008852957773588,0.001165240140432626,0.001196225542157071,0.0008876423898084999,War / energy shock 2022
2022-05-23,0.0008433853995883,0.0011594824353629554,0.0011479151665938412,0.0010167105846975001,War / energy shock 2022
2022-05-24,0.0008977102606603,0.0011429108153964804,0.001135177978193172,0.001045752978356,War / energy shock 2022
2022-05-25,0.0012789698116343,0.0011692233456012126,0.0011246998403353866,0.0011695782963765,War / energy shock 2022
2022-05-26,0.0011984329608485,0.0011092193685653578,0.0010707857308628868,0.000952580532223,War / energy shock 2022
2022-05-27,0.0010297162825527,0.0010953992432229168,0.0010453616603217704,0.0008852957773585,War / energy shock 2022
2022-05-30,0.0009723875225726,0.0010980305264037939,0.0009949059808341389,0.0008433853995879999,War / energy shock 2022
2022-05-31,0.0007810396906533,0.001131112452468825,0.0010240137917872972,0.00089771026066,War / energy shock 2022
2022-06-01,0.0002312191197358,0.0012849049038086314,0.0012252415471374826,0.001278969811634,War / energy shock 2022
2022-06-02,0.0002208653255572,0.001266601963105029,0.0011272717000266462,0.0011984329608484999,War / energy shock 2022
2022-06-03,0.0015496076117225,0.0012282038319943603,0.0010307821520259552,0.0010297162825525,War / energy shock 2022
2022-06-06,0.0022030316663483,0.0011931926180268056,0.000957888532690677,0.0009723875225725,War / energy shock 2022
2022-06-07,0.0024097098566666,0.0011254151116172363,0.000898197736562007,0.000781039690653,War / energy shock 2022
2022-06-08,0.0024354775399155,0.0008205690334344743,0.0008513792090417056,0.00023121911973580939,War / energy shock 2022
2022-06-09,0.0027887687400231,0.0008172410109683605,0.0007962931938181838,0.000220865325557296,War / energy shock 2022
2022-06-10,0.0015388435598036,0.0013079966600814063,0.0013601830851135924,0.0015496076117225,War / energy shock 2022
2022-06-13,0.0008872852444677,0.0014864046461818539,0.0015730659694203847,0.002203031666348,War / energy shock 2022
2022-06-14,0.000655859574622,0.0014214256329792287,0.001549349682607048,0.0024097098566665,War / energy shock 2022
2022-06-15,0.0006676738670518,0.0014289064800981004,0.001434839358028723,0.0024354775399155,War / energy shock 2022
2022-06-16,0.0003286733235688,0.001507213764136388,0.0014888143370470762,0.002788768740023,War / energy shock 2022
2022-06-17,0.0008207453570606,0.0013554053425761797,0.0013817126880240173,0.0015388435598035,War / energy shock 2022
2022-06-20,0.0007895631943404,0.001195425274341315,0.001283614495029034,0.0008872852444675001,War / energy shock 2022
2022-06-21,0.0009162281972107,0.0011035888944939604,0.0011774247911328934,0.0006558595746219999,War / energy shock 2022
2022-06-22,0.0010563167212341,0.0011040459837969561,0.0011200569000287281,0.0006676738670515001,War / energy shock 2022
2022-06-23,0.0010889149193201,0.0009618928986863906,0.0010442554206692386,0.0003286733235688827,War / energy shock 2022
2022-06-24,0.0005467567053951,0.001179395176688333,0.0011970991422490323,0.0008207453570605,War / energy shock 2022
2022-06-27,0.0005288411682558,0.0011474525036159382,0.001095097050275426,0.00078956319434,War / energy shock 2022
2022-06-28,0.0009731906379635,0.0011783419003402525,0.0010709918391399753,0.0009162281972105,War / energy shock 2022
2022-06-29,0.0009628811846703,0.001226478993300939,0.0010920322151213118,0.0010563167212340001,War / energy shock 2022
2022-06-30,0.0011532108047354,0.0012059247549718285,0.0010353028524547564,0.00108891491932,War / energy shock 2022
2022-07-01,0.0013281281887756,0.0009963294026953755,0.0009547138553602254,0.000546756705395,War / energy shock 2022
2022-07-04,0.0016530507081901,0.000982124037030367,0.0008711337522561525,0.0005288411682555,War / energy shock 2022
2022-07-05,0.0010753994322146,0.0011873828206133525,0.0010803468281982637,0.0009731906379635,War / energy shock 2022
2022-07-06,0.0012422157543193,0.0012060523585317273,0.0010750514289570982,0.0009628811846700001,War / energy shock 2022
2022-07-07,0.0010080185671342,0.0012762327882378827,0.0010892385480198706,0.001153210804735,War / energy shock 2022
2022-07-08,0.0009307628124084,0.0013282216854536477,0.0010769300560646655,0.0013281281887755,War / energy shock 2022
2022-07-11,0.000783007681239,0.00142460319359813,0.0011429417093863695,0.00165305070819,War / energy shock 2022
2022-07-12,0.001089297621132,0.0011243490902131887,0.001042131554084432,0.0010753994322145,War / energy shock 2022
2022-07-13,0.0007021892111608,0.0011134920754788166,0.001140252649095477,0.0012422157543190001,War / energy shock 2022
2022-07-14,0.0006971428466339,0.0010338683759882907,0.0010566669720408098,0.001008018567134,War / energy shock 2022
2022-07-15,0.0006570270577601,0.0010319161531343881,0.0010146119622051878,0.000930762812408,War / energy shock 2022
2022-07-18,0.0005418066322136,0.0009729739629500185,0.0009983457626740466,0.000783007681239,War / energy shock 2022
2022-07-19,0.0003209350641603,0.0010674340698199438,0.0010424586341848873,0.001089297621132,War / energy shock 2022
2022-07-20,0.0005177208177644,0.0009733422916591254,0.0009491162454621222,0.0007021892111605,War / energy shock 2022
2022-07-21,0.0006654277116485,0.000977452443721756,0.000874887441293401,0.0006971428466335,War / energy shock 2022
2022-07-22,0.0008881885179382,0.0009707315286279362,0.0008347526452155273,0.0006570270577599999,War / energy shock 2022
2022-07-25,0.0008256185383721,0.0009421348060744806,0.0007998927838323703,0.0005418066322135,War / energy shock 2022
2022-07-26,0.0007608605701169,0.0008006409786648407,0.0007832934476561411,0.0003209350641603832,War / energy shock 2022
2022-07-27,0.000857929220723,0.0008951363118129886,0.0007987420553553818,0.000517720817764,War / energy shock 2022
2022-07-28,0.0007340239764318,0.000937917621869262,0.0008021249371938774,0.0006654277116485,War / energy shock 2022
2022-07-29,0.000475963164167,0.0009989303267451894,0.0008653742720124306,0.000888188517938,War / energy shock 2022
2022-08-01,0.0005645219615777,0.0009652593086290074,0.0007908624941913614,0.0008256185383719999,War / energy shock 2022
2022-08-02,0.0007666935148867,0.0009555018927063016,0.0007431224717081927,0.0007608605701165,War / energy shock 2022
2022-08-03,0.0009048231957284,0.0010262516126388125,0.0008047916705896426,0.0008579292207230001,War / energy shock 2022
2022-08-04,0.0008486697366462,0.000913421224896504,0.0007551992093321966,0.0007340239764315,War / energy shock 2022
2022-08-05,0.0014986137178631,0.0008252918912910208,0.0007235415652268902,0.0004759631641670302,War / energy shock 2022
2022-08-08,0.0014839501424381,0.0008238194884056508,0.0006995347603811164,0.0005645219615774999,War / energy shock 2022
2022-08-09,0.0012543178586121,0.0008737186781452978,0.0007594025559400674,0.0007666935148865,War / energy shock 2022
2022-08-10,0.0009754393228762,0.0009176056891924725,0.0008797130250258911,0.000904823195728,War / energy shock 2022
2022-08-11,0.0009730717562578,0.0008904175874076437,0.0008009302720476725,0.0008486697366460001,War / energy shock 2022
2022-08-12,0.0003045199703573,0.001053561877905601,0.001036427592992015,0.0014986137178630001,War / energy shock 2022
2022-08-15,0.0004890400106802,0.0010526049291197323,0.0009737396112161926,0.001483950142438,War / energy shock 2022
2022-08-16,0.0004788827791869,0.0009954593476424484,0.0008880332306708342,0.0012543178586119999,War / energy shock 2022
2022-08-17,0.0003187546760272,0.0009581504042218871,0.0008910432096499026,0.000975439322876,War / energy shock 2022
2022-08-18,0.000402357248398,0.0008802531391340625,0.0008109186183988868,0.0009730717562574999,War / energy shock 2022
2022-08-19,0.0007848483199464,0.0007454514713502335,0.0007641587372253091,0.0003045199703573173,War / energy shock 2022
2022-08-22,0.0005458526391302,0.00084665867606878,0.0008308925717160861,0.0004890400106802163,War / energy shock 2022
2022-08-23,0.000546803840544,0.0008153369577888319,0.0007569503272650276,0.0004788827791869593,War / energy shock 2022
2022-08-24,0.000572405492812,0.0007539346064387759,0.0006910730181020415,0.00031875467602728177,War / energy shock 2022
2022-08-25,0.0012593057906428,0.0007894168447616807,0.0006636937064927422,0.0004023572483980378,War / energy shock 2022
2022-08-26,0.0012998484502765,0.000923085944175039,0.0008154302714456395,0.0007848483199459999,War / energy shock 2022
2022-08-29,0.001743197970171,0.0008386359990671336,0.0007609162190679551,0.00054585263913,War / energy shock 2022
2022-08-30,0.0018502656174322,0.0007833273575391249,0.0006964275593829096,0.0005468038405440001,War / energy shock 2022
2022-08-31,0.001833050526919,0.0007985390401991281,0.0006460342476804289,0.000572405492812,War / energy shock 2022
2022-09-01,0.0010805419592613,0.0010482909886991951,0.0009602780730220752,0.0012593057906425,War / energy shock 2022
2022-09-02,0.0009787122846989,0.0010795245384490062,0.0010710859640888702,0.0012998484502764998,War / energy shock 2022
2022-09-05,0.0008814520593766,0.001204725372345471,0.0012023531918367123,0.0017431979701710001,War / energy shock 2022
2022-09-06,0.0012942144181751,0.0012188706507247297,0.0011325667083960096,0.0018502656174319999,War / energy shock 2022
2022-09-07,0.001645078081295,0.001193586919748413,0.0010303339246601577,0.001833050526919,War / energy shock 2022
2022-09-08,0.0016741957969193,0.0010593971456027633,0.000941172963891965,0.001080541959261,War / energy shock 2022
2022-09-09,0.0018036269424939,0.0010400958701937135,0.0010093877351088005,0.0009787122846985,War / energy shock 2022
2022-09-12,0.0014924432761477,0.0010785311211648323,0.0010751330663384697,0.0008814520593764999,War / energy shock 2022
2022-09-13,0.0012336491563057,0.0011209604002872964,0.0012285405220108674,0.001294214418175,War / energy shock 2022
2022-09-14,0.0008756025287777,0.0012115226912092017,0.001290828707935826,0.001645078081295,War / energy shock 2022
2022-09-15,0.001145864828943,0.001213110319054775,0.0011860447421740185,0.001674195796919,War / energy shock 2022
2022-09-16,0.0013875699987524,0.0012918600312245357,0.0013154963041538024,0.0018036269424935,War / energy shock 2022
2022-09-19,0.001360251335677,0.001253603566666875,0.0012156615240351317,0.0014924432761475,War / energy shock 2022
2022-09-20,0.0011008863651082,0.0012520362662383235,0.0012324187753243888,0.0012336491563055,War / energy shock 2022
2022-09-21,0.0011227494681422,0.0011297465670850153,0.0011174341914386699,0.0008756025287774999,War / energy shock 2022
2022-09-22,0.0019435734049871,0.0012447480932760919,0.0011700979594843827,0.001145864828943,War / energy shock 2022
2022-09-23,0.0017040641413618,0.001396583154070524,0.001414314823632027,0.001387569998752,War / energy shock 2022
2022-09-26,0.00168622693628,0.0013725386650012502,0.0013014126699947674,0.001360251335677,War / energy shock 2022
2022-09-27,0.0046655027707526,0.0012567408619867358,0.0011791628250142371,0.001100886365108,War / energy shock 2022
2022-09-28,0.0051262784873878,0.0012678813798191677,0.0010844645012627926,0.0011227494681420001,War / energy shock 2022
2022-09-29,0.00399390362784,0.001578330264186125,0.0015242003290917617,0.001943573404987,War / energy shock 2022
2022-09-30,0.003904635915982,0.00160563524266647,0.0015894525364186958,0.0017040641413615,War / energy shock 2022
2022-10-03,0.0039854482890908,0.0014818864466324435,0.0014430309509439138,0.00168622693628,War / energy shock 2022
2022-10-04,0.0010785020679528,0.002190494380401581,0.0026241088976301304,0.0046655027707525,War / energy shock 2022
2022-10-05,0.0007454271714235,0.002214652481296281,0.002599934459065674,0.005126278487387501,War / energy shock 2022
2022-10-06,0.0010794296632809,0.002079374929265304,0.002346531703648297,0.0039939036278400005,War / energy shock 2022
2022-10-07,0.0009505183065017,0.002157134936951412,0.002314377001125743,0.0039046359159820004,War / energy shock 2022
2022-10-10,0.0014374254539885,0.0021669808062119607,0.0021255550509144652,0.0039854482890905,War / energy shock 2022
2022-10-11,0.0013826791239718,0.001705011391032843,0.0019576777120988154,0.0010785020679525,War / energy shock 2022
2022-10-12,0.0013549990497906,0.0015815028820368895,0.001844963647340539,0.0007454271714235,War / energy shock 2022
2022-10-13,0.0010793398118818,0.0016655073150035487,0.0018077500542718187,0.0010794296632805,War / energy shock 2022
2022-10-14,0.0010382630208048,0.001619675078504942,0.0017481635600527217,0.0009505183065015,War / energy shock 2022
2022-10-17,0.0006946743948731,0.001807355601112469,0.0018298624211326782,0.0014374254539885,War / energy shock 2022
2022-10-18,0.0014409269523766,0.0017191351802833012,0.0016588563235681601,0.0013826791239714999,War / energy shock 2022
2022-10-19,0.0013215028735183,0.0017303906030923673,0.001563848430713139,0.0013549990497905,War / energy shock 2022
2022-10-20,0.001317872569852,0.0016383897401722987,0.001437651910183452,0.0010793398118815,War / energy shock 2022
2022-10-21,0.0011177853844588,0.001662262078643154,0.001419560279142853,0.0010382630208045,War / energy shock 2022
2022-10-24,0.0009289302934673,0.0015459210580190492,0.0013851338500065302,0.000694674394873,War / energy shock 2022
2022-10-25,0.0001634932095092,0.0017574476452865532,0.001583854334585865,0.0014409269523764999,War / energy shock 2022
2022-10-26,0.0001923047295448,0.001702471815733662,0.0014330864696214017,0.0013215028735180001,War / energy shock 2022
2022-10-27,0.0002124643233094,0.001720553775847818,0.0013294818709122449,0.001317872569852,War / energy shock 2022
2022-10-28,0.000371959696237,0.0016727085393465164,0.0012171521731654796,0.0011177853844585,War / energy shock 2022
2022-10-31,0.0006652416122362,0.0014956279624644693,0.0011234825559221014,0.0009289302934670001,War / energy shock 2022
2022-11-01,0.0006629925113586,0.001061097917860657,0.0010193175968811676,0.0001634932095092835,calm
2022-11-02,0.0007232473451414,0.0011013710681841366,0.0009460875672087978,0.00019230472954480805,calm
2022-11-03,0.0017801503448824,0.0008127799049681895,0.0009030897462296638,0.0002124643233094641,calm
2022-11-04,0.0016147291473227,0.0008569591984588786,0.0009022532474336153,0.00037195969623702186,calm
2022-11-07,0.0014275855846161,0.000996787298550182,0.000967008124360353,0.000665241612236,calm
2022-11-08,0.0014737035379047,0.0009057420320660442,0.0008791594890073128,0.0006629925113585,calm
2022-11-09,0.0016675620536492,0.0009452385331312932,0.0008504581002177991,0.000723247345141,calm
2022-11-10,0.0005889805301908,0.0012878004768700415,0.0012687882742208733,0.001780150344882,calm
2022-11-11,0.0008264104389905,0.001233570680011458,0.0011604129753569406,0.0016147291473225,calm
2022-11-14,0.0006673042335258,0.0011864227192798374,0.0011344609416188635,0.001427585584616,calm
2022-11-15,0.0006324065022296,0.0011505851894014914,0.0010455202634100317,0.0014737035379045,calm
2022-11-16,0.0004552674315613,0.0011311516663557737,0.001092468817310681,0.001667562053649,calm
2022-11-17,0.0003980061079606,0.0009504721187969836,0.001023525111599862,0.0005889805301905,calm
2022-11-18,0.0001512021195231,0.0010325629494059795,0.0010412894089396104,0.0008264104389905001,calm
2022-11-21,0.000188717880253,0.0009729554342237561,0.0009457682306325637,0.0006673042335255,calm
2022-11-22,0.0001780011905505,0.0009359183475283947,0.0008629117770686163,0.0006324065022295,calm
2022-11-23,6.640942300557086e-05,0.0008737284393693918,0.0008297580163173022,0.00045526743156139966,calm
2022-11-24,7.762959119756986e-05,0.0007348408287818119,0.0007560342591533363,0.0003980061079606744,calm
2022-11-25,5.454496103705388e-05,0.0006318063215965967,0.0007037943263066523,0.00015120211952313054,calm
2022-11-28,2.323510995750403e-05,0.0006542147091476899,0.0006657809516298883,0.00018871788025306735,calm
2022-11-29,7.414080768555856e-05,0.0006340635482297524,0.0006099080113743346,0.0001780011905505103,calm
2022-11-30,8.079002734028244e-05,0.0005321470083746684,0.0005588945169059501,6.640942300557301e-05,calm
2022-12-01,8.379127578800545e-05,0.0005522761704189927,0.0005169041991769207,7.762959119757203e-05,calm
2022-12-02,0.0002046096108248,0.0005051120558465572,0.0004758699989348013,5.4544961037056045e-05,calm
2022-12-05,0.000264571478315,0.0004404259600731572,0.00044506673017821193,2.3235109957506198e-05,calm
2022-12-06,0.0003199474998249,0.0005209911817126365,0.0004396214978027726,7.414080768556074e-05,calm
2022-12-07,0.000312543111446,0.0004836699925574336,0.0004117921102603821,8.079002734028461e-05,calm
2022-12-08,0.0009376632891759,0.0004898335948585311,0.00039158907874939803,8.379127578800762e-05,calm
2022-12-09,0.0008169236594567,0.0005763568372561962,0.0004109999114909737,0.00020460961082490044,calm
2022-12-12,0.0007993649623412,0.00041910848399233196,0.0004177674797339977,0.0002645714783150707,calm
2022-12-13,0.0007086579445575,0.00044789445020774457,0.0004285229382865163,0.000319947499824968,calm
2022-12-14,0.0010877387864631,0.00040469967671965905,0.0003968252055619373,0.0003125431114460909,calm
2022-12-15,0.0005215139139612,0.0006357094331654399,0.0006765476648579396,0.0009376632891759999,calm
2022-12-16,0.0005215386954199,0.0005439965356147238,0.0006186814615813498,0.0008169236594565,calm
2022-12-19,0.0004756865739918,0.0005513183163726625,0.000585460998471875,0.000799364962341,calm
2022-12-20,0.0004627130098377,0.00048235189620075673,0.0005472367931251328,0.0007086579445575,calm
2022-12-21,0.000176405334894,0.0006122133214423424,0.0006621117194898399,0.001087738786463,calm
2022-12-22,0.0007589269260015,0.0005508737516990917,0.0006457734766991684,0.000521513913961,calm
2022-12-23,0.0013709418197773,0.0005179967128047749,0.000591546165272906,0.0005215386954195,calm
2022-12-28,0.0014095112281409,0.0005170323072547005,0.0005467100441384374,0.00047568657399190057,calm
2022-12-29,0.0016275708269068,0.0005098568318267213,0.0005027295810600149,0.0004627130098377815,calm
2022-12-30,0.0016924548939098,0.0004471029447947304,0.000511773242142356,0.0001764053348940023,calm
2023-01-03,0.0010419471153317,0.0007102183673545636,0.0007552705036317777,0.0007589269260015,calm
2023-01-04,0.0004307346394762,0.0009072682885350506,0.0009507579361363924,0.001370941819777,calm
2023-01-05,0.0004768718843607,0.0009090197194792569,0.0008814894114147545,0.0014095112281405,calm
2023-01-06,0.0002754437784531,0.0009793880518976067,0.0008939488911125235,0.0016275708269065001,calm
2023-01-09,0.0001193892357192,0.0010127655630879206,0.0008779891225972872,0.0016924548939095,calm
2023-01-10,0.0001139104698154,0.0009137424269486468,0.0008054196953137769,0.0010419471153315,calm
2023-01-11,0.0001151745676596,0.0007781173291061542,0.0007364408244795446,0.00043073463947625054,calm
2023-01-12,8.272098250922145e-05,0.0008158874013719811,0.0007079879803457795,0.0004768718843607543,calm
2023-01-13,0.000106091511426,0.0007245604331778878,0.0006539282015411769,0.0002754437784531628,calm
2023-01-16,0.0001233897251266,0.0006139807080004652,0.0005992644550540336,0.00011938923571927666,calm
2023-01-17,0.000201863960341,0.000596318146554106,0.0005501264332154834,0.00011391046981548208,calm
2023-01-18,0.0002014324690137,0.000598568162125928,0.0005080688875605872,0.00011517456765963205,calm
2023-01-19,0.0001515590399168,0.0005030372799717973,0.0004993404225235989,8.27209825092236e-05,calm
2023-01-20,0.0001238549155959,0.0005300574810374107,0.00047571561670058733,0.00010609151142609754,calm
2023-01-23,0.000152226429518,0.0005382441166482479,0.0004450329101326941,0.00012338972512660254,calm
2023-01-24,7.995435700913244e-05,0.0005980210487491326,0.0004420230062905368,0.00020186396034106626,calm
2023-01-25,0.0002172659254209,0.0005352583137998146,0.0004089652490716937,0.00020143246901371963,calm
2023-01-26,0.0006394610612427,0.0005026943611764208,0.0003810526276914333,0.00015155903991688417,calm
2023-01-27,0.0006271471228883,0.0004888023734214851,0.0003586845825410396,0.00012385491559591065,calm
2023-01-30,0.0006328700944749,0.000514569524571682,0.0003600495161218275,0.0001522264295180274,calm
2023-01-31,0.0006585916525243,0.0004581251971720671,0.0003406682724684103,7.99543570091346e-05,calm
2023-02-01,0.0005422827268023,0.0005569708627699506,0.00037314870215320316,0.000217265925420963,calm
2023-02-02,0.0001346972231908,0.0006308197127610853,0.0005279108907471514,0.0006394610612425,calm
2023-02-03,0.0006711682247373,0.0004953401141106633,0.0004887144502911411,0.000627147122888,calm
2023-02-06,0.0007673220880187,0.0005031017321328125,0.00047967796373251135,0.0006328700944745001,calm
2023-02-07,0.0007786688298809,0.0004633406808882034,0.0004616835425705461,0.000658591652524,calm
2023-02-08,0.0009659325863887,0.00041650167670471126,0.00044007107164935447,0.0005422827268019999,calm
2023-02-09,0.0009518245711856,0.00033041776491470173,0.0004143253981275899,0.00013469722319086428,calm
2023-02-10,0.0004790408639754,0.0005623612164022525,0.0006429764860139514,0.000671168224737,calm
2023-02-13,0.0003400960069804,0.000585433877995479,0.0006489694750681499,0.0007673220880185,calm
2023-02-14,0.0002987411850826,0.0005896681743947177,0.000610744355367124,0.0007786688298805,calm
2023-02-15,0.0001616458326452,0.0006598145897140426,0.0006459988895141355,0.0009659325863885,calm
2023-02-16,0.0001537989172793,0.0006520955556697868,0.0005941033363856895,0.0009518245711855,calm
2023-02-17,0.0002370418897344,0.0005953828173084036,0.0005704692123126883,0.00047904086397543744,calm
2023-02-20,0.0006000908800336,0.0005494389573589707,0.0005269517200302522,0.0003400960069804749,calm
2023-02-21,0.0005967282625343,0.0005285013759564227,0.0004880221242702464,0.0002987411850826319,calm
2023-02-22,0.0005242028601943,0.0004888115300843441,0.0004888373702222373,0.00016164583264520786,calm
2023-02-23,0.0009598794275894,0.0004641956579741701,0.00045172340334486636,0.00015379891727938604,calm
2023-02-24,0.0008507822334766,0.0005346028670315302,0.0004934766028163895,0.00023704188973446233,calm
2023-02-27,0.0006593447392745,0.0006962608526711101,0.0006113034405831755,0.0006000908800335,calm
2023-02-28,0.0006651420384769,0.0006675993493791227,0.0005610588179914121,0.000596728262534,calm
2023-03-01,0.0006688331944623,0.0006533867415910008,0.0005157121251313316,0.000524202860194,calm
2023-03-02,0.0003085453527925,0.0008237936006636271,0.0006586237960496898,0.000959879427589,calm
2023-03-03,0.0004281935857502,0.0007826790158274598,0.0006178918854180708,0.0008507822334765,calm
2023-03-06,0.0014097647468725,0.0007094285239255465,0.0006403689502882577,0.0006593447392745,calm
2023-03-07,0.001932077000169,0.0007023940080114696,0.0005882240341469072,0.0006651420384765001,calm
2023-03-08,0.0033230761164805,0.0006934973283611772,0.0005434994809521806,0.0006688331944620001,calm
2023-03-09,0.0037447900933628,0.0006198494807532317,0.0005400926966970648,0.00030854535279251506,calm
2023-03-10,0.0039739894036283,0.0006802676803402721,0.0005778827197034552,0.0004281935857502994,calm
2023-03-13,0.0031997229743941,0.0010540612300184882,0.0010787437953888332,0.0014097647468725,calm
2023-03-14,0.0032983956712488,0.001107728843006473,0.001204467491403054,0.0019320770001690002,calm
2023-03-15,0.0019290743921805,0.0014581237391082464,0.001748210418181611,0.0033230761164805,calm
2023-03-16,0.0015668820792142,0.001564848011840374,0.001792359201123612,0.0037447900933625005,calm
2023-03-17,0.0020237156126576,0.001611612672336837,0.0018106748825983305,0.003973989403628,calm
2023-03-20,0.0017738630182925,0.001616592248069072,0.001801191382707514,0.003199722974394,calm
2023-03-21,0.0011608935293322,0.0017198549406690698,0.0018965344979485228,0.0032983956712485003,calm
2023-03-22,0.0012809327179114,0.0015526234299567665,0.001730280568687596,0.0019290743921805001,calm
2023-03-23,0.001307427221166,0.0015252947623212324,0.0016347368203824286,0.001566882079214,calm
2023-03-24,0.0004630561649408,0.001715992759385035,0.0018815372363451387,0.0020237156126575,calm
2023-03-27,0.0004360995801608,0.0016857787248862107,0.0017571343356010314,0.0017738630182925,calm
2023-03-28,0.0004420735230353,0.0015370572676774907,0.0015939683491612844,0.001160893529332,calm
2023-03-29,0.0007519585598471,0.0015467300983722128,0.0015016082143855906,0.001280932717911,calm
2023-03-30,0.0006955771284724,0.0015740040340375822,0.001425490277895134,0.0013074272211660001,calm
2023-03-31,0.0009699103915624,0.0012965455577965911,0.0012923326324397067,0.0004630561649408828,calm
2023-04-03,0.0008714993279436,0.0012658068509893462,0.0012303617706500684,0.0004360995801608999,calm
2023-04-04,0.0008599227291618,0.001258715007657558,0.001128878544169633,0.00044207352303537474,calm
2023-04-05,0.0004458244459129,0.0014277881041283261,0.0012456118631715364,0.0007519585598470001,calm
2023-04-06,0.000410936194213,0.0014131476021741712,0.0011717067735409657,0.0006955771284719999,calm
2023-04-11,0.0002808368417272,0.0015351957141020707,0.0011784746203945542,0.0009699103915620001,calm
2023-04-12,0.0003205197018299,0.0014839822009181977,0.0010791917212788365,0.0008714993279435,calm
2023-04-13,0.0003267036188048,0.0014596255772856277,0.0009831261772754553,0.0008599227291615,calm
2023-04-14,0.0002910616470057,0.0011864199045582408,0.0009095947415620618,0.00044582444591295374,calm
2023-04-17,0.0002208440852219,0.0011195397250156032,0.0008553843787301936,0.00041093619421304754,calm
2023-04-18,7.637094164176044e-05,0.0009082881590993696,0.0008385652397269327,0.0002808368417272897,calm
2023-04-19,5.210955727199782e-05,0.0008705687995008124,0.0007846449853772034,0.0003205197018299208,calm
2023-04-20,0.0001586046560255,0.0008208277234381309,0.0007257157871303723,0.00032670361880484365,calm
2023-04-21,0.00020978179001,0.0007517561870098013,0.0006680942607018636,0.00029106164700570954,calm
2023-04-24,0.0002364088710799,0.0006273430855394944,0.0006118430716364565,0.00022084408522200145,calm
2023-04-25,0.0003041678351162,0.0005227585073175611,0.0005615355629021262,7.637094164176283e-05,calm
2023-04-26,0.0002891831195295,0.0004824484716633314,0.0005331746890824198,5.2109557272000225e-05,calm
2023-04-27,0.0003407299680094,0.0004837780202358308,0.0005526530903050015,0.00015860465602558435,calm
2023-04-28,0.0004696058353579,0.0004931158447545877,0.0005292792590164733,0.00020978179001000842,calm
2023-05-02,0.0004707672133749,0.000504226410135563,0.0005029751701081039,0.00023640887107994653,calm
2023-05-03,0.0004067053111195,0.0005151602820916353,0.0005007172326581982,0.00030416783511621396,calm
2023-05-04,0.0003929939366783,0.000481948581205964,0.0004707278521926973,0.0002891831195295212,calm
2023-05-05,0.0002205842741151,0.0005310930984595608,0.0005041603881893213,0.0003407299680094338,calm
2023-05-08,0.0001301094051709,0.0005752318856399417,0.0005399833784634054,0.00046960583535798504,calm
2023-05-09,0.0001020730210529,0.0005732023186124494,0.0005062825027786925,0.0004707672133749962,calm
2023-05-10,0.0001057785847888,0.0004711727353720384,0.0004708726000115255,0.00040670531111954684,calm
2023-05-11,0.0001088527346493,0.0004441180165323886,0.00043471759377594583,0.0003929939366783062,calm
2023-05-12,0.0001104000486318,0.00034527418324339205,0.0004023805557991209,0.0002205842741151839,calm
2023-05-15,3.36389601879873e-05,0.0003393865996190716,0.00041022221149275014,0.00013010940517093185,calm
2023-05-16,3.3536066569734173e-05,0.00031656826230667024,0.0003803019144053419,0.00010207302105294732,calm
2023-05-17,0.000608100844822,0.0003178207247912967,0.00035585575384608335,0.00010577858478884303,calm
2023-05-18,0.0006200307663265,0.00030651724337634546,0.00033208946845257343,0.00010885273464937885,calm
2023-05-19,0.0006643262600036,0.00027956767998452294,0.00031019831876969177,0.00011040004863188644,calm
2023-05-22,0.0006521748492072,0.00022427304869466471,0.0002963008337802186,3.363896018798971e-05,calm
2023-05-23,0.0008013789246268,0.00021661840345136695,0.0002780762689156077,3.353606656973658e-05,calm
2023-05-24,0.0002233640701665,0.0005083359470098739,0.0005412739709617833,0.000608100844822,calm
2023-05-25,0.0002589301064228,0.0005068767654430006,0.0005026896111260556,0.0006200307663265,calm
2023-05-26,0.0004569959656253,0.0005244001572177928,0.0004798338798986645,0.0006643262600035001,calm
2023-05-29,0.0004855558444186,0.0005142964905329559,0.00044765298629652757,0.000652174849207,calm
2023-05-30,0.0003558617873517,0.0005451356864544512,0.000489438073938077,0.0008013789246265,calm
2023-05-31,0.0003543189472098,0.00042329247539719283,0.00045589432142045696,0.0002233640701665689,calm
2023-06-01,0.0003074581973743,0.00044201575728560784,0.00043999432059185463,0.0002589301064228387,calm
2023-06-02,0.0002018745140467,0.0005250297922466073,0.0005072353231928169,0.0004569959656253275,calm
2023-06-05,0.0001784612365352,0.0005310026038909693,0.00048734691519360796,0.0004855558444186679,calm
2023-06-06,0.0002169468965014,0.00047345443478101506,0.0004614372507736208,0.0003558617873517647,calm
2023-06-07,0.0002990210196534,0.00043510755760556714,0.0004270973877605204,0.00035431894720986973,calm
2023-06-08,0.0002946613722373,0.0004199286294613719,0.00039625682309797774,0.00030745819737438196,calm
2023-06-09,0.0002675867869644,0.00041947595411091917,0.00043807244582464106,0.00020187451404678252,calm
2023-06-12,0.0003454422299223,0.0004090134911719545,0.0004085686222851419,0.00017846123653522097,calm
2023-06-13,0.0003007232736258,0.0004357584756179661,0.0004002408528171701,0.00021694689650140646,calm
2023-06-14,0.0002143295846901,0.0004594978729520349,0.00040452476446715393,0.0002990210196534885,calm
2023-06-15,0.0002894329058671,0.0004464405310188499,0.00037523470615014856,0.00029466137223736625,calm
2023-06-16,0.0003278973626737,0.0004697243034898231,0.0003924528590288446,0.0002675867869644542,calm
2023-06-19,0.0002722114426085,0.0005064508875184905,0.0004111497897843323,0.0003454422299223208,calm
2023-06-20,0.0003307333236871,0.0004932607083083972,0.0003896860306706616,0.0003007232736258898,calm
2023-06-21,0.0004527426980981,0.0004540581377464143,0.00036226626672592073,0.00021432958469015667,calm
2023-06-22,0.000379122814477,0.0005029984298064147,0.0003769887110529912,0.0002894329058671496,calm
2023-06-23,0.0004189191670106,0.00043279960468476226,0.00042622080805250213,0.00032789736267375985,calm
2023-06-26,0.0003857910735115,0.0004204605017366658,0.0004139566047609149,0.0002722114426085663,calm
2023-06-27,0.0003196934836787,0.0004411322592645479,0.00041075641287314005,0.0003307333236871998,calm
2023-06-28,0.000207917190016,0.0004903708050996837,0.0004289173267166956,0.0004527426980981574,calm
2023-06-29,0.0012999908215339,0.00043907810339290066,0.00039715251514463307,0.0003791228144770612,calm
2023-06-30,0.0011838272230359,0.0004917704846965334,0.00044539270716161016,0.00041891916701067896,calm
2023-07-03,0.0012446004534838,0.0004658064137322756,0.0004118415351191095,0.00038579107351152745,calm
2023-07-04,0.0016841794322677,0.00040729472679234787,0.0003860696213989864,0.0003196934836787131,calm
2023-07-05,0.0018085213954566,0.00037423746994533945,0.0003655353748313493,0.0002079171900160447,calm
2023-07-06,0.0007364416951576,0.0007716430872499998,0.0008558052303868393,0.0012999908215334999,calm
2023-07-07,0.0006731648310039,0.0007659563856161363,0.0008082266060486304,0.0011838272230355,calm
2023-07-10,0.0006596829593357,0.0007835864211991526,0.0007606336812845003,0.0012446004534835,calm
2023-07-11,0.0002330734409438,0.0008948112966201954,0.0008825895611050042,0.0016841794322675,calm
2023-07-12,0.0001564961807548,0.0009268839322842458,0.0008579889790314366,0.0018085213954565,calm
2023-07-13,0.0001519866755016,0.0007825144851255659,0.0007893235539259637,0.0007364416951575,calm
2023-07-14,0.0001528252968997,0.0007555127053413916,0.0007234426724942955,0.0006731648310040001,calm
2023-07-17,0.0001767972385896,0.0007651962149924957,0.0006880128443620015,0.0006596829593355001,calm
2023-07-18,0.0001913932778216,0.0006242683826914137,0.00063559149831848,0.00023307344094390022,calm
2023-07-19,0.0001333244483518,0.0005809370630262153,0.0006041605593655846,0.00015649618075488545,calm
2023-07-20,0.0003494448217973,0.0005760135973821802,0.0005650221848373475,0.00015198667550165098,calm
2023-07-21,0.0003391363733158,0.0005771042223597724,0.0005222906552042389,0.00015282529689979497,calm
2023-07-24,0.0002781243109387,0.0005953120897887342,0.0005191951164645605,0.00017679723858966955,calm
2023-07-25,0.000263249353567,0.0005855683099970076,0.000489627200032732,0.00019139327782169215,calm
2023-07-26,0.0003254749501231,0.0005314260167300648,0.0004517091298189965,0.00013332444835185481,calm
2023-07-27,9.27486570197566e-05,0.0006739986470985127,0.000513107325972477,0.00034944482179733816,calm
2023-07-28,0.0003413356642496,0.000638194636931187,0.00047367536478154076,0.00033913637331583297,calm
2023-07-31,0.0003357990052035,0.0006244372442480809,0.000440292493666899,0.0002781243109387143,calm
2023-08-01,0.0004303514530352,0.00059390315129335,0.00041858863827203783,0.00026324935356706,calm
2023-08-02,0.0005281043666515,0.0006284049400287138,0.00042123416131715813,0.0003254749501231062,calm
2023-08-03,0.0005639359049852,0.0004965559053568219,0.00039096883206922694,9.274865701975899e-05,calm
2023-08-04,0.0005289990781596,0.000673273630842435,0.00046548035919120076,0.0003413356642496932,calm
2023-08-07,0.000523803035395,0.00048133259158790947,0.0004310664732557811,0.00033579900520358454,calm
2023-08-08,0.0004315197118342,0.0005154601542898132,0.0004571314866283661,0.0004303514530353015,calm
2023-08-09,0.0002810407198408,0.0005541956565535541,0.000503097861136169,0.0005281043666515,calm
2023-08-10,0.0004324708591729,0.00047248844480064057,0.0004763423409882896,0.000563935904985,calm
2023-08-11,0.0003291120882602,0.0004874524476383734,0.0005461622584159565,0.0005289990781595,calm
2023-08-14,0.0003454640407598,0.00047114306239623926,0.0005023404149266911,0.0005238030353950001,calm
2023-08-15,0.0004882570685155,0.0004645883347071074,0.000475506203818904,0.0004315197118342335,calm
2023-08-16,0.0005448673660589,0.0004229243357416972,0.0004413995457273926,0.000281040719840813,calm
2023-08-17,0.0003610238552468,0.0004949043118380848,0.0005021531590450672,0.0004324708591729919,calm
2023-08-18,0.0002714030460868,0.00048124751816689234,0.0005199877684414984,0.0003291120882602986,calm
2023-08-21,0.0003986819453064,0.0004819894495029743,0.0004892417282182305,0.0003454640407598967,calm
2023-08-22,0.0002439437025902,0.0005458915906959808,0.0005169651219924489,0.0004882570685155051,calm
2023-08-23,0.0001991047091483,0.0005533710422911599,0.0005009212983586451,0.0005448673660585,calm
2023-08-24,0.0002681628593561,0.0005049248086583791,0.0004649355630935652,0.0003610238552468742,calm
2023-08-25,0.0002595377457587,0.00048732842243260824,0.0004362317538646016,0.00027140304608685485,calm
2023-08-28,0.0001341566352955,0.0005073221898643678,0.0004610500125705069,0.00039868194530645325,calm
2023-08-29,0.0002584391885635,0.0004629516848939872,0.0004281475427098246,0.0002439437025902072,calm
2023-08-30,0.0003470979442914,0.0004501519009484872,0.00040919052698195984,0.0001991047091483173,calm
2023-08-31,0.0003523845189227,0.0004855643958708584,0.0004069179271298308,0.00026816285935613764,calm
