,domestic,US,euro,total_spillover
2003-10-20,0.6756,0.2562,0.0682,30.628
2003-10-21,0.6789,0.2528,0.0683,30.4372
2003-10-22,0.6718,0.2539,0.0743,30.8589
2003-10-23,0.6825,0.2518,0.0657,30.0353
2003-10-24,0.6794,0.2526,0.068,30.3677
2003-10-27,0.6792,0.2542,0.0666,30.2818
2003-10-28,0.683,0.2491,0.0679,29.9267
2003-10-29,0.6764,0.2533,0.0704,30.2448
2003-10-30,0.6781,0.2534,0.0684,30.1784
2003-10-31,0.672,0.2576,0.0704,30.8978
2003-11-03,0.6937,0.2378,0.0685,29.9049
2003-11-04,0.6759,0.2529,0.0712,30.9379
2003-11-05,0.6699,0.2566,0.0735,31.4264
2003-11-06,0.676,0.2441,0.0798,31.6496
2003-11-07,0.6868,0.232,0.0811,31.5437
2003-11-10,0.6837,0.2281,0.0882,32.9792
2003-11-11,0.6744,0.2274,0.0982,32.8911
2003-11-12,0.6606,0.2337,0.1058,32.8052
2003-11-13,0.6499,0.2353,0.1148,33.9002
2003-11-14,0.6262,0.2408,0.133,34.7519
2003-11-17,0.6449,0.2337,0.1215,33.9293
2003-11-18,0.6419,0.2293,0.1288,34.4236
2003-11-19,0.6467,0.2351,0.1182,33.9574
2003-11-20,0.6452,0.2351,0.1197,34.0203
2003-11-21,0.6473,0.237,0.1157,33.7813
2003-11-24,0.6527,0.2342,0.1131,33.1509
2003-11-25,0.6589,0.2292,0.1119,32.754
2003-11-26,0.6499,0.2328,0.1173,32.9515
2003-11-27,0.6439,0.2354,0.1207,33.2427
2003-11-28,0.6356,0.2397,0.1247,33.8062
2003-12-01,0.6316,0.244,0.1244,34.1539
2003-12-02,0.6343,0.2415,0.1243,34.1372
2003-12-03,0.6323,0.2428,0.1249,34.183
2003-12-04,0.6321,0.2436,0.1243,34.1491
2003-12-05,0.637,0.2397,0.1233,34.1053
2003-12-08,0.6283,0.2479,0.1239,35.1664
2003-12-09,0.6284,0.2478,0.1237,35.0168
2003-12-10,0.6368,0.245,0.1182,34.7232
2003-12-11,0.6399,0.2457,0.1145,34.3945
2003-12-12,0.6357,0.2462,0.1181,34.5601
2003-12-15,0.6353,0.2433,0.1214,34.4788
2003-12-16,0.6414,0.2405,0.1181,33.8982
2003-12-17,0.6351,0.2371,0.1278,33.8554
2003-12-18,0.6832,0.2148,0.102,30.632
2003-12-19,0.697,0.2054,0.0976,30.0735
2003-12-22,0.7156,0.1919,0.0925,28.9571
2003-12-23,0.7118,0.1897,0.0985,29.0307
2003-12-29,0.7238,0.1847,0.0914,28.4581
2003-12-30,0.7027,0.1977,0.0997,29.8751
2003-12-31,0.7125,0.1867,0.1008,29.3404
2004-01-02,0.7199,0.1837,0.0963,28.5916
2004-01-05,0.737,0.1733,0.0897,27.3084
2004-01-06,0.7474,0.1625,0.0901,26.8583
2004-01-07,0.7576,0.1543,0.088,26.1602
2004-01-08,0.753,0.1588,0.0882,26.3032
2004-01-09,0.7539,0.1585,0.0876,26.6511
2004-01-12,0.7587,0.1553,0.0861,26.7448
2004-01-13,0.7554,0.1573,0.0873,26.2009
2004-01-14,0.7829,0.1414,0.0758,25.2135
2004-01-15,0.7915,0.1367,0.0718,24.7376
2004-01-16,0.7935,0.1346,0.0718,24.4912
2004-01-19,0.7887,0.1366,0.0746,24.6273
2004-01-20,0.7939,0.1293,0.0768,24.5888
2004-01-21,0.7681,0.1452,0.0866,25.9881
2004-01-22,0.7709,0.1411,0.088,26.2752
2004-01-23,0.7639,0.1452,0.0909,27.0885
2004-01-26,0.7741,0.1399,0.086,26.2732
2004-01-27,0.7767,0.1392,0.084,24.9082
2004-01-28,0.8143,0.1454,0.0403,21.2084
2004-01-29,0.8187,0.1396,0.0417,22.4599
2004-01-30,0.8274,0.131,0.0415,22.4708
2004-02-02,0.8356,0.1311,0.0333,21.3442
2004-02-03,0.8391,0.1324,0.0285,21.0012
2004-02-04,0.8182,0.1486,0.0333,21.4134
2004-02-05,0.8194,0.1475,0.033,21.9653
2004-02-06,0.8131,0.1533,0.0336,21.6722
2004-02-09,0.8106,0.1542,0.0352,21.714
2004-02-10,0.8201,0.1466,0.0333,21.3587
2004-02-11,0.8174,0.148,0.0346,21.4288
2004-02-12,0.8161,0.1498,0.0341,21.2602
2004-02-13,0.8155,0.1511,0.0334,21.144
2004-02-16,0.819,0.1498,0.0313,20.5044
2004-02-17,0.8223,0.1446,0.0331,19.9747
2004-02-18,0.8107,0.1549,0.0345,20.3548
2004-02-19,0.814,0.1514,0.0346,20.1848
2004-02-20,0.8192,0.1458,0.035,20.0607
2004-02-23,0.8275,0.1386,0.0339,19.6088
2004-02-24,0.8481,0.1224,0.0295,16.6637
2004-02-25,0.8676,0.0999,0.0326,15.2925
2004-02-26,0.893,0.0743,0.0327,14.2956
2004-02-27,0.9186,0.0501,0.0313,14.4617
2004-03-01,0.9357,0.0341,0.0302,12.9277
2004-03-02,0.9462,0.0335,0.0203,12.3521
2004-03-03,0.9476,0.032,0.0203,12.0285
2004-03-04,0.9437,0.0337,0.0226,11.8793
2004-03-05,0.9442,0.032,0.0238,11.8593
2004-03-08,0.9337,0.0409,0.0254,12.0719
2004-03-09,0.9461,0.0318,0.0221,11.358
2004-03-10,0.9451,0.0315,0.0234,11.4102
2004-03-11,0.9402,0.0329,0.0269,12.0249
2004-03-12,0.9391,0.0344,0.0265,12.0814
2004-03-15,0.9397,0.0335,0.0268,12.4702
2004-03-16,0.9381,0.0359,0.0261,12.5203
2004-03-17,0.9376,0.0364,0.026,12.651
2004-03-18,0.9406,0.0316,0.0277,12.3862
2004-03-19,0.9407,0.0308,0.0285,12.6526
2004-03-22,0.9412,0.0304,0.0284,11.9619
2004-03-23,0.9443,0.0274,0.0282,11.8523
2004-03-24,0.9455,0.0251,0.0293,11.9341
2004-03-25,0.9448,0.0245,0.0307,11.9876
2004-03-26,0.9461,0.0229,0.031,12.1039
2004-03-29,0.9442,0.0226,0.0332,12.5131
2004-03-30,0.9442,0.0229,0.0329,12.5044
2004-03-31,0.9435,0.0233,0.0332,12.5208
2004-04-01,0.9386,0.0267,0.0346,12.847
2004-04-02,0.9374,0.0219,0.0407,13.1565
2004-04-05,0.9366,0.0216,0.0418,13.5006
2004-04-06,0.94,0.0186,0.0414,12.8675
2004-04-07,0.9407,0.0184,0.0408,12.2982
2004-04-08,0.9314,0.0215,0.0471,12.6191
2004-04-13,0.9268,0.0203,0.0529,12.5351
2004-04-14,0.9324,0.0172,0.0504,11.8803
2004-04-15,0.9316,0.0178,0.0506,11.8178
2004-04-16,0.9317,0.0181,0.0502,12.0672
2004-04-19,0.9318,0.0172,0.051,11.9983
2004-04-20,0.9323,0.0172,0.0505,11.6383
2004-04-21,0.932,0.0171,0.0509,11.5492
2004-04-22,0.9312,0.0183,0.0505,11.6061
2004-04-23,0.93,0.0191,0.0509,11.6747
2004-04-26,0.9294,0.0195,0.0511,11.5564
2004-04-27,0.9293,0.0194,0.0513,11.4933
2004-04-28,0.9271,0.0202,0.0527,11.6998
2004-04-29,0.9288,0.0202,0.051,11.6515
2004-04-30,0.9266,0.0215,0.0519,11.6499
2004-05-04,0.9259,0.0228,0.0513,11.5385
2004-05-05,0.9251,0.0233,0.0516,11.5833
2004-05-06,0.9249,0.0248,0.0503,11.6492
2004-05-07,0.9237,0.0248,0.0515,11.5622
2004-05-10,0.914,0.0286,0.0574,12.1985
2004-05-11,0.9054,0.0326,0.0619,12.8788
2004-05-12,0.901,0.0353,0.0637,13.2695
2004-05-13,0.899,0.0383,0.0627,13.0447
2004-05-14,0.9013,0.0367,0.062,13.0836
2004-05-17,0.8965,0.0388,0.0646,12.9267
2004-05-18,0.9,0.0361,0.0639,12.8741
2004-05-19,0.9,0.0353,0.0647,13.1623
2004-05-20,0.9004,0.0343,0.0652,13.3266
2004-05-21,0.9017,0.0336,0.0647,13.3331
2004-05-24,0.9025,0.0331,0.0644,13.7038
2004-05-25,0.905,0.0329,0.0621,13.2915
2004-05-26,0.9041,0.0322,0.0637,13.2788
2004-05-27,0.8985,0.0317,0.0698,13.7003
2004-05-28,0.8999,0.0339,0.0662,13.707
2004-05-31,0.9009,0.0338,0.0654,13.598
2004-06-01,0.8984,0.0365,0.0651,13.7926
2004-06-02,0.8881,0.0472,0.0647,14.4414
2004-06-03,0.8879,0.0475,0.0646,14.241
2004-06-04,0.8887,0.0478,0.0635,13.593
2004-06-08,0.8861,0.052,0.0619,13.812
2004-06-09,0.888,0.0509,0.0611,14.0578
2004-06-10,0.8809,0.0557,0.0634,14.2749
2004-06-11,0.8737,0.0597,0.0665,15.3661
2004-06-14,0.8733,0.0603,0.0664,15.3528
2004-06-15,0.8738,0.0604,0.0658,15.5165
2004-06-16,0.8749,0.0616,0.0635,15.4595
2004-06-17,0.874,0.0621,0.0639,15.5724
2004-06-18,0.8739,0.062,0.0641,15.5887
2004-06-21,0.8527,0.075,0.0724,17.5431
2004-06-22,0.8455,0.0834,0.0712,17.2647
2004-06-23,0.8447,0.0849,0.0704,16.8355
2004-06-24,0.8427,0.0933,0.064,15.8284
2004-06-25,0.8412,0.0984,0.0604,15.6764
2004-06-28,0.8505,0.0808,0.0687,14.9635
2004-06-29,0.849,0.0792,0.0718,15.4839
2004-06-30,0.8469,0.0805,0.0726,15.4681
2004-07-01,0.8527,0.0752,0.0722,15.6425
2004-07-02,0.8505,0.0752,0.0743,14.5972
2004-07-05,0.8381,0.0794,0.0825,15.2528
2004-07-06,0.8238,0.0871,0.0891,15.3188
2004-07-07,0.8387,0.0774,0.0839,14.7127
2004-07-08,0.836,0.0792,0.0848,14.8326
2004-07-09,0.8364,0.0747,0.0889,15.7944
2004-07-12,0.8313,0.0783,0.0903,15.6116
2004-07-13,0.8274,0.0792,0.0934,16.8125
2004-07-14,0.7953,0.1035,0.1012,18.076
2004-07-15,0.7888,0.115,0.0962,15.893
2004-07-16,0.7703,0.1293,0.1004,15.9304
2004-07-19,0.7357,0.1605,0.1039,17.2318
2004-07-20,0.7196,0.1628,0.1175,17.4141
2004-07-21,0.7368,0.1552,0.108,17.0774
2004-07-22,0.7415,0.1397,0.1188,16.3838
2004-07-23,0.7384,0.1448,0.1168,16.8328
2004-07-26,0.7384,0.1439,0.1177,17.222
2004-07-27,0.7313,0.1519,0.1168,18.2174
2004-07-28,0.7376,0.1427,0.1197,17.3843
2004-07-29,0.7369,0.1453,0.1179,17.5053
2004-07-30,0.7381,0.1426,0.1192,17.4022
2004-08-02,0.7386,0.1386,0.1228,17.4272
2004-08-03,0.7233,0.1519,0.1248,18.2912
2004-08-04,0.7213,0.1593,0.1194,17.9142
2004-08-05,0.7209,0.1585,0.1205,18.1424
2004-08-06,0.6957,0.174,0.1303,19.5047
2004-08-09,0.6968,0.1749,0.1283,19.3665
2004-08-10,0.6955,0.1752,0.1292,19.575
2004-08-11,0.6911,0.1784,0.1306,19.8185
2004-08-12,0.6867,0.1821,0.1312,19.9993
2004-08-13,0.688,0.1774,0.1346,19.369
2004-08-16,0.6866,0.1778,0.1356,19.4835
2004-08-17,0.6876,0.1738,0.1386,19.536
2004-08-18,0.6881,0.1726,0.1392,19.2135
2004-08-19,0.6899,0.1696,0.1405,19.243
2004-08-20,0.6895,0.1695,0.141,18.849
2004-08-23,0.6931,0.1622,0.1447,18.8919
2004-08-24,0.6935,0.1615,0.145,18.7856
2004-08-25,0.6912,0.1601,0.1488,19.0396
2004-08-26,0.6862,0.1667,0.1472,18.9577
2004-08-27,0.7068,0.1638,0.1294,18.5457
2004-08-30,0.7118,0.1624,0.1258,18.59
2004-08-31,0.7119,0.1643,0.1238,18.3332
2004-09-01,0.7224,0.1515,0.1261,17.5765
2004-09-02,0.7221,0.1503,0.1276,17.6919
2004-09-03,0.7109,0.1567,0.1324,17.8267
2004-09-06,0.7101,0.1571,0.1328,17.8623
2004-09-07,0.7089,0.1591,0.132,17.7641
2004-09-08,0.6932,0.1471,0.1597,18.0654
2004-09-09,0.691,0.1463,0.1627,18.3368
2004-09-10,0.6878,0.1481,0.1641,18.6076
2004-09-13,0.6899,0.1464,0.1637,18.3523
2004-09-14,0.6879,0.1478,0.1642,18.6204
2004-09-15,0.6869,0.1449,0.1681,18.7447
2004-09-16,0.6866,0.1489,0.1645,18.8406
2004-09-17,0.676,0.1486,0.1753,18.8316
2004-09-20,0.6688,0.1527,0.1785,20.5418
2004-09-21,0.6672,0.1528,0.18,20.6278
2004-09-22,0.6709,0.1546,0.1745,20.0618
2004-09-23,0.671,0.1551,0.1739,20.0367
2004-09-24,0.6733,0.1517,0.175,19.8683
2004-09-27,0.6721,0.1514,0.1765,19.9781
2004-09-28,0.6805,0.1458,0.1737,19.7337
2004-09-29,0.6764,0.1434,0.1802,20.4172
2004-09-30,0.6765,0.1412,0.1823,20.427
2004-10-01,0.6772,0.1395,0.1834,20.7098
2004-10-04,0.6784,0.1412,0.1804,20.6317
2004-10-05,0.68,0.1362,0.1838,20.857
2004-10-06,0.6789,0.1408,0.1803,20.7894
2004-10-07,0.6837,0.1409,0.1754,20.7789
2004-10-08,0.6851,0.1388,0.1761,20.9333
2004-10-11,0.6711,0.137,0.1919,21.7225
2004-10-12,0.6813,0.1393,0.1794,21.2023
2004-10-13,0.6771,0.1387,0.1842,21.3049
2004-10-14,0.6739,0.1397,0.1863,21.3784
2004-10-15,0.6746,0.1371,0.1883,21.5032
2004-10-18,0.6749,0.1362,0.1889,21.2878
2004-10-19,0.6715,0.138,0.1905,21.2817
2004-10-20,0.6604,0.1399,0.1997,21.507
2004-10-21,0.6591,0.1401,0.2008,21.7521
2004-10-22,0.6593,0.1398,0.2009,21.691
2004-10-25,0.6578,0.1397,0.2025,21.8069
2004-10-26,0.656,0.1396,0.2044,21.8265
2004-10-27,0.6614,0.1412,0.1974,21.837
2004-10-28,0.6575,0.1433,0.1993,22.0404
2004-10-29,0.661,0.1422,0.1968,21.6508
2004-11-01,0.6574,0.1427,0.1998,21.9276
2004-11-02,0.659,0.1442,0.1968,21.9669
2004-11-03,0.621,0.1231,0.2559,24.2799
2004-11-04,0.609,0.1145,0.2765,23.6151
2004-11-05,0.5987,0.1074,0.2939,23.8884
2004-11-08,0.5882,0.1007,0.3111,23.4334
2004-11-09,0.5561,0.0872,0.3567,24.0663
2004-11-10,0.5961,0.0975,0.3065,22.7842
2004-11-11,0.6091,0.0972,0.2937,23.3919
2004-11-12,0.6142,0.0989,0.2869,22.4156
2004-11-15,0.6334,0.1022,0.2644,21.0348
2004-11-16,0.6469,0.1066,0.2464,20.1672
2004-11-17,0.6509,0.1086,0.2405,20.4062
2004-11-18,0.6496,0.1065,0.2439,20.6186
2004-11-19,0.6509,0.1076,0.2415,20.4871
2004-11-22,0.6513,0.1071,0.2415,20.4265
2004-11-23,0.6526,0.1101,0.2373,20.6232
2004-11-24,0.654,0.1019,0.2441,21.0161
2004-11-25,0.6504,0.1029,0.2467,21.0097
2004-11-26,0.6267,0.1045,0.2687,23.3696
2004-11-29,0.6339,0.0979,0.2682,23.8371
2004-11-30,0.644,0.1032,0.2528,24.3002
2004-12-01,0.6584,0.1129,0.2288,24.4106
2004-12-02,0.6541,0.118,0.228,25.3467
2004-12-03,0.6458,0.1275,0.2267,26.5656
2004-12-06,0.6283,0.1533,0.2185,26.256
2004-12-07,0.6383,0.143,0.2186,25.8514
2004-12-08,0.6274,0.1446,0.2281,26.5345
2004-12-09,0.6219,0.1511,0.227,26.6975
2004-12-10,0.6204,0.1536,0.2259,26.616
2004-12-13,0.6259,0.1437,0.2304,26.2939
2004-12-14,0.619,0.1336,0.2474,27.2281
2004-12-15,0.6409,0.1274,0.2317,27.0802
2004-12-16,0.6604,0.1184,0.2213,26.493
2004-12-17,0.6674,0.1151,0.2175,25.915
2004-12-20,0.659,0.1194,0.2216,26.6292
2004-12-21,0.6571,0.1216,0.2213,26.5295
2004-12-22,0.6568,0.1214,0.2218,26.5109
2004-12-23,0.623,0.1377,0.2394,27.8516
2004-12-29,0.6208,0.1398,0.2394,28.5065
2004-12-30,0.632,0.1325,0.2356,28.4618
2004-12-31,0.6172,0.1343,0.2485,29.2853
2005-01-04,0.7089,0.1065,0.1846,25.531
2005-01-05,0.7224,0.1008,0.1768,24.5294
2005-01-06,0.7504,0.0934,0.1562,23.9545
2005-01-07,0.7487,0.0942,0.1571,23.9037
2005-01-10,0.7591,0.0928,0.1482,23.3204
2005-01-11,0.7521,0.0969,0.151,23.2281
2005-01-12,0.7338,0.103,0.1631,23.6379
2005-01-13,0.7754,0.0877,0.1369,22.0324
2005-01-14,0.7721,0.0893,0.1387,22.4087
2005-01-17,0.7749,0.0927,0.1325,22.2376
2005-01-18,0.7744,0.0919,0.1337,22.2306
2005-01-19,0.7831,0.0957,0.1211,20.9926
2005-01-20,0.7805,0.0937,0.1258,21.207
2005-01-21,0.7872,0.0968,0.116,20.4315
2005-01-24,0.771,0.0919,0.137,20.9039
2005-01-25,0.7824,0.0962,0.1214,20.5726
2005-01-26,0.7764,0.0953,0.1284,20.9156
2005-01-27,0.7823,0.0937,0.124,20.7139
2005-01-28,0.7897,0.0911,0.1192,20.5374
2005-01-31,0.7999,0.0826,0.1175,20.3323
2005-02-01,0.8096,0.0764,0.114,19.7793
2005-02-02,0.8098,0.0755,0.1146,19.5664
2005-02-03,0.813,0.075,0.112,19.5738
2005-02-04,0.8169,0.0719,0.1111,19.2272
2005-02-07,0.815,0.0727,0.1124,19.1269
2005-02-08,0.8148,0.0727,0.1125,19.0566
2005-02-09,0.8158,0.0731,0.1112,18.8311
2005-02-10,0.8182,0.072,0.1098,18.5216
2005-02-11,0.82,0.0725,0.1075,18.7167
2005-02-14,0.8245,0.0741,0.1014,18.0702
2005-02-15,0.838,0.0748,0.0873,16.8056
2005-02-16,0.8456,0.0763,0.0781,15.7635
2005-02-17,0.8532,0.0759,0.0709,15.1423
2005-02-18,0.8398,0.0839,0.0763,15.9936
2005-02-21,0.838,0.0913,0.0706,16.8914
2005-02-22,0.8408,0.0838,0.0754,16.2764
2005-02-23,0.8413,0.1035,0.0552,15.4505
2005-02-24,0.8404,0.1067,0.053,15.4785
2005-02-25,0.839,0.1124,0.0487,15.6631
2005-02-28,0.8254,0.1377,0.0369,16.312
2005-03-01,0.8245,0.1396,0.0358,16.7281
2005-03-02,0.8293,0.1376,0.0331,15.8091
2005-03-03,0.8294,0.1361,0.0344,15.1777
2005-03-04,0.8467,0.1184,0.0349,14.6348
2005-03-07,0.8222,0.1463,0.0315,15.1833
2005-03-08,0.8232,0.1449,0.0319,15.0716
2005-03-09,0.8175,0.1496,0.0329,16.0727
2005-03-10,0.8197,0.1448,0.0355,16.4129
2005-03-11,0.8137,0.1508,0.0354,16.4706
2005-03-14,0.8117,0.1527,0.0355,16.5472
2005-03-15,0.8121,0.153,0.0348,16.6843
2005-03-16,0.8125,0.153,0.0344,16.6744
2005-03-17,0.8142,0.1526,0.0332,16.6095
2005-03-18,0.8156,0.1527,0.0317,16.4774
2005-03-21,0.8166,0.1516,0.0318,16.5064
2005-03-22,0.8154,0.1526,0.032,16.6036
2005-03-23,0.8058,0.154,0.0402,17.5492
2005-03-24,0.8046,0.1535,0.0419,17.5719
2005-03-29,0.8039,0.1548,0.0413,17.4538
2005-03-30,0.8126,0.1519,0.0354,16.2033
2005-03-31,0.8122,0.1531,0.0347,16.4084
2005-04-01,0.8097,0.1557,0.0346,16.4341
2005-04-04,0.815,0.1495,0.0355,16.2883
2005-04-05,0.8154,0.1477,0.0369,16.2991
2005-04-06,0.815,0.1529,0.0321,16.869
2005-04-07,0.8165,0.1519,0.0317,16.924
2005-04-08,0.8157,0.1532,0.0311,17.543
2005-04-11,0.8113,0.1564,0.0323,17.4046
2005-04-12,0.8108,0.1568,0.0324,17.7633
2005-04-13,0.8243,0.1496,0.0261,16.7685
2005-04-14,0.826,0.1477,0.0263,16.6951
2005-04-15,0.8127,0.1567,0.0306,17.3079
2005-04-18,0.7914,0.1701,0.0385,18.3167
2005-04-19,0.7908,0.171,0.0382,18.4791
2005-04-20,0.788,0.1742,0.0378,18.6805
2005-04-21,0.7868,0.1781,0.0351,18.5116
2005-04-22,0.794,0.1722,0.0339,18.0409
2005-04-25,0.8112,0.1348,0.054,17.2965
2005-04-26,0.8175,0.1211,0.0613,16.805
2005-04-27,0.8,0.1395,0.0605,17.3733
2005-04-28,0.8006,0.1384,0.061,17.4651
2005-04-29,0.8002,0.1395,0.0602,17.0938
2005-05-03,0.8003,0.1404,0.0593,16.8506
2005-05-04,0.7942,0.1466,0.0591,16.9232
2005-05-05,0.7921,0.1483,0.0596,16.6395
2005-05-06,0.7911,0.1482,0.0607,16.1752
2005-05-09,0.7883,0.1507,0.061,16.7582
2005-05-10,0.7886,0.1505,0.0609,16.8806
2005-05-11,0.7891,0.1524,0.0584,17.4943
2005-05-12,0.7892,0.1522,0.0586,17.3832
2005-05-13,0.8016,0.1439,0.0546,17.6437
2005-05-16,0.8127,0.1339,0.0534,17.8282
2005-05-17,0.8081,0.1354,0.0565,17.4454
2005-05-18,0.7979,0.132,0.0701,16.6983
2005-05-19,0.8069,0.1263,0.0668,16.0874
2005-05-20,0.8102,0.1234,0.0664,15.5742
2005-05-23,0.8099,0.1188,0.0713,15.2824
2005-05-24,0.8095,0.1117,0.0789,14.7626
2005-05-25,0.7939,0.1241,0.0819,15.8207
2005-05-26,0.7937,0.1158,0.0905,15.0043
2005-05-27,0.7933,0.1112,0.0955,14.9475
2005-05-30,0.7701,0.1322,0.0977,15.4097
2005-05-31,0.7796,0.1216,0.0988,15.0163
2005-06-01,0.7861,0.1129,0.101,14.9234
2005-06-02,0.7884,0.1118,0.0999,14.69
2005-06-03,0.7874,0.1126,0.1,14.7718
2005-06-07,0.7867,0.1121,0.1012,14.6557
2005-06-08,0.7871,0.1125,0.1003,14.5956
2005-06-09,0.7793,0.1181,0.1025,15.1397
2005-06-10,0.7792,0.1174,0.1034,14.9614
2005-06-13,0.7835,0.1138,0.1028,14.385
2005-06-14,0.7742,0.1188,0.107,15.6634
2005-06-15,0.7684,0.1289,0.1027,15.1856
2005-06-16,0.7617,0.1375,0.1008,15.2261
2005-06-17,0.7646,0.1319,0.1035,14.9475
2005-06-20,0.7586,0.1343,0.1071,15.3018
2005-06-21,0.762,0.1419,0.0961,15.1865
2005-06-22,0.7627,0.1402,0.0971,15.3255
2005-06-23,0.7661,0.1315,0.1024,15.2633
2005-06-24,0.7729,0.1317,0.0954,15.4065
2005-06-27,0.782,0.1253,0.0927,14.9831
2005-06-28,0.7876,0.1226,0.0897,14.8361
2005-06-29,0.7945,0.1185,0.087,14.5298
2005-06-30,0.7947,0.1168,0.0884,14.6619
2005-07-01,0.7966,0.1163,0.0871,14.6479
2005-07-04,0.7922,0.1163,0.0915,14.8973
2005-07-05,0.7888,0.1178,0.0935,14.9501
2005-07-06,0.7863,0.1168,0.0969,14.7985
2005-07-07,0.7795,0.1196,0.1009,14.9534
2005-07-08,0.7801,0.12,0.0999,15.0049
2005-07-11,0.7707,0.1283,0.1009,15.5002
2005-07-12,0.7722,0.128,0.0999,15.405
2005-07-13,0.771,0.1271,0.1019,15.3368
2005-07-14,0.7634,0.1293,0.1073,15.1623
2005-07-15,0.7538,0.1304,0.1158,15.4528
2005-07-18,0.7449,0.1351,0.12,16.501
2005-07-19,0.7757,0.115,0.1093,15.2648
2005-07-20,0.7769,0.1167,0.1064,15.093
2005-07-21,0.7726,0.1088,0.1187,15.6575
2005-07-22,0.7787,0.1111,0.1102,15.4855
2005-07-25,0.7767,0.1089,0.1144,15.3847
2005-07-26,0.7698,0.1131,0.1171,15.7956
2005-07-27,0.7697,0.1131,0.1171,15.8899
2005-07-28,0.7621,0.1171,0.1208,16.3486
2005-07-29,0.7639,0.1194,0.1167,16.3697
2005-08-01,0.7644,0.1194,0.1162,16.6944
2005-08-02,0.7738,0.1197,0.1065,16.1293
2005-08-03,0.7779,0.1202,0.1019,16.1531
2005-08-04,0.7743,0.1187,0.107,16.1901
2005-08-05,0.7769,0.1201,0.1031,16.0628
2005-08-08,0.7756,0.1204,0.104,15.9144
2005-08-09,0.774,0.1208,0.1052,15.7077
2005-08-10,0.7723,0.1119,0.1158,15.4704
2005-08-11,0.7692,0.1068,0.124,15.1703
2005-08-12,0.7651,0.1017,0.1332,15.1963
2005-08-15,0.7646,0.1017,0.1336,15.2593
2005-08-16,0.7594,0.1035,0.1371,15.6041
2005-08-17,0.7541,0.1031,0.1428,15.2765
2005-08-18,0.751,0.0966,0.1524,15.2192
2005-08-19,0.7525,0.0896,0.1579,15.7209
2005-08-22,0.7653,0.087,0.1477,15.8904
2005-08-23,0.7495,0.1008,0.1496,17.1341
2005-08-24,0.7434,0.0974,0.1592,17.3168
2005-08-25,0.7232,0.0984,0.1784,17.7187
2005-08-26,0.7316,0.1001,0.1684,17.2351
2005-08-29,0.7341,0.1003,0.1656,17.1517
2005-08-30,0.7329,0.1009,0.1662,16.9708
2005-08-31,0.7294,0.1,0.1706,17.2095
2005-09-01,0.7273,0.099,0.1736,17.1391
2005-09-02,0.7351,0.1014,0.1635,16.6695
2005-09-05,0.7324,0.1058,0.1618,16.8023
2005-09-06,0.7357,0.106,0.1583,16.9547
2005-09-07,0.7326,0.1051,0.1623,17.0834
2005-09-08,0.7214,0.107,0.1716,15.921
2005-09-09,0.7223,0.1139,0.1638,16.1067
2005-09-12,0.7188,0.1284,0.1528,16.1993
2005-09-13,0.7088,0.1347,0.1565,15.4905
2005-09-14,0.7082,0.1333,0.1586,15.665
2005-09-15,0.7064,0.1332,0.1603,15.7123
2005-09-16,0.7045,0.1318,0.1637,15.7411
2005-09-19,0.7013,0.1318,0.1669,15.8433
2005-09-20,0.6973,0.1313,0.1715,15.8435
2005-09-21,0.7012,0.1397,0.159,16.1075
2005-09-22,0.7044,0.1434,0.1522,16.1523
2005-09-23,0.7091,0.1486,0.1424,16.2155
2005-09-26,0.7083,0.1496,0.1421,16.2135
2005-09-27,0.7081,0.148,0.1439,16.1137
2005-09-28,0.6951,0.1463,0.1586,16.444
2005-09-29,0.7214,0.1352,0.1435,15.1297
2005-09-30,0.7424,0.1289,0.1287,14.2073
2005-10-03,0.7503,0.1275,0.1222,14.0785
2005-10-04,0.7701,0.1277,0.1022,13.6281
2005-10-05,0.7682,0.1272,0.1046,13.588
2005-10-06,0.7624,0.1386,0.0989,14.0015
2005-10-07,0.7675,0.1319,0.1007,13.7865
2005-10-10,0.7686,0.1239,0.1075,14.1438
2005-10-11,0.756,0.1508,0.0931,13.9932
2005-10-12,0.7569,0.149,0.0941,13.687
2005-10-13,0.7588,0.1489,0.0924,13.327
2005-10-14,0.7596,0.1491,0.0913,13.6153
2005-10-17,0.7615,0.1515,0.0871,13.6029
2005-10-18,0.7638,0.1434,0.0928,13.7251
2005-10-19,0.7574,0.1482,0.0944,14.7071
2005-10-20,0.7549,0.1516,0.0935,14.8761
2005-10-21,0.7461,0.1628,0.0911,15.3446
2005-10-24,0.7381,0.1735,0.0884,15.8504
2005-10-25,0.7337,0.182,0.0843,16.2911
2005-10-26,0.7391,0.1731,0.0878,16.8944
2005-10-27,0.7308,0.1856,0.0836,17.1873
2005-10-28,0.7322,0.1874,0.0803,17.5366
2005-10-31,0.7198,0.1994,0.0808,18.2411
2005-11-01,0.7109,0.2069,0.0822,18.6668
2005-11-02,0.6977,0.2139,0.0884,19.2385
2005-11-03,0.6962,0.2154,0.0884,19.0032
2005-11-04,0.6962,0.2148,0.089,18.8015
2005-11-07,0.694,0.2155,0.0905,19.0951
2005-11-08,0.6904,0.2235,0.0861,19.1107
2005-11-09,0.6829,0.2333,0.0838,19.3604
2005-11-10,0.6888,0.2251,0.0861,19.4911
2005-11-11,0.6864,0.2334,0.0803,18.9939
2005-11-14,0.6848,0.2378,0.0775,19.0437
2005-11-15,0.6833,0.2417,0.075,19.0962
2005-11-16,0.6833,0.2409,0.0757,19.1721
2005-11-17,0.682,0.2427,0.0753,19.2003
2005-11-18,0.6851,0.2406,0.0743,19.1255
2005-11-21,0.6842,0.2415,0.0743,19.1947
2005-11-22,0.6842,0.2418,0.0741,19.1701
2005-11-23,0.6875,0.2345,0.078,19.1303
2005-11-24,0.6865,0.2387,0.0748,19.0304
2005-11-25,0.6907,0.2344,0.0749,18.3487
2005-11-28,0.6894,0.2274,0.0833,18.3709
2005-11-29,0.6884,0.2328,0.0789,18.5774
2005-11-30,0.6968,0.2334,0.0698,18.7721
2005-12-01,0.6875,0.2294,0.0831,19.5983
2005-12-02,0.683,0.2304,0.0866,19.6165
2005-12-05,0.699,0.2218,0.0791,19.5341
2005-12-06,0.697,0.224,0.079,20.1124
2005-12-07,0.6879,0.2323,0.0797,20.5913
2005-12-08,0.6691,0.2488,0.0822,21.768
2005-12-09,0.6478,0.27,0.0821,22.3401
2005-12-12,0.6701,0.2441,0.0858,22.2953
2005-12-13,0.6766,0.2374,0.086,22.2196
2005-12-14,0.6793,0.2362,0.0845,21.9799
2005-12-15,0.673,0.2443,0.0827,22.2717
2005-12-16,0.6851,0.2265,0.0884,21.6542
2005-12-19,0.6896,0.2204,0.0899,21.6198
2005-12-20,0.6943,0.2139,0.0917,21.3712
2005-12-21,0.6975,0.2079,0.0946,20.9741
2005-12-22,0.7015,0.203,0.0955,20.8333
2005-12-23,0.705,0.2006,0.0943,20.7836
2005-12-28,0.7074,0.2007,0.0919,20.6196
2005-12-29,0.7127,0.1953,0.092,20.4587
2005-12-30,0.7138,0.2038,0.0824,19.9429
2006-01-03,0.7115,0.2025,0.086,20.6222
2006-01-04,0.717,0.1984,0.0847,20.5324
2006-01-05,0.7262,0.1868,0.0869,20.4785
2006-01-06,0.7298,0.1784,0.0918,21.1363
2006-01-09,0.7282,0.181,0.0908,20.9549
2006-01-10,0.7283,0.1833,0.0884,21.0947
2006-01-11,0.7301,0.182,0.0878,21.0158
2006-01-12,0.7295,0.1788,0.0917,21.1543
2006-01-13,0.7285,0.1774,0.0941,21.0002
2006-01-16,0.7271,0.178,0.0948,20.6626
2006-01-17,0.7186,0.194,0.0874,20.7812
2006-01-18,0.7202,0.1923,0.0874,20.4921
2006-01-19,0.7173,0.195,0.0877,20.4426
2006-01-20,0.7234,0.193,0.0837,20.814
2006-01-23,0.7285,0.1915,0.0801,19.8886
2006-01-24,0.7426,0.186,0.0714,19.1202
2006-01-25,0.7708,0.1548,0.0744,17.8346
2006-01-26,0.7628,0.1605,0.0767,17.8456
2006-01-27,0.7604,0.1554,0.0842,17.296
2006-01-30,0.7576,0.1566,0.0858,17.2213
2006-01-31,0.741,0.1982,0.0607,18.403
2006-02-01,0.7251,0.2236,0.0513,19.5507
2006-02-02,0.7733,0.1645,0.0622,18.117
2006-02-03,0.7667,0.1617,0.0715,18.4958
2006-02-06,0.769,0.1595,0.0715,18.5964
2006-02-07,0.7716,0.1613,0.067,18.9152
2006-02-08,0.7805,0.1504,0.0691,18.4428
2006-02-09,0.7844,0.1479,0.0677,18.6003
2006-02-10,0.7854,0.145,0.0696,18.7954
2006-02-13,0.7855,0.1436,0.0709,18.9217
2006-02-14,0.7888,0.141,0.0702,18.5194
2006-02-15,0.786,0.1445,0.0695,18.6471
2006-02-16,0.7749,0.1561,0.069,19.2897
2006-02-17,0.7721,0.1606,0.0673,19.4235
2006-02-20,0.7714,0.167,0.0616,18.7204
2006-02-21,0.7695,0.1637,0.0668,19.5126
2006-02-22,0.7883,0.1479,0.0637,18.1283
2006-02-23,0.7852,0.1513,0.0635,18.3899
2006-02-24,0.7841,0.1523,0.0635,18.3529
2006-02-27,0.7875,0.1497,0.0627,18.2765
2006-02-28,0.7876,0.148,0.0644,18.6038
2006-03-01,0.8016,0.1407,0.0577,17.6395
2006-03-02,0.8107,0.1382,0.0512,17.3397
2006-03-03,0.8041,0.1412,0.0547,17.4803
2006-03-06,0.8132,0.1257,0.0611,17.4158
2006-03-07,0.8043,0.1362,0.0596,17.6587
2006-03-08,0.8001,0.1452,0.0547,17.2852
2006-03-09,0.8061,0.1395,0.0544,17.4249
2006-03-10,0.8064,0.1395,0.0542,17.5194
2006-03-13,0.81,0.1349,0.0552,17.1426
2006-03-14,0.813,0.1307,0.0563,17.4989
2006-03-15,0.822,0.1221,0.0559,16.8593
2006-03-16,0.8213,0.1227,0.056,16.9112
2006-03-17,0.8238,0.1248,0.0514,16.7735
2006-03-20,0.8253,0.1218,0.053,15.7303
2006-03-21,0.8286,0.1149,0.0565,16.354
2006-03-22,0.8304,0.1133,0.0564,16.3192
2006-03-23,0.8215,0.1231,0.0554,16.7091
2006-03-24,0.8275,0.1186,0.0539,16.4613
2006-03-27,0.8275,0.1195,0.053,16.5049
2006-03-28,0.8316,0.1143,0.0541,16.0685
2006-03-29,0.8207,0.122,0.0573,16.6686
2006-03-30,0.828,0.1099,0.0621,16.5287
2006-03-31,0.8266,0.1081,0.0652,16.569
2006-04-03,0.8265,0.1077,0.0658,16.5878
2006-04-04,0.8243,0.1094,0.0663,16.6666
2006-04-05,0.8208,0.1122,0.067,16.6116
2006-04-06,0.8086,0.1203,0.0712,17.2482
2006-04-07,0.8073,0.1237,0.0691,17.26
2006-04-10,0.8072,0.1238,0.069,17.4181
2006-04-11,0.805,0.1262,0.0688,18.0859
2006-04-12,0.8078,0.1233,0.069,17.5238
2006-04-13,0.8111,0.1216,0.0673,17.21
2006-04-18,0.8164,0.1178,0.0658,16.8453
2006-04-19,0.8149,0.1191,0.0661,17.0235
2006-04-20,0.8311,0.1037,0.0652,16.4998
2006-04-21,0.818,0.1165,0.0656,16.8807
2006-04-24,0.8111,0.1249,0.064,16.8018
2006-04-25,0.8241,0.1189,0.0571,14.563
2006-04-26,0.801,0.1376,0.0615,15.5399
2006-04-27,0.8013,0.139,0.0597,15.7102
2006-04-28,0.8014,0.14,0.0586,15.3725
2006-05-02,0.7925,0.1498,0.0577,15.5796
2006-05-03,0.782,0.1681,0.05,15.5058
2006-05-04,0.7854,0.1748,0.0398,14.929
2006-05-05,0.79,0.1638,0.0462,14.8702
2006-05-08,0.7918,0.1701,0.0381,14.4665
2006-05-09,0.786,0.1807,0.0333,14.7841
2006-05-10,0.7854,0.1808,0.0338,14.6733
2006-05-11,0.7791,0.188,0.0328,15.2207
2006-05-12,0.7752,0.19,0.0348,15.7458
2006-05-15,0.7799,0.1827,0.0374,16.1071
2006-05-16,0.7754,0.1853,0.0393,16.3638
2006-05-17,0.7584,0.1969,0.0447,18.9249
2006-05-18,0.7513,0.2007,0.048,19.2881
2006-05-19,0.7504,0.2009,0.0487,19.4447
2006-05-22,0.709,0.2192,0.0718,21.5339
2006-05-23,0.6993,0.2204,0.0804,22.7185
2006-05-24,0.7034,0.2202,0.0764,20.7747
2006-05-25,0.7034,0.2133,0.0833,22.0411
2006-05-26,0.7007,0.2059,0.0934,22.2844
2006-05-29,0.7008,0.2083,0.0909,22.7388
2006-05-30,0.6921,0.2134,0.0945,24.0805
2006-05-31,0.6665,0.2317,0.1018,25.2084
2006-06-01,0.6538,0.2309,0.1153,24.3897
2006-06-02,0.6734,0.2189,0.1077,24.3505
2006-06-06,0.6186,0.2541,0.1272,26.5652
2006-06-07,0.6191,0.255,0.1259,26.9199
2006-06-08,0.6184,0.2549,0.1267,28.1646
2006-06-09,0.617,0.2568,0.1262,27.1633
2006-06-12,0.6229,0.2366,0.1405,29.368
2006-06-13,0.6165,0.2378,0.1458,29.571
2006-06-14,0.6199,0.2273,0.1527,29.1996
2006-06-15,0.6318,0.211,0.1573,29.8389
2006-06-16,0.6456,0.2051,0.1493,29.6524
2006-06-19,0.6427,0.2093,0.148,30.0401
2006-06-20,0.6443,0.2037,0.1521,29.4259
2006-06-21,0.6386,0.2096,0.1519,29.8599
2006-06-22,0.6483,0.1716,0.1802,29.5396
2006-06-23,0.6443,0.1721,0.1836,29.9405
2006-06-26,0.6403,0.1693,0.1905,30.4359
2006-06-27,0.6395,0.1687,0.1919,30.1706
2006-06-28,0.6417,0.1669,0.1914,30.5083
2006-06-29,0.6279,0.1793,0.1928,30.7294
2006-06-30,0.5992,0.1934,0.2073,31.5374
2006-07-03,0.6135,0.1898,0.1967,31.2642
2006-07-04,0.6243,0.1847,0.191,30.8057
2006-07-05,0.6232,0.1861,0.1907,30.8993
2006-07-06,0.6313,0.182,0.1867,30.4636
2006-07-07,0.6527,0.1644,0.183,30.0173
2006-07-10,0.6559,0.1536,0.1904,31.7316
2006-07-11,0.6435,0.1657,0.1908,31.3178
2006-07-12,0.6438,0.1619,0.1943,31.4913
2006-07-13,0.6362,0.1598,0.204,31.8592
2006-07-14,0.6258,0.1698,0.2044,32.7015
2006-07-17,0.6227,0.1676,0.2097,32.9417
2006-07-18,0.6251,0.1674,0.2075,32.7052
2006-07-19,0.6105,0.1763,0.2133,34.3931
2006-07-20,0.6089,0.1776,0.2135,34.3312
2006-07-21,0.5951,0.1922,0.2127,34.8768
2006-07-24,0.5915,0.1964,0.2121,35.2809
2006-07-25,0.5893,0.1971,0.2136,35.4845
2006-07-26,0.6016,0.1848,0.2135,35.1163
2006-07-27,0.601,0.1872,0.2118,35.1468
2006-07-28,0.6062,0.1822,0.2116,35.1519
2006-07-31,0.6148,0.1702,0.2149,34.8504
2006-08-01,0.6194,0.1698,0.2108,34.578
2006-08-02,0.6106,0.1679,0.2215,34.9875
2006-08-03,0.6177,0.1577,0.2246,34.4514
2006-08-04,0.6212,0.1502,0.2286,33.7501
2006-08-07,0.6168,0.1575,0.2258,34.4676
2006-08-08,0.6203,0.1472,0.2325,33.4626
2006-08-09,0.616,0.1559,0.2281,33.3708
2006-08-10,0.6244,0.1405,0.2351,32.5286
2006-08-11,0.6253,0.1422,0.2324,32.1453
2006-08-14,0.6237,0.147,0.2293,31.7601
2006-08-15,0.6222,0.1434,0.2345,32.3898
2006-08-16,0.6223,0.1443,0.2334,32.5534
2006-08-17,0.6245,0.1466,0.2289,32.4064
2006-08-18,0.6248,0.1487,0.2265,32.3752
2006-08-21,0.6327,0.143,0.2243,31.9037
2006-08-22,0.6281,0.1365,0.2354,33.0456
2006-08-23,0.6199,0.1347,0.2454,34.3772
2006-08-24,0.6181,0.1337,0.2482,33.868
2006-08-25,0.6206,0.1277,0.2517,33.7274
2006-08-28,0.6252,0.1232,0.2516,33.4723
2006-08-29,0.628,0.1187,0.2533,33.586
2006-08-30,0.6206,0.1206,0.2588,33.5656
2006-08-31,0.6178,0.1206,0.2616,34.2407
2006-09-01,0.6166,0.1219,0.2615,34.3618
2006-09-04,0.6119,0.1209,0.2672,34.7426
2006-09-05,0.6007,0.1268,0.2725,35.062
2006-09-06,0.6077,0.1272,0.265,34.6062
2006-09-07,0.6073,0.1297,0.263,35.5247
2006-09-08,0.6046,0.1289,0.2665,35.5791
2006-09-11,0.6274,0.137,0.2356,35.0438
2006-09-12,0.6289,0.1207,0.2504,34.849
2006-09-13,0.6308,0.117,0.2522,34.8468
2006-09-14,0.631,0.1147,0.2542,34.8096
2006-09-15,0.6298,0.1164,0.2538,35.113
2006-09-18,0.6306,0.1157,0.2537,35.0658
2006-09-19,0.6317,0.1148,0.2535,35.4223
2006-09-20,0.647,0.0969,0.2561,34.3907
2006-09-21,0.6522,0.0933,0.2545,33.8308
2006-09-22,0.6564,0.091,0.2526,33.5288
2006-09-25,0.6564,0.0917,0.2519,33.1485
2006-09-26,0.6661,0.087,0.2469,32.5129
2006-09-27,0.6402,0.108,0.2518,33.774
2006-09-28,0.6402,0.1081,0.2516,34.048
2006-09-29,0.6381,0.109,0.2529,34.922
2006-10-02,0.6355,0.1102,0.2543,35.3105
2006-10-03,0.629,0.1158,0.2552,37.5078
2006-10-04,0.6591,0.1095,0.2314,35.3592
2006-10-05,0.6521,0.1112,0.2366,35.1938
2006-10-06,0.6531,0.1104,0.2365,34.6041
2006-10-09,0.6648,0.1074,0.2278,34.1535
2006-10-10,0.6569,0.1117,0.2314,35.3667
2006-10-11,0.6385,0.1165,0.2449,35.9367
2006-10-12,0.6498,0.1139,0.2363,35.446
2006-10-13,0.6485,0.1141,0.2374,35.4301
2006-10-16,0.6517,0.1155,0.2328,35.6647
2006-10-17,0.6488,0.1148,0.2364,35.6866
2006-10-18,0.6482,0.1156,0.2362,35.932
2006-10-19,0.6439,0.1214,0.2347,36.2133
2006-10-20,0.6427,0.1227,0.2346,36.1089
2006-10-23,0.648,0.1321,0.2199,35.8117
2006-10-24,0.6547,0.1268,0.2185,36.3823
2006-10-25,0.6512,0.1301,0.2188,37.3487
2006-10-26,0.6546,0.1264,0.219,37.4058
2006-10-27,0.6551,0.129,0.2158,37.2959
2006-10-30,0.657,0.128,0.215,37.6
2006-10-31,0.6669,0.1284,0.2047,37.3182
2006-11-01,0.631,0.1389,0.2301,38.4849
2006-11-02,0.6429,0.1363,0.2207,38.6967
2006-11-03,0.6666,0.1289,0.2045,38.492
2006-11-06,0.659,0.1337,0.2073,38.853
2006-11-07,0.6401,0.1412,0.2187,39.4074
2006-11-08,0.6388,0.1417,0.2195,39.4273
2006-11-09,0.6357,0.1407,0.2236,39.3743
2006-11-10,0.6237,0.1385,0.2378,39.2624
2006-11-13,0.6076,0.1429,0.2494,40.3584
2006-11-14,0.5907,0.1424,0.2669,41.7361
2006-11-15,0.5998,0.1437,0.2565,40.9064
2006-11-16,0.6173,0.1342,0.2485,40.1801
2006-11-17,0.6157,0.1353,0.249,40.255
2006-11-20,0.6113,0.1368,0.2519,40.4578
2006-11-21,0.6181,0.1323,0.2496,40.0176
2006-11-22,0.6033,0.144,0.2527,40.5063
2006-11-23,0.5806,0.1622,0.2572,41.504
2006-11-24,0.5871,0.1562,0.2567,41.0415
2006-11-27,0.6063,0.131,0.2627,41.4915
2006-11-28,0.6089,0.1273,0.2639,41.1788
2006-11-29,0.5982,0.1236,0.2782,41.4176
2006-11-30,0.5999,0.1246,0.2755,41.3742
2006-12-01,0.5974,0.1248,0.2778,41.6805
2006-12-04,0.5974,0.1241,0.2785,41.5118
2006-12-05,0.5986,0.1225,0.2789,41.4681
2006-12-06,0.5917,0.125,0.2834,41.6577
2006-12-07,0.5802,0.1273,0.2926,42.1356
2006-12-08,0.5882,0.1259,0.2859,41.9492
2006-12-11,0.5917,0.1243,0.284,41.6917
2006-12-12,0.5786,0.1308,0.2907,41.7376
2006-12-13,0.5515,0.1595,0.2889,42.444
2006-12-14,0.5649,0.1545,0.2806,41.5881
2006-12-15,0.5924,0.1346,0.273,40.5666
2006-12-18,0.5927,0.1344,0.2728,40.5023
2006-12-19,0.5936,0.1348,0.2715,40.4687
2006-12-20,0.5969,0.1342,0.269,40.1709
2006-12-21,0.588,0.1377,0.2743,40.2138
2006-12-22,0.5778,0.1432,0.279,40.4652
2006-12-27,0.5806,0.1428,0.2765,40.4899
2006-12-28,0.5844,0.1417,0.2739,40.1712
2006-12-29,0.5864,0.1433,0.2703,40.381
2007-01-02,0.5803,0.1409,0.2788,40.5646
2007-01-03,0.5755,0.1382,0.2863,40.7843
2007-01-04,0.5685,0.1415,0.29,40.8056
2007-01-05,0.5689,0.1393,0.2919,40.9107
2007-01-08,0.5683,0.1394,0.2923,40.9904
2007-01-09,0.557,0.1453,0.2976,41.2153
2007-01-10,0.5575,0.1449,0.2976,41.0635
2007-01-11,0.5598,0.1433,0.297,40.8198
2007-01-12,0.5599,0.1461,0.2939,40.9257
2007-01-15,0.5602,0.1481,0.2917,40.9356
2007-01-16,0.5697,0.1433,0.2871,40.5112
2007-01-17,0.5668,0.1435,0.2896,40.5447
2007-01-18,0.5611,0.1525,0.2864,41.2887
2007-01-19,0.5934,0.1356,0.2709,40.1636
2007-01-22,0.594,0.1359,0.2701,40.0631
2007-01-23,0.5897,0.1388,0.2714,40.2012
2007-01-24,0.5902,0.1445,0.2653,40.5568
2007-01-25,0.5918,0.1444,0.2638,40.6002
2007-01-26,0.5695,0.1567,0.2738,41.2032
2007-01-29,0.5766,0.1513,0.2721,40.967
2007-01-30,0.584,0.1481,0.268,40.9121
2007-01-31,0.578,0.1508,0.2711,41.2784
2007-02-01,0.5833,0.1501,0.2667,41.0103
2007-02-02,0.5892,0.1483,0.2625,40.9257
2007-02-05,0.5939,0.1476,0.2585,40.6656
2007-02-06,0.5983,0.143,0.2587,40.0485
2007-02-07,0.6032,0.1348,0.2619,40.019
2007-02-08,0.5807,0.1428,0.2764,40.495
2007-02-09,0.5967,0.1383,0.265,40.0952
2007-02-12,0.5874,0.1407,0.272,40.4318
2007-02-13,0.5812,0.1403,0.2784,40.6387
2007-02-14,0.5806,0.1355,0.2838,40.3344
2007-02-15,0.5861,0.1351,0.2788,40.337
2007-02-16,0.5917,0.1303,0.278,40.3031
2007-02-19,0.5925,0.1293,0.2782,40.214
2007-02-20,0.5981,0.1271,0.2748,39.9503
2007-02-21,0.5896,0.1287,0.2817,39.8867
2007-02-22,0.5716,0.1406,0.2878,40.4569
2007-02-23,0.5654,0.1435,0.2912,40.7618
2007-02-26,0.5742,0.1432,0.2826,40.3434
2007-02-27,0.5495,0.1633,0.2873,42.2224
2007-02-28,0.5479,0.165,0.2871,42.8689
2007-03-01,0.5514,0.1669,0.2818,42.4079
2007-03-02,0.5531,0.1699,0.2769,42.1581
2007-03-05,0.5442,0.1754,0.2804,42.7825
2007-03-06,0.5463,0.1719,0.2818,42.185
2007-03-07,0.5447,0.1744,0.2809,41.9843
2007-03-08,0.5444,0.1804,0.2752,42.2883
2007-03-09,0.533,0.1873,0.2797,42.9096
2007-03-12,0.5621,0.18,0.2579,41.9796
2007-03-13,0.5619,0.184,0.2541,42.2843
2007-03-14,0.5565,0.1939,0.2495,43.032
2007-03-15,0.5541,0.199,0.2469,43.9346
2007-03-16,0.5458,0.2115,0.2427,43.4664
2007-03-19,0.5436,0.2121,0.2443,43.5917
2007-03-20,0.5444,0.2108,0.2448,43.1761
2007-03-21,0.5487,0.2077,0.2437,42.6552
2007-03-22,0.5461,0.2083,0.2457,42.5881
2007-03-23,0.5452,0.2078,0.2469,42.393
2007-03-26,0.5449,0.2074,0.2476,42.3932
2007-03-27,0.542,0.2062,0.2517,42.263
2007-03-28,0.5457,0.2101,0.2442,42.1935
2007-03-29,0.5464,0.2081,0.2455,42.279
2007-03-30,0.5482,0.2081,0.2437,42.4063
2007-04-02,0.5475,0.2101,0.2424,42.5896
2007-04-03,0.5485,0.2119,0.2396,42.6938
2007-04-04,0.5522,0.2068,0.241,42.7382
2007-04-05,0.564,0.2014,0.2346,42.4293
2007-04-10,0.5624,0.2015,0.2361,42.4711
2007-04-11,0.5575,0.2042,0.2383,42.6703
2007-04-12,0.558,0.2045,0.2376,42.7801
2007-04-13,0.5561,0.206,0.2379,42.9778
2007-04-16,0.545,0.2114,0.2436,43.3782
2007-04-17,0.5492,0.2088,0.2419,43.2196
2007-04-18,0.5547,0.2087,0.2366,43.3599
2007-04-19,0.5568,0.2089,0.2342,43.1808
2007-04-20,0.5613,0.2064,0.2324,42.9438
2007-04-23,0.5736,0.2041,0.2223,42.672
2007-04-24,0.575,0.2022,0.2227,42.3478
2007-04-25,0.5762,0.2013,0.2225,42.2909
2007-04-26,0.5833,0.1987,0.218,41.3434
2007-04-27,0.5853,0.198,0.2167,41.178
2007-04-30,0.5882,0.197,0.2148,40.8497
2007-05-01,0.5895,0.1936,0.2168,40.1282
2007-05-02,0.6029,0.1926,0.2045,39.0761
2007-05-03,0.6063,0.198,0.1957,38.7406
2007-05-04,0.6084,0.197,0.1946,38.6304
2007-05-08,0.6092,0.1976,0.1932,38.6588
2007-05-09,0.6118,0.1973,0.1908,38.4402
2007-05-10,0.6078,0.1967,0.1955,38.6399
2007-05-11,0.6209,0.1899,0.1892,38.199
2007-05-14,0.6216,0.1895,0.1889,38.0802
2007-05-15,0.6218,0.191,0.1872,38.7131
2007-05-16,0.6277,0.1912,0.1811,38.6082
2007-05-17,0.6311,0.1904,0.1785,38.899
2007-05-18,0.631,0.1908,0.1782,38.9011
2007-05-21,0.6225,0.1987,0.1788,39.3121
2007-05-22,0.6216,0.1984,0.1799,39.4308
2007-05-23,0.6247,0.194,0.1812,39.1446
2007-05-24,0.6241,0.1938,0.1821,39.1346
2007-05-25,0.6243,0.1942,0.1815,38.9796
2007-05-28,0.6224,0.1939,0.1837,39.0088
2007-05-29,0.6205,0.1944,0.1851,39.0995
2007-05-30,0.6232,0.1874,0.1894,38.7988
2007-05-31,0.629,0.1903,0.1807,37.9534
2007-06-01,0.6185,0.1945,0.1871,37.8321
2007-06-05,0.6069,0.1913,0.2018,38.1919
2007-06-06,0.6029,0.1894,0.2077,38.6571
2007-06-07,0.6002,0.1883,0.2115,39.4814
2007-06-08,0.5952,0.1904,0.2144,39.8873
2007-06-11,0.5942,0.1902,0.2157,40.0021
2007-06-12,0.5958,0.1889,0.2153,40.0784
2007-06-13,0.6102,0.1755,0.2143,39.3338
2007-06-14,0.6006,0.1838,0.2156,39.8884
2007-06-15,0.6017,0.1868,0.2115,40.0078
2007-06-18,0.5984,0.1877,0.2139,40.4904
2007-06-19,0.5991,0.1872,0.2137,40.5749
2007-06-20,0.5957,0.1894,0.215,40.6986
2007-06-21,0.5904,0.1913,0.2182,40.8471
2007-06-22,0.5922,0.1911,0.2167,40.7888
2007-06-25,0.5893,0.194,0.2167,40.8395
2007-06-26,0.5856,0.1976,0.2167,41.072
2007-06-27,0.5806,0.2025,0.2169,41.3234
2007-06-28,0.5793,0.2022,0.2184,41.4296
2007-06-29,0.5813,0.2012,0.2175,40.7266
2007-07-02,0.5785,0.2086,0.2129,41.2823
2007-07-03,0.5778,0.2089,0.2133,41.329
2007-07-04,0.5897,0.207,0.2033,41.0489
2007-07-05,0.5929,0.2068,0.2002,40.9321
2007-07-06,0.5888,0.208,0.2031,41.0144
2007-07-09,0.579,0.212,0.209,41.0185
2007-07-10,0.5735,0.206,0.2205,41.3609
2007-07-11,0.5609,0.2146,0.2246,41.4457
2007-07-12,0.5554,0.2185,0.2261,41.5278
2007-07-13,0.5594,0.2167,0.2239,39.7724
2007-07-16,0.55,0.2133,0.2367,40.8957
2007-07-17,0.562,0.2074,0.2306,40.679
2007-07-18,0.5823,0.1986,0.2191,39.7813
2007-07-19,0.5909,0.1936,0.2156,39.6978
2007-07-20,0.5789,0.1884,0.2326,40.1627
2007-07-23,0.5881,0.1895,0.2224,39.4123
2007-07-24,0.5671,0.192,0.2409,40.5919
2007-07-25,0.565,0.1925,0.2425,40.956
2007-07-26,0.5537,0.1981,0.2482,41.993
2007-07-27,0.5511,0.1995,0.2495,42.2245
2007-07-30,0.5444,0.2049,0.2507,42.7161
2007-07-31,0.5329,0.2102,0.2569,43.0273
2007-08-01,0.5286,0.213,0.2584,43.5124
2007-08-02,0.523,0.208,0.269,43.6196
2007-08-03,0.5191,0.2103,0.2706,43.5171
2007-08-06,0.5194,0.2099,0.2708,42.5932
2007-08-07,0.5203,0.2081,0.2716,42.4343
2007-08-08,0.5138,0.2271,0.2592,42.8917
2007-08-09,0.5069,0.2439,0.2492,43.7414
2007-08-10,0.4982,0.2567,0.2451,44.6371
2007-08-13,0.4934,0.2685,0.2381,45.9583
2007-08-14,0.4902,0.2668,0.243,46.4803
2007-08-15,0.4845,0.28,0.2355,46.422
2007-08-16,0.4899,0.2717,0.2385,46.3977
2007-08-17,0.4861,0.2754,0.2385,47.0138
2007-08-20,0.4831,0.2778,0.2391,47.0722
2007-08-21,0.4812,0.2792,0.2395,47.0154
2007-08-22,0.4804,0.2793,0.2402,47.1822
2007-08-23,0.4943,0.2718,0.2339,45.6888
2007-08-24,0.5001,0.2841,0.2158,45.5679
2007-08-27,0.5029,0.2735,0.2236,45.6006
2007-08-28,0.5078,0.2959,0.1963,44.9084
2007-08-29,0.5127,0.297,0.1903,42.4785
2007-08-30,0.5098,0.312,0.1781,42.9348
2007-08-31,0.512,0.3106,0.1774,42.7491
2007-09-03,0.5207,0.3055,0.1739,41.9835
2007-09-04,0.5464,0.2743,0.1793,40.9285
2007-09-05,0.5396,0.2808,0.1796,41.4077
2007-09-06,0.5319,0.2951,0.1729,41.3089
2007-09-07,0.5281,0.2981,0.1737,41.5418
2007-09-10,0.5276,0.299,0.1734,41.5471
2007-09-11,0.5246,0.2995,0.1759,41.7656
2007-09-12,0.5282,0.2987,0.1731,41.5994
2007-09-13,0.5265,0.2983,0.1752,41.7107
2007-09-14,0.528,0.2979,0.1741,41.2336
2007-09-17,0.5399,0.2931,0.167,40.6989
2007-09-18,0.548,0.2933,0.1587,40.8289
2007-09-19,0.5538,0.2924,0.1538,41.7194
2007-09-20,0.5623,0.2859,0.1518,41.4452
2007-09-21,0.5701,0.2793,0.1506,41.2283
2007-09-24,0.5959,0.2511,0.153,40.8587
2007-09-25,0.5756,0.2597,0.1646,40.6554
2007-09-26,0.5579,0.2763,0.1658,40.9912
2007-09-27,0.5743,0.2662,0.1596,40.4596
2007-09-28,0.5803,0.2641,0.1556,40.0999
2007-10-01,0.5985,0.2515,0.15,40.0697
2007-10-02,0.6297,0.2363,0.1341,38.7779
2007-10-03,0.6561,0.2172,0.1267,38.0975
2007-10-04,0.6552,0.22,0.1249,38.2554
2007-10-05,0.6586,0.2213,0.1202,38.2332
2007-10-08,0.6606,0.2158,0.1236,38.0143
2007-10-09,0.643,0.2219,0.1351,38.5788
2007-10-10,0.638,0.2227,0.1393,38.7274
2007-10-11,0.6452,0.2235,0.1314,38.2038
2007-10-12,0.6564,0.2209,0.1227,37.6259
2007-10-15,0.6542,0.2244,0.1215,37.9734
2007-10-16,0.6609,0.2175,0.1216,37.6029
2007-10-17,0.6712,0.2083,0.1205,37.49
2007-10-18,0.668,0.2073,0.1246,38.1584
2007-10-19,0.6704,0.2035,0.1262,37.939
2007-10-22,0.6689,0.2011,0.13,38.0315
2007-10-23,0.6675,0.2057,0.1268,38.0015
2007-10-24,0.6703,0.1996,0.1301,37.8383
2007-10-25,0.6591,0.1931,0.1479,37.982
2007-10-26,0.6559,0.1929,0.1512,38.0876
2007-10-29,0.6653,0.1829,0.1518,37.8714
2007-10-30,0.6749,0.1721,0.1529,37.6461
2007-10-31,0.6678,0.1824,0.1497,37.4464
2007-11-01,0.6543,0.1975,0.1483,37.5857
2007-11-02,0.6575,0.1943,0.1482,37.3031
2007-11-05,0.6563,0.1999,0.1439,37.0275
2007-11-06,0.6555,0.2018,0.1426,36.8597
2007-11-07,0.6495,0.2172,0.1334,36.6648
2007-11-08,0.6562,0.2232,0.1206,34.382
2007-11-09,0.6557,0.2245,0.1199,33.6487
2007-11-12,0.6548,0.2237,0.1215,32.1887
2007-11-13,0.6531,0.2269,0.1201,31.9424
2007-11-14,0.6612,0.2128,0.1261,31.608
2007-11-15,0.7047,0.1829,0.1124,31.3175
2007-11-16,0.6974,0.1902,0.1124,31.19
2007-11-19,0.6796,0.2046,0.1159,31.8117
2007-11-20,0.6831,0.2009,0.116,31.6757
2007-11-21,0.6755,0.2067,0.1178,32.1184
2007-11-22,0.674,0.2074,0.1185,32.297
2007-11-23,0.6772,0.2066,0.1163,32.3076
2007-11-26,0.6775,0.2064,0.1161,32.3449
2007-11-27,0.6804,0.2065,0.1132,32.073
2007-11-28,0.7147,0.1833,0.102,30.2483
2007-11-29,0.7508,0.1475,0.1017,29.2261
2007-11-30,0.751,0.1474,0.1017,29.3547
2007-12-03,0.7591,0.1363,0.1046,28.7725
2007-12-04,0.8161,0.128,0.0559,24.5232
2007-12-05,0.8103,0.1316,0.058,24.1021
2007-12-06,0.8161,0.126,0.0578,24.4922
2007-12-07,0.8183,0.1231,0.0586,24.3528
2007-12-10,0.8244,0.1179,0.0577,23.9869
2007-12-11,0.8136,0.1305,0.0559,24.4361
2007-12-12,0.8137,0.1314,0.0549,24.2082
2007-12-13,0.8146,0.1304,0.055,24.3889
2007-12-14,0.8147,0.13,0.0553,24.5162
2007-12-17,0.815,0.1298,0.0552,24.6729
2007-12-18,0.8144,0.1303,0.0552,24.5255
2007-12-19,0.8186,0.1346,0.0467,24.2044
2007-12-20,0.8134,0.1338,0.0527,24.9267
2007-12-21,0.8144,0.135,0.0506,24.7588
2007-12-24,0.8185,0.1387,0.0428,24.2069
2007-12-27,0.8176,0.1384,0.044,25.0082
2007-12-28,0.814,0.1354,0.0507,25.1425
2007-12-31,0.8202,0.133,0.0468,25.086
2008-01-02,0.8274,0.1236,0.049,25.0797
2008-01-03,0.8274,0.1214,0.0512,24.7299
2008-01-04,0.8572,0.0924,0.0505,23.8123
2008-01-07,0.8215,0.1281,0.0504,23.3984
2008-01-08,0.8336,0.1145,0.0518,22.6715
2008-01-09,0.8096,0.1499,0.0406,21.8082
2008-01-10,0.8184,0.1385,0.0431,21.2663
2008-01-11,0.8207,0.1335,0.0458,21.1508
2008-01-14,0.8264,0.1238,0.0498,21.0398
2008-01-15,0.8292,0.1178,0.053,21.2415
2008-01-16,0.83,0.1226,0.0474,21.322
2008-01-17,0.8271,0.1244,0.0485,21.4456
2008-01-18,0.8268,0.1254,0.0478,20.9486
2008-01-21,0.8152,0.1303,0.0545,21.7859
2008-01-22,0.8146,0.1322,0.0532,21.8751
2008-01-23,0.8089,0.1286,0.0624,22.0636
2008-01-24,0.7866,0.1345,0.0789,22.7887
2008-01-25,0.7841,0.1344,0.0815,22.6534
2008-01-28,0.7841,0.1349,0.081,23.0662
2008-01-29,0.7934,0.1295,0.0772,21.847
2008-01-30,0.7871,0.1339,0.079,21.8339
2008-01-31,0.7843,0.1284,0.0873,22.0739
2008-02-01,0.7878,0.1314,0.0808,22.2681
2008-02-04,0.788,0.1311,0.0809,22.0085
2008-02-05,0.7778,0.1327,0.0894,22.733
2008-02-06,0.7824,0.1287,0.0889,22.6828
2008-02-07,0.7658,0.1397,0.0945,22.9795
2008-02-08,0.7556,0.1465,0.0978,23.3649
2008-02-11,0.7671,0.1368,0.0961,23.201
2008-02-12,0.7684,0.1431,0.0885,23.5038
2008-02-13,0.7611,0.1499,0.089,23.9612
2008-02-14,0.7633,0.1465,0.0901,23.7864
2008-02-15,0.7673,0.1444,0.0884,23.6349
2008-02-18,0.767,0.1443,0.0886,23.3913
2008-02-19,0.7732,0.143,0.0838,23.3845
2008-02-20,0.7744,0.1453,0.0804,23.4663
2008-02-21,0.7773,0.147,0.0757,22.4722
2008-02-22,0.7755,0.1463,0.0782,22.213
2008-02-25,0.7714,0.1534,0.0752,22.1176
2008-02-26,0.7768,0.1482,0.075,21.7924
2008-02-27,0.78,0.1442,0.0757,21.6466
2008-02-28,0.7768,0.1478,0.0754,21.4061
2008-02-29,0.7835,0.1394,0.0772,21.1683
2008-03-03,0.7953,0.1279,0.0768,20.6946
2008-03-04,0.7993,0.1247,0.076,20.6107
2008-03-05,0.8026,0.1202,0.0772,20.2429
2008-03-06,0.7969,0.1188,0.0842,20.4782
2008-03-07,0.7982,0.124,0.0778,20.4597
2008-03-10,0.7825,0.1456,0.0719,21.165
2008-03-11,0.7744,0.1549,0.0707,21.7264
2008-03-12,0.7784,0.1502,0.0714,21.2892
2008-03-13,0.7781,0.1512,0.0707,21.1699
2008-03-14,0.7734,0.1574,0.0692,21.1964
2008-03-17,0.7563,0.1698,0.074,22.6049
2008-03-18,0.7422,0.1833,0.0745,23.4417
2008-03-19,0.7469,0.1795,0.0737,23.4128
2008-03-20,0.7326,0.1939,0.0735,24.1381
2008-03-25,0.7254,0.1973,0.0773,24.669
2008-03-26,0.73,0.192,0.078,24.2367
2008-03-27,0.7324,0.1888,0.0788,23.9969
2008-03-28,0.7316,0.1898,0.0786,24.0108
2008-03-31,0.7274,0.2002,0.0724,23.8275
2008-04-01,0.727,0.1986,0.0744,23.6939
2008-04-02,0.7238,0.2007,0.0754,23.9262
2008-04-03,0.721,0.204,0.075,23.9257
2008-04-04,0.7252,0.1994,0.0754,23.7456
2008-04-07,0.7337,0.1869,0.0794,23.4364
2008-04-08,0.7046,0.2079,0.0875,25.5524
2008-04-09,0.7177,0.1956,0.0867,25.2333
2008-04-10,0.6978,0.2022,0.0999,25.1695
2008-04-11,0.7044,0.1897,0.1059,24.3648
2008-04-14,0.7034,0.1879,0.1087,24.304
2008-04-15,0.7187,0.1701,0.1112,23.7834
2008-04-16,0.7022,0.1883,0.1095,24.3445
2008-04-17,0.699,0.1925,0.1085,24.6381
2008-04-18,0.7015,0.1856,0.1129,24.7102
2008-04-21,0.7014,0.184,0.1146,24.7682
2008-04-22,0.6978,0.1854,0.1169,24.8601
2008-04-23,0.6904,0.1902,0.1195,25.0125
2008-04-24,0.6683,0.1987,0.133,25.9452
2008-04-25,0.6641,0.1984,0.1375,25.6919
2008-04-28,0.6573,0.217,0.1257,26.0509
2008-04-29,0.6522,0.2184,0.1295,26.5402
2008-04-30,0.6432,0.2308,0.126,26.609
2008-05-02,0.6568,0.2138,0.1293,25.4719
2008-05-06,0.6594,0.2144,0.1262,25.2501
2008-05-07,0.6614,0.2114,0.1272,25.0393
2008-05-08,0.6593,0.2137,0.127,25.1515
2008-05-09,0.6633,0.2116,0.1251,25.0163
2008-05-12,0.6635,0.2111,0.1255,25.0246
2008-05-13,0.6635,0.2114,0.1251,25.1348
2008-05-14,0.6569,0.2131,0.13,25.676
2008-05-15,0.6577,0.2115,0.1309,25.6222
2008-05-16,0.6485,0.2222,0.1293,26.0455
2008-05-19,0.6446,0.2244,0.1311,26.3169
2008-05-20,0.6522,0.2122,0.1356,25.2915
2008-05-21,0.6633,0.1923,0.1444,25.145
2008-05-22,0.661,0.1966,0.1424,25.0546
2008-05-23,0.6629,0.1942,0.1429,24.89
2008-05-26,0.6624,0.1931,0.1445,24.9877
2008-05-27,0.6631,0.1933,0.1435,25.0893
2008-05-28,0.6738,0.1893,0.137,24.643
2008-05-29,0.6736,0.1894,0.1369,24.7159
2008-05-30,0.679,0.1815,0.1394,25.4171
2008-06-03,0.6907,0.1753,0.134,25.2126
2008-06-04,0.683,0.1882,0.1287,25.0127
2008-06-05,0.6848,0.1918,0.1234,24.0637
2008-06-06,0.6888,0.182,0.1292,24.936
2008-06-09,0.6877,0.1736,0.1387,24.9963
2008-06-10,0.6922,0.1786,0.1292,25.375
2008-06-11,0.687,0.1884,0.1246,25.6021
2008-06-12,0.6876,0.1869,0.1256,25.388
2008-06-13,0.6872,0.186,0.1268,25.5344
2008-06-16,0.6686,0.2042,0.1272,26.0718
2008-06-17,0.6747,0.2004,0.1249,25.8124
2008-06-18,0.6758,0.2002,0.124,25.9011
2008-06-19,0.6719,0.2012,0.1269,26.1105
2008-06-20,0.6735,0.2018,0.1247,25.9371
2008-06-23,0.6736,0.2021,0.1243,25.9424
2008-06-24,0.6712,0.2,0.1288,25.9873
2008-06-25,0.6705,0.2002,0.1293,25.9687
2008-06-26,0.6549,0.2037,0.1414,27.0028
2008-06-27,0.6401,0.2111,0.1488,27.4193
2008-06-30,0.6334,0.2142,0.1524,27.2106
2008-07-01,0.6272,0.2174,0.1553,27.4756
2008-07-02,0.6249,0.2214,0.1537,27.6026
2008-07-03,0.6214,0.2223,0.1563,27.677
2008-07-04,0.6243,0.2205,0.1552,27.5682
2008-07-07,0.6259,0.2194,0.1547,27.9676
2008-07-08,0.6369,0.2071,0.156,27.3066
2008-07-09,0.6274,0.2132,0.1595,27.8306
2008-07-10,0.6185,0.2163,0.1652,28.1415
2008-07-11,0.6034,0.222,0.1746,28.7834
2008-07-14,0.5942,0.2286,0.1771,29.3014
2008-07-15,0.5906,0.2311,0.1783,29.5598
2008-07-16,0.5914,0.229,0.1796,29.71
2008-07-17,0.588,0.2286,0.1834,30.0104
2008-07-18,0.5926,0.2256,0.1818,30.0426
2008-07-21,0.6283,0.2042,0.1676,28.8054
2008-07-22,0.6455,0.1944,0.1601,27.7455
2008-07-23,0.6408,0.194,0.1652,27.2765
2008-07-24,0.6363,0.193,0.1708,27.7263
2008-07-25,0.6373,0.1921,0.1706,27.5014
2008-07-28,0.6496,0.1856,0.1647,27.4068
2008-07-29,0.6584,0.1811,0.1604,27.628
2008-07-30,0.6608,0.1785,0.1606,27.5422
2008-07-31,0.6615,0.1803,0.1582,27.2583
2008-08-01,0.6675,0.1852,0.1474,27.2752
2008-08-04,0.6664,0.1849,0.1487,27.2071
2008-08-05,0.6713,0.1841,0.1447,27.7109
2008-08-06,0.6731,0.1843,0.1426,27.6332
2008-08-07,0.6736,0.1844,0.1421,27.2678
2008-08-08,0.6793,0.18,0.1408,26.8485
2008-08-11,0.6835,0.176,0.1405,26.349
2008-08-12,0.6785,0.1744,0.1471,25.7412
2008-08-13,0.6931,0.1667,0.1402,26.4538
2008-08-14,0.6925,0.1686,0.1389,26.5797
2008-08-15,0.6901,0.1711,0.1388,25.8458
2008-08-18,0.691,0.1697,0.1393,26.0528
2008-08-19,0.7016,0.1528,0.1456,25.6954
2008-08-20,0.693,0.1568,0.1502,26.971
2008-08-21,0.6956,0.1588,0.1457,27.4548
2008-08-22,0.7025,0.1523,0.1452,28.49
2008-08-25,0.7048,0.1521,0.1431,29.4819
2008-08-26,0.7009,0.1702,0.1289,30.2716
2008-08-27,0.6837,0.1898,0.1265,30.9436
2008-08-28,0.6743,0.1996,0.1261,31.086
2008-08-29,0.6889,0.1807,0.1304,30.7329
2008-09-01,0.6873,0.1797,0.133,31.0282
2008-09-02,0.6855,0.1844,0.1301,30.8536
2008-09-03,0.6847,0.1847,0.1306,30.9657
2008-09-04,0.692,0.1778,0.1303,30.7265
2008-09-05,0.686,0.179,0.135,30.919
2008-09-08,0.675,0.1821,0.1429,32.0186
2008-09-09,0.6743,0.1811,0.1446,32.4225
2008-09-10,0.6735,0.1823,0.1441,32.4488
2008-09-11,0.6702,0.1888,0.141,32.2161
2008-09-12,0.6714,0.1892,0.1394,31.8663
2008-09-15,0.6839,0.1708,0.1454,31.2046
2008-09-16,0.6806,0.1781,0.1413,31.302
2008-09-17,0.6615,0.1965,0.142,32.0169
2008-09-18,0.6593,0.2005,0.1402,32.0405
2008-09-19,0.6309,0.2325,0.1366,34.1052
2008-09-22,0.6242,0.2401,0.1356,34.7815
2008-09-23,0.6216,0.2444,0.134,34.9753
2008-09-24,0.6206,0.2423,0.1371,34.7752
2008-09-25,0.62,0.243,0.137,35.0074
2008-09-26,0.6275,0.23,0.1425,34.213
2008-09-29,0.5965,0.2729,0.1306,36.2577
2008-09-30,0.5852,0.2884,0.1265,37.3528
2008-10-01,0.5988,0.2776,0.1236,36.7922
2008-10-02,0.5901,0.2893,0.1207,37.3238
2008-10-03,0.5843,0.293,0.1227,37.6047
2008-10-06,0.5991,0.2807,0.1202,37.4968
2008-10-07,0.5968,0.2828,0.1204,37.7931
2008-10-08,0.5845,0.2916,0.1239,38.5699
2008-10-09,0.573,0.3001,0.1268,39.2197
2008-10-10,0.5632,0.3094,0.1274,39.5655
2008-10-13,0.5426,0.3331,0.1243,41.9009
2008-10-14,0.5778,0.3008,0.1214,41.2043
2008-10-15,0.5753,0.303,0.1217,42.0135
2008-10-16,0.58,0.2832,0.1368,42.5528
2008-10-17,0.5915,0.2746,0.134,42.3825
2008-10-20,0.588,0.2831,0.1288,42.5144
2008-10-21,0.5776,0.3016,0.1207,43.2008
2008-10-22,0.5819,0.2928,0.1254,42.9574
2008-10-23,0.5785,0.2982,0.1233,42.7773
2008-10-24,0.5734,0.3047,0.1218,43.2716
2008-10-27,0.5706,0.3083,0.1211,43.4837
2008-10-28,0.5854,0.2953,0.1192,43.3552
2008-10-29,0.5917,0.2899,0.1183,43.3562
2008-10-30,0.5862,0.2916,0.1221,43.6634
2008-10-31,0.5652,0.3139,0.1209,45.0503
2008-11-03,0.5646,0.3198,0.1156,45.4456
2008-11-04,0.5679,0.3189,0.1132,44.6502
2008-11-05,0.5731,0.3073,0.1196,45.0536
2008-11-06,0.5688,0.3127,0.1184,45.9609
2008-11-07,0.5787,0.2959,0.1255,45.0804
2008-11-10,0.5762,0.2962,0.1276,45.2024
2008-11-11,0.574,0.297,0.129,45.2936
2008-11-12,0.5776,0.2935,0.1289,45.0169
2008-11-13,0.6017,0.2763,0.122,44.0547
2008-11-14,0.6025,0.2742,0.1233,44.0617
2008-11-17,0.58,0.2939,0.1262,44.4793
2008-11-18,0.5682,0.3111,0.1207,44.5645
2008-11-19,0.5842,0.2836,0.1321,43.9438
2008-11-20,0.5794,0.2905,0.1302,44.1629
2008-11-21,0.5769,0.2937,0.1294,44.0966
2008-11-24,0.5786,0.2873,0.134,44.3458
2008-11-25,0.5908,0.278,0.1312,44.3552
2008-11-26,0.5943,0.2626,0.1431,44.0192
2008-11-27,0.6013,0.2485,0.1503,43.8475
2008-11-28,0.6002,0.2432,0.1567,44.1368
2008-12-01,0.6386,0.2187,0.1427,42.7754
2008-12-02,0.6508,0.2138,0.1354,42.2587
2008-12-03,0.6432,0.2248,0.132,42.1995
2008-12-04,0.6679,0.2059,0.1262,41.1216
2008-12-05,0.6765,0.1998,0.1236,40.9224
2008-12-08,0.6351,0.2335,0.1314,41.9678
2008-12-09,0.6323,0.2349,0.1328,42.1122
2008-12-10,0.629,0.2334,0.1376,42.2424
2008-12-11,0.6309,0.237,0.1321,42.276
2008-12-12,0.6315,0.2354,0.1331,42.0632
2008-12-15,0.6298,0.2377,0.1326,42.3242
2008-12-16,0.6337,0.2362,0.1301,42.1151
2008-12-17,0.6353,0.2381,0.1266,41.8646
2008-12-18,0.636,0.2413,0.1227,41.8248
2008-12-19,0.635,0.2415,0.1236,41.4435
2008-12-22,0.6386,0.2327,0.1287,41.2134
2008-12-23,0.6442,0.2171,0.1387,41.4729
2008-12-24,0.6456,0.2135,0.1409,41.3178
2008-12-29,0.6426,0.2073,0.1501,41.8703
2008-12-30,0.6704,0.1822,0.1474,40.2355
2008-12-31,0.6767,0.1786,0.1447,40.1147
2009-01-02,0.6328,0.2014,0.1659,40.9742
2009-01-05,0.6235,0.2041,0.1724,41.2969
2009-01-06,0.621,0.2042,0.1748,41.3929
2009-01-07,0.6384,0.1791,0.1825,41.143
2009-01-08,0.6289,0.1891,0.1819,41.4239
2009-01-09,0.6282,0.1898,0.182,41.4012
2009-01-12,0.6279,0.19,0.1821,41.4305
2009-01-13,0.6376,0.1848,0.1777,40.9449
2009-01-14,0.6177,0.1903,0.192,41.4955
2009-01-15,0.6656,0.1591,0.1753,39.0676
2009-01-16,0.6479,0.1768,0.1752,39.5977
2009-01-19,0.6776,0.1466,0.1758,38.3687
2009-01-20,0.6738,0.1467,0.1795,39.639
2009-01-21,0.6796,0.1465,0.1738,39.2243
2009-01-22,0.6756,0.1485,0.1758,39.1728
2009-01-23,0.6848,0.1452,0.17,38.8699
2009-01-26,0.6928,0.1338,0.1734,38.6661
2009-01-27,0.6951,0.1294,0.1754,38.9161
2009-01-28,0.6909,0.134,0.1751,39.1596
2009-01-29,0.6893,0.1355,0.1752,39.0913
2009-01-30,0.6931,0.13,0.1768,38.651
2009-02-02,0.6952,0.1299,0.1749,38.579
2009-02-03,0.707,0.118,0.175,37.4788
2009-02-04,0.7005,0.1254,0.1741,37.4966
2009-02-05,0.7074,0.1271,0.1655,37.1974
2009-02-06,0.7078,0.121,0.1712,37.1682
2009-02-09,0.7029,0.128,0.1691,37.7788
2009-02-10,0.702,0.1272,0.1708,37.828
2009-02-11,0.7095,0.1251,0.1655,37.5555
2009-02-12,0.708,0.1242,0.1678,37.5001
2009-02-13,0.7172,0.1194,0.1634,37.3368
2009-02-16,0.7113,0.1237,0.165,37.4092
2009-02-17,0.7117,0.1239,0.1644,37.3124
2009-02-18,0.7237,0.1206,0.1557,36.032
2009-02-19,0.7223,0.1212,0.1565,36.2669
2009-02-20,0.7294,0.1198,0.1508,35.7381
2009-02-23,0.7438,0.1116,0.1445,34.5735
2009-02-24,0.747,0.1119,0.1411,34.8419
2009-02-25,0.7528,0.1097,0.1374,34.9206
2009-02-26,0.7524,0.1086,0.139,34.7271
2009-02-27,0.7628,0.1007,0.1365,34.5424
2009-03-02,0.7485,0.113,0.1385,34.7685
2009-03-03,0.7517,0.1099,0.1384,34.5858
2009-03-04,0.7482,0.1032,0.1486,34.3972
2009-03-05,0.7434,0.1044,0.1523,34.7367
2009-03-06,0.7644,0.0954,0.1401,32.8733
2009-03-09,0.7467,0.11,0.1433,31.9688
2009-03-10,0.7459,0.1039,0.1502,32.0731
2009-03-11,0.7212,0.1147,0.1641,34.1905
2009-03-12,0.7234,0.1082,0.1684,34.5171
2009-03-13,0.7259,0.107,0.1671,34.4209
2009-03-16,0.7223,0.1099,0.1678,34.4801
2009-03-17,0.7186,0.1123,0.169,34.8918
2009-03-18,0.716,0.113,0.171,34.8674
2009-03-19,0.7188,0.1115,0.1696,34.4766
2009-03-20,0.7376,0.1026,0.1598,33.543
2009-03-23,0.7439,0.0876,0.1685,31.9319
2009-03-24,0.7506,0.0774,0.172,30.6078
2009-03-25,0.7656,0.0605,0.1739,29.6614
2009-03-26,0.7666,0.0559,0.1775,29.3521
2009-03-27,0.7638,0.043,0.1932,28.9882
2009-03-30,0.7658,0.0424,0.1918,29.7354
2009-03-31,0.7652,0.0418,0.193,29.5724
2009-04-01,0.7698,0.0442,0.186,29.3265
2009-04-02,0.7704,0.0442,0.1854,29.3216
2009-04-03,0.7684,0.0436,0.188,29.3053
2009-04-06,0.7692,0.0446,0.1861,29.1059
2009-04-07,0.7663,0.0481,0.1856,29.1719
2009-04-08,0.7785,0.046,0.1754,27.5572
2009-04-09,0.7815,0.0458,0.1726,27.755
2009-04-14,0.777,0.0498,0.1732,28.1958
2009-04-15,0.7717,0.0551,0.1731,28.3805
2009-04-16,0.7725,0.0536,0.174,28.4143
2009-04-17,0.7714,0.0533,0.1753,28.5975
2009-04-20,0.7757,0.0563,0.168,28.5068
2009-04-21,0.7755,0.0569,0.1676,28.4986
2009-04-22,0.7772,0.0558,0.167,28.6208
2009-04-23,0.7808,0.0564,0.1629,28.5367
2009-04-24,0.7792,0.0614,0.1595,28.6054
2009-04-27,0.7735,0.0685,0.158,29.5379
2009-04-28,0.7673,0.0768,0.1559,30.1182
2009-04-29,0.7786,0.0632,0.1581,29.6104
2009-04-30,0.787,0.0559,0.1571,30.0975
2009-05-05,0.7812,0.0613,0.1574,30.0326
2009-05-06,0.7812,0.0583,0.1604,29.8451
2009-05-07,0.7829,0.0551,0.162,29.8601
2009-05-08,0.7833,0.055,0.1617,29.6
2009-05-11,0.7833,0.0552,0.1614,29.6625
2009-05-12,0.7854,0.0557,0.1589,29.5903
2009-05-13,0.7749,0.0572,0.1679,29.9391
2009-05-14,0.779,0.056,0.165,29.7655
2009-05-15,0.7663,0.0607,0.173,30.1557
2009-05-18,0.7638,0.0618,0.1744,30.235
2009-05-19,0.7629,0.061,0.1761,30.2438
2009-05-20,0.7608,0.0637,0.1755,30.4017
2009-05-21,0.7572,0.0662,0.1766,30.4606
2009-05-22,0.7701,0.0641,0.1659,30.2449
2009-05-25,0.7548,0.0737,0.1714,31.0818
2009-05-26,0.7439,0.0905,0.1657,31.043
2009-05-27,0.7489,0.0856,0.1655,30.7994
2009-05-28,0.7525,0.0831,0.1644,30.9789
2009-05-29,0.7419,0.0925,0.1656,31.7562
2009-06-02,0.7548,0.0887,0.1565,30.8791
2009-06-03,0.7541,0.0898,0.1561,31.7037
2009-06-04,0.7468,0.0968,0.1565,32.4106
2009-06-05,0.741,0.1055,0.1536,32.9651
2009-06-08,0.747,0.0974,0.1556,32.9922
2009-06-09,0.7356,0.1062,0.1582,33.5239
2009-06-10,0.7253,0.1162,0.1585,34.4912
2009-06-11,0.7204,0.1262,0.1534,34.445
2009-06-12,0.7233,0.1279,0.1488,33.6759
2009-06-15,0.7286,0.1031,0.1683,33.4943
2009-06-16,0.7295,0.1084,0.1621,33.1462
2009-06-17,0.7265,0.1077,0.1658,33.1023
2009-06-18,0.7298,0.1074,0.1628,32.7025
2009-06-19,0.7322,0.108,0.1598,32.3778
2009-06-22,0.7347,0.1048,0.1605,32.2999
2009-06-23,0.7345,0.1051,0.1604,32.1239
2009-06-24,0.7337,0.1063,0.16,32.0898
2009-06-25,0.7327,0.1038,0.1635,32.3675
2009-06-26,0.7368,0.1045,0.1587,32.2342
2009-06-29,0.7233,0.1165,0.1603,32.705
2009-06-30,0.7237,0.1118,0.1645,32.6129
2009-07-01,0.714,0.121,0.165,33.4528
2009-07-02,0.7256,0.1149,0.1595,31.6966
2009-07-03,0.7256,0.1113,0.1631,31.6388
2009-07-06,0.7194,0.1087,0.1719,32.0392
2009-07-07,0.7205,0.1086,0.1708,32.1565
2009-07-08,0.7187,0.1098,0.1715,32.3194
2009-07-09,0.7329,0.104,0.1631,32.6402
2009-07-10,0.6981,0.1074,0.1945,33.1204
2009-07-13,0.6967,0.1029,0.2003,32.7159
2009-07-14,0.6962,0.1003,0.2035,32.565
2009-07-15,0.7018,0.0909,0.2073,32.2117
2009-07-16,0.7019,0.0849,0.2132,32.3941
2009-07-17,0.7083,0.0853,0.2064,31.8449
2009-07-20,0.7102,0.0831,0.2067,32.2578
2009-07-21,0.7085,0.0849,0.2065,32.0471
2009-07-22,0.6754,0.1049,0.2197,35.5801
2009-07-23,0.7126,0.0831,0.2043,33.1799
2009-07-24,0.72,0.0802,0.1998,31.9012
2009-07-27,0.7191,0.0812,0.1996,31.8257
2009-07-28,0.7242,0.0797,0.196,31.1249
2009-07-29,0.7339,0.0769,0.1892,30.5827
2009-07-30,0.7134,0.0965,0.1901,31.3476
2009-07-31,0.7064,0.1032,0.1903,32.1516
2009-08-04,0.7281,0.0852,0.1868,31.5034
2009-08-05,0.7291,0.0852,0.1857,31.6864
2009-08-06,0.7292,0.0853,0.1854,32.0871
2009-08-07,0.7286,0.0864,0.185,31.7927
2009-08-10,0.7312,0.0845,0.1843,31.5734
2009-08-11,0.7398,0.0878,0.1724,29.351
2009-08-12,0.7434,0.0866,0.1701,29.1867
2009-08-13,0.7497,0.0841,0.1663,28.7435
2009-08-14,0.7653,0.0801,0.1546,28.2482
2009-08-17,0.7685,0.077,0.1546,28.0619
2009-08-18,0.766,0.077,0.1571,29.2664
2009-08-19,0.7634,0.0793,0.1573,29.0392
2009-08-20,0.7664,0.0852,0.1484,28.3155
2009-08-21,0.7681,0.0844,0.1475,28.0067
2009-08-24,0.7774,0.0834,0.1392,27.5874
2009-08-25,0.7833,0.0822,0.1345,27.4748
2009-08-26,0.791,0.0827,0.1263,27.2593
2009-08-27,0.7655,0.0939,0.1406,28.133
2009-08-28,0.7255,0.1232,0.1513,31.3432
2009-08-31,0.7506,0.1079,0.1415,30.2826
2009-09-01,0.7705,0.091,0.1386,29.359
2009-09-02,0.7695,0.0909,0.1396,28.9329
2009-09-03,0.7818,0.0839,0.1343,28.3016
2009-09-04,0.7863,0.0809,0.1328,27.8514
2009-09-07,0.802,0.0721,0.1259,26.3816
2009-09-08,0.8075,0.0704,0.1221,26.069
2009-09-09,0.809,0.07,0.121,25.8447
2009-09-10,0.8054,0.0712,0.1234,25.9998
2009-09-11,0.8074,0.0717,0.1209,26.4606
2009-09-14,0.7663,0.0887,0.145,28.1756
2009-09-15,0.7377,0.1002,0.1621,29.3299
2009-09-16,0.7376,0.1013,0.1611,28.9728
2009-09-17,0.7227,0.1105,0.1668,29.6688
2009-09-18,0.7003,0.1229,0.1767,30.506
2009-09-21,0.7404,0.1068,0.1528,29.2092
2009-09-22,0.7433,0.1066,0.1501,29.0242
2009-09-23,0.7395,0.1085,0.152,29.4565
2009-09-24,0.7431,0.108,0.1489,29.1046
2009-09-25,0.7572,0.1058,0.137,28.9148
2009-09-28,0.7537,0.1026,0.1438,29.058
2009-09-29,0.7518,0.1034,0.1448,29.2319
2009-09-30,0.7514,0.1029,0.1457,29.2397
2009-10-01,0.76,0.0961,0.1438,28.6575
2009-10-02,0.7549,0.0987,0.1464,29.4673
2009-10-05,0.7548,0.097,0.1482,29.8827
2009-10-06,0.7558,0.0981,0.1462,29.5488
2009-10-07,0.7564,0.0972,0.1464,29.7286
2009-10-08,0.7688,0.0995,0.1317,29.0082
2009-10-09,0.7651,0.1139,0.1211,29.8415
2009-10-12,0.7563,0.1225,0.1212,30.1896
2009-10-13,0.7706,0.111,0.1184,30.5866
2009-10-14,0.7808,0.1031,0.116,29.9766
2009-10-15,0.7825,0.1018,0.1157,29.9224
2009-10-16,0.7836,0.1009,0.1155,29.6253
2009-10-19,0.7848,0.0993,0.1159,29.5115
2009-10-20,0.7825,0.1053,0.1122,29.7149
2009-10-21,0.7781,0.1103,0.1116,30.3539
2009-10-22,0.7745,0.1121,0.1134,30.4111
2009-10-23,0.7906,0.1057,0.1038,29.6668
2009-10-27,0.7992,0.102,0.0988,29.414
2009-10-28,0.8133,0.0963,0.0904,29.1877
2009-10-29,0.8273,0.0922,0.0804,29.0378
2009-10-30,0.8294,0.0946,0.076,28.6763
2009-11-02,0.8299,0.0961,0.0741,29.7388
2009-11-03,0.8312,0.0939,0.0749,30.2406
2009-11-04,0.8296,0.0913,0.0791,30.0883
2009-11-05,0.8157,0.1037,0.0806,30.2167
2009-11-06,0.8134,0.1054,0.0812,30.0516
2009-11-09,0.8243,0.0952,0.0806,29.6477
2009-11-10,0.8276,0.0863,0.0861,29.398
2009-11-11,0.8231,0.0873,0.0896,29.4258
2009-11-12,0.8233,0.0857,0.091,29.5491
2009-11-13,0.826,0.0851,0.0889,29.2693
2009-11-16,0.8228,0.0861,0.0911,29.8911
2009-11-17,0.8103,0.0858,0.1039,30.5846
2009-11-18,0.8131,0.0871,0.0998,30.6522
2009-11-19,0.8139,0.0874,0.0986,30.5341
2009-11-20,0.8158,0.087,0.0971,30.1536
2009-11-23,0.8048,0.093,0.1022,30.5148
2009-11-24,0.8044,0.0931,0.1025,30.4733
2009-11-25,0.7888,0.1019,0.1094,31.0189
2009-11-26,0.8066,0.0881,0.1053,29.7035
2009-11-27,0.8106,0.0819,0.1075,29.7293
2009-11-30,0.8104,0.0838,0.1058,29.6682
2009-12-01,0.809,0.0851,0.1059,29.8521
2009-12-02,0.8161,0.0812,0.1027,28.9794
2009-12-03,0.8166,0.0841,0.0992,28.8192
2009-12-04,0.8125,0.0874,0.1001,28.879
2009-12-07,0.8146,0.0868,0.0985,28.6148
2009-12-08,0.8264,0.0782,0.0953,28.2042
2009-12-09,0.7789,0.1039,0.1172,29.9633
2009-12-10,0.8249,0.0771,0.0979,28.153
2009-12-11,0.8197,0.0805,0.0999,28.2742
2009-12-14,0.8418,0.0711,0.0871,27.1158
2009-12-15,0.8118,0.0874,0.1009,28.3362
2009-12-16,0.8202,0.0852,0.0947,27.6234
2009-12-17,0.8118,0.0882,0.1,28.1165
2009-12-18,0.8233,0.0877,0.089,26.7407
2009-12-21,0.8158,0.0909,0.0933,26.5825
2009-12-22,0.8348,0.0825,0.0827,25.8407
2009-12-23,0.8189,0.0896,0.0915,26.3632
2009-12-24,0.8324,0.083,0.0847,25.8733
2009-12-29,0.8234,0.0881,0.0885,26.9277
2009-12-30,0.8174,0.0899,0.0927,28.4819
2009-12-31,0.8052,0.0979,0.0969,28.4056
2010-01-04,0.8426,0.081,0.0765,27.1138
2010-01-05,0.828,0.1003,0.0717,28.5684
2010-01-06,0.8383,0.0952,0.0665,28.8987
2010-01-07,0.8309,0.1041,0.0649,29.3381
2010-01-08,0.836,0.0996,0.0644,29.7595
2010-01-11,0.6894,0.1777,0.1329,38.2663
2010-01-12,0.6948,0.1828,0.1224,37.0176
2010-01-13,0.7153,0.1679,0.1167,36.2842
2010-01-14,0.7391,0.1498,0.1111,35.4589
2010-01-15,0.7496,0.1437,0.1068,34.5788
2010-01-18,0.7544,0.141,0.1046,34.1768
2010-01-19,0.7581,0.1334,0.1085,34.266
2010-01-20,0.7798,0.1191,0.1012,33.0082
2010-01-21,0.758,0.126,0.116,33.4307
2010-01-22,0.7703,0.1177,0.1119,33.093
2010-01-25,0.7682,0.1177,0.1141,33.0623
2010-01-26,0.7992,0.0977,0.103,31.973
2010-01-27,0.7929,0.1041,0.103,31.9927
2010-01-28,0.8077,0.092,0.1003,31.4092
2010-01-29,0.8143,0.0878,0.0978,30.8938
2010-02-01,0.8218,0.0827,0.0955,30.4617
2010-02-02,0.8253,0.0811,0.0936,30.0468
2010-02-03,0.8291,0.0759,0.095,29.6692
2010-02-04,0.8155,0.0896,0.0949,29.6371
2010-02-05,0.7984,0.0973,0.1043,30.2607
2010-02-08,0.7943,0.1012,0.1045,30.5931
2010-02-09,0.8149,0.0941,0.091,29.7634
2010-02-10,0.8223,0.0959,0.0818,29.4881
2010-02-11,0.8227,0.0984,0.079,29.8327
2010-02-12,0.8162,0.0988,0.085,29.8998
2010-02-15,0.8153,0.0988,0.0859,29.9457
2010-02-16,0.8169,0.0979,0.0852,29.4975
2010-02-17,0.8181,0.0973,0.0846,29.4914
2010-02-18,0.8166,0.097,0.0864,29.6598
2010-02-19,0.8312,0.0882,0.0806,28.8126
2010-02-22,0.8344,0.0835,0.0821,28.6577
2010-02-23,0.8356,0.0795,0.0848,28.99
2010-02-24,0.8322,0.0787,0.0891,28.9217
2010-02-25,0.846,0.0711,0.083,28.1092
2010-02-26,0.8448,0.0718,0.0834,28.0572
2010-03-01,0.8501,0.0691,0.0808,27.5003
2010-03-02,0.8491,0.0696,0.0813,27.2667
2010-03-03,0.8449,0.0766,0.0784,27.495
2010-03-04,0.8225,0.0911,0.0864,28.4042
2010-03-05,0.8329,0.084,0.0831,28.2847
2010-03-08,0.8318,0.0842,0.0839,29.0887
2010-03-09,0.8222,0.0888,0.089,29.9053
2010-03-10,0.8171,0.085,0.0978,30.3771
2010-03-11,0.8106,0.0869,0.1024,30.5478
2010-03-12,0.7836,0.0956,0.1208,33.0343
2010-03-15,0.7926,0.0899,0.1175,33.0685
2010-03-16,0.7868,0.0915,0.1217,32.997
2010-03-17,0.8135,0.0807,0.1057,32.0674
2010-03-18,0.8097,0.0824,0.1079,32.2505
2010-03-19,0.8034,0.0872,0.1095,32.8184
2010-03-22,0.7963,0.0902,0.1135,33.3562
2010-03-23,0.8055,0.0908,0.1037,32.426
2010-03-24,0.7796,0.0959,0.1244,33.1803
2010-03-25,0.7933,0.0925,0.1142,32.5701
2010-03-26,0.7941,0.0921,0.1138,32.5619
2010-03-29,0.8057,0.088,0.1063,32.1012
2010-03-30,0.806,0.0881,0.1059,32.0052
2010-03-31,0.8128,0.0838,0.1034,31.6675
2010-04-01,0.82,0.0803,0.0997,31.3518
2010-04-06,0.8293,0.0759,0.0948,30.8887
2010-04-07,0.8297,0.0757,0.0946,30.7768
2010-04-08,0.8239,0.0778,0.0983,31.1124
2010-04-09,0.8282,0.0762,0.0956,30.8686
2010-04-12,0.8109,0.0826,0.1065,31.623
2010-04-13,0.785,0.0926,0.1224,32.6492
2010-04-14,0.7891,0.0913,0.1196,32.4256
2010-04-15,0.8195,0.0765,0.104,31.4559
2010-04-16,0.8317,0.0675,0.1008,30.5098
2010-04-19,0.8318,0.0661,0.1022,30.3641
2010-04-20,0.8295,0.0674,0.1031,31.0292
2010-04-21,0.8287,0.068,0.1032,31.1393
2010-04-22,0.818,0.0726,0.1093,31.2383
2010-04-23,0.8178,0.0695,0.1127,31.085
2010-04-26,0.8296,0.0619,0.1085,30.1303
2010-04-27,0.8299,0.0608,0.1093,30.5734
2010-04-28,0.8154,0.0668,0.1179,31.116
2010-04-29,0.8097,0.0668,0.1236,31.6497
2010-04-30,0.8002,0.0709,0.1288,32.0498
2010-05-04,0.7835,0.0785,0.138,32.5682
2010-05-05,0.799,0.0695,0.1315,31.7784
2010-05-06,0.7923,0.0743,0.1335,32.0706
2010-05-07,0.786,0.0787,0.1353,32.7487
2010-05-10,0.7444,0.1003,0.1554,35.5415
2010-05-11,0.7381,0.1035,0.1585,36.0042
2010-05-12,0.7131,0.109,0.1779,37.6208
2010-05-13,0.7054,0.1105,0.1841,37.9535
2010-05-14,0.6975,0.1224,0.1802,38.6573
2010-05-17,0.7164,0.1237,0.1598,37.5363
2010-05-18,0.7099,0.126,0.1641,37.8793
2010-05-19,0.7058,0.1225,0.1718,37.8874
2010-05-20,0.6945,0.1251,0.1805,38.9927
2010-05-21,0.6927,0.1147,0.1926,39.427
2010-05-24,0.6889,0.1161,0.195,39.6359
2010-05-25,0.6913,0.1174,0.1914,39.7067
2010-05-26,0.6936,0.118,0.1884,39.6511
2010-05-27,0.7061,0.115,0.1788,39.1629
2010-05-28,0.7018,0.1182,0.1801,39.4047
2010-05-31,0.6995,0.1196,0.1809,39.5698
2010-06-01,0.6989,0.1197,0.1814,39.4916
2010-06-02,0.7053,0.1128,0.1819,39.035
2010-06-03,0.6975,0.1025,0.2,38.8837
2010-06-04,0.7031,0.1001,0.1968,38.464
2010-06-08,0.7,0.1068,0.1933,38.4191
2010-06-09,0.6907,0.1169,0.1924,38.9158
2010-06-10,0.6839,0.1294,0.1867,39.7892
2010-06-11,0.6751,0.1371,0.1878,39.4417
2010-06-14,0.6701,0.1391,0.1909,39.3608
2010-06-15,0.6735,0.1377,0.1888,39.0297
2010-06-16,0.6802,0.12,0.1998,38.4868
2010-06-17,0.6847,0.1079,0.2074,39.0656
2010-06-18,0.6855,0.105,0.2094,39.0802
2010-06-21,0.6842,0.1021,0.2136,39.1769
2010-06-22,0.6872,0.1039,0.2089,39.4315
2010-06-23,0.6978,0.107,0.1952,38.942
2010-06-24,0.6983,0.1054,0.1962,38.7426
2010-06-25,0.6951,0.1054,0.1995,38.8585
2010-06-28,0.7026,0.1027,0.1947,38.5351
2010-06-29,0.6903,0.1101,0.1996,39.7011
2010-06-30,0.6809,0.1108,0.2082,40.1094
2010-07-01,0.6759,0.1137,0.2104,40.3439
2010-07-02,0.6694,0.1161,0.2145,40.6299
2010-07-05,0.6672,0.1167,0.2161,40.7337
2010-07-06,0.6648,0.1159,0.2194,40.2875
2010-07-07,0.6656,0.1124,0.222,40.5438
2010-07-08,0.6644,0.1121,0.2235,40.5755
2010-07-09,0.6601,0.1126,0.2273,40.8249
2010-07-12,0.6623,0.1112,0.2264,40.7057
2010-07-13,0.6633,0.1076,0.2291,40.5668
2010-07-14,0.6365,0.1173,0.2461,42.1941
2010-07-15,0.6652,0.105,0.2297,41.5147
2010-07-16,0.6653,0.1043,0.2304,41.3353
2010-07-19,0.6695,0.103,0.2275,41.0962
2010-07-20,0.6669,0.1024,0.2306,41.0123
2010-07-21,0.6628,0.1083,0.229,41.0213
2010-07-22,0.6587,0.1097,0.2316,41.2075
2010-07-23,0.6591,0.1082,0.2327,41.4364
2010-07-26,0.6539,0.1133,0.2328,41.653
2010-07-27,0.6512,0.1153,0.2334,41.5326
2010-07-28,0.6514,0.113,0.2356,41.5896
2010-07-29,0.6441,0.114,0.2418,42.5918
2010-07-30,0.6411,0.1144,0.2445,42.9199
2010-08-02,0.6342,0.1151,0.2507,42.9488
2010-08-03,0.6316,0.1138,0.2546,42.817
2010-08-04,0.6426,0.1109,0.2465,42.3839
2010-08-05,0.6417,0.1108,0.2475,42.3113
2010-08-06,0.6314,0.1117,0.2569,42.9085
2010-08-09,0.6247,0.1042,0.2711,42.76
2010-08-10,0.6234,0.1046,0.272,42.4913
2010-08-11,0.6226,0.1021,0.2752,42.1268
2010-08-12,0.6231,0.1011,0.2758,42.0158
2010-08-13,0.6239,0.1015,0.2747,41.7585
2010-08-16,0.6246,0.0986,0.2769,41.7551
2010-08-17,0.6242,0.0998,0.2761,41.7901
2010-08-18,0.6155,0.1029,0.2816,42.7582
2010-08-19,0.6156,0.1035,0.2809,42.4672
2010-08-20,0.6158,0.1034,0.2809,42.4613
2010-08-23,0.6115,0.1053,0.2832,42.7115
2010-08-24,0.6186,0.107,0.2745,42.0851
2010-08-25,0.6231,0.1057,0.2712,42.0579
2010-08-26,0.6234,0.1062,0.2704,41.6324
2010-08-27,0.6229,0.1057,0.2714,41.4313
2010-08-30,0.628,0.1055,0.2666,41.2492
2010-08-31,0.6008,0.0982,0.301,41.8623
2010-09-01,0.5947,0.1086,0.2967,42.1766
2010-09-02,0.5942,0.1095,0.2963,42.2202
2010-09-03,0.588,0.1133,0.2987,42.4277
2010-09-06,0.5866,0.1137,0.2997,42.4148
2010-09-07,0.5931,0.119,0.2879,42.6951
2010-09-08,0.5956,0.1169,0.2874,42.4528
2010-09-09,0.5955,0.1173,0.2872,42.6812
2010-09-10,0.5896,0.1155,0.2949,42.9793
2010-09-13,0.5908,0.1156,0.2937,43.2434
2010-09-14,0.5845,0.1142,0.3012,43.5125
2010-09-15,0.5794,0.1183,0.3022,44.0687
2010-09-16,0.5879,0.1191,0.293,43.5874
2010-09-17,0.5984,0.1189,0.2827,43.3741
2010-09-20,0.597,0.1202,0.2828,43.4317
2010-09-21,0.5929,0.1217,0.2854,43.7421
2010-09-22,0.5972,0.1198,0.2829,43.7836
2010-09-23,0.5957,0.1202,0.2841,43.8365
2010-09-24,0.6081,0.1059,0.286,43.1914
2010-09-27,0.61,0.1044,0.2857,43.4016
2010-09-28,0.609,0.1035,0.2875,43.3561
2010-09-29,0.606,0.0966,0.2974,43.5213
2010-09-30,0.6142,0.0934,0.2924,43.4263
2010-10-01,0.6313,0.0939,0.2748,44.1015
2010-10-04,0.6336,0.0941,0.2724,43.7924
2010-10-05,0.6337,0.0944,0.2719,43.3837
2010-10-06,0.6292,0.0975,0.2733,43.483
2010-10-07,0.6204,0.1018,0.2778,44.0227
2010-10-08,0.6297,0.0974,0.2729,43.6267
2010-10-11,0.6159,0.1009,0.2832,43.8201
2010-10-12,0.6055,0.1042,0.2903,44.8149
2010-10-13,0.6058,0.107,0.2872,44.3557
2010-10-14,0.6054,0.1068,0.2878,44.4756
2010-10-15,0.6024,0.1077,0.2899,44.5929
2010-10-18,0.6849,0.0733,0.2418,40.9026
2010-10-19,0.6704,0.0779,0.2516,41.417
2010-10-20,0.6744,0.0754,0.2503,41.154
2010-10-21,0.6746,0.0844,0.2409,41.1092
2010-10-22,0.6754,0.0845,0.2401,41.0161
2010-10-25,0.6686,0.0844,0.247,41.2845
2010-10-26,0.6644,0.0847,0.251,41.4821
2010-10-27,0.6563,0.0769,0.2668,41.5102
2010-10-28,0.5987,0.1231,0.2782,44.2097
2010-10-29,0.5598,0.1553,0.2849,45.8976
2010-11-01,0.5584,0.1537,0.2879,46.2534
2010-11-02,0.5462,0.1587,0.2952,46.6016
2010-11-03,0.5558,0.1548,0.2895,46.4938
2010-11-04,0.534,0.1699,0.2962,46.5038
2010-11-05,0.5319,0.1714,0.2967,46.6737
2010-11-08,0.5305,0.1706,0.2989,46.7265
2010-11-09,0.5312,0.1711,0.2978,46.7039
2010-11-10,0.5189,0.1765,0.3046,47.41
2010-11-11,0.5401,0.1669,0.293,46.5699
2010-11-12,0.5411,0.1652,0.2937,46.3516
2010-11-15,0.5453,0.1644,0.2903,46.2634
2010-11-16,0.5444,0.1661,0.2895,46.5332
2010-11-17,0.5454,0.1652,0.2894,46.4642
2010-11-18,0.542,0.1681,0.2899,46.709
2010-11-19,0.5419,0.168,0.2902,46.5882
2010-11-22,0.5395,0.1665,0.2939,46.7418
2010-11-23,0.5365,0.1641,0.2994,46.811
2010-11-24,0.5361,0.1634,0.3006,46.9696
2010-11-25,0.5364,0.1648,0.2988,46.9468
2010-11-26,0.5359,0.1643,0.2998,47.0233
2010-11-29,0.536,0.1651,0.2989,47.0228
2010-11-30,0.551,0.1666,0.2824,46.3359
2010-12-01,0.5364,0.1702,0.2934,46.6775
2010-12-02,0.533,0.1719,0.2952,46.8583
2010-12-03,0.5328,0.1715,0.2957,46.8639
2010-12-06,0.5369,0.1708,0.2923,46.9254
2010-12-07,0.5344,0.1708,0.2948,47.106
2010-12-08,0.5319,0.1699,0.2983,47.7026
2010-12-09,0.5151,0.174,0.3109,48.6737
2010-12-10,0.5222,0.175,0.3028,48.4652
2010-12-13,0.5241,0.1702,0.3057,48.2675
2010-12-14,0.5057,0.174,0.3203,48.7334
2010-12-15,0.4999,0.1741,0.3261,48.9049
2010-12-16,0.4906,0.1732,0.3362,49.0994
2010-12-17,0.4951,0.167,0.3378,48.2515
2010-12-20,0.4865,0.1709,0.3425,48.592
2010-12-21,0.4944,0.1726,0.333,48.3791
2010-12-22,0.4826,0.182,0.3354,48.8998
2010-12-23,0.4821,0.1815,0.3364,49.061
2010-12-24,0.4796,0.1825,0.3379,49.2391
2010-12-29,0.4779,0.1831,0.339,49.3742
2010-12-30,0.4621,0.2042,0.3337,49.6911
2010-12-31,0.4766,0.2039,0.3194,48.8186
2011-01-04,0.4649,0.2163,0.3188,49.0757
2011-01-05,0.4653,0.2071,0.3276,49.0365
2011-01-06,0.4644,0.2203,0.3153,48.6234
2011-01-07,0.4766,0.2274,0.296,48.7389
2011-01-10,0.4821,0.2374,0.2805,48.5916
2011-01-11,0.4713,0.2277,0.301,48.396
2011-01-12,0.4657,0.2341,0.3002,48.4014
2011-01-13,0.4679,0.2327,0.2994,48.2588
2011-01-14,0.4674,0.2345,0.2981,48.3536
2011-01-17,0.4616,0.2411,0.2973,48.5391
2011-01-18,0.4709,0.2373,0.2918,48.4009
2011-01-19,0.4748,0.2354,0.2898,48.4177
2011-01-20,0.4738,0.2374,0.2888,48.3683
2011-01-21,0.4735,0.2372,0.2893,48.3909
2011-01-24,0.477,0.2356,0.2874,48.3451
2011-01-25,0.4781,0.2357,0.2862,48.1954
2011-01-26,0.48,0.2329,0.2871,47.9155
2011-01-27,0.4676,0.2404,0.2919,48.2159
2011-01-28,0.4784,0.2347,0.2869,47.8772
2011-01-31,0.4789,0.2387,0.2823,48.025
2011-02-01,0.4829,0.2429,0.2741,48.1366
2011-02-02,0.4795,0.2518,0.2687,47.5133
2011-02-03,0.4791,0.2552,0.2657,47.2267
2011-02-04,0.4778,0.2595,0.2627,47.1379
2011-02-07,0.4783,0.2591,0.2625,47.1222
2011-02-08,0.4671,0.2668,0.2662,47.188
2011-02-09,0.4765,0.2621,0.2615,46.9916
2011-02-10,0.4761,0.2626,0.2613,46.7925
2011-02-11,0.4802,0.26,0.2598,46.3129
2011-02-14,0.4867,0.2627,0.2506,45.1494
2011-02-15,0.4869,0.2636,0.2496,44.8873
2011-02-16,0.4739,0.2667,0.2593,44.9092
2011-02-17,0.4837,0.2681,0.2482,44.397
2011-02-18,0.4881,0.2708,0.2411,44.0307
2011-02-21,0.4944,0.2589,0.2467,44.7193
2011-02-22,0.5053,0.2617,0.2329,43.8527
2011-02-23,0.507,0.273,0.2201,44.2604
2011-02-24,0.5059,0.2844,0.2097,43.6328
2011-02-25,0.5068,0.2831,0.2102,43.6119
2011-02-28,0.5119,0.2817,0.2064,43.1705
2011-03-01,0.5194,0.2812,0.1995,42.8541
2011-03-02,0.5199,0.2823,0.1977,42.8211
2011-03-03,0.5224,0.2826,0.195,42.5701
2011-03-04,0.5292,0.2799,0.1909,42.1546
2011-03-07,0.5369,0.2748,0.1883,41.6359
2011-03-08,0.5429,0.2673,0.1897,41.2671
2011-03-09,0.5478,0.2563,0.1959,40.6671
2011-03-10,0.5403,0.2615,0.1982,40.9557
2011-03-11,0.5406,0.2606,0.1989,40.6577
2011-03-14,0.5504,0.2515,0.1981,40.3131
2011-03-15,0.5477,0.2506,0.2017,40.3001
2011-03-16,0.55,0.2478,0.2022,40.304
2011-03-17,0.5455,0.2471,0.2074,40.442
2011-03-18,0.544,0.248,0.208,40.5648
2011-03-21,0.5426,0.2466,0.2108,40.597
2011-03-22,0.5348,0.2573,0.2079,40.9964
2011-03-23,0.5214,0.271,0.2076,41.0744
2011-03-24,0.5212,0.2767,0.2021,40.9714
2011-03-25,0.5163,0.28,0.2037,41.073
2011-03-28,0.5168,0.2808,0.2025,40.8948
2011-03-29,0.5184,0.2722,0.2094,40.9789
2011-03-30,0.5187,0.2717,0.2097,40.8064
2011-03-31,0.5169,0.2779,0.2051,40.8959
2011-04-01,0.5189,0.2673,0.2139,40.528
2011-04-04,0.5265,0.2649,0.2085,39.4624
2011-04-05,0.5252,0.2686,0.2062,38.935
2011-04-06,0.5313,0.2659,0.2028,38.3112
2011-04-07,0.5379,0.2608,0.2014,37.6188
2011-04-08,0.5163,0.2871,0.1966,38.8218
2011-04-11,0.5255,0.2772,0.1973,39.2723
2011-04-12,0.5332,0.2776,0.1892,38.1943
2011-04-13,0.534,0.278,0.188,37.8433
2011-04-14,0.5369,0.2778,0.1853,37.4537
2011-04-15,0.5373,0.2787,0.184,37.3927
2011-04-18,0.5364,0.2756,0.188,37.5748
2011-04-19,0.5291,0.2815,0.1893,37.7263
2011-04-20,0.5328,0.2813,0.1859,37.683
2011-04-21,0.5376,0.2805,0.1819,37.2402
2011-04-26,0.5405,0.2783,0.1813,37.1019
2011-04-27,0.5556,0.2762,0.1682,36.6113
2011-04-28,0.5672,0.2693,0.1635,36.1642
2011-04-29,0.5739,0.265,0.1611,36.0944
2011-05-03,0.5727,0.2662,0.1611,36.1959
2011-05-04,0.5732,0.2667,0.1601,36.0804
2011-05-05,0.5749,0.265,0.1601,36.0107
2011-05-06,0.5754,0.262,0.1626,35.9362
2011-05-09,0.5702,0.2701,0.1597,35.7088
2011-05-10,0.5697,0.2727,0.1576,35.7175
2011-05-11,0.5727,0.267,0.1603,35.5632
2011-05-12,0.5735,0.2663,0.1602,35.4628
2011-05-13,0.5677,0.2703,0.162,35.674
2011-05-16,0.5638,0.2731,0.1632,35.817
2011-05-17,0.5738,0.2669,0.1593,35.3661
2011-05-18,0.5744,0.2677,0.1579,35.1923
2011-05-19,0.5758,0.2678,0.1564,35.1758
2011-05-20,0.5801,0.2694,0.1505,34.2907
2011-05-23,0.5757,0.2679,0.1564,34.2739
2011-05-24,0.577,0.2671,0.1559,34.2246
2011-05-25,0.5736,0.2709,0.1555,34.3409
2011-05-26,0.5788,0.267,0.1543,34.0266
2011-05-27,0.5737,0.2726,0.1536,33.8987
2011-05-30,0.5681,0.2771,0.1548,34.4516
2011-05-31,0.5732,0.2737,0.1531,34.1339
2011-06-01,0.5704,0.2757,0.1539,34.183
2011-06-02,0.5796,0.2714,0.149,34.0294
2011-06-03,0.607,0.2535,0.1395,32.8379
2011-06-07,0.6154,0.2462,0.1384,32.8435
2011-06-08,0.6085,0.2492,0.1423,32.8284
2011-06-09,0.6064,0.2467,0.1468,32.671
2011-06-10,0.6006,0.2704,0.129,32.8337
2011-06-13,0.6257,0.2499,0.1244,31.6986
2011-06-14,0.6296,0.2474,0.123,31.7116
2011-06-15,0.6408,0.2389,0.1203,31.5361
2011-06-16,0.6433,0.237,0.1197,31.4342
2011-06-17,0.6523,0.2294,0.1183,31.1099
2011-06-20,0.648,0.2352,0.1167,31.3099
2011-06-21,0.6444,0.2374,0.1182,31.4925
2011-06-22,0.6401,0.2474,0.1125,31.6745
2011-06-23,0.6435,0.2429,0.1136,31.5541
2011-06-24,0.6447,0.2428,0.1125,31.4573
2011-06-27,0.6462,0.2429,0.1109,31.4466
2011-06-28,0.6411,0.237,0.1218,31.9581
2011-06-29,0.6354,0.2393,0.1253,32.1363
2011-06-30,0.6416,0.2328,0.1255,31.7569
2011-07-01,0.6363,0.2385,0.1252,31.8525
2011-07-04,0.6369,0.2385,0.1246,31.7588
2011-07-05,0.6406,0.234,0.1253,31.6032
2011-07-06,0.6398,0.2381,0.1221,31.1038
2011-07-07,0.6381,0.2406,0.1213,30.3163
2011-07-08,0.6402,0.2326,0.1272,30.439
2011-07-11,0.6308,0.246,0.1232,30.9633
2011-07-12,0.6256,0.2521,0.1224,31.1766
2011-07-13,0.6279,0.2534,0.1187,30.0551
2011-07-14,0.6245,0.2566,0.1189,30.2735
2011-07-15,0.6264,0.2522,0.1214,30.2472
2011-07-18,0.6265,0.2526,0.1209,30.1939
2011-07-19,0.6265,0.252,0.1215,30.3605
2011-07-20,0.6227,0.2565,0.1208,30.5012
2011-07-21,0.6216,0.2576,0.1209,30.6921
2011-07-22,0.6329,0.2606,0.1065,29.0382
2011-07-25,0.6293,0.2582,0.1125,29.5309
2011-07-26,0.6295,0.2611,0.1095,29.7131
2011-07-27,0.6315,0.26,0.1085,29.7282
2011-07-28,0.6303,0.2621,0.1076,29.7016
2011-07-29,0.6352,0.2551,0.1097,29.3761
2011-08-01,0.6237,0.2586,0.1177,30.8073
2011-08-02,0.6151,0.2543,0.1306,31.2702
2011-08-03,0.6094,0.2551,0.1355,31.4935
2011-08-04,0.5862,0.2689,0.1448,33.4047
2011-08-05,0.5813,0.2726,0.1461,33.9432
2011-08-08,0.5586,0.2834,0.158,36.7596
2011-08-09,0.5838,0.2569,0.1592,36.1794
2011-08-10,0.5854,0.2478,0.1668,37.1782
2011-08-11,0.5814,0.2521,0.1665,37.399
2011-08-12,0.5605,0.2703,0.1693,38.7662
2011-08-15,0.5709,0.2622,0.1669,38.3148
2011-08-16,0.5892,0.2459,0.1649,37.4594
2011-08-17,0.5925,0.2409,0.1666,37.5157
2011-08-18,0.5714,0.2531,0.1755,38.6662
2011-08-19,0.5701,0.2529,0.177,38.8534
2011-08-22,0.5668,0.2531,0.1802,38.9806
2011-08-23,0.5638,0.2538,0.1824,39.8138
2011-08-24,0.5579,0.2582,0.1839,40.2742
2011-08-25,0.5734,0.2469,0.1797,39.6355
2011-08-26,0.5742,0.2455,0.1803,39.1709
2011-08-29,0.5665,0.2516,0.1819,39.4557
2011-08-30,0.5675,0.2529,0.1796,39.1726
2011-08-31,0.5563,0.264,0.1796,39.5902
2011-09-01,0.5552,0.2648,0.18,39.5962
2011-09-02,0.5481,0.2707,0.1812,40.2719
2011-09-05,0.5437,0.2738,0.1825,40.0205
2011-09-06,0.5427,0.2713,0.186,40.1907
2011-09-07,0.5396,0.272,0.1884,40.6587
2011-09-08,0.5354,0.2717,0.1929,40.7175
2011-09-09,0.5228,0.2676,0.2095,41.5772
2011-09-12,0.534,0.2642,0.2018,41.1056
2011-09-13,0.5373,0.2633,0.1994,41.236
2011-09-14,0.537,0.2629,0.2001,40.9746
2011-09-15,0.5348,0.2617,0.2035,41.2379
2011-09-16,0.5367,0.2648,0.1985,40.7717
2011-09-19,0.5435,0.2623,0.1942,40.4501
2011-09-20,0.5746,0.2445,0.1808,38.4053
2011-09-21,0.5646,0.2471,0.1883,39.3025
2011-09-22,0.5416,0.2528,0.2056,40.6287
2011-09-23,0.5532,0.2442,0.2027,40.1845
2011-09-26,0.5536,0.2442,0.2023,40.4638
2011-09-27,0.5522,0.2456,0.2022,40.7913
2011-09-28,0.55,0.2462,0.2038,40.6269
2011-09-29,0.5564,0.2484,0.1952,40.2194
2011-09-30,0.552,0.2463,0.2018,40.55
2011-10-03,0.5523,0.2462,0.2016,40.5041
2011-10-04,0.5508,0.2458,0.2034,40.5546
2011-10-05,0.5501,0.2453,0.2046,40.5778
2011-10-06,0.547,0.2448,0.2082,40.693
2011-10-07,0.5661,0.2132,0.2206,40.4129
2011-10-10,0.5622,0.1997,0.238,41.496
2011-10-11,0.5662,0.1842,0.2496,42.0231
2011-10-12,0.5666,0.1994,0.234,41.8667
2011-10-13,0.5649,0.1928,0.2423,42.0238
2011-10-14,0.5588,0.1918,0.2494,41.8329
2011-10-17,0.5502,0.1889,0.261,42.3434
2011-10-18,0.5581,0.2081,0.2338,42.5232
2011-10-19,0.5616,0.2015,0.2369,42.1382
2011-10-20,0.5678,0.1976,0.2346,41.8207
2011-10-21,0.5718,0.1951,0.2331,41.6391
2011-10-24,0.5585,0.2009,0.2406,41.8988
2011-10-25,0.5595,0.1976,0.2428,41.8721
2011-10-26,0.5553,0.1962,0.2486,42.1236
2011-10-27,0.5334,0.2064,0.2602,43.1583
2011-10-28,0.5295,0.2082,0.2623,43.2972
2011-10-31,0.5291,0.208,0.263,43.5398
2011-11-01,0.5198,0.2122,0.2681,44.1212
2011-11-02,0.5198,0.2114,0.2688,44.7217
2011-11-03,0.54,0.1957,0.2643,44.0402
2011-11-04,0.5321,0.2032,0.2647,44.254
2011-11-07,0.5315,0.2014,0.2671,44.1801
2011-11-08,0.5202,0.2032,0.2766,44.3047
2011-11-09,0.5183,0.2026,0.2791,44.5607
2011-11-10,0.5378,0.1888,0.2734,43.9572
2011-11-11,0.5233,0.1986,0.2781,44.2768
2011-11-14,0.5227,0.1991,0.2782,44.2103
2011-11-15,0.5556,0.1783,0.2661,42.4995
2011-11-16,0.5552,0.1742,0.2706,43.482
2011-11-17,0.5494,0.178,0.2726,43.6044
2011-11-18,0.5487,0.1775,0.2738,43.8444
2011-11-21,0.5523,0.1779,0.2697,44.0127
2011-11-22,0.5458,0.1778,0.2764,44.6337
2011-11-23,0.5795,0.1669,0.2536,43.8711
2011-11-24,0.5664,0.1687,0.2649,44.4719
2011-11-25,0.5521,0.1708,0.277,45.1652
2011-11-28,0.4995,0.1989,0.3016,46.6745
2011-11-29,0.4905,0.2057,0.3038,46.9252
2011-11-30,0.4828,0.2122,0.305,47.4949
2011-12-01,0.4774,0.2156,0.307,47.8737
2011-12-02,0.4784,0.2157,0.3059,47.7964
2011-12-05,0.4793,0.2148,0.3059,47.5766
2011-12-06,0.4819,0.2145,0.3036,47.3922
2011-12-07,0.4372,0.2444,0.3183,49.7881
2011-12-08,0.4455,0.2331,0.3214,49.6086
2011-12-09,0.4532,0.2306,0.3162,49.2609
2011-12-12,0.4547,0.2381,0.3072,49.2559
2011-12-13,0.4593,0.2418,0.2989,49.0894
2011-12-14,0.4593,0.2492,0.2916,49.1758
2011-12-15,0.4613,0.2489,0.2898,49.3399
2011-12-16,0.4638,0.2471,0.2891,49.3284
2011-12-19,0.4668,0.2481,0.2852,49.4583
2011-12-20,0.4626,0.2494,0.288,49.5001
2011-12-21,0.4636,0.2495,0.2869,49.4662
2011-12-22,0.4656,0.2481,0.2863,49.4119
2011-12-23,0.4651,0.2485,0.2864,49.5372
2011-12-28,0.4647,0.2495,0.2858,49.3606
2011-12-29,0.4678,0.2457,0.2865,49.84
2011-12-30,0.4684,0.2458,0.2858,50.0193
2012-01-03,0.4758,0.24,0.2842,49.8391
2012-01-04,0.477,0.2397,0.2833,49.8079
2012-01-05,0.4802,0.2357,0.284,49.5832
2012-01-06,0.4743,0.2396,0.2861,49.6116
2012-01-09,0.4709,0.2422,0.2869,49.6598
2012-01-10,0.4826,0.2302,0.2872,48.3833
2012-01-11,0.4657,0.2515,0.2828,49.1673
2012-01-12,0.4635,0.2537,0.2828,49.2663
2012-01-13,0.4736,0.2404,0.286,49.0788
2012-01-16,0.4717,0.2435,0.2849,50.097
2012-01-17,0.4602,0.2635,0.2762,50.6797
2012-01-18,0.5022,0.223,0.2749,49.0595
2012-01-19,0.4986,0.2135,0.2878,48.7688
2012-01-20,0.4801,0.2243,0.2957,48.7266
2012-01-23,0.4749,0.2287,0.2964,48.7977
2012-01-24,0.4719,0.2326,0.2956,48.8639
2012-01-25,0.4762,0.232,0.2918,48.491
2012-01-26,0.4606,0.249,0.2904,48.8459
2012-01-27,0.4558,0.2532,0.291,48.9915
2012-01-30,0.4614,0.2479,0.2908,48.6866
2012-01-31,0.465,0.2466,0.2885,48.5957
2012-02-01,0.4768,0.2274,0.2958,47.8298
2012-02-02,0.467,0.229,0.3041,47.966
2012-02-03,0.465,0.2171,0.3179,48.5702
2012-02-06,0.4655,0.211,0.3235,47.5563
2012-02-07,0.4677,0.2082,0.3241,47.3232
2012-02-08,0.4605,0.2157,0.3239,47.7634
2012-02-09,0.4622,0.214,0.3238,47.6845
2012-02-10,0.4394,0.235,0.3256,48.979
2012-02-13,0.4357,0.2395,0.3249,49.2138
2012-02-14,0.4348,0.2419,0.3233,49.0849
2012-02-15,0.4386,0.2385,0.3229,48.9397
2012-02-16,0.4367,0.24,0.3233,48.7845
2012-02-17,0.4422,0.2378,0.3201,48.8628
2012-02-20,0.446,0.2351,0.3189,48.564
2012-02-21,0.4464,0.2346,0.319,48.5201
2012-02-22,0.444,0.2387,0.3173,48.4397
2012-02-23,0.4437,0.2392,0.317,47.8468
2012-02-24,0.4385,0.2467,0.3148,47.9254
2012-02-27,0.4269,0.2709,0.3022,48.8283
2012-02-28,0.4238,0.2763,0.2999,48.9605
2012-02-29,0.4276,0.2696,0.3029,48.9107
2012-03-01,0.435,0.2606,0.3044,48.624
2012-03-02,0.4334,0.2628,0.3038,48.7934
2012-03-05,0.4567,0.2437,0.2996,47.5165
2012-03-06,0.4578,0.236,0.3063,48.5553
2012-03-07,0.4568,0.2385,0.3047,49.2485
2012-03-08,0.4547,0.2385,0.3068,49.3405
2012-03-09,0.4361,0.2532,0.3107,50.1153
2012-03-12,0.4283,0.2565,0.3152,50.3995
2012-03-13,0.4275,0.2579,0.3145,49.9619
2012-03-14,0.4273,0.261,0.3118,49.742
2012-03-15,0.4216,0.2657,0.3127,49.6864
2012-03-16,0.4265,0.2626,0.3109,49.5012
2012-03-19,0.4269,0.2629,0.3102,49.4353
2012-03-20,0.4224,0.261,0.3166,49.5704
2012-03-21,0.4221,0.2652,0.3127,49.6
2012-03-22,0.4225,0.2698,0.3077,49.589
2012-03-23,0.4183,0.2756,0.3061,49.8224
2012-03-26,0.4173,0.274,0.3087,49.658
2012-03-27,0.4272,0.2689,0.3039,48.9452
2012-03-28,0.4294,0.2669,0.3037,48.9564
2012-03-29,0.4268,0.2683,0.3049,49.1016
2012-03-30,0.4259,0.269,0.3051,49.1071
2012-04-02,0.4215,0.2757,0.3028,48.9944
2012-04-03,0.4219,0.2754,0.3027,48.8477
2012-04-04,0.4226,0.2674,0.31,48.9591
2012-04-05,0.4223,0.2724,0.3053,48.9799
2012-04-10,0.4191,0.2704,0.3105,49.4194
2012-04-11,0.4191,0.2751,0.3058,49.3968
2012-04-12,0.4182,0.2756,0.3062,49.4354
2012-04-13,0.4219,0.2785,0.2996,49.917
2012-04-16,0.4264,0.2823,0.2913,49.7436
2012-04-17,0.4185,0.273,0.3085,49.7791
2012-04-18,0.4184,0.2719,0.3097,49.9338
2012-04-19,0.4222,0.2832,0.2946,49.953
2012-04-20,0.4195,0.2897,0.2908,50.2227
2012-04-23,0.4196,0.2798,0.3007,49.6493
2012-04-24,0.4199,0.2862,0.2939,48.9882
2012-04-25,0.4189,0.2856,0.2955,49.2963
2012-04-26,0.4193,0.2872,0.2935,49.1944
2012-04-27,0.4194,0.2874,0.2933,49.178
2012-04-30,0.4218,0.2911,0.2871,49.3479
2012-05-01,0.4219,0.2956,0.2824,49.6237
2012-05-02,0.4193,0.3033,0.2774,49.8111
2012-05-03,0.4143,0.299,0.2867,50.453
2012-05-04,0.4314,0.2914,0.2772,50.1897
2012-05-08,0.4381,0.3007,0.2612,50.4163
2012-05-09,0.4377,0.2902,0.2721,50.0187
2012-05-10,0.4383,0.2862,0.2756,50.1183
2012-05-11,0.4377,0.2883,0.274,50.0963
2012-05-14,0.4439,0.2802,0.2758,49.7451
2012-05-15,0.4443,0.2792,0.2765,49.5587
2012-05-16,0.454,0.2674,0.2786,48.9925
2012-05-17,0.4654,0.2582,0.2764,48.5148
2012-05-18,0.4702,0.2523,0.2775,48.1493
2012-05-21,0.4754,0.2383,0.2863,47.2612
2012-05-22,0.4794,0.2377,0.283,47.2169
2012-05-23,0.4788,0.2482,0.273,47.609
2012-05-24,0.4741,0.2516,0.2743,47.7664
2012-05-25,0.4729,0.2526,0.2745,47.889
2012-05-28,0.469,0.2519,0.2791,46.7969
2012-05-29,0.487,0.2249,0.2881,46.8132
2012-05-30,0.4851,0.2268,0.2881,46.9386
2012-05-31,0.4896,0.2236,0.2869,46.7027
2012-06-01,0.4841,0.2291,0.2868,47.5224
2012-06-05,0.4682,0.2479,0.2838,48.2278
2012-06-06,0.4618,0.2566,0.2816,48.3962
2012-06-07,0.4656,0.249,0.2854,48.3309
2012-06-08,0.4661,0.2487,0.2851,48.2119
2012-06-11,0.4683,0.2396,0.2921,48.0808
2012-06-12,0.4664,0.2353,0.2983,48.0927
2012-06-13,0.4612,0.1829,0.3559,47.7443
2012-06-14,0.4554,0.1746,0.37,48.5521
2012-06-15,0.4859,0.2098,0.3043,47.3383
2012-06-18,0.4995,0.2125,0.288,45.8014
2012-06-19,0.4999,0.2042,0.2959,45.5559
2012-06-20,0.5027,0.2034,0.2939,44.5934
2012-06-21,0.5037,0.2014,0.2949,44.1318
2012-06-22,0.5203,0.1786,0.3011,42.7507
2012-06-25,0.5178,0.1824,0.2998,42.707
2012-06-26,0.5269,0.1764,0.2966,42.3011
2012-06-27,0.5254,0.1766,0.298,42.6957
2012-06-28,0.5259,0.1749,0.2992,43.0038
2012-06-29,0.5256,0.1766,0.2978,43.015
2012-07-02,0.5277,0.1778,0.2945,42.6421
2012-07-03,0.5389,0.1755,0.2856,42.0251
2012-07-04,0.543,0.1745,0.2825,41.762
2012-07-05,0.545,0.1737,0.2813,41.5265
2012-07-06,0.5501,0.1769,0.273,41.4886
2012-07-09,0.5506,0.1787,0.2707,41.4913
2012-07-10,0.5469,0.1803,0.2727,41.8425
2012-07-11,0.545,0.1839,0.2711,41.7339
2012-07-12,0.5487,0.1817,0.2695,41.4522
2012-07-13,0.5542,0.1788,0.267,40.9121
2012-07-16,0.5598,0.1766,0.2636,40.6218
2012-07-17,0.5679,0.173,0.259,40.164
2012-07-18,0.5704,0.1722,0.2574,40.084
2012-07-19,0.5761,0.1703,0.2536,39.6037
2012-07-20,0.5742,0.1709,0.2549,39.8017
2012-07-23,0.5747,0.1677,0.2576,39.7277
2012-07-24,0.573,0.1653,0.2617,39.7993
2012-07-25,0.5753,0.1642,0.2604,39.5525
2012-07-26,0.5733,0.1636,0.2631,39.9793
2012-07-27,0.5707,0.1643,0.2649,40.3629
2012-07-30,0.5704,0.1679,0.2617,40.5474
2012-07-31,0.5682,0.1703,0.2615,40.6957
2012-08-01,0.5649,0.1707,0.2644,40.9167
2012-08-02,0.5743,0.1659,0.2598,40.6935
2012-08-03,0.5752,0.1672,0.2576,40.5404
2012-08-06,0.5773,0.1678,0.2549,40.418
2012-08-07,0.59,0.1639,0.2461,39.4904
2012-08-08,0.5983,0.1624,0.2393,39.1447
2012-08-09,0.5967,0.163,0.2403,38.8919
2012-08-10,0.6116,0.162,0.2264,39.4498
2012-08-13,0.5876,0.176,0.2363,40.2752
2012-08-14,0.6025,0.1648,0.2327,39.5817
2012-08-15,0.6228,0.1499,0.2273,38.4544
2012-08-16,0.6243,0.15,0.2257,37.9088
2012-08-17,0.622,0.1494,0.2286,38.3204
2012-08-20,0.6271,0.147,0.2259,37.8362
2012-08-21,0.6036,0.1635,0.2329,38.9349
2012-08-22,0.6145,0.1565,0.229,38.5865
2012-08-23,0.6122,0.1582,0.2296,38.7087
2012-08-24,0.6089,0.16,0.2311,38.8527
2012-08-27,0.602,0.166,0.232,38.9174
2012-08-28,0.6034,0.1647,0.2318,39.0058
2012-08-29,0.6012,0.1672,0.2316,39.5323
2012-08-30,0.6008,0.1646,0.2346,39.2551
2012-08-31,0.6035,0.1608,0.2357,39.1332
2012-09-03,0.6021,0.1636,0.2343,39.2928
2012-09-04,0.5999,0.1679,0.2321,39.3824
2012-09-05,0.5979,0.1702,0.2319,39.3912
2012-09-06,0.6109,0.158,0.2311,38.6977
2012-09-07,0.6141,0.1556,0.2302,38.4865
2012-09-10,0.6351,0.1399,0.225,37.0534
2012-09-11,0.6437,0.1337,0.2226,36.3633
2012-09-12,0.6524,0.128,0.2196,35.6767
2012-09-13,0.6559,0.1204,0.2238,35.6273
2012-09-14,0.6624,0.1151,0.2224,34.9801
2012-09-17,0.6725,0.1112,0.2163,34.8477
2012-09-18,0.6683,0.1123,0.2194,34.5956
2012-09-19,0.6725,0.1068,0.2207,34.0226
2012-09-20,0.6698,0.1028,0.2274,34.7171
2012-09-21,0.6576,0.1119,0.2305,35.6611
2012-09-24,0.6572,0.1139,0.2289,35.7051
2012-09-25,0.6662,0.1064,0.2274,34.5256
2012-09-26,0.6677,0.1069,0.2254,34.4241
2012-09-27,0.6679,0.1052,0.2269,34.3637
2012-09-28,0.6719,0.1009,0.2272,33.9289
2012-10-01,0.6757,0.099,0.2252,33.7401
2012-10-02,0.6747,0.1007,0.2246,33.8065
2012-10-03,0.6795,0.1005,0.22,34.1066
2012-10-04,0.6823,0.1002,0.2175,34.1344
2012-10-05,0.6785,0.1005,0.221,34.18
2012-10-08,0.6844,0.0954,0.2202,34.0367
2012-10-09,0.6861,0.0918,0.2221,33.6217
2012-10-10,0.687,0.0899,0.2232,33.4686
2012-10-11,0.6853,0.0892,0.2256,33.7635
2012-10-12,0.682,0.0894,0.2286,34.0587
2012-10-15,0.6779,0.0876,0.2345,34.1967
2012-10-16,0.678,0.0875,0.2346,34.2611
2012-10-17,0.6824,0.0863,0.2313,34.1657
2012-10-18,0.6826,0.0879,0.2295,34.5749
2012-10-19,0.6824,0.0884,0.2292,33.9606
2012-10-22,0.6859,0.0814,0.2327,33.8107
2012-10-23,0.6843,0.0797,0.236,33.73
2012-10-24,0.6806,0.0772,0.2421,33.8166
2012-10-25,0.6831,0.082,0.2348,34.0409
2012-10-26,0.684,0.0801,0.2359,34.2703
2012-10-29,0.681,0.081,0.2381,34.4401
2012-10-30,0.6632,0.0851,0.2516,36.555
2012-10-31,0.6525,0.0918,0.2557,37.1954
2012-11-01,0.66,0.0842,0.2558,36.6965
2012-11-02,0.6602,0.0849,0.2549,36.6692
2012-11-05,0.6606,0.0852,0.2542,36.6741
2012-11-06,0.6609,0.0848,0.2543,36.3897
2012-11-07,0.6608,0.094,0.2452,36.637
2012-11-08,0.6617,0.0937,0.2446,36.4667
2012-11-09,0.6626,0.0935,0.2438,36.0069
2012-11-12,0.6628,0.093,0.2442,35.8396
2012-11-13,0.6625,0.0945,0.243,35.6998
2012-11-14,0.6735,0.097,0.2295,34.9547
2012-11-15,0.6713,0.0967,0.232,35.0674
2012-11-16,0.6896,0.0871,0.2233,34.2363
2012-11-19,0.69,0.0888,0.2212,34.7656
2012-11-20,0.6887,0.0873,0.224,34.5417
2012-11-21,0.6901,0.0887,0.2211,34.5707
2012-11-22,0.6929,0.0899,0.2172,34.7912
2012-11-23,0.6908,0.0878,0.2214,34.8431
2012-11-26,0.6911,0.0855,0.2234,35.7017
2012-11-27,0.6946,0.081,0.2244,35.3478
2012-11-28,0.6974,0.0787,0.2239,34.8479
2012-11-29,0.6942,0.0849,0.2209,35.1234
2012-11-30,0.6944,0.0793,0.2262,35.5776
2012-12-03,0.6946,0.0729,0.2325,35.0521
2012-12-04,0.6969,0.0675,0.2356,35.0843
2012-12-05,0.6882,0.0698,0.242,35.9176
2012-12-06,0.6904,0.0685,0.2411,36.0009
2012-12-07,0.6878,0.0695,0.2426,36.1441
2012-12-10,0.684,0.0713,0.2447,36.6844
2012-12-11,0.6863,0.0703,0.2434,35.811
2012-12-12,0.6851,0.0712,0.2436,36.0331
2012-12-13,0.6703,0.0767,0.253,36.6522
2012-12-14,0.6664,0.0788,0.2548,36.9594
2012-12-17,0.6654,0.0796,0.2551,36.3959
2012-12-18,0.6623,0.0773,0.2604,36.4283
2012-12-19,0.6749,0.0907,0.2344,35.2536
2012-12-20,0.6717,0.0864,0.2418,34.717
2012-12-21,0.6692,0.0865,0.2443,34.3709
2012-12-24,0.6681,0.0841,0.2478,34.4537
2012-12-27,0.6709,0.083,0.2461,34.7324
2012-12-28,0.6535,0.0712,0.2752,34.8037
2012-12-31,0.6509,0.0825,0.2666,34.4126
2013-01-02,0.6477,0.0888,0.2634,34.5373
2013-01-03,0.6449,0.0919,0.2631,34.6311
2013-01-04,0.645,0.0916,0.2635,34.3828
2013-01-07,0.6433,0.0924,0.2643,34.4427
2013-01-08,0.6466,0.092,0.2614,34.4447
2013-01-09,0.6304,0.0984,0.2712,36.4916
2013-01-10,0.626,0.1013,0.2727,36.6191
2013-01-11,0.6238,0.1024,0.2739,36.9238
2013-01-14,0.6239,0.1067,0.2694,37.1169
2013-01-15,0.6201,0.1062,0.2737,37.4115
2013-01-16,0.6216,0.1072,0.2712,37.2216
2013-01-17,0.6222,0.1061,0.2716,37.4492
2013-01-18,0.622,0.1076,0.2705,37.3015
2013-01-21,0.6188,0.1109,0.2703,37.4124
2013-01-22,0.6195,0.1114,0.2691,37.4104
2013-01-23,0.6165,0.1134,0.27,37.7024
2013-01-24,0.6285,0.1051,0.2663,37.2501
2013-01-25,0.6207,0.1067,0.2727,37.4907
2013-01-28,0.6227,0.1061,0.2712,37.5065
2013-01-29,0.6304,0.1091,0.2605,37.2659
2013-01-30,0.6305,0.1072,0.2623,37.5774
2013-01-31,0.6326,0.1164,0.251,37.1431
2013-02-01,0.6346,0.1166,0.2488,37.1097
2013-02-04,0.6387,0.118,0.2432,36.3972
2013-02-05,0.637,0.1173,0.2457,36.3801
2013-02-06,0.6437,0.1152,0.2411,36.1141
2013-02-07,0.6412,0.1152,0.2435,36.0514
2013-02-08,0.6378,0.1167,0.2455,36.1625
2013-02-11,0.639,0.1154,0.2456,35.6404
2013-02-12,0.6423,0.1121,0.2455,35.3526
2013-02-13,0.656,0.1058,0.2382,34.7151
2013-02-14,0.6553,0.1058,0.239,34.7904
2013-02-15,0.6508,0.1073,0.2419,33.6239
2013-02-18,0.6596,0.0994,0.2411,33.0143
2013-02-19,0.6655,0.0934,0.2411,33.7518
2013-02-20,0.6638,0.0998,0.2365,33.8949
2013-02-21,0.661,0.0943,0.2446,33.3213
2013-02-22,0.663,0.0937,0.2433,33.1479
2013-02-25,0.6615,0.0981,0.2405,33.7091
2013-02-26,0.6622,0.094,0.2438,33.5712
2013-02-27,0.6627,0.0928,0.2446,33.3067
2013-02-28,0.6628,0.0929,0.2443,33.5023
2013-03-01,0.6756,0.0904,0.234,33.0658
2013-03-04,0.6656,0.0959,0.2385,35.4527
2013-03-05,0.6594,0.104,0.2366,34.4377
2013-03-06,0.6604,0.0997,0.2399,34.3198
2013-03-07,0.6602,0.0983,0.2414,34.3122
2013-03-08,0.6627,0.0935,0.2438,33.3592
2013-03-11,0.6708,0.0888,0.2403,32.914
2013-03-12,0.6709,0.0908,0.2383,32.3386
2013-03-13,0.6482,0.0965,0.2552,33.0507
2013-03-14,0.6655,0.0868,0.2477,32.1542
2013-03-15,0.6672,0.0836,0.2492,32.5683
2013-03-18,0.6817,0.0777,0.2406,31.9406
2013-03-19,0.6842,0.1029,0.2129,32.2839
2013-03-20,0.6842,0.0958,0.2199,33.399
2013-03-21,0.6844,0.0824,0.2332,32.3816
2013-03-22,0.6834,0.0835,0.2331,32.2586
2013-03-25,0.6826,0.0816,0.2358,32.1965
2013-03-26,0.6826,0.0816,0.2358,32.1482
2013-03-27,0.6854,0.0795,0.2351,31.8514
2013-03-28,0.6746,0.0871,0.2383,32.3775
2013-04-02,0.6837,0.0808,0.2355,31.7961
2013-04-03,0.6767,0.0827,0.2405,32.127
2013-04-04,0.6869,0.077,0.2362,31.6519
2013-04-05,0.6824,0.0751,0.2424,31.952
2013-04-08,0.7083,0.0675,0.2242,30.557
2013-04-09,0.7076,0.0676,0.2248,30.4484
2013-04-10,0.7157,0.0661,0.2182,30.2628
2013-04-11,0.7158,0.0657,0.2185,30.2544
2013-04-12,0.7215,0.0652,0.2133,29.8176
2013-04-15,0.7138,0.0655,0.2206,30.5256
2013-04-16,0.714,0.0668,0.2192,30.45
2013-04-17,0.7229,0.0615,0.2156,30.2356
2013-04-18,0.7219,0.0609,0.2172,30.3304
2013-04-19,0.7298,0.0578,0.2124,30.0621
2013-04-22,0.728,0.059,0.213,30.1218
2013-04-23,0.7121,0.0598,0.2281,30.6505
2013-04-24,0.7119,0.0609,0.2271,30.6369
2013-04-25,0.7105,0.0598,0.2297,30.7108
2013-04-26,0.7055,0.061,0.2335,30.8109
2013-04-29,0.7056,0.0602,0.2343,31.1417
2013-04-30,0.7098,0.0692,0.221,30.7751
2013-05-01,0.717,0.0697,0.2133,30.3689
2013-05-02,0.7209,0.0702,0.2089,29.9268
2013-05-03,0.7317,0.07,0.1984,29.1615
2013-05-07,0.7361,0.0681,0.1959,28.6984
2013-05-08,0.7369,0.067,0.1961,28.7574
2013-05-09,0.737,0.0665,0.1965,28.5308
2013-05-10,0.7418,0.0644,0.1938,28.1316
2013-05-13,0.7342,0.0687,0.1971,28.7594
2013-05-14,0.7353,0.067,0.1978,28.2345
2013-05-15,0.734,0.0683,0.1977,28.168
2013-05-16,0.735,0.0663,0.1988,27.947
2013-05-17,0.7309,0.0642,0.2049,27.7908
2013-05-20,0.7367,0.0683,0.195,27.6018
2013-05-21,0.7296,0.0649,0.2055,26.453
2013-05-22,0.7285,0.0656,0.2059,26.5244
2013-05-23,0.7397,0.0622,0.1981,25.7535
2013-05-24,0.7405,0.0619,0.1976,25.4026
2013-05-27,0.7414,0.0644,0.1942,25.1545
2013-05-28,0.7359,0.0635,0.2006,25.2597
2013-05-29,0.732,0.0593,0.2087,25.0874
2013-05-30,0.7287,0.0606,0.2108,25.2879
2013-05-31,0.7248,0.0627,0.2124,25.484
2013-06-04,0.7258,0.0612,0.2129,25.369
2013-06-05,0.7239,0.0627,0.2134,25.5896
2013-06-06,0.7241,0.0622,0.2137,25.4969
2013-06-07,0.7195,0.0649,0.2156,26.0549
2013-06-10,0.7182,0.0627,0.2191,26.0245
2013-06-11,0.713,0.0665,0.2206,26.788
2013-06-12,0.7126,0.0675,0.2199,26.9844
2013-06-13,0.7122,0.0668,0.221,27.1872
2013-06-14,0.7126,0.0668,0.2206,27.02
2013-06-17,0.7111,0.067,0.222,27.2479
2013-06-18,0.723,0.0614,0.2156,26.462
2013-06-19,0.7217,0.061,0.2173,26.3469
2013-06-20,0.7133,0.0676,0.2191,27.0123
2013-06-21,0.7304,0.062,0.2075,26.3321
2013-06-24,0.6968,0.0767,0.2265,27.482
2013-06-25,0.6848,0.0849,0.2303,27.9706
2013-06-26,0.6751,0.089,0.2359,28.7192
2013-06-27,0.6762,0.0887,0.235,28.4512
2013-06-28,0.6739,0.0904,0.2357,28.7228
2013-07-01,0.6739,0.0905,0.2356,28.6051
2013-07-02,0.6718,0.0943,0.2339,28.8378
2013-07-03,0.676,0.0901,0.234,28.438
2013-07-04,0.6793,0.0815,0.2393,27.9466
2013-07-05,0.67,0.0822,0.2478,29.4908
2013-07-08,0.6649,0.0837,0.2513,29.4383
2013-07-09,0.6586,0.0831,0.2583,29.8344
2013-07-10,0.6568,0.0826,0.2606,29.7498
2013-07-11,0.6601,0.082,0.2579,29.9851
2013-07-12,0.6755,0.0796,0.245,29.7331
2013-07-15,0.6697,0.0763,0.254,29.7965
2013-07-16,0.6708,0.0761,0.2531,29.8578
2013-07-17,0.6715,0.079,0.2495,29.9643
2013-07-18,0.6782,0.0756,0.2462,29.7613
2013-07-19,0.6755,0.0774,0.2471,29.9034
2013-07-22,0.6851,0.073,0.2419,29.569
2013-07-23,0.6821,0.0741,0.2438,29.6988
2013-07-24,0.6971,0.066,0.2369,29.1294
2013-07-25,0.6871,0.0717,0.2412,29.3607
2013-07-26,0.6959,0.0639,0.2401,28.9769
2013-07-29,0.6889,0.0631,0.248,29.2492
2013-07-30,0.6914,0.06,0.2486,29.0006
2013-07-31,0.6782,0.0702,0.2517,29.7047
2013-08-01,0.6794,0.0674,0.2532,30.0559
2013-08-02,0.6823,0.0655,0.2522,30.0505
2013-08-05,0.68,0.0668,0.2531,30.177
2013-08-06,0.6815,0.0662,0.2524,30.1394
2013-08-07,0.6795,0.0668,0.2536,30.2217
2013-08-08,0.677,0.0695,0.2535,30.5022
2013-08-09,0.6824,0.0633,0.2543,29.8377
2013-08-12,0.6836,0.0619,0.2545,30.0937
2013-08-13,0.6798,0.0671,0.2531,30.3434
2013-08-14,0.6785,0.0675,0.254,30.4829
2013-08-15,0.6831,0.0667,0.2502,29.7638
2013-08-16,0.6827,0.0666,0.2507,29.7332
2013-08-19,0.6873,0.0607,0.252,29.0018
2013-08-20,0.6868,0.062,0.2512,29.1028
2013-08-21,0.6885,0.0621,0.2494,28.8419
2013-08-22,0.688,0.0621,0.2499,28.9459
2013-08-23,0.6898,0.0605,0.2498,28.9176
2013-08-26,0.6849,0.059,0.256,29.6841
2013-08-27,0.6707,0.0627,0.2666,30.2535
2013-08-28,0.6703,0.0619,0.2678,30.0477
2013-08-29,0.6727,0.059,0.2683,29.0154
2013-08-30,0.6749,0.0573,0.2678,28.962
2013-09-02,0.6675,0.0601,0.2725,29.5204
2013-09-03,0.6649,0.0623,0.2727,28.9652
2013-09-04,0.6638,0.0605,0.2757,29.1793
2013-09-05,0.659,0.061,0.2801,28.6586
2013-09-06,0.6535,0.0617,0.2847,28.8934
2013-09-09,0.6502,0.0619,0.2879,28.5122
2013-09-10,0.6568,0.0617,0.2815,28.8376
2013-09-11,0.6673,0.06,0.2727,27.62
2013-09-12,0.6756,0.0589,0.2655,27.6166
2013-09-13,0.68,0.0585,0.2615,27.3592
2013-09-16,0.6813,0.055,0.2637,26.5899
2013-09-17,0.6758,0.0607,0.2635,27.2529
2013-09-18,0.6783,0.0589,0.2628,26.8639
2013-09-19,0.6794,0.0579,0.2627,26.4943
2013-09-20,0.6787,0.0589,0.2625,26.622
2013-09-23,0.6734,0.0538,0.2728,26.5873
2013-09-24,0.6824,0.0499,0.2677,26.3611
2013-09-25,0.679,0.0498,0.2712,26.7899
2013-09-26,0.6725,0.0524,0.2751,27.5852
2013-09-27,0.6603,0.0568,0.2829,28.893
2013-09-30,0.6465,0.0549,0.2986,29.0937
2013-10-01,0.6539,0.0554,0.2906,29.127
2013-10-02,0.6481,0.0543,0.2975,29.6211
2013-10-03,0.646,0.0538,0.3003,29.8062
2013-10-04,0.6439,0.0532,0.303,30.2951
2013-10-07,0.6584,0.0639,0.2777,30.4157
2013-10-08,0.6576,0.054,0.2884,30.5816
2013-10-09,0.6592,0.0388,0.3019,29.9819
2013-10-10,0.6601,0.0458,0.2941,30.4147
2013-10-11,0.6602,0.0449,0.295,30.3979
2013-10-14,0.6594,0.0479,0.2927,30.4914
2013-10-15,0.6592,0.0491,0.2917,30.4289
2013-10-16,0.6689,0.0524,0.2788,28.5903
2013-10-17,0.6675,0.0507,0.2818,28.7155
2013-10-18,0.6708,0.0527,0.2765,28.2093
2013-10-21,0.674,0.051,0.275,28.0041
2013-10-22,0.6784,0.0449,0.2767,27.3117
2013-10-23,0.6851,0.0409,0.2739,27.1476
2013-10-24,0.6801,0.0424,0.2775,27.0472
2013-10-25,0.6855,0.0393,0.2753,27.1559
2013-10-28,0.688,0.0371,0.2749,27.1729
2013-10-29,0.6859,0.0369,0.2772,27.5956
2013-10-30,0.6869,0.035,0.2781,27.583
2013-10-31,0.6811,0.041,0.2779,27.6937
2013-11-01,0.6724,0.0428,0.2848,28.5821
2013-11-04,0.6728,0.042,0.2852,28.4959
2013-11-05,0.6794,0.04,0.2806,28.2823
2013-11-06,0.6851,0.0389,0.2761,28.1817
2013-11-07,0.6653,0.0289,0.3058,27.8851
2013-11-08,0.6676,0.0262,0.3062,26.6649
2013-11-11,0.6706,0.0248,0.3046,26.8471
2013-11-12,0.6631,0.024,0.3129,27.07
2013-11-13,0.6582,0.0229,0.3189,27.1188
2013-11-14,0.663,0.0245,0.3126,27.323
2013-11-15,0.6629,0.0243,0.3128,27.6562
2013-11-18,0.6598,0.0226,0.3176,27.2414
2013-11-19,0.658,0.0262,0.3158,27.4804
2013-11-20,0.6562,0.0265,0.3173,27.6216
2013-11-21,0.6417,0.0324,0.326,28.3079
2013-11-22,0.6395,0.034,0.3265,29.1007
2013-11-25,0.635,0.0384,0.3266,29.8094
2013-11-26,0.6278,0.0455,0.3267,29.3685
2013-11-27,0.604,0.0511,0.3449,30.449
2013-11-28,0.6245,0.054,0.3215,30.7999
2013-11-29,0.6291,0.0625,0.3085,31.2648
2013-12-02,0.6256,0.0727,0.3017,31.9003
2013-12-03,0.6309,0.0525,0.3166,30.0997
2013-12-04,0.633,0.0538,0.3132,29.7606
2013-12-05,0.6317,0.0502,0.3182,29.269
2013-12-06,0.6144,0.0557,0.3299,30.5075
2013-12-09,0.6188,0.056,0.3252,30.5415
2013-12-10,0.63,0.0599,0.31,29.923
2013-12-11,0.6287,0.0607,0.3105,30.4456
2013-12-12,0.6273,0.0612,0.3115,30.427
2013-12-13,0.6267,0.0619,0.3113,30.641
2013-12-16,0.6275,0.0614,0.311,30.3534
2013-12-17,0.6324,0.0536,0.314,29.8538
2013-12-18,0.6525,0.0424,0.3051,28.8
2013-12-19,0.6425,0.0489,0.3086,29.5864
2013-12-20,0.6296,0.0508,0.3196,30.1935
2013-12-23,0.6186,0.0545,0.3269,30.579
2013-12-24,0.6202,0.0548,0.325,30.5698
2013-12-27,0.6158,0.0502,0.334,29.4742
2013-12-30,0.6095,0.0527,0.3378,29.892
2013-12-31,0.6096,0.0532,0.3372,29.8103
2014-01-02,0.6137,0.0512,0.3351,29.7538
2014-01-03,0.6137,0.0497,0.3366,29.7486
2014-01-06,0.6147,0.0546,0.3307,29.7255
2014-01-07,0.6132,0.0478,0.3391,29.3757
2014-01-08,0.613,0.0501,0.3369,29.7014
2014-01-09,0.6176,0.0483,0.3341,29.2781
2014-01-10,0.6202,0.0476,0.3322,29.1729
2014-01-13,0.6271,0.0483,0.3246,29.0329
2014-01-14,0.6219,0.0465,0.3315,28.6053
2014-01-15,0.6228,0.0473,0.3299,28.9474
2014-01-16,0.6243,0.0483,0.3274,28.6668
2014-01-17,0.6241,0.0498,0.3261,28.5908
2014-01-20,0.6321,0.0481,0.3198,28.342
2014-01-21,0.6391,0.0477,0.3131,27.5083
2014-01-22,0.6357,0.0557,0.3086,29.51
2014-01-23,0.6376,0.0573,0.3051,28.73
2014-01-24,0.6274,0.0636,0.309,28.7071
2014-01-27,0.6126,0.0739,0.3135,29.4611
2014-01-28,0.61,0.0774,0.3126,29.4768
2014-01-29,0.6329,0.068,0.2992,28.7949
2014-01-30,0.6318,0.0699,0.2983,28.9782
2014-01-31,0.6331,0.0687,0.2981,28.2467
2014-02-03,0.6355,0.0687,0.2958,28.808
2014-02-04,0.6484,0.0573,0.2943,27.8455
2014-02-05,0.641,0.0539,0.3051,27.9298
2014-02-06,0.6326,0.0632,0.3041,28.4651
2014-02-07,0.631,0.0675,0.3015,28.564
2014-02-10,0.6316,0.0645,0.3039,28.3468
2014-02-11,0.6328,0.0656,0.3017,28.5971
2014-02-12,0.6312,0.0672,0.3016,28.7481
2014-02-13,0.6314,0.0663,0.3022,28.7593
2014-02-14,0.6319,0.0663,0.3018,28.6451
2014-02-17,0.6296,0.062,0.3084,28.2107
2014-02-18,0.6185,0.067,0.3145,29.1386
2014-02-19,0.6181,0.0655,0.3164,28.723
2014-02-20,0.6153,0.0672,0.3175,29.441
2014-02-21,0.614,0.0686,0.3174,29.5291
2014-02-24,0.6127,0.0653,0.322,29.6751
2014-02-25,0.6358,0.0631,0.301,28.7825
2014-02-26,0.6478,0.0614,0.2907,28.4344
2014-02-27,0.6499,0.0602,0.2899,28.4034
2014-02-28,0.6595,0.0572,0.2834,28.3576
2014-03-03,0.6576,0.0481,0.2943,29.0562
2014-03-04,0.6557,0.0469,0.2974,30.4766
2014-03-05,0.6661,0.0494,0.2846,30.4122
2014-03-06,0.6614,0.0485,0.2901,30.3866
2014-03-07,0.6501,0.0488,0.3011,30.4863
2014-03-10,0.6573,0.0498,0.2929,30.1888
2014-03-11,0.6625,0.0431,0.2943,29.1582
2014-03-12,0.6618,0.037,0.3011,28.8888
2014-03-13,0.6658,0.0328,0.3014,29.2004
2014-03-14,0.6679,0.0324,0.2996,29.1498
2014-03-17,0.669,0.0311,0.2999,29.0293
2014-03-18,0.6682,0.031,0.3008,29.0622
2014-03-19,0.6648,0.0328,0.3024,29.2035
2014-03-20,0.6655,0.033,0.3016,29.0833
2014-03-21,0.6644,0.0323,0.3033,29.0099
2014-03-24,0.663,0.0347,0.3023,29.1388
2014-03-25,0.6604,0.0355,0.304,29.5695
2014-03-26,0.6712,0.0271,0.3017,28.906
2014-03-27,0.6604,0.0302,0.3094,29.1616
2014-03-28,0.6937,0.0213,0.285,27.8054
2014-03-31,0.702,0.0202,0.2778,27.1725
2014-04-01,0.7056,0.0204,0.2739,26.7989
2014-04-02,0.7067,0.0214,0.2718,27.0011
2014-04-03,0.7065,0.0227,0.2707,26.7894
2014-04-04,0.7085,0.0237,0.2678,26.3227
2014-04-07,0.7146,0.024,0.2614,26.7582
2014-04-08,0.7151,0.0233,0.2616,26.8557
2014-04-09,0.7097,0.0301,0.2602,27.6887
2014-04-10,0.7126,0.0315,0.2559,26.7302
2014-04-11,0.7118,0.0324,0.2558,27.0037
2014-04-14,0.7152,0.0328,0.2521,26.4371
2014-04-15,0.7197,0.0326,0.2477,26.6648
2014-04-16,0.7036,0.0362,0.2602,27.303
2014-04-17,0.6694,0.0386,0.292,28.1855
2014-04-22,0.6537,0.0396,0.3067,28.5993
2014-04-23,0.6632,0.0375,0.2992,28.437
2014-04-24,0.6628,0.0378,0.2994,28.5058
2014-04-25,0.6598,0.0455,0.2947,28.7632
2014-04-28,0.6566,0.0459,0.2974,28.8392
2014-04-29,0.6577,0.0475,0.2948,29.0561
2014-04-30,0.6646,0.046,0.2894,29.0044
2014-05-01,0.6508,0.0519,0.2973,29.5362
2014-05-02,0.6628,0.0486,0.2886,29.7626
2014-05-06,0.6587,0.0534,0.2879,29.912
2014-05-07,0.656,0.0563,0.2876,30.2667
2014-05-08,0.6552,0.0583,0.2865,30.4806
2014-05-09,0.671,0.0459,0.2831,29.7692
2014-05-12,0.6707,0.0463,0.2831,29.5606
2014-05-13,0.6721,0.0459,0.282,29.2687
2014-05-14,0.6742,0.045,0.2808,29.1824
2014-05-15,0.69,0.0425,0.2675,29.102
2014-05-16,0.6922,0.0424,0.2654,28.926
2014-05-19,0.7164,0.035,0.2486,27.0868
2014-05-20,0.7305,0.0334,0.2362,26.5636
2014-05-21,0.7445,0.0319,0.2237,25.7537
2014-05-22,0.7309,0.0339,0.2352,24.8429
2014-05-23,0.7528,0.0299,0.2173,23.8945
2014-05-26,0.7308,0.0347,0.2345,24.723
2014-05-27,0.7378,0.0344,0.2278,24.4966
2014-05-28,0.7374,0.0345,0.2281,24.5768
2014-05-29,0.7339,0.0344,0.2317,24.7044
2014-05-30,0.7324,0.0344,0.2331,24.9735
2014-06-03,0.7248,0.0359,0.2392,25.9847
2014-06-04,0.7363,0.0335,0.2302,26.4504
2014-06-05,0.7209,0.0351,0.244,26.6276
2014-06-06,0.7602,0.0228,0.217,25.1064
2014-06-09,0.7605,0.0227,0.2168,25.0708
2014-06-10,0.7658,0.0213,0.2129,24.8552
2014-06-11,0.7696,0.0207,0.2097,24.7621
2014-06-12,0.7736,0.0205,0.2059,24.4847
2014-06-13,0.779,0.0172,0.2038,25.4556
2014-06-16,0.7829,0.0199,0.1971,24.5091
2014-06-17,0.7844,0.0189,0.1968,24.7429
2014-06-18,0.788,0.0194,0.1926,24.1176
2014-06-19,0.7996,0.0176,0.1828,23.9472
2014-06-20,0.8006,0.0168,0.1826,23.6182
2014-06-23,0.8028,0.0155,0.1817,23.6289
2014-06-24,0.7972,0.0161,0.1866,23.854
2014-06-25,0.8005,0.0157,0.1838,23.6438
2014-06-26,0.8097,0.017,0.1733,23.5587
2014-06-27,0.8059,0.0173,0.1768,23.6976
2014-06-30,0.803,0.0185,0.1786,24.0473
2014-07-01,0.8018,0.0187,0.1796,23.787
2014-07-02,0.8009,0.019,0.1801,24.1116
2014-07-03,0.7991,0.0249,0.1759,23.9158
2014-07-04,0.7991,0.0247,0.1761,24.0029
2014-07-07,0.7991,0.0248,0.1761,23.4705
2014-07-08,0.7995,0.0248,0.1758,23.5525
2014-07-09,0.8099,0.0218,0.1683,22.3667
2014-07-10,0.8115,0.021,0.1676,22.4276
2014-07-11,0.818,0.0183,0.1638,22.7082
2014-07-14,0.8151,0.0188,0.1661,22.918
2014-07-15,0.8156,0.0251,0.1593,23.0286
2014-07-16,0.8009,0.0253,0.1738,23.1791
2014-07-17,0.796,0.0269,0.1771,23.6862
2014-07-18,0.7945,0.0278,0.1777,24.0138
2014-07-21,0.803,0.0252,0.1718,23.8226
2014-07-22,0.8036,0.0222,0.1741,23.5083
2014-07-23,0.8076,0.022,0.1704,23.3991
2014-07-24,0.8094,0.0226,0.168,23.4811
2014-07-25,0.8124,0.0251,0.1625,22.895
2014-07-28,0.8145,0.0262,0.1593,22.5789
2014-07-29,0.826,0.0285,0.1456,22.5605
2014-07-30,0.8224,0.0286,0.1489,22.6702
2014-07-31,0.7947,0.042,0.1633,23.571
2014-08-01,0.809,0.0361,0.1549,23.1978
2014-08-04,0.8154,0.033,0.1516,22.597
2014-08-05,0.8228,0.0308,0.1464,22.3721
2014-08-06,0.8236,0.0288,0.1476,22.1871
2014-08-07,0.8303,0.0341,0.1356,22.1113
2014-08-08,0.8311,0.0347,0.1342,21.4155
2014-08-11,0.8252,0.0339,0.1409,21.3544
2014-08-12,0.8165,0.0335,0.15,21.5643
2014-08-13,0.8297,0.0336,0.1367,20.7142
2014-08-14,0.8318,0.0334,0.1348,20.5678
2014-08-15,0.8321,0.0345,0.1334,19.9175
2014-08-18,0.8368,0.0349,0.1283,19.6915
2014-08-19,0.8385,0.0415,0.12,20.3857
2014-08-20,0.8357,0.0459,0.1184,21.1675
2014-08-21,0.8372,0.0448,0.1181,21.3998
2014-08-22,0.8369,0.0466,0.1165,21.6987
2014-08-25,0.8373,0.0498,0.1129,22.1101
2014-08-26,0.8364,0.0483,0.1153,21.6622
2014-08-27,0.8359,0.0495,0.1146,21.0853
2014-08-28,0.8341,0.0524,0.1135,21.1077
2014-08-29,0.8342,0.0526,0.1133,21.0128
2014-09-01,0.8366,0.0512,0.1122,21.1923
2014-09-02,0.8294,0.054,0.1166,22.048
2014-09-03,0.8336,0.0541,0.1123,21.4631
2014-09-04,0.8353,0.0519,0.1128,21.1235
2014-09-05,0.8236,0.0564,0.12,21.3713
2014-09-08,0.8168,0.0578,0.1255,21.6567
2014-09-09,0.8164,0.0584,0.1253,21.2415
2014-09-10,0.8169,0.0527,0.1304,20.9785
2014-09-11,0.8148,0.0416,0.1436,20.5019
2014-09-12,0.8212,0.0518,0.127,20.9961
2014-09-15,0.8212,0.051,0.1278,21.692
2014-09-16,0.8207,0.0507,0.1286,21.5544
2014-09-17,0.8217,0.0506,0.1277,21.421
2014-09-18,0.815,0.0492,0.1358,21.6398
2014-09-19,0.8112,0.0583,0.1305,21.7618
2014-09-22,0.8117,0.0592,0.1291,22.0176
2014-09-23,0.8143,0.056,0.1298,21.88
2014-09-24,0.8143,0.0572,0.1285,21.7939
2014-09-25,0.8271,0.0474,0.1255,21.2956
2014-09-26,0.8408,0.0379,0.1214,20.6454
2014-09-29,0.8394,0.0386,0.1219,20.587
2014-09-30,0.8391,0.0396,0.1213,20.5238
2014-10-01,0.8415,0.0383,0.1202,20.2274
2014-10-02,0.8456,0.0384,0.1161,20.0196
2014-10-03,0.8454,0.0395,0.1151,20.4308
2014-10-06,0.8382,0.0465,0.1153,21.2552
2014-10-07,0.8347,0.0517,0.1136,22.009
2014-10-08,0.8385,0.0522,0.1093,22.2126
2014-10-09,0.8374,0.0547,0.1079,22.2183
2014-10-10,0.8343,0.0606,0.1051,22.8256
2014-10-13,0.8302,0.0661,0.1037,23.4471
2014-10-14,0.8365,0.0596,0.1039,23.1938
2014-10-15,0.8259,0.0687,0.1055,24.2923
2014-10-16,0.8184,0.0731,0.1084,24.4944
2014-10-17,0.8151,0.0759,0.109,25.2404
2014-10-20,0.8106,0.0786,0.1108,24.8756
2014-10-21,0.81,0.087,0.1031,26.6997
2014-10-22,0.8059,0.0887,0.1053,26.7519
2014-10-23,0.7989,0.0947,0.1064,27.6332
2014-10-24,0.8031,0.0897,0.1072,27.1916
2014-10-27,0.7846,0.1041,0.1113,27.3968
2014-10-28,0.7991,0.0872,0.1137,26.387
2014-10-29,0.811,0.0798,0.1091,23.8572
2014-10-30,0.8029,0.0817,0.1154,25.0394
2014-10-31,0.7999,0.079,0.1211,24.8125
2014-11-03,0.8002,0.0789,0.121,24.6345
2014-11-04,0.8012,0.0769,0.1219,24.6471
2014-11-05,0.8011,0.0768,0.1221,24.8876
2014-11-06,0.8029,0.0741,0.123,24.7443
2014-11-07,0.7983,0.0798,0.1219,25.0221
2014-11-10,0.7945,0.0866,0.1189,25.1747
2014-11-11,0.7733,0.1134,0.1132,26.1094
2014-11-12,0.7724,0.1171,0.1105,25.8755
2014-11-13,0.7938,0.0982,0.108,24.0877
2014-11-14,0.7761,0.1201,0.1038,24.9275
2014-11-17,0.768,0.1301,0.102,23.7713
2014-11-18,0.7966,0.0912,0.1122,23.4539
2014-11-19,0.8005,0.0871,0.1124,23.5981
2014-11-20,0.7982,0.0906,0.1112,23.5859
2014-11-21,0.7995,0.0783,0.1222,22.8077
2014-11-24,0.8006,0.0776,0.1218,22.5984
2014-11-25,0.8014,0.0761,0.1225,21.7188
2014-11-26,0.8162,0.0816,0.1022,21.3998
2014-11-27,0.8236,0.0742,0.1022,21.3089
2014-11-28,0.816,0.0816,0.1024,21.7789
2014-12-01,0.8155,0.0816,0.1029,21.8279
2014-12-02,0.8104,0.0749,0.1147,22.2322
2014-12-03,0.8158,0.0745,0.1097,21.8218
2014-12-04,0.8211,0.0735,0.1054,21.6231
2014-12-05,0.8119,0.0724,0.1156,21.8471
2014-12-08,0.8114,0.0773,0.1113,21.5794
2014-12-09,0.8094,0.0714,0.1192,20.2358
2014-12-10,0.8109,0.0697,0.1194,21.0242
2014-12-11,0.8173,0.0686,0.1141,21.0515
2014-12-12,0.818,0.071,0.111,21.8087
2014-12-15,0.8021,0.0776,0.1203,22.839
2014-12-16,0.8018,0.0791,0.119,23.4812
2014-12-17,0.7827,0.0966,0.1207,24.8294
2014-12-18,0.759,0.1163,0.1247,25.6243
2014-12-19,0.7607,0.115,0.1243,25.1986
2014-12-22,0.7725,0.1054,0.122,24.3814
2014-12-23,0.771,0.1094,0.1196,24.3337
2014-12-24,0.7708,0.11,0.1192,24.3075
2014-12-29,0.7287,0.1248,0.1465,28.4703
2014-12-30,0.7351,0.1245,0.1403,28.0245
2014-12-31,0.7392,0.1199,0.141,27.2287
2015-01-02,0.7484,0.1197,0.1319,26.2737
2015-01-05,0.7212,0.134,0.1448,26.8099
2015-01-06,0.704,0.1434,0.1525,27.4264
2015-01-07,0.7098,0.14,0.1502,27.2481
2015-01-08,0.7128,0.1372,0.15,27.1824
2015-01-09,0.7136,0.1361,0.1503,27.2574
2015-01-12,0.7231,0.1308,0.1461,26.8498
2015-01-13,0.7158,0.1357,0.1485,27.1011
2015-01-14,0.7063,0.1334,0.1604,28.285
2015-01-15,0.7038,0.1295,0.1668,27.5533
2015-01-16,0.7015,0.1319,0.1667,27.7534
2015-01-19,0.7035,0.1305,0.166,27.8744
2015-01-20,0.7063,0.1271,0.1666,27.965
2015-01-21,0.7069,0.1263,0.1668,27.7777
2015-01-22,0.7036,0.1299,0.1665,28.2612
2015-01-23,0.693,0.1423,0.1648,28.5653
2015-01-26,0.7004,0.1347,0.1649,28.3175
2015-01-27,0.6993,0.1355,0.1652,28.5403
2015-01-28,0.6998,0.1353,0.1649,28.6603
2015-01-29,0.7019,0.1338,0.1643,28.6401
2015-01-30,0.7216,0.1131,0.1653,27.7592
2015-02-02,0.7251,0.1088,0.1661,27.5036
2015-02-03,0.7128,0.1342,0.153,27.1925
2015-02-04,0.7154,0.1289,0.1557,26.9487
2015-02-05,0.7161,0.1224,0.1615,26.5044
2015-02-06,0.7161,0.1194,0.1645,26.6046
2015-02-09,0.719,0.1166,0.1644,26.3767
2015-02-10,0.725,0.1114,0.1636,26.4108
2015-02-11,0.7207,0.1116,0.1677,26.4604
2015-02-12,0.7149,0.112,0.1731,26.5994
2015-02-13,0.7158,0.1114,0.1728,26.5868
2015-02-16,0.7163,0.1106,0.1732,26.5175
2015-02-17,0.7142,0.1101,0.1757,26.9897
2015-02-18,0.7187,0.109,0.1723,26.7564
2015-02-19,0.712,0.1103,0.1777,27.6519
2015-02-20,0.7122,0.1096,0.1783,27.3895
2015-02-23,0.7097,0.1058,0.1845,28.2736
2015-02-24,0.7076,0.1031,0.1892,28.5868
2015-02-25,0.6949,0.1077,0.1975,28.8456
2015-02-26,0.7014,0.107,0.1916,29.1408
2015-02-27,0.7016,0.0977,0.2007,28.5002
2015-03-02,0.6919,0.1035,0.2046,29.0677
2015-03-03,0.6937,0.1015,0.2048,29.0244
2015-03-04,0.6916,0.1004,0.208,28.9388
2015-03-05,0.6907,0.0997,0.2097,28.8842
2015-03-06,0.6928,0.0968,0.2104,28.5744
2015-03-09,0.7043,0.0972,0.1985,27.0906
2015-03-10,0.6898,0.0949,0.2153,26.541
2015-03-11,0.7048,0.0997,0.1955,27.273
2015-03-12,0.6847,0.1068,0.2085,28.1207
2015-03-13,0.685,0.1087,0.2063,28.075
2015-03-16,0.6846,0.1115,0.204,28.5357
2015-03-17,0.6823,0.1119,0.2058,28.3572
2015-03-18,0.6839,0.1136,0.2025,28.2874
2015-03-19,0.6824,0.1127,0.2049,28.2541
2015-03-20,0.6816,0.1137,0.2046,28.4053
2015-03-23,0.6827,0.1135,0.2038,28.2296
2015-03-24,0.6738,0.1121,0.2141,29.7069
2015-03-25,0.6646,0.1117,0.2236,29.5539
2015-03-26,0.665,0.1141,0.2209,29.652
2015-03-27,0.6599,0.1128,0.2273,29.7231
2015-03-30,0.6552,0.1162,0.2286,30.2572
2015-03-31,0.6533,0.1189,0.2278,30.2673
2015-04-01,0.6599,0.1165,0.2235,29.9106
2015-04-02,0.6633,0.1142,0.2225,29.702
2015-04-07,0.6688,0.1149,0.2163,29.204
2015-04-08,0.664,0.1165,0.2195,29.4102
2015-04-09,0.6703,0.114,0.2157,28.5963
2015-04-10,0.6625,0.116,0.2215,28.8964
2015-04-13,0.6656,0.1133,0.2211,28.9422
2015-04-14,0.6638,0.12,0.2162,28.8091
2015-04-15,0.6631,0.1196,0.2173,28.9636
2015-04-16,0.67,0.1266,0.2034,27.9948
2015-04-17,0.66,0.1237,0.2163,28.3973
2015-04-20,0.6604,0.1238,0.2158,28.3702
2015-04-21,0.6611,0.1244,0.2144,28.3807
2015-04-22,0.6696,0.1149,0.2156,27.9547
2015-04-23,0.6705,0.1199,0.2096,28.1526
2015-04-24,0.6711,0.1235,0.2054,28.5093
2015-04-27,0.6732,0.1194,0.2075,28.4154
2015-04-28,0.6716,0.1202,0.2081,28.0706
2015-04-29,0.6768,0.0915,0.2316,27.6004
2015-04-30,0.6761,0.0911,0.2328,28.3866
2015-05-01,0.6764,0.0918,0.2318,28.4759
2015-05-05,0.6744,0.0897,0.2359,28.6823
2015-05-06,0.6732,0.0855,0.2413,28.4142
2015-05-07,0.681,0.0789,0.2401,27.989
2015-05-08,0.6694,0.0823,0.2483,28.2486
2015-05-11,0.6763,0.0776,0.2461,28.3913
2015-05-12,0.6724,0.0783,0.2494,28.4693
2015-05-13,0.6693,0.0802,0.2505,28.4608
2015-05-14,0.6664,0.0819,0.2517,28.8691
2015-05-15,0.6644,0.0862,0.2494,28.7544
2015-05-18,0.653,0.0919,0.2551,28.3758
2015-05-19,0.6445,0.099,0.2565,28.6713
2015-05-20,0.6485,0.0887,0.2628,28.7469
2015-05-21,0.64,0.0973,0.2627,28.2977
2015-05-22,0.635,0.1009,0.2641,28.8863
2015-05-25,0.6336,0.1015,0.2648,28.7982
2015-05-26,0.6233,0.1135,0.2632,28.4062
2015-05-27,0.6106,0.1145,0.2749,28.5127
2015-05-28,0.6092,0.1148,0.276,28.5859
2015-05-29,0.6086,0.1161,0.2754,28.4829
2015-06-02,0.6065,0.1167,0.2768,28.5715
2015-06-03,0.6063,0.1168,0.277,28.3538
2015-06-04,0.6046,0.1176,0.2777,28.4173
2015-06-05,0.6069,0.1141,0.279,28.035
2015-06-08,0.607,0.1138,0.2792,28.1867
2015-06-09,0.6113,0.1086,0.2801,27.9655
2015-06-10,0.6063,0.1069,0.2869,27.9652
2015-06-11,0.6069,0.101,0.2922,27.0526
2015-06-12,0.6165,0.0953,0.2882,26.4243
2015-06-15,0.6145,0.0967,0.2889,26.6755
2015-06-16,0.6089,0.1017,0.2894,26.8013
2015-06-17,0.6061,0.1059,0.288,27.0901
2015-06-18,0.6126,0.1032,0.2842,26.4963
2015-06-19,0.6099,0.1055,0.2846,26.6724
2015-06-22,0.6135,0.103,0.2835,26.2696
2015-06-23,0.6324,0.103,0.2645,25.6563
2015-06-24,0.6324,0.1031,0.2645,25.7191
2015-06-25,0.6473,0.1066,0.2461,25.1064
2015-06-26,0.6453,0.1105,0.2442,25.9331
2015-06-29,0.6473,0.1126,0.2401,25.886
2015-06-30,0.6393,0.1124,0.2483,26.1265
2015-07-01,0.6405,0.1124,0.2471,25.9908
2015-07-02,0.6398,0.1124,0.2478,26.4126
2015-07-03,0.6381,0.1132,0.2487,26.406
2015-07-06,0.6352,0.1185,0.2464,26.447
2015-07-07,0.6323,0.1192,0.2484,26.7123
2015-07-08,0.618,0.1294,0.2526,27.2695
2015-07-09,0.6078,0.1357,0.2566,27.5955
2015-07-10,0.5994,0.1422,0.2584,28.2867
2015-07-13,0.5967,0.1447,0.2586,29.0494
2015-07-14,0.5942,0.1421,0.2636,28.8923
2015-07-15,0.5922,0.1409,0.2669,28.3998
2015-07-16,0.5925,0.1412,0.2663,28.4862
2015-07-17,0.5932,0.1392,0.2676,28.4834
2015-07-20,0.5851,0.141,0.2739,29.0924
2015-07-21,0.583,0.142,0.275,29.2062
2015-07-22,0.5866,0.1351,0.2782,28.7442
2015-07-23,0.5841,0.1348,0.2811,29.2431
2015-07-24,0.5827,0.1373,0.28,28.9023
2015-07-27,0.5877,0.1319,0.2804,28.6995
2015-07-28,0.5876,0.1324,0.2801,28.9183
2015-07-29,0.595,0.1311,0.274,28.3262
2015-07-30,0.5958,0.1333,0.2709,28.4943
2015-07-31,0.601,0.1369,0.2621,27.6766
2015-08-03,0.6041,0.1364,0.2595,27.3519
2015-08-04,0.6105,0.1333,0.2562,27.3892
2015-08-05,0.6176,0.1295,0.2529,26.6093
2015-08-06,0.6251,0.1178,0.257,26.3395
2015-08-07,0.6119,0.1248,0.2633,27.0865
2015-08-10,0.5991,0.1322,0.2688,27.4419
2015-08-11,0.5971,0.1357,0.2672,27.3941
2015-08-12,0.5917,0.1372,0.2711,27.5002
2015-08-13,0.5863,0.1385,0.2752,27.6189
2015-08-14,0.587,0.1371,0.2759,27.7173
2015-08-17,0.5853,0.1364,0.2783,27.3475
2015-08-18,0.5867,0.1335,0.2798,27.291
2015-08-19,0.5904,0.1302,0.2794,27.0646
2015-08-20,0.5865,0.1343,0.2792,27.6324
2015-08-21,0.5702,0.1477,0.282,28.8657
2015-08-24,0.5421,0.1723,0.2856,31.5792
2015-08-25,0.5366,0.1742,0.2892,32.3253
2015-08-26,0.5381,0.1662,0.2957,32.9133
2015-08-27,0.5321,0.1656,0.3023,34.3782
2015-08-28,0.512,0.1932,0.2949,35.0605
2015-08-31,0.5179,0.185,0.2971,34.5641
2015-09-01,0.5147,0.1892,0.2961,35.0632
2015-09-02,0.51,0.1938,0.2962,35.2981
2015-09-03,0.5126,0.1877,0.2998,35.3523
2015-09-04,0.5093,0.1899,0.3009,35.9969
2015-09-07,0.5085,0.1899,0.3016,36.2752
2015-09-08,0.511,0.1908,0.2982,36.3655
2015-09-09,0.5197,0.1795,0.3008,35.6858
2015-09-10,0.5056,0.183,0.3114,36.2414
2015-09-11,0.5166,0.179,0.3044,36.2186
2015-09-14,0.5113,0.182,0.3068,36.8806
2015-09-15,0.5119,0.1802,0.3079,36.6697
2015-09-16,0.5056,0.1765,0.3179,36.5388
2015-09-17,0.5044,0.1712,0.3244,36.6657
2015-09-18,0.4998,0.1959,0.3044,36.8118
2015-09-21,0.5195,0.1918,0.2887,35.3845
2015-09-22,0.4976,0.2012,0.3011,36.0662
2015-09-23,0.4967,0.201,0.3023,35.922
2015-09-24,0.4901,0.2,0.3099,36.0291
2015-09-25,0.4898,0.198,0.3123,35.4828
2015-09-28,0.489,0.1917,0.3193,36.6081
2015-09-29,0.4976,0.1891,0.3133,35.6525
2015-09-30,0.4962,0.1899,0.3139,36.1434
2015-10-01,0.493,0.1921,0.3149,36.3717
2015-10-02,0.4924,0.1925,0.3151,36.4514
2015-10-05,0.4908,0.1942,0.3151,36.5378
2015-10-06,0.5184,0.1801,0.3015,32.5749
2015-10-07,0.5057,0.1897,0.3046,33.4149
2015-10-08,0.5029,0.1946,0.3025,34.0628
2015-10-09,0.4998,0.1926,0.3077,34.1204
2015-10-12,0.4992,0.1868,0.314,35.1944
2015-10-13,0.5024,0.1871,0.3106,35.1745
2015-10-14,0.5,0.1915,0.3084,34.8464
2015-10-15,0.4978,0.1894,0.3127,34.8229
2015-10-16,0.4912,0.1968,0.312,34.7232
2015-10-19,0.4773,0.2044,0.3183,35.0204
2015-10-20,0.4839,0.1944,0.3217,34.8908
2015-10-21,0.4865,0.1942,0.3193,34.7434
2015-10-22,0.4864,0.1941,0.3195,34.525
2015-10-23,0.4855,0.1964,0.3181,34.4046
2015-10-26,0.4876,0.1957,0.3167,34.2581
2015-10-27,0.481,0.1997,0.3194,34.5008
2015-10-28,0.4774,0.2027,0.3199,34.6021
2015-10-29,0.4782,0.2037,0.3182,35.0304
2015-10-30,0.4742,0.2014,0.3244,35.4723
2015-11-02,0.4816,0.2018,0.3166,34.9895
2015-11-03,0.4789,0.1986,0.3225,34.9859
2015-11-04,0.4757,0.1931,0.3313,35.5641
2015-11-05,0.4726,0.1933,0.3341,35.5754
2015-11-06,0.4613,0.209,0.3297,36.1101
2015-11-09,0.4542,0.2178,0.328,36.6009
2015-11-10,0.454,0.2106,0.3354,37.6022
2015-11-11,0.4527,0.2069,0.3404,38.3352
2015-11-12,0.4532,0.2112,0.3356,38.5331
2015-11-13,0.4558,0.211,0.3333,38.339
2015-11-16,0.4672,0.1833,0.3495,37.4993
2015-11-17,0.4592,0.2047,0.3361,37.7519
2015-11-18,0.4604,0.2025,0.3371,37.1682
2015-11-19,0.461,0.2023,0.3367,37.2174
2015-11-20,0.4589,0.2063,0.3348,37.2028
2015-11-23,0.456,0.2099,0.3342,37.447
2015-11-24,0.4568,0.2148,0.3284,36.7883
2015-11-25,0.4594,0.21,0.3306,35.4573
2015-11-26,0.4778,0.199,0.3233,33.3326
2015-11-27,0.4497,0.2202,0.3301,33.0602
2015-11-30,0.4554,0.1702,0.3744,33.6815
2015-12-01,0.4433,0.1754,0.3813,34.9811
2015-12-02,0.455,0.1723,0.3727,34.5717
2015-12-03,0.4516,0.1778,0.3706,35.2148
2015-12-04,0.4587,0.1725,0.3688,35.6159
2015-12-07,0.4681,0.1661,0.3658,35.1668
2015-12-08,0.4633,0.1696,0.3671,35.3819
2015-12-09,0.4587,0.173,0.3683,35.6063
2015-12-10,0.4699,0.1626,0.3675,35.8245
2015-12-11,0.4666,0.1682,0.3652,36.0379
2015-12-14,0.4715,0.1683,0.3602,35.7637
2015-12-15,0.4785,0.1691,0.3523,35.5065
2015-12-16,0.4893,0.1599,0.3508,34.7255
2015-12-17,0.481,0.1606,0.3583,34.9247
2015-12-18,0.4879,0.155,0.3571,34.6837
2015-12-21,0.4943,0.1471,0.3586,34.0397
2015-12-22,0.5064,0.1372,0.3563,33.7055
2015-12-23,0.499,0.1422,0.3589,33.7461
2015-12-24,0.51,0.1354,0.3546,33.2159
2015-12-29,0.5068,0.1366,0.3566,33.332
2015-12-30,0.5076,0.1357,0.3567,33.3476
2015-12-31,0.5079,0.1361,0.356,33.2479
2016-01-04,0.505,0.1377,0.3573,33.1668
2016-01-05,0.508,0.1368,0.3553,33.0799
2016-01-06,0.5187,0.1372,0.3442,32.7036
2016-01-07,0.507,0.1375,0.3555,33.274
2016-01-08,0.5058,0.1353,0.3589,33.4794
2016-01-11,0.5163,0.1298,0.3539,33.2478
2016-01-12,0.5162,0.1345,0.3493,33.2495
2016-01-13,0.5122,0.1349,0.3529,33.2481
2016-01-14,0.5171,0.1343,0.3485,32.8338
2016-01-15,0.5157,0.1448,0.3395,32.8727
2016-01-18,0.5077,0.1527,0.3395,33.1372
2016-01-19,0.5062,0.1554,0.3385,33.232
2016-01-20,0.5092,0.156,0.3347,33.3426
2016-01-21,0.5093,0.156,0.3346,33.3885
2016-01-22,0.5107,0.151,0.3383,33.6095
2016-01-25,0.5117,0.1539,0.3344,33.6734
2016-01-26,0.5108,0.1537,0.3355,33.9881
2016-01-27,0.5112,0.15,0.3388,33.8997
2016-01-28,0.5074,0.1519,0.3407,34.0562
2016-01-29,0.5054,0.1537,0.3409,34.002
2016-02-01,0.5011,0.1526,0.3464,33.3792
2016-02-02,0.5021,0.1558,0.3422,33.118
2016-02-03,0.499,0.1638,0.3372,33.5737
2016-02-04,0.4849,0.1974,0.3177,34.402
2016-02-05,0.4763,0.2118,0.3119,34.1235
2016-02-08,0.4846,0.2156,0.2999,34.206
2016-02-09,0.488,0.214,0.2979,34.0218
2016-02-10,0.4937,0.2097,0.2966,34.2722
2016-02-11,0.5011,0.2028,0.2962,34.6436
2016-02-12,0.5073,0.1992,0.2934,34.7233
2016-02-15,0.5058,0.2028,0.2914,35.0553
2016-02-16,0.5053,0.2037,0.2911,35.2937
2016-02-17,0.5037,0.2038,0.2925,35.5202
2016-02-18,0.5025,0.2066,0.291,35.2888
2016-02-19,0.507,0.1979,0.2951,35.0359
2016-02-22,0.5076,0.1952,0.2972,35.0864
2016-02-23,0.5072,0.1965,0.2963,35.1822
2016-02-24,0.5216,0.1999,0.2785,34.2884
2016-02-25,0.5319,0.1829,0.2852,34.2757
2016-02-26,0.521,0.1903,0.2886,34.6926
2016-02-29,0.5187,0.1891,0.2922,34.8962
2016-03-01,0.5265,0.1782,0.2953,35.0231
2016-03-02,0.5259,0.1796,0.2945,35.0738
2016-03-03,0.5292,0.1781,0.2927,34.8594
2016-03-04,0.528,0.1752,0.2967,34.892
2016-03-07,0.5342,0.1676,0.2982,34.5085
2016-03-08,0.5367,0.1646,0.2987,36.6031
2016-03-09,0.5425,0.1631,0.2945,36.2266
2016-03-10,0.5494,0.1663,0.2843,35.609
2016-03-11,0.5489,0.1627,0.2884,35.4876
2016-03-14,0.5631,0.1526,0.2842,34.8963
2016-03-15,0.5653,0.1538,0.2809,35.065
2016-03-16,0.5637,0.1549,0.2814,35.1119
2016-03-17,0.564,0.1546,0.2815,35.1272
2016-03-18,0.5548,0.1651,0.28,35.635
2016-03-21,0.5579,0.1656,0.2765,35.5779
2016-03-22,0.5443,0.1647,0.291,35.6744
2016-03-23,0.5419,0.1632,0.2949,36.3372
2016-03-24,0.5403,0.1654,0.2943,36.4867
2016-03-29,0.5402,0.1678,0.2919,36.6998
2016-03-30,0.5392,0.1673,0.2934,36.6779
2016-03-31,0.538,0.1667,0.2954,36.9511
2016-04-01,0.5363,0.1662,0.2975,37.054
2016-04-04,0.5338,0.158,0.3082,37.8609
2016-04-05,0.5446,0.1662,0.2892,36.8412
2016-04-06,0.5504,0.1679,0.2817,36.7093
2016-04-07,0.5516,0.1679,0.2806,36.6924
2016-04-08,0.5547,0.1666,0.2787,36.8092
2016-04-11,0.5562,0.1664,0.2774,36.7532
2016-04-12,0.5707,0.1455,0.2838,37.0453
2016-04-13,0.5567,0.1602,0.2831,37.3682
2016-04-14,0.5544,0.1637,0.2819,37.2418
2016-04-15,0.5532,0.169,0.2778,37.3755
2016-04-18,0.5517,0.172,0.2763,37.2713
2016-04-19,0.5531,0.1712,0.2757,36.8478
2016-04-20,0.5423,0.1946,0.2631,37.5307
2016-04-21,0.5452,0.1882,0.2666,37.7738
2016-04-22,0.5458,0.1867,0.2675,37.6823
2016-04-25,0.5492,0.184,0.2668,36.8349
2016-04-26,0.5662,0.1746,0.2592,35.8951
2016-04-27,0.58,0.1654,0.2547,35.6237
2016-04-28,0.5891,0.165,0.246,35.2148
2016-04-29,0.6061,0.1555,0.2384,33.891
2016-05-03,0.6076,0.1545,0.2379,34.6185
2016-05-04,0.6044,0.1603,0.2353,34.7205
2016-05-05,0.6026,0.1619,0.2356,34.7741
2016-05-06,0.6025,0.1648,0.2326,34.5905
2016-05-09,0.6011,0.1681,0.2307,34.7348
2016-05-10,0.5963,0.1715,0.2322,35.1093
2016-05-11,0.6014,0.1685,0.2301,34.9841
2016-05-12,0.6103,0.1648,0.2249,34.5197
2016-05-13,0.5992,0.1724,0.2284,35.4337
2016-05-16,0.5735,0.1886,0.2379,35.4416
2016-05-17,0.5896,0.1622,0.2482,35.4385
2016-05-18,0.6076,0.1537,0.2388,35.7153
2016-05-19,0.6059,0.1538,0.2403,35.445
2016-05-20,0.6001,0.1639,0.2361,35.8068
2016-05-23,0.5995,0.1646,0.2359,36.2118
2016-05-24,0.5984,0.1662,0.2354,36.2385
2016-05-25,0.5993,0.1664,0.2343,37.0249
2016-05-26,0.5977,0.1681,0.2342,38.4127
2016-05-27,0.5978,0.1665,0.2356,37.7564
2016-05-30,0.5952,0.1716,0.2332,36.928
2016-05-31,0.5805,0.1843,0.2352,37.1639
2016-06-01,0.5663,0.1946,0.2391,37.4436
2016-06-02,0.5749,0.1872,0.238,36.6804
2016-06-03,0.5764,0.186,0.2376,35.9287
2016-06-07,0.5958,0.1654,0.2388,34.3993
2016-06-08,0.6053,0.1563,0.2385,34.0872
2016-06-09,0.5992,0.1614,0.2394,34.5639
2016-06-10,0.6074,0.1469,0.2457,34.578
2016-06-13,0.6163,0.1341,0.2496,34.4316
2016-06-14,0.6168,0.1334,0.2498,34.0994
2016-06-15,0.6202,0.1298,0.25,33.3111
2016-06-16,0.6249,0.1241,0.251,32.9084
2016-06-17,0.6165,0.1303,0.2533,32.5188
2016-06-20,0.6465,0.0986,0.255,30.59
2016-06-21,0.6531,0.0907,0.2561,30.2791
2016-06-22,0.6534,0.0905,0.2561,30.3375
2016-06-23,0.6562,0.0855,0.2583,31.3759
2016-06-24,0.6366,0.0925,0.2709,36.0169
2016-06-27,0.6502,0.0974,0.2524,35.1512
2016-06-28,0.6511,0.0981,0.2508,35.7698
2016-06-29,0.6432,0.0959,0.2609,37.163
2016-06-30,0.6401,0.0996,0.2603,37.4876
2016-07-01,0.6479,0.0957,0.2565,35.7592
2016-07-04,0.6277,0.1011,0.2712,36.1356
2016-07-05,0.6377,0.1007,0.2616,35.5529
2016-07-06,0.64,0.103,0.257,36.2954
2016-07-07,0.6445,0.1045,0.2511,34.1114
2016-07-08,0.6481,0.0999,0.252,35.1559
2016-07-11,0.6493,0.0989,0.2517,34.5987
2016-07-12,0.648,0.1005,0.2515,34.552
2016-07-13,0.6466,0.1025,0.2509,34.6373
2016-07-14,0.6478,0.1,0.2522,34.581
2016-07-15,0.6465,0.1018,0.2517,34.374
2016-07-18,0.6399,0.1085,0.2516,34.7934
2016-07-19,0.6335,0.1128,0.2537,35.4212
2016-07-20,0.6408,0.1039,0.2553,34.9691
2016-07-21,0.6612,0.0989,0.2399,33.9362
2016-07-22,0.6547,0.1019,0.2434,34.427
2016-07-25,0.6566,0.1056,0.2379,34.5443
2016-07-26,0.6715,0.0947,0.2338,34.9041
2016-07-27,0.6581,0.0986,0.2432,35.9683
2016-07-28,0.6421,0.1062,0.2516,36.8415
2016-07-29,0.6559,0.0986,0.2455,36.7943
2016-08-01,0.6658,0.0909,0.2432,36.7669
2016-08-02,0.674,0.0883,0.2377,36.526
2016-08-03,0.6717,0.0879,0.2404,36.7561
2016-08-04,0.669,0.089,0.242,36.9657
2016-08-05,0.6725,0.088,0.2395,36.7916
2016-08-08,0.671,0.0885,0.2405,36.798
2016-08-09,0.67,0.0903,0.2396,36.9559
2016-08-10,0.6733,0.087,0.2397,36.7531
2016-08-11,0.6696,0.0854,0.2449,36.9487
2016-08-12,0.6703,0.0928,0.2369,36.6187
2016-08-15,0.6739,0.0952,0.2309,36.2456
2016-08-16,0.6807,0.1016,0.2177,36.3022
2016-08-17,0.6794,0.0997,0.221,36.4131
2016-08-18,0.6669,0.1091,0.224,37.0833
2016-08-19,0.6687,0.1127,0.2186,36.6549
2016-08-22,0.6715,0.1127,0.2158,37.0774
2016-08-23,0.6755,0.1017,0.2228,37.5429
2016-08-24,0.6763,0.1055,0.2182,37.6588
2016-08-25,0.6681,0.1243,0.2076,38.3452
2016-08-26,0.6793,0.1079,0.2128,38.1868
2016-08-29,0.6811,0.1091,0.2097,38.3439
2016-08-30,0.6771,0.102,0.221,38.7345
2016-08-31,0.6758,0.1037,0.2205,39.1018
2016-09-01,0.6755,0.1044,0.2201,39.214
2016-09-02,0.6813,0.1009,0.2178,39.1806
2016-09-05,0.6705,0.1106,0.2189,40.0171
2016-09-06,0.6746,0.1024,0.223,40.1563
2016-09-07,0.6696,0.1063,0.2241,41.8553
2016-09-08,0.6636,0.117,0.2194,41.4735
2016-09-09,0.67,0.1128,0.2172,39.3919
2016-09-12,0.6614,0.1168,0.2218,39.2764
2016-09-13,0.6764,0.091,0.2326,37.7643
2016-09-14,0.6766,0.0913,0.2321,37.576
2016-09-15,0.6805,0.0859,0.2336,36.7482
2016-09-16,0.673,0.0693,0.2577,37.768
2016-09-19,0.6713,0.0631,0.2656,38.4851
2016-09-20,0.6715,0.0629,0.2656,39.4716
2016-09-21,0.6732,0.0605,0.2663,38.2932
2016-09-22,0.6655,0.0619,0.2726,38.5238
2016-09-23,0.6596,0.0632,0.2772,38.9311
2016-09-26,0.647,0.0679,0.2851,39.5838
2016-09-27,0.6625,0.0626,0.2749,39.2363
2016-09-28,0.6566,0.0642,0.2791,39.3621
2016-09-29,0.6555,0.0648,0.2797,39.4222
2016-09-30,0.6491,0.0678,0.2831,39.6355
2016-10-03,0.6548,0.0612,0.2841,39.6864
2016-10-04,0.6445,0.0653,0.2903,39.9009
2016-10-05,0.6538,0.064,0.2822,39.6824
2016-10-06,0.6527,0.0638,0.2835,39.9957
2016-10-07,0.6823,0.0544,0.2633,38.7145
2016-10-10,0.6863,0.0528,0.2609,38.73
2016-10-11,0.6792,0.053,0.2678,38.8221
2016-10-12,0.6665,0.0548,0.2787,38.9942
2016-10-13,0.6903,0.0487,0.261,38.3055
2016-10-14,0.6822,0.0491,0.2687,38.6959
2016-10-17,0.6689,0.0533,0.2777,39.133
2016-10-18,0.685,0.0429,0.272,38.3956
2016-10-19,0.685,0.0431,0.2719,38.4892
2016-10-20,0.6865,0.0393,0.2742,38.448
2016-10-21,0.6764,0.039,0.2846,38.4109
2016-10-24,0.6776,0.0381,0.2843,38.3535
2016-10-25,0.6564,0.0417,0.3019,39.226
2016-10-26,0.6603,0.0371,0.3026,38.6667
2016-10-27,0.6538,0.0373,0.3089,38.523
2016-10-28,0.6508,0.0371,0.3122,38.205
2016-10-31,0.6464,0.0373,0.3163,38.2356
2016-11-01,0.6558,0.0377,0.3064,37.8967
2016-11-02,0.6541,0.0424,0.3035,38.1033
2016-11-03,0.6548,0.0371,0.308,38.1374
2016-11-04,0.6576,0.0337,0.3087,38.3036
2016-11-07,0.6413,0.0424,0.3162,38.8
2016-11-08,0.6415,0.0388,0.3196,38.3283
2016-11-09,0.6411,0.042,0.3169,38.2121
2016-11-10,0.6441,0.0432,0.3127,38.4524
2016-11-11,0.6449,0.0435,0.3116,38.472
2016-11-14,0.6289,0.0406,0.3305,37.2528
2016-11-15,0.6328,0.04,0.3273,37.4624
2016-11-16,0.6032,0.0469,0.3499,38.5683
2016-11-17,0.6212,0.047,0.3317,36.8788
2016-11-18,0.6314,0.0473,0.3213,35.9546
2016-11-21,0.6229,0.0467,0.3304,35.5406
2016-11-22,0.6302,0.046,0.3238,34.699
2016-11-23,0.6206,0.044,0.3354,34.2158
2016-11-24,0.5905,0.0439,0.3656,35.4249
2016-11-25,0.5906,0.0433,0.3662,35.1333
2016-11-28,0.6106,0.0442,0.3452,34.6066
2016-11-29,0.6091,0.0447,0.3462,34.5169
2016-11-30,0.5856,0.0441,0.3703,35.8098
2016-12-01,0.6017,0.0422,0.3561,35.4457
2016-12-02,0.6118,0.0404,0.3478,35.1917
2016-12-05,0.6153,0.0403,0.3444,34.956
2016-12-06,0.6145,0.0406,0.3449,34.5784
2016-12-07,0.616,0.0397,0.3443,34.2738
2016-12-08,0.606,0.0435,0.3505,34.5976
2016-12-09,0.604,0.0448,0.3512,34.7823
2016-12-12,0.5959,0.0489,0.3551,35.2422
2016-12-13,0.5931,0.0486,0.3583,34.8582
2016-12-14,0.5931,0.0484,0.3584,35.1735
2016-12-15,0.5881,0.0482,0.3637,34.9315
2016-12-16,0.5981,0.0456,0.3563,33.6579
2016-12-19,0.5944,0.0468,0.3588,33.8372
2016-12-20,0.5976,0.0471,0.3553,33.8265
2016-12-21,0.5997,0.0475,0.3528,33.7953
2016-12-22,0.56,0.0553,0.3847,35.9597
2016-12-23,0.5543,0.0498,0.3959,35.7704
2016-12-28,0.5589,0.049,0.3921,33.5671
2016-12-29,0.5383,0.0429,0.4187,33.2273
2016-12-30,0.5489,0.0439,0.4072,33.3558
2017-01-03,0.5373,0.041,0.4217,33.2875
2017-01-04,0.561,0.0474,0.3916,31.3095
2017-01-05,0.569,0.0485,0.3825,30.8681
2017-01-06,0.5749,0.0498,0.3753,30.2439
2017-01-09,0.5849,0.0504,0.3647,30.084
2017-01-10,0.5901,0.0496,0.3603,29.9118
2017-01-11,0.5851,0.0504,0.3645,30.2678
2017-01-12,0.5702,0.0535,0.3763,30.3701
2017-01-13,0.5652,0.0533,0.3815,30.7541
2017-01-16,0.5601,0.0528,0.3871,30.8242
2017-01-17,0.5581,0.0548,0.3871,30.9225
2017-01-18,0.5441,0.0622,0.3937,31.1252
2017-01-19,0.5612,0.0541,0.3847,30.6071
2017-01-20,0.5551,0.0545,0.3904,31.0404
2017-01-23,0.5503,0.0556,0.3941,31.2443
2017-01-24,0.5563,0.0575,0.3862,30.6636
2017-01-25,0.5611,0.0605,0.3784,30.9522
2017-01-26,0.55,0.0528,0.3972,31.0089
2017-01-27,0.5567,0.0544,0.3888,30.7965
2017-01-30,0.551,0.0541,0.3949,31.1579
2017-01-31,0.5498,0.0541,0.3961,31.0145
2017-02-01,0.5505,0.0536,0.3959,30.4491
2017-02-02,0.5493,0.0542,0.3964,30.3809
2017-02-03,0.5494,0.0539,0.3967,30.564
2017-02-06,0.5502,0.0528,0.3971,30.2938
2017-02-07,0.5552,0.0518,0.393,30.0473
2017-02-08,0.5492,0.0538,0.397,30.5059
2017-02-09,0.5467,0.0546,0.3987,30.549
2017-02-10,0.546,0.055,0.399,30.76
2017-02-13,0.5432,0.0543,0.4026,30.7065
2017-02-14,0.5374,0.0575,0.4051,30.9759
2017-02-15,0.5373,0.0582,0.4044,31.1584
2017-02-16,0.5337,0.0561,0.4103,31.6406
2017-02-17,0.5349,0.0551,0.41,31.7804
2017-02-20,0.5224,0.0599,0.4177,33.1966
2017-02-21,0.4978,0.0762,0.426,33.6369
2017-02-22,0.4945,0.0775,0.4281,33.7985
2017-02-23,0.4963,0.0769,0.4268,34.1533
2017-02-24,0.5074,0.0688,0.4238,33.7769
2017-02-27,0.5055,0.0699,0.4246,33.7238
2017-02-28,0.5132,0.0732,0.4136,33.063
2017-03-01,0.5188,0.0719,0.4094,33.9289
2017-03-02,0.518,0.0711,0.411,33.967
2017-03-03,0.5194,0.0682,0.4124,33.7998
2017-03-06,0.52,0.0683,0.4117,33.7677
2017-03-07,0.5149,0.0667,0.4184,33.6088
2017-03-08,0.4997,0.0681,0.4323,34.9235
2017-03-09,0.5019,0.0679,0.4302,35.2131
2017-03-10,0.5058,0.0652,0.4289,35.2803
2017-03-13,0.4969,0.0715,0.4316,35.9713
2017-03-14,0.4924,0.0728,0.4348,35.9997
2017-03-15,0.4992,0.0717,0.4291,35.5543
2017-03-16,0.5193,0.0773,0.4035,35.0137
2017-03-17,0.5227,0.0773,0.4,34.617
2017-03-20,0.5223,0.0771,0.4005,34.574
2017-03-21,0.5244,0.0794,0.3962,34.753
2017-03-22,0.5268,0.082,0.3912,34.6271
2017-03-23,0.5269,0.0822,0.3909,35.0041
2017-03-24,0.5196,0.0968,0.3836,35.6066
2017-03-27,0.5173,0.1021,0.3806,35.8512
2017-03-28,0.5164,0.105,0.3787,35.745
2017-03-29,0.5175,0.1096,0.373,34.8034
2017-03-30,0.5423,0.0997,0.358,31.0127
2017-03-31,0.5549,0.0913,0.3538,29.7007
2017-04-03,0.5627,0.0862,0.3511,28.6061
2017-04-04,0.5693,0.0837,0.347,28.4388
2017-04-05,0.5831,0.0744,0.3425,26.465
2017-04-06,0.5799,0.0735,0.3466,27.581
2017-04-07,0.5717,0.0831,0.3452,28.2581
2017-04-10,0.5695,0.0825,0.3479,28.4896
2017-04-11,0.5762,0.0772,0.3465,27.6864
2017-04-12,0.5719,0.0839,0.3442,28.6812
2017-04-13,0.5795,0.0844,0.3361,26.4716
2017-04-18,0.5904,0.0824,0.3272,25.5338
2017-04-19,0.5912,0.0824,0.3264,25.2748
2017-04-20,0.5958,0.0789,0.3253,24.8191
2017-04-21,0.6052,0.0741,0.3207,24.3304
2017-04-24,0.5963,0.0852,0.3185,25.8457
2017-04-25,0.5909,0.0846,0.3245,26.3135
2017-04-26,0.5889,0.0838,0.3273,26.4175
2017-04-27,0.5928,0.086,0.3212,26.3909
2017-04-28,0.587,0.0871,0.3259,26.6587
2017-05-02,0.5828,0.0947,0.3225,28.2087
2017-05-03,0.5877,0.0892,0.3231,28.5849
2017-05-04,0.6154,0.0674,0.3171,26.433
2017-05-05,0.6247,0.0586,0.3167,26.3109
2017-05-08,0.626,0.0554,0.3185,26.1291
2017-05-09,0.6187,0.0663,0.315,26.5666
2017-05-10,0.6141,0.0705,0.3155,27.0127
2017-05-11,0.6113,0.0754,0.3133,26.7455
2017-05-12,0.6097,0.0772,0.3131,27.0595
2017-05-15,0.6099,0.0773,0.3129,26.9675
2017-05-16,0.6136,0.0778,0.3086,26.7197
2017-05-17,0.6127,0.0876,0.2997,27.9683
2017-05-18,0.6145,0.09,0.2955,28.0874
2017-05-19,0.6193,0.0913,0.2894,27.8675
2017-05-22,0.6257,0.0933,0.281,27.5757
2017-05-23,0.623,0.095,0.282,28.0007
2017-05-24,0.6192,0.0945,0.2863,29.1065
2017-05-25,0.6144,0.0944,0.2912,29.042
2017-05-26,0.6046,0.0921,0.3033,30.2176
2017-05-29,0.5987,0.0918,0.3095,30.814
2017-05-30,0.5766,0.0912,0.3322,31.7504
2017-05-31,0.5781,0.0893,0.3326,31.314
2017-06-01,0.6089,0.0928,0.2983,30.286
2017-06-02,0.6106,0.093,0.2964,30.5927
2017-06-06,0.6129,0.0906,0.2965,30.175
2017-06-07,0.6136,0.0907,0.2957,30.168
2017-06-08,0.6136,0.0909,0.2956,30.1748
2017-06-09,0.613,0.0993,0.2877,29.7833
2017-06-12,0.6118,0.0952,0.293,29.6837
2017-06-13,0.6157,0.0961,0.2882,29.5635
2017-06-14,0.6205,0.0984,0.2811,29.4284
2017-06-15,0.623,0.0978,0.2792,29.5124
2017-06-16,0.6233,0.0978,0.2789,29.4684
2017-06-19,0.6271,0.0942,0.2787,29.4209
2017-06-20,0.6313,0.0912,0.2775,29.3608
2017-06-21,0.6291,0.0968,0.2741,30.4993
2017-06-22,0.6365,0.0902,0.2733,30.2511
2017-06-23,0.6349,0.0919,0.2733,30.2545
2017-06-26,0.6349,0.0895,0.2756,30.2605
2017-06-27,0.6472,0.0839,0.269,30.0693
2017-06-28,0.6335,0.0912,0.2753,30.9462
2017-06-29,0.614,0.1002,0.2858,31.914
2017-06-30,0.612,0.1003,0.2877,31.9309
2017-07-03,0.5939,0.1086,0.2975,32.9316
2017-07-04,0.6193,0.1007,0.28,31.9411
2017-07-05,0.6193,0.1008,0.2798,31.8201
2017-07-06,0.618,0.1014,0.2806,31.6238
2017-07-07,0.6167,0.1013,0.282,31.5371
2017-07-10,0.6139,0.0998,0.2863,31.5473
2017-07-11,0.6126,0.1014,0.286,31.5291
2017-07-12,0.6162,0.103,0.2808,31.8547
2017-07-13,0.6011,0.1107,0.2882,32.2155
2017-07-14,0.6004,0.1108,0.2888,32.4795
2017-07-17,0.599,0.1115,0.2894,32.631
2017-07-18,0.6028,0.1119,0.2853,32.2515
2017-07-19,0.6128,0.1186,0.2686,32.8226
2017-07-20,0.6053,0.119,0.2756,32.7499
2017-07-21,0.6057,0.1156,0.2787,31.9555
2017-07-24,0.6062,0.1146,0.2792,31.6571
2017-07-25,0.609,0.1125,0.2785,31.4393
2017-07-26,0.6117,0.1071,0.2812,31.0271
2017-07-27,0.6126,0.1114,0.276,30.9446
2017-07-28,0.6248,0.1119,0.2632,30.8083
2017-07-31,0.6254,0.1143,0.2603,30.7803
2017-08-01,0.6273,0.115,0.2576,30.5574
2017-08-02,0.6281,0.1115,0.2604,30.3693
2017-08-03,0.6301,0.1102,0.2597,30.3573
2017-08-04,0.631,0.1118,0.2572,30.1634
2017-08-07,0.6299,0.1112,0.2589,30.1773
2017-08-08,0.6306,0.1113,0.2581,30.2379
2017-08-09,0.6304,0.1117,0.2579,30.2431
2017-08-10,0.6356,0.1042,0.2602,29.8274
2017-08-11,0.6428,0.0937,0.2635,29.4916
2017-08-14,0.6393,0.099,0.2618,29.4718
2017-08-15,0.6279,0.1067,0.2654,29.9547
2017-08-16,0.6248,0.108,0.2672,30.0884
2017-08-17,0.6422,0.0994,0.2584,29.0882
2017-08-18,0.6419,0.1009,0.2572,29.1413
2017-08-21,0.6472,0.097,0.2559,28.8705
2017-08-22,0.6499,0.0951,0.2551,28.5789
2017-08-23,0.6492,0.0967,0.2541,28.5382
2017-08-24,0.6467,0.097,0.2563,28.4343
2017-08-25,0.647,0.0973,0.2556,28.5402
2017-08-28,0.6466,0.0951,0.2582,28.2093
2017-08-29,0.6495,0.0867,0.2638,27.9382
2017-08-30,0.6446,0.0864,0.269,28.1456
2017-08-31,0.6429,0.0843,0.2729,28.4618
2017-09-01,0.6369,0.0842,0.2788,28.7791
2017-09-04,0.6373,0.0847,0.278,29.0407
2017-09-05,0.6434,0.0838,0.2728,28.3217
2017-09-06,0.6436,0.0848,0.2715,28.4598
2017-09-07,0.6423,0.0862,0.2715,28.8417
2017-09-08,0.6527,0.0832,0.2641,28.3478
2017-09-11,0.6722,0.0748,0.253,26.6978
2017-09-12,0.6722,0.0744,0.2535,26.641
2017-09-13,0.6901,0.07,0.2399,26.081
2017-09-14,0.6869,0.0696,0.2435,26.4778
2017-09-15,0.6955,0.0699,0.2346,26.2807
2017-09-18,0.6871,0.0782,0.2347,28.053
2017-09-19,0.6882,0.0846,0.2272,28.7013
2017-09-20,0.6844,0.0865,0.2291,29.0649
2017-09-21,0.6851,0.0862,0.2287,29.0366
2017-09-22,0.678,0.0866,0.2355,29.3367
2017-09-25,0.6724,0.0854,0.2423,29.5173
2017-09-26,0.67,0.0847,0.2452,29.7851
2017-09-27,0.6892,0.0863,0.2246,29.2274
2017-09-28,0.6875,0.0863,0.2262,28.8858
2017-09-29,0.688,0.087,0.225,29.0456
2017-10-02,0.6873,0.0881,0.2246,28.996
2017-10-03,0.7077,0.0815,0.2108,28.0907
2017-10-04,0.7076,0.0829,0.2095,28.0618
2017-10-05,0.7072,0.0834,0.2094,28.9091
2017-10-06,0.7085,0.0833,0.2083,29.1961
2017-10-09,0.7141,0.0867,0.1991,29.1324
2017-10-10,0.7169,0.0924,0.1907,29.2915
2017-10-11,0.7092,0.0867,0.2041,29.6237
2017-10-12,0.7009,0.0869,0.2122,30.4637
2017-10-13,0.6883,0.0892,0.2225,31.5
2017-10-16,0.6751,0.09,0.2349,32.3607
2017-10-17,0.6777,0.0895,0.2327,32.9469
2017-10-18,0.6826,0.0877,0.2297,32.7701
2017-10-19,0.6795,0.0849,0.2357,33.2242
2017-10-20,0.6852,0.0864,0.2284,33.4856
2017-10-23,0.6845,0.0925,0.223,33.9076
2017-10-24,0.6829,0.089,0.2281,33.9228
2017-10-25,0.6845,0.0897,0.2258,34.0255
2017-10-26,0.6881,0.0891,0.2228,34.0726
2017-10-27,0.6886,0.0892,0.2221,34.1646
2017-10-30,0.6884,0.0922,0.2194,34.2635
2017-10-31,0.6922,0.0864,0.2213,34.1802
2017-11-01,0.6941,0.0833,0.2227,33.8435
2017-11-02,0.6965,0.0845,0.219,33.755
2017-11-03,0.6971,0.084,0.2188,33.5644
2017-11-06,0.7013,0.0823,0.2164,33.1721
2017-11-07,0.7003,0.0817,0.218,32.9181
2017-11-08,0.705,0.0831,0.2119,33.2974
2017-11-09,0.7121,0.0837,0.2042,32.8607
2017-11-10,0.7131,0.0836,0.2033,32.5332
2017-11-13,0.7093,0.0813,0.2094,32.4251
2017-11-14,0.7093,0.0818,0.2089,32.425
2017-11-15,0.7111,0.0808,0.2081,32.4202
2017-11-16,0.7149,0.0855,0.1996,31.8085
2017-11-17,0.7153,0.0876,0.1971,31.6995
2017-11-20,0.7144,0.0871,0.1985,31.5981
2017-11-21,0.7149,0.0881,0.197,31.7784
2017-11-22,0.7158,0.0879,0.1963,31.9376
2017-11-23,0.7133,0.0927,0.1939,31.9141
2017-11-24,0.7146,0.094,0.1914,31.8613
2017-11-27,0.7193,0.0963,0.1843,31.3129
2017-11-28,0.7419,0.0889,0.1692,30.8377
2017-11-29,0.746,0.0862,0.1678,31.0121
2017-11-30,0.7459,0.088,0.1661,30.7008
2017-12-01,0.7551,0.0848,0.1602,30.3506
2017-12-04,0.7399,0.0867,0.1734,30.6849
2017-12-05,0.743,0.0829,0.1741,30.4385
2017-12-06,0.7584,0.0784,0.1632,28.3977
2017-12-07,0.7621,0.0789,0.159,27.6352
2017-12-08,0.757,0.0791,0.1639,28.1852
2017-12-11,0.7606,0.077,0.1624,27.9509
2017-12-12,0.7639,0.0747,0.1614,27.72
2017-12-13,0.7844,0.0694,0.1462,26.7735
2017-12-14,0.7819,0.0705,0.1477,26.6398
2017-12-15,0.7769,0.0697,0.1534,26.8151
2017-12-18,0.7783,0.0692,0.1525,26.9475
2017-12-19,0.7854,0.0702,0.1444,26.9141
2017-12-20,0.7879,0.0728,0.1394,27.6159
2017-12-21,0.7876,0.0716,0.1407,27.466
2017-12-22,0.7947,0.0756,0.1297,27.1228
2017-12-27,0.7944,0.0819,0.1236,27.5992
2017-12-28,0.7952,0.0891,0.1157,27.1567
2017-12-29,0.7996,0.0847,0.1157,26.7672
2018-01-02,0.822,0.072,0.106,25.3263
2018-01-03,0.833,0.0656,0.1014,24.6602
2018-01-04,0.8165,0.0725,0.1111,24.5967
2018-01-05,0.8187,0.071,0.1103,24.6206
2018-01-08,0.8229,0.0686,0.1084,24.4398
2018-01-09,0.8267,0.07,0.1033,24.2013
2018-01-10,0.8247,0.0664,0.1089,24.0787
2018-01-11,0.8242,0.0664,0.1094,24.1945
2018-01-12,0.8239,0.0661,0.1099,23.7887
2018-01-15,0.8244,0.0655,0.1101,23.7138
2018-01-16,0.8243,0.0659,0.1098,23.6901
2018-01-17,0.8286,0.0583,0.1131,22.9181
2018-01-18,0.8339,0.054,0.112,22.4476
2018-01-19,0.8258,0.0567,0.1175,22.7024
2018-01-22,0.8265,0.0566,0.1169,22.5731
2018-01-23,0.8247,0.0554,0.12,22.8305
2018-01-24,0.8235,0.0547,0.1218,22.6666
2018-01-25,0.8234,0.054,0.1226,22.7035
2018-01-26,0.823,0.0552,0.1218,23.0572
2018-01-29,0.8227,0.0562,0.1211,23.211
2018-01-30,0.8594,0.0482,0.0924,20.8281
2018-01-31,0.8595,0.0492,0.0913,20.6462
2018-02-01,0.8615,0.0472,0.0913,20.4259
2018-02-02,0.8608,0.0505,0.0887,20.5298
2018-02-05,0.8383,0.068,0.0937,21.7822
2018-02-06,0.8403,0.0668,0.0929,23.3015
2018-02-07,0.8218,0.0785,0.0998,24.2509
2018-02-08,0.7855,0.1045,0.11,26.4871
2018-02-09,0.7697,0.1181,0.1123,26.9465
2018-02-12,0.7669,0.1208,0.1123,27.4038
2018-02-13,0.7714,0.1177,0.1108,27.4525
2018-02-14,0.7669,0.1211,0.112,28.0447
2018-02-15,0.7728,0.1173,0.1099,27.5977
2018-02-16,0.7745,0.1175,0.108,27.5306
2018-02-19,0.7738,0.1186,0.1076,27.7255
2018-02-20,0.7703,0.1195,0.1101,27.8563
2018-02-21,0.7846,0.1033,0.1121,25.9762
2018-02-22,0.7815,0.1052,0.1133,26.5568
2018-02-23,0.7801,0.1096,0.1103,26.2707
2018-02-26,0.7821,0.1055,0.1124,26.1659
2018-02-27,0.7859,0.0933,0.1208,24.8278
2018-02-28,0.8111,0.1006,0.0883,23.8414
2018-03-01,0.8138,0.1007,0.0855,24.6273
2018-03-05,0.8499,0.0947,0.0553,22.8282
2018-03-06,0.8386,0.1045,0.0569,22.6377
2018-03-07,0.8397,0.105,0.0553,22.4026
2018-03-08,0.8253,0.1104,0.0643,22.8177
2018-03-09,0.8031,0.1147,0.0822,23.5544
2018-03-12,0.8039,0.112,0.0841,23.5412
2018-03-13,0.8122,0.1069,0.0809,23.2878
2018-03-14,0.8158,0.1041,0.0801,23.1863
2018-03-15,0.815,0.1044,0.0806,23.1846
2018-03-16,0.8208,0.0918,0.0873,23.1243
2018-03-19,0.8165,0.0977,0.0858,23.0384
2018-03-20,0.8254,0.0921,0.0825,22.8504
2018-03-21,0.8264,0.0961,0.0776,23.0279
2018-03-22,0.7949,0.1157,0.0893,24.8561
2018-03-23,0.7967,0.1162,0.087,25.1103
2018-03-26,0.7916,0.1195,0.089,25.2954
2018-03-27,0.789,0.1202,0.0908,25.5832
2018-03-28,0.7814,0.1238,0.0948,25.8922
2018-03-29,0.7823,0.1215,0.0962,25.6748
2018-04-03,0.7836,0.1217,0.0947,25.5478
2018-04-04,0.7918,0.116,0.0921,25.104
2018-04-05,0.7693,0.1259,0.1048,25.9198
2018-04-06,0.7651,0.1268,0.1081,26.249
2018-04-09,0.7634,0.1259,0.1107,25.7194
2018-04-10,0.7563,0.1312,0.1126,26.2599
2018-04-11,0.7548,0.1318,0.1134,26.2905
2018-04-12,0.7427,0.1319,0.1254,26.2711
2018-04-13,0.7439,0.1315,0.1246,26.3713
2018-04-16,0.7451,0.137,0.1178,26.28
2018-04-17,0.7444,0.138,0.1176,26.2976
2018-04-18,0.7443,0.1378,0.1179,26.3145
2018-04-19,0.7399,0.137,0.1231,26.5057
2018-04-20,0.7362,0.137,0.1268,26.1316
2018-04-23,0.7408,0.1334,0.1258,26.0211
2018-04-24,0.7566,0.1395,0.1038,24.0914
2018-04-25,0.7587,0.1404,0.1009,24.6218
2018-04-26,0.7582,0.141,0.1007,24.8317
2018-04-27,0.754,0.1346,0.1114,24.5448
2018-04-30,0.7505,0.1482,0.1014,24.7227
2018-05-01,0.7497,0.1485,0.1018,25.4569
2018-05-02,0.7435,0.1549,0.1017,25.8061
2018-05-03,0.7447,0.156,0.0993,25.8708
2018-05-04,0.734,0.1617,0.1043,27.1019
2018-05-08,0.7356,0.1479,0.1165,27.1352
2018-05-09,0.7219,0.1658,0.1123,27.7591
2018-05-10,0.7204,0.1679,0.1117,27.8258
2018-05-11,0.7173,0.171,0.1118,28.4369
2018-05-14,0.7095,0.1766,0.1139,28.888
2018-05-15,0.697,0.1737,0.1294,28.8169
2018-05-16,0.6958,0.171,0.1332,29.4415
2018-05-17,0.7109,0.1707,0.1184,29.5223
2018-05-18,0.7095,0.1686,0.1219,29.5855
2018-05-21,0.7157,0.1711,0.1132,29.8101
2018-05-22,0.7197,0.1753,0.105,28.4641
2018-05-23,0.7068,0.1791,0.1141,28.9618
2018-05-24,0.7254,0.1721,0.1025,28.1167
2018-05-25,0.7345,0.164,0.1015,27.9269
2018-05-28,0.7388,0.1768,0.0844,27.9405
2018-05-29,0.7242,0.1731,0.1027,28.4265
2018-05-30,0.7286,0.1707,0.1007,28.2815
2018-05-31,0.7331,0.1694,0.0974,28.3866
2018-06-01,0.734,0.1687,0.0972,27.974
2018-06-05,0.7366,0.1657,0.0977,27.8945
2018-06-06,0.7525,0.1558,0.0917,27.7075
2018-06-07,0.7485,0.1577,0.0938,27.9828
2018-06-08,0.7421,0.1613,0.0966,28.4089
2018-06-11,0.7234,0.1753,0.1013,30.8738
2018-06-12,0.722,0.1766,0.1013,30.6153
2018-06-13,0.7065,0.1954,0.0981,31.3988
2018-06-14,0.7052,0.2007,0.0941,30.5429
2018-06-15,0.7041,0.1983,0.0975,30.5546
2018-06-18,0.7046,0.1958,0.0996,30.0805
2018-06-19,0.7022,0.1985,0.0993,29.8852
2018-06-20,0.7063,0.1948,0.099,29.1134
2018-06-21,0.7112,0.1941,0.0947,29.0008
2018-06-22,0.7048,0.1972,0.098,30.1279
2018-06-25,0.6893,0.1908,0.12,31.6895
2018-06-26,0.6743,0.1971,0.1286,31.3623
2018-06-27,0.6826,0.1932,0.1242,31.119
2018-06-28,0.6776,0.194,0.1284,31.3684
2018-06-29,0.6937,0.1837,0.1226,28.0753
2018-07-02,0.7151,0.1765,0.1085,25.903
2018-07-03,0.7023,0.1825,0.1152,26.1773
2018-07-04,0.68,0.196,0.124,27.1028
2018-07-05,0.6855,0.1989,0.1156,26.5185
2018-07-06,0.6946,0.1986,0.1068,25.9636
2018-07-09,0.7072,0.191,0.1019,25.3263
2018-07-10,0.6787,0.1924,0.1289,26.3993
2018-07-11,0.685,0.1924,0.1227,26.0038
2018-07-12,0.6777,0.1959,0.1263,25.9117
2018-07-13,0.6767,0.1966,0.1267,25.9781
2018-07-16,0.6755,0.1976,0.1269,26.0477
2018-07-17,0.6734,0.1956,0.1311,26.072
2018-07-18,0.6712,0.1984,0.1304,26.3093
2018-07-19,0.6621,0.2099,0.1281,26.6224
2018-07-20,0.6634,0.2038,0.1329,26.099
2018-07-23,0.6797,0.1833,0.1369,25.2111
2018-07-24,0.6868,0.1806,0.1326,24.868
2018-07-25,0.6987,0.1783,0.123,23.9207
2018-07-26,0.7279,0.1725,0.0996,22.4558
2018-07-27,0.7535,0.169,0.0775,21.3152
2018-07-30,0.7507,0.1681,0.0812,20.5097
2018-07-31,0.7559,0.1654,0.0786,19.8785
2018-08-01,0.7593,0.1607,0.08,19.0831
2018-08-02,0.7629,0.1597,0.0775,20.1189
2018-08-03,0.7696,0.1523,0.0781,20.0363
2018-08-06,0.7681,0.1571,0.0748,19.9486
2018-08-07,0.7672,0.1558,0.077,20.4608
2018-08-08,0.7564,0.1579,0.0856,20.3758
2018-08-09,0.7403,0.1677,0.092,21.5058
2018-08-10,0.7462,0.1628,0.091,21.0596
2018-08-13,0.7444,0.1646,0.091,21.0437
2018-08-14,0.7432,0.1679,0.0889,21.1324
2018-08-15,0.7383,0.1633,0.0984,21.4
2018-08-16,0.7362,0.1617,0.102,21.6937
2018-08-17,0.7383,0.1609,0.1008,21.693
2018-08-20,0.7313,0.1716,0.0971,22.689
2018-08-21,0.7218,0.1771,0.101,22.2221
2018-08-22,0.6949,0.2011,0.104,23.6334
2018-08-23,0.6746,0.22,0.1054,26.1206
2018-08-24,0.6872,0.2119,0.101,25.7345
2018-08-27,0.6904,0.2087,0.1009,25.5584
2018-08-28,0.6871,0.2126,0.1003,25.45
2018-08-29,0.6704,0.2179,0.1116,26.0448
2018-08-30,0.6564,0.2233,0.1203,26.9789
2018-08-31,0.661,0.2227,0.1162,27.1471
2018-09-03,0.6566,0.2245,0.1188,28.1676
2018-09-04,0.652,0.2266,0.1215,28.0404
2018-09-05,0.6697,0.2048,0.1255,27.0074
2018-09-06,0.6695,0.2078,0.1227,26.8482
2018-09-07,0.6725,0.1992,0.1283,26.8282
2018-09-10,0.6737,0.1956,0.1306,26.7413
2018-09-11,0.6724,0.1987,0.129,26.3569
2018-09-12,0.658,0.2036,0.1384,27.6268
2018-09-13,0.6595,0.2044,0.1361,27.4843
2018-09-14,0.6491,0.21,0.1408,27.8236
2018-09-17,0.6514,0.208,0.1406,27.5177
2018-09-18,0.6531,0.2068,0.14,27.4139
2018-09-19,0.6515,0.2028,0.1457,27.8896
2018-09-20,0.6439,0.2126,0.1435,27.5796
2018-09-21,0.651,0.2064,0.1426,27.1726
2018-09-24,0.6454,0.2102,0.1445,27.402
2018-09-25,0.644,0.211,0.145,27.5382
2018-09-26,0.6378,0.2156,0.1466,27.8031
2018-09-27,0.6417,0.2142,0.1441,27.7541
2018-09-28,0.6513,0.2028,0.1459,27.023
2018-10-01,0.6388,0.2191,0.142,27.2399
2018-10-02,0.6403,0.2158,0.1439,26.9196
2018-10-03,0.6454,0.2028,0.1518,26.3342
2018-10-04,0.655,0.185,0.16,26.8181
2018-10-05,0.6686,0.1631,0.1683,25.2901
2018-10-08,0.6829,0.1404,0.1766,24.6397
2018-10-09,0.6842,0.1379,0.1779,24.4674
2018-10-10,0.675,0.1483,0.1768,29.3628
2018-10-11,0.6639,0.1606,0.1755,31.3385
2018-10-12,0.6756,0.1541,0.1703,30.352
2018-10-15,0.6722,0.1568,0.171,29.7799
2018-10-16,0.6707,0.1633,0.1661,30.8862
2018-10-17,0.6649,0.1642,0.1709,29.5538
2018-10-18,0.668,0.169,0.163,29.3072
2018-10-19,0.6765,0.1669,0.1566,29.0264
2018-10-22,0.6828,0.1648,0.1524,28.9522
2018-10-23,0.6834,0.1627,0.1539,28.5112
2018-10-24,0.6836,0.1577,0.1587,29.4687
2018-10-25,0.6899,0.1641,0.146,29.8858
2018-10-26,0.6983,0.1652,0.1365,29.3923
2018-10-29,0.6965,0.1644,0.1391,29.6968
2018-10-30,0.7054,0.1553,0.1393,29.0026
2018-10-31,0.7011,0.1587,0.1402,29.2739
2018-11-01,0.7002,0.1581,0.1417,29.3011
2018-11-02,0.6887,0.1689,0.1423,29.7808
2018-11-05,0.6843,0.1694,0.1463,29.5615
2018-11-06,0.676,0.1739,0.15,29.7463
2018-11-07,0.6847,0.1832,0.1321,28.4233
2018-11-08,0.6981,0.1861,0.1159,28.3599
2018-11-09,0.7051,0.1844,0.1104,27.5869
2018-11-12,0.7063,0.1891,0.1046,28.7849
2018-11-13,0.7271,0.1701,0.1028,27.8102
2018-11-14,0.7403,0.1585,0.1013,26.9837
2018-11-15,0.7381,0.1626,0.0992,26.6785
2018-11-16,0.7508,0.1536,0.0956,25.3373
2018-11-19,0.7643,0.146,0.0897,23.9145
2018-11-20,0.7728,0.1442,0.0829,24.7104
2018-11-21,0.7764,0.1422,0.0814,25.2264
2018-11-22,0.7626,0.152,0.0854,24.9927
2018-11-23,0.7583,0.1542,0.0875,25.2976
2018-11-26,0.7593,0.1543,0.0864,25.3437
2018-11-27,0.7586,0.1557,0.0857,24.9516
2018-11-28,0.7634,0.1506,0.086,24.8984
2018-11-29,0.762,0.1522,0.0857,24.7161
2018-11-30,0.7702,0.1431,0.0867,24.0955
2018-12-03,0.7647,0.1532,0.0821,25.1364
2018-12-04,0.7368,0.1817,0.0815,26.9485
2018-12-05,0.7316,0.1897,0.0786,28.3924
2018-12-06,0.7084,0.1999,0.0916,31.341
2018-12-07,0.7036,0.201,0.0954,31.6546
2018-12-10,0.6882,0.2113,0.1005,32.5126
2018-12-11,0.6967,0.204,0.0993,32.0732
2018-12-12,0.6929,0.2044,0.1027,30.9762
2018-12-13,0.6841,0.2125,0.1033,31.1637
2018-12-14,0.6868,0.2081,0.1051,31.0547
2018-12-17,0.6866,0.2088,0.1046,31.1965
2018-12-18,0.6821,0.2096,0.1083,31.5654
2018-12-19,0.6775,0.2134,0.1091,31.3341
2018-12-20,0.6717,0.2266,0.1017,31.8593
2018-12-21,0.669,0.2265,0.1045,31.316
2018-12-24,0.6689,0.2234,0.1077,31.366
2018-12-27,0.6543,0.2357,0.1101,31.954
2018-12-28,0.6396,0.2465,0.1139,32.596
2018-12-31,0.6581,0.2311,0.1108,32.0295
2019-01-02,0.6648,0.226,0.1093,31.7984
2019-01-03,0.6706,0.2195,0.1099,31.7375
2019-01-04,0.6625,0.2176,0.1199,33.2176
2019-01-07,0.6615,0.2192,0.1193,33.3597
2019-01-08,0.6485,0.2289,0.1226,33.9427
2019-01-09,0.6414,0.2342,0.1244,34.4155
2019-01-10,0.633,0.24,0.1269,34.3748
2019-01-11,0.62,0.2439,0.1361,36.0876
2019-01-14,0.6231,0.2437,0.1332,35.9033
2019-01-15,0.6261,0.2417,0.1322,35.7427
2019-01-16,0.6351,0.2391,0.1258,35.3536
2019-01-17,0.6379,0.2383,0.1238,34.7016
2019-01-18,0.632,0.2509,0.1171,35.8848
2019-01-21,0.6304,0.2535,0.116,35.7098
2019-01-22,0.635,0.2496,0.1154,35.6249
2019-01-23,0.6422,0.2433,0.1145,35.4662
2019-01-24,0.639,0.2448,0.1161,35.5759
2019-01-25,0.6402,0.244,0.1158,35.4925
2019-01-28,0.6405,0.2438,0.1158,35.5706
2019-01-29,0.6394,0.2453,0.1154,35.5405
2019-01-30,0.6265,0.2338,0.1397,37.4441
2019-01-31,0.6217,0.2375,0.1408,37.0493
2019-02-01,0.6268,0.2399,0.1333,36.0343
2019-02-04,0.631,0.2429,0.1261,33.577
2019-02-05,0.6427,0.2515,0.1058,34.9542
2019-02-06,0.6333,0.2619,0.1048,34.3386
2019-02-07,0.6359,0.2579,0.1062,34.3355
2019-02-08,0.6291,0.2665,0.1044,34.3922
2019-02-11,0.6402,0.2546,0.1052,33.9628
2019-02-12,0.6441,0.2527,0.1032,34.2391
2019-02-13,0.6495,0.2452,0.1052,34.0607
2019-02-14,0.6429,0.2511,0.1061,33.9893
2019-02-15,0.6451,0.2491,0.1058,34.4072
2019-02-18,0.6467,0.2499,0.1034,34.5433
2019-02-19,0.6554,0.2544,0.0902,34.3209
2019-02-20,0.6567,0.2584,0.0849,33.8518
2019-02-21,0.6497,0.2629,0.0874,33.941
2019-02-22,0.6567,0.2593,0.084,33.5196
2019-02-25,0.6554,0.2606,0.084,34.0919
2019-02-26,0.6572,0.2593,0.0835,33.9169
2019-02-27,0.6403,0.2662,0.0935,34.7661
2019-02-28,0.6503,0.2578,0.0919,34.3635
2019-03-01,0.6656,0.2452,0.0891,33.6864
2019-03-04,0.6788,0.2224,0.0988,33.007
2019-03-05,0.6744,0.2294,0.0961,33.1504
2019-03-06,0.6682,0.233,0.0987,33.3013
2019-03-07,0.6753,0.2286,0.0961,33.1188
2019-03-08,0.6675,0.2344,0.098,33.2263
2019-03-11,0.6642,0.2358,0.1,33.2841
2019-03-12,0.641,0.2562,0.1028,33.9359
2019-03-13,0.6426,0.2548,0.1026,33.7537
2019-03-14,0.6366,0.2508,0.1126,34.1275
2019-03-15,0.6307,0.2623,0.107,33.217
2019-03-18,0.6285,0.2651,0.1064,34.259
2019-03-19,0.6278,0.2676,0.1047,33.1478
2019-03-20,0.6245,0.2705,0.105,34.2502
2019-03-21,0.6278,0.2623,0.1099,34.112
2019-03-22,0.626,0.2649,0.1091,34.6761
2019-03-25,0.6255,0.2618,0.1127,34.8476
2019-03-26,0.625,0.2643,0.1107,35.1823
2019-03-27,0.6245,0.2648,0.1107,34.9108
2019-03-28,0.6272,0.2603,0.1125,34.9396
2019-03-29,0.6344,0.2637,0.1018,34.1885
2019-04-01,0.636,0.2647,0.0992,34.1701
2019-04-02,0.6365,0.2656,0.098,33.9484
2019-04-03,0.637,0.2617,0.1014,33.7547
2019-04-04,0.6368,0.2628,0.1004,33.6686
2019-04-05,0.6405,0.2589,0.1007,33.5817
2019-04-08,0.6424,0.256,0.1016,32.4271
2019-04-09,0.6562,0.2414,0.1024,32.5328
2019-04-10,0.6487,0.2451,0.1062,32.9327
2019-04-11,0.6592,0.2365,0.1043,32.6563
2019-04-12,0.6486,0.2452,0.1062,33.2123
2019-04-15,0.642,0.251,0.107,33.3642
2019-04-16,0.6377,0.2542,0.1081,33.8878
2019-04-17,0.6562,0.2399,0.1039,33.4107
2019-04-18,0.656,0.2402,0.1038,33.3035
2019-04-23,0.6546,0.2411,0.1043,33.2754
2019-04-24,0.6522,0.243,0.1048,33.3971
2019-04-25,0.6545,0.2414,0.104,32.9978
2019-04-26,0.6562,0.2344,0.1094,32.3647
2019-04-29,0.6562,0.2349,0.1089,32.5774
2019-04-30,0.6438,0.2502,0.106,33.686
2019-05-02,0.6455,0.2494,0.1051,34.0361
2019-05-03,0.6406,0.2471,0.1123,33.2153
2019-05-07,0.6395,0.2452,0.1153,33.4006
2019-05-08,0.6395,0.2437,0.1168,33.3831
2019-05-09,0.6339,0.2435,0.1225,33.5912
2019-05-10,0.6327,0.2445,0.1228,33.6232
2019-05-13,0.6294,0.247,0.1236,34.1555
2019-05-14,0.6317,0.2463,0.122,34.0412
2019-05-15,0.6306,0.2482,0.1211,34.2642
2019-05-16,0.6339,0.2448,0.1213,34.2459
2019-05-17,0.6332,0.2457,0.1211,34.4061
2019-05-20,0.632,0.2485,0.1195,34.341
2019-05-21,0.646,0.2402,0.1138,33.4115
2019-05-22,0.6426,0.239,0.1184,34.0091
2019-05-23,0.6408,0.2379,0.1213,34.0803
2019-05-24,0.6404,0.2386,0.121,34.1593
2019-05-27,0.643,0.238,0.119,34.2495
2019-05-28,0.6446,0.2386,0.1168,34.176
2019-05-29,0.6408,0.2389,0.1203,34.2805
2019-05-30,0.6418,0.2374,0.1208,34.0219
2019-05-31,0.6442,0.2351,0.1208,34.365
2019-06-04,0.6452,0.2338,0.121,34.396
2019-06-05,0.6528,0.2196,0.1276,32.8234
2019-06-06,0.6499,0.2266,0.1236,33.4307
2019-06-07,0.6509,0.2258,0.1234,33.6326
2019-06-10,0.6518,0.2236,0.1246,33.52
2019-06-11,0.6542,0.2188,0.1271,34.0405
2019-06-12,0.655,0.2191,0.1259,33.9446
2019-06-13,0.6417,0.2213,0.137,34.3301
2019-06-14,0.6316,0.2287,0.1398,33.6294
2019-06-17,0.6292,0.2299,0.1409,34.0689
2019-06-18,0.6417,0.2166,0.1417,34.3925
2019-06-19,0.6391,0.2212,0.1397,34.76
2019-06-20,0.6417,0.2232,0.1351,34.6019
2019-06-21,0.6409,0.2197,0.1394,34.8078
2019-06-24,0.6403,0.2164,0.1433,34.7294
2019-06-25,0.6502,0.2101,0.1397,33.7787
2019-06-26,0.651,0.2094,0.1397,33.5307
2019-06-27,0.6538,0.202,0.1442,33.5282
2019-06-28,0.6534,0.2034,0.1431,33.7737
2019-07-01,0.6534,0.2033,0.1432,33.6593
2019-07-02,0.6481,0.2062,0.1457,34.0072
2019-07-03,0.6415,0.2062,0.1523,34.4623
2019-07-04,0.6403,0.2054,0.1543,34.4809
2019-07-05,0.6469,0.2057,0.1474,34.2543
2019-07-08,0.6459,0.2032,0.1509,33.8346
2019-07-09,0.6506,0.199,0.1504,33.6522
2019-07-10,0.646,0.1997,0.1543,33.4154
2019-07-11,0.6395,0.2066,0.1539,34.3099
2019-07-12,0.6389,0.1942,0.167,34.597
2019-07-15,0.6387,0.1913,0.17,34.9747
2019-07-16,0.637,0.2009,0.1621,35.8203
2019-07-17,0.6356,0.2091,0.1553,35.5664
2019-07-18,0.6363,0.2065,0.1571,35.3305
2019-07-19,0.6344,0.2107,0.1549,35.7951
2019-07-22,0.6319,0.2173,0.1508,36.2432
2019-07-23,0.6436,0.2242,0.1322,33.3502
2019-07-24,0.658,0.2264,0.1156,32.516
2019-07-25,0.6721,0.2224,0.1055,31.3668
2019-07-26,0.6758,0.2189,0.1053,31.1035
2019-07-29,0.6786,0.2079,0.1135,30.2508
2019-07-30,0.6754,0.1949,0.1297,30.1839
2019-07-31,0.6767,0.193,0.1303,30.4999
2019-08-01,0.6758,0.1904,0.1338,30.6862
2019-08-02,0.6731,0.1833,0.1437,30.5989
2019-08-05,0.6594,0.183,0.1576,33.5011
2019-08-06,0.6579,0.1848,0.1573,33.1207
2019-08-07,0.6564,0.1852,0.1584,33.4219
2019-08-08,0.6391,0.1978,0.1631,34.4743
2019-08-09,0.6439,0.1948,0.1614,34.2517
2019-08-12,0.637,0.2005,0.1625,34.5435
2019-08-13,0.6335,0.2047,0.1618,34.6075
2019-08-14,0.6172,0.2222,0.1606,35.8482
2019-08-15,0.6217,0.2169,0.1613,35.6151
2019-08-16,0.6162,0.2256,0.1582,35.9651
2019-08-19,0.6139,0.2292,0.157,35.9069
2019-08-20,0.6015,0.2279,0.1706,37.2186
2019-08-21,0.6003,0.2258,0.1739,37.0574
2019-08-22,0.6021,0.2283,0.1696,37.5003
2019-08-23,0.6037,0.2239,0.1723,37.2503
2019-08-26,0.6027,0.2278,0.1694,37.2151
2019-08-27,0.5911,0.24,0.1689,37.5053
2019-08-28,0.6029,0.2188,0.1783,37.3467
2019-08-29,0.5973,0.2275,0.1753,37.511
2019-08-30,0.5956,0.2261,0.1783,37.846
2019-09-02,0.5909,0.2248,0.1844,37.8853
2019-09-03,0.5838,0.2254,0.1908,37.7821
2019-09-04,0.5865,0.2259,0.1876,37.7498
2019-09-05,0.589,0.2234,0.1876,37.6366
2019-09-06,0.5893,0.2235,0.1872,37.5423
2019-09-09,0.5881,0.2233,0.1886,37.7347
2019-09-10,0.5879,0.227,0.185,37.9187
2019-09-11,0.5866,0.2289,0.1845,37.9337
2019-09-12,0.5702,0.2451,0.1847,38.7944
2019-09-13,0.581,0.2397,0.1793,38.3668
2019-09-16,0.6259,0.1937,0.1803,37.3618
2019-09-17,0.634,0.1881,0.1779,37.1665
2019-09-18,0.6531,0.1698,0.1771,35.2665
2019-09-19,0.6676,0.1568,0.1756,34.3113
2019-09-20,0.6783,0.1454,0.1763,34.051
2019-09-23,0.6802,0.1438,0.1759,33.6312
2019-09-24,0.6764,0.1509,0.1727,34.2435
2019-09-25,0.6766,0.1489,0.1745,34.33
2019-09-26,0.6766,0.1493,0.1741,34.5189
2019-09-27,0.6686,0.1541,0.1773,34.6271
2019-09-30,0.6639,0.159,0.1771,34.7232
2019-10-01,0.6602,0.1634,0.1764,35.3851
2019-10-02,0.6607,0.1554,0.1839,35.6975
2019-10-03,0.6558,0.1603,0.184,36.2596
2019-10-04,0.6523,0.1713,0.1764,37.0724
2019-10-07,0.6548,0.1689,0.1763,37.0759
2019-10-08,0.6707,0.1475,0.1818,36.7187
2019-10-09,0.6816,0.1467,0.1716,36.1097
2019-10-10,0.6778,0.1514,0.1708,36.1932
2019-10-11,0.6679,0.1501,0.182,36.6742
2019-10-14,0.6895,0.1367,0.1738,35.4643
2019-10-15,0.6857,0.1359,0.1784,35.0995
2019-10-16,0.6906,0.1317,0.1778,34.5159
2019-10-17,0.7018,0.1199,0.1783,33.754
2019-10-18,0.6976,0.1251,0.1773,33.2961
2019-10-21,0.7027,0.1331,0.1642,32.4171
2019-10-22,0.6914,0.1419,0.1667,32.6352
2019-10-23,0.6958,0.1385,0.1657,32.5993
2019-10-24,0.6963,0.1377,0.166,32.7074
2019-10-25,0.6995,0.1393,0.1612,33.0298
2019-10-28,0.6809,0.1377,0.1814,33.6988
2019-10-29,0.6691,0.1407,0.1902,34.258
2019-10-30,0.6671,0.1424,0.1905,34.7052
2019-10-31,0.668,0.1509,0.1811,34.8427
2019-11-01,0.6813,0.1498,0.1689,33.98
2019-11-04,0.682,0.1525,0.1655,34.1322
2019-11-05,0.6786,0.1557,0.1657,34.1468
2019-11-06,0.6775,0.1568,0.1657,33.9723
2019-11-07,0.6767,0.1582,0.1651,34.3209
2019-11-08,0.6753,0.1582,0.1665,33.7626
2019-11-11,0.6528,0.1814,0.1659,35.5921
2019-11-12,0.6503,0.1811,0.1686,36.6182
2019-11-13,0.6445,0.1674,0.1881,35.616
2019-11-14,0.6158,0.2009,0.1833,36.5247
2019-11-15,0.6373,0.1757,0.1871,35.4319
2019-11-18,0.635,0.1767,0.1883,35.6544
2019-11-19,0.6293,0.1846,0.186,36.3753
2019-11-20,0.6413,0.1771,0.1816,35.539
2019-11-21,0.6503,0.1812,0.1685,35.419
2019-11-22,0.6471,0.1732,0.1797,35.802
2019-11-25,0.6586,0.1693,0.1721,35.3299
2019-11-26,0.675,0.1629,0.1621,34.6108
2019-11-27,0.6764,0.1629,0.1608,34.4093
2019-11-28,0.6743,0.1634,0.1623,34.5452
2019-11-29,0.6665,0.1649,0.1685,34.7451
2019-12-02,0.6692,0.1667,0.1642,34.2761
2019-12-03,0.6812,0.161,0.1578,33.407
2019-12-04,0.6741,0.1639,0.1621,33.5814
2019-12-05,0.6892,0.1607,0.1501,32.8467
2019-12-06,0.6885,0.1589,0.1526,32.5743
2019-12-09,0.6782,0.167,0.1548,33.0872
2019-12-10,0.6813,0.1688,0.1498,32.94
2019-12-11,0.6911,0.1695,0.1394,32.6602
2019-12-12,0.6923,0.1686,0.1391,32.7105
2019-12-13,0.6867,0.1687,0.1446,33.1576
2019-12-16,0.6926,0.1691,0.1383,32.9159
2019-12-17,0.695,0.1655,0.1394,33.066
2019-12-18,0.6943,0.1654,0.1403,33.2986
2019-12-19,0.6933,0.1658,0.1409,33.4778
2019-12-20,0.6733,0.2047,0.122,34.1855
2019-12-23,0.6809,0.1908,0.1283,34.2361
2019-12-24,0.6737,0.2077,0.1186,34.1972
2019-12-27,0.6696,0.2122,0.1182,34.6247
2019-12-30,0.68,0.2004,0.1196,34.3544
2019-12-31,0.6633,0.2184,0.1183,34.8815
2020-01-02,0.6844,0.2034,0.1122,33.9028
2020-01-03,0.6828,0.2033,0.1138,33.9819
2020-01-06,0.6819,0.2037,0.1145,34.0255
2020-01-07,0.6807,0.2052,0.1142,34.0979
2020-01-08,0.6638,0.2192,0.117,34.7016
2020-01-09,0.6753,0.2232,0.1016,33.5104
2020-01-10,0.6795,0.2249,0.0956,33.4887
2020-01-13,0.6794,0.2256,0.095,33.485
2020-01-14,0.6849,0.2251,0.09,33.3385
2020-01-15,0.6837,0.2236,0.0927,33.4653
2020-01-16,0.6893,0.2255,0.0853,32.2807
2020-01-17,0.6942,0.2158,0.09,32.5833
2020-01-20,0.683,0.2274,0.0895,33.0724
2020-01-21,0.6914,0.2208,0.0878,32.5121
2020-01-22,0.6781,0.205,0.1169,32.7764
2020-01-23,0.6755,0.2063,0.1181,33.3712
2020-01-24,0.6795,0.2007,0.1198,32.9072
2020-01-27,0.674,0.201,0.125,33.2691
2020-01-28,0.6703,0.204,0.1257,33.462
2020-01-29,0.6686,0.2044,0.127,33.5155
2020-01-30,0.6664,0.2051,0.1285,33.5613
2020-01-31,0.6645,0.2044,0.1311,33.9207
2020-02-03,0.6644,0.2048,0.1308,33.7585
2020-02-04,0.6651,0.2052,0.1296,33.9764
2020-02-05,0.6658,0.2053,0.1288,34.1593
2020-02-06,0.6836,0.1985,0.1179,32.9455
2020-02-07,0.687,0.1925,0.1205,32.6093
2020-02-10,0.692,0.1955,0.1125,33.7552
2020-02-11,0.6971,0.1769,0.126,33.6254
2020-02-12,0.6961,0.1783,0.1256,33.6379
2020-02-13,0.6981,0.1704,0.1315,33.5012
2020-02-14,0.6947,0.1745,0.1308,33.6903
2020-02-17,0.6975,0.1749,0.1276,33.2798
2020-02-18,0.6908,0.1844,0.1248,33.5563
2020-02-19,0.7047,0.172,0.1233,33.0382
2020-02-20,0.6946,0.1798,0.1255,33.0645
2020-02-21,0.6987,0.1757,0.1256,32.9283
2020-02-24,0.6546,0.1953,0.1502,36.3719
2020-02-25,0.639,0.2031,0.1579,37.4828
2020-02-26,0.6331,0.205,0.1619,37.7748
2020-02-27,0.6181,0.218,0.164,38.6446
2020-02-28,0.5959,0.2287,0.1754,40.0901
2020-03-02,0.5865,0.2292,0.1843,40.644
2020-03-03,0.575,0.2353,0.1897,41.1131
2020-03-04,0.558,0.251,0.191,42.194
2020-03-05,0.5725,0.2385,0.189,41.8338
2020-03-06,0.5581,0.2529,0.1891,42.1379
2020-03-09,0.5038,0.295,0.2011,45.1939
2020-03-10,0.4918,0.303,0.2052,46.0413
2020-03-11,0.4785,0.3127,0.2088,46.7407
2020-03-12,0.4404,0.3368,0.2228,49.1354
2020-03-13,0.4254,0.3447,0.2299,50.1654
2020-03-16,0.4029,0.3649,0.2322,50.7428
2020-03-17,0.4051,0.3607,0.2341,50.7548
2020-03-18,0.3954,0.3642,0.2404,51.4355
2020-03-19,0.4056,0.3566,0.2378,50.4457
2020-03-20,0.4084,0.3527,0.2389,50.5398
2020-03-23,0.4016,0.372,0.2265,50.2737
2020-03-24,0.3999,0.3625,0.2376,51.057
2020-03-25,0.4025,0.3609,0.2365,50.9036
2020-03-26,0.399,0.3613,0.2398,51.364
2020-03-27,0.3982,0.3622,0.2397,51.4739
2020-03-30,0.395,0.3585,0.2465,51.6475
2020-03-31,0.3935,0.3629,0.2436,51.2833
2020-04-01,0.3976,0.3655,0.237,51.2391
2020-04-02,0.3958,0.3648,0.2394,51.5371
2020-04-03,0.3967,0.3601,0.2432,51.6338
2020-04-06,0.3928,0.3714,0.2358,51.8434
2020-04-07,0.3896,0.3659,0.2445,52.0868
2020-04-08,0.3898,0.3656,0.2446,52.0665
2020-04-09,0.3879,0.3667,0.2454,52.2082
2020-04-14,0.39,0.3682,0.2419,52.3255
2020-04-15,0.3891,0.3674,0.2434,52.2491
2020-04-16,0.3929,0.3678,0.2393,52.0974
2020-04-17,0.3969,0.3661,0.237,51.843
2020-04-20,0.3995,0.3658,0.2347,51.8866
2020-04-21,0.4005,0.3643,0.2352,51.8437
2020-04-22,0.3983,0.365,0.2367,51.897
2020-04-23,0.3964,0.366,0.2376,51.9732
2020-04-24,0.4009,0.3655,0.2335,51.8092
2020-04-27,0.3987,0.3654,0.2359,51.7954
2020-04-28,0.4002,0.3684,0.2314,51.7828
2020-04-29,0.3992,0.3625,0.2383,51.9305
2020-04-30,0.3896,0.3646,0.2458,52.2515
2020-05-04,0.3813,0.3616,0.2571,52.4873
2020-05-05,0.3804,0.363,0.2566,52.3203
2020-05-06,0.3835,0.3599,0.2565,52.2132
2020-05-07,0.3878,0.3761,0.2361,51.815
2020-05-08,0.3925,0.3622,0.2453,51.7923
2020-05-11,0.3885,0.3714,0.2402,51.8916
2020-05-12,0.3903,0.3663,0.2434,52.2469
2020-05-13,0.396,0.3838,0.2202,51.0716
2020-05-14,0.3936,0.383,0.2234,51.176
2020-05-15,0.4007,0.3797,0.2196,50.9921
2020-05-18,0.3905,0.3831,0.2263,51.3115
2020-05-19,0.3905,0.3831,0.2264,51.2343
2020-05-20,0.3872,0.3898,0.223,51.1403
2020-05-21,0.3877,0.3912,0.2211,51.1062
2020-05-22,0.3907,0.3844,0.2249,51.2376
2020-05-25,0.396,0.4064,0.1975,51.0431
2020-05-26,0.3864,0.4048,0.2088,51.2268
2020-05-27,0.3836,0.4089,0.2075,51.2386
2020-05-28,0.3865,0.4029,0.2106,51.0327
2020-05-29,0.3883,0.4074,0.2043,50.4717
2020-06-01,0.3884,0.406,0.2057,50.4938
2020-06-02,0.3917,0.417,0.1913,50.3536
2020-06-03,0.3869,0.4085,0.2046,50.0389
2020-06-04,0.3859,0.4104,0.2037,49.7864
2020-06-05,0.3806,0.4001,0.2193,50.9055
2020-06-08,0.3817,0.4007,0.2176,51.0969
2020-06-09,0.3819,0.4039,0.2142,50.3152
2020-06-10,0.3863,0.4063,0.2074,49.9013
2020-06-11,0.376,0.4086,0.2154,51.148
2020-06-12,0.376,0.4089,0.2151,51.3006
2020-06-15,0.3761,0.4097,0.2142,51.3706
2020-06-16,0.3756,0.411,0.2133,51.4994
2020-06-17,0.3754,0.4125,0.2121,51.526
2020-06-18,0.3799,0.3989,0.2212,52.265
2020-06-19,0.3804,0.4009,0.2186,52.2904
2020-06-22,0.3917,0.3999,0.2084,51.5375
2020-06-23,0.3826,0.4115,0.2058,52.683
2020-06-24,0.3726,0.3952,0.2322,52.9535
2020-06-25,0.3653,0.3977,0.237,53.2543
2020-06-26,0.3703,0.395,0.2348,53.7755
2020-06-29,0.3714,0.3954,0.2333,54.1273
2020-06-30,0.3597,0.4051,0.2351,54.1295
2020-07-01,0.3761,0.3861,0.2379,53.7471
2020-07-02,0.3776,0.388,0.2345,53.3202
2020-07-03,0.3775,0.3881,0.2344,53.4818
2020-07-06,0.3765,0.389,0.2345,53.4755
2020-07-07,0.3779,0.3876,0.2345,53.627
2020-07-08,0.3771,0.3866,0.2363,53.7085
2020-07-09,0.3779,0.3872,0.2349,53.8051
2020-07-10,0.3823,0.3831,0.2346,53.6382
2020-07-13,0.3833,0.3818,0.2349,53.6362
2020-07-14,0.3813,0.3831,0.2355,53.6896
2020-07-15,0.3764,0.386,0.2376,53.8216
2020-07-16,0.3769,0.386,0.2371,53.8146
2020-07-17,0.3686,0.387,0.2444,53.9719
2020-07-20,0.3658,0.387,0.2472,53.758
2020-07-21,0.3666,0.3878,0.2456,53.8053
2020-07-22,0.36,0.3946,0.2454,53.9406
2020-07-23,0.3612,0.3935,0.2453,53.666
2020-07-24,0.3602,0.3947,0.2452,53.6509
2020-07-27,0.3571,0.398,0.245,53.8603
2020-07-28,0.3675,0.3865,0.246,53.8639
2020-07-29,0.3622,0.39,0.2478,53.8583
2020-07-30,0.3703,0.3893,0.2404,53.5469
2020-07-31,0.3658,0.392,0.2422,53.5881
2020-08-03,0.3635,0.3928,0.2437,53.4953
2020-08-04,0.3615,0.3957,0.2428,53.4983
2020-08-05,0.3679,0.3994,0.2327,53.0049
2020-08-06,0.3723,0.4071,0.2207,53.0977
2020-08-07,0.3702,0.4131,0.2167,52.9377
2020-08-10,0.3652,0.4179,0.2169,53.5646
2020-08-11,0.3702,0.3991,0.2307,53.5919
2020-08-12,0.3733,0.3884,0.2383,53.6816
2020-08-13,0.3728,0.3883,0.2389,53.6544
2020-08-14,0.3746,0.3878,0.2375,53.6214
2020-08-17,0.3746,0.3872,0.2382,53.6513
2020-08-18,0.3797,0.3792,0.2411,54.1553
2020-08-19,0.3833,0.3673,0.2494,54.7568
2020-08-20,0.3914,0.358,0.2506,54.37
2020-08-21,0.3955,0.3551,0.2494,54.3269
2020-08-24,0.4128,0.3316,0.2557,54.2056
2020-08-25,0.4039,0.3423,0.2538,54.053
2020-08-26,0.4062,0.337,0.2568,54.0795
2020-08-27,0.405,0.3387,0.2563,54.0372
2020-08-28,0.402,0.3415,0.2566,54.129
2020-08-31,0.398,0.3428,0.2592,54.4509
2020-09-01,0.4071,0.3425,0.2504,54.654
2020-09-02,0.3862,0.3523,0.2616,54.6104
2020-09-03,0.3692,0.3612,0.2697,54.7476
2020-09-04,0.3709,0.354,0.2752,55.0654
2020-09-07,0.3724,0.3475,0.28,55.2217
2020-09-08,0.3818,0.3379,0.2803,54.7588
2020-09-09,0.381,0.3301,0.2889,54.282
2020-09-10,0.418,0.3018,0.2802,53.6128
2020-09-11,0.4316,0.2905,0.2779,53.1894
2020-09-14,0.4434,0.2798,0.2768,52.687
2020-09-15,0.4363,0.2897,0.274,53.2972
2020-09-16,0.4414,0.2906,0.268,52.7111
2020-09-17,0.4387,0.2875,0.2738,52.8825
2020-09-18,0.4499,0.2924,0.2577,52.2719
2020-09-21,0.4654,0.301,0.2336,52.3151
2020-09-22,0.4631,0.3019,0.2349,52.1673
2020-09-23,0.4597,0.3021,0.2382,52.1797
2020-09-24,0.459,0.3022,0.2388,52.1048
2020-09-25,0.4606,0.3005,0.2389,52.1039
2020-09-28,0.4644,0.2994,0.2362,52.0005
2020-09-29,0.4703,0.2949,0.2348,51.8769
2020-09-30,0.4768,0.2903,0.233,51.6237
2020-10-01,0.4871,0.2833,0.2295,51.0864
2020-10-02,0.4918,0.2826,0.2256,50.9786
2020-10-05,0.4993,0.2747,0.226,51.0422
2020-10-06,0.4961,0.2826,0.2213,50.7041
2020-10-07,0.4847,0.2985,0.2168,50.5684
2020-10-08,0.4818,0.3021,0.216,50.5325
2020-10-09,0.4826,0.2984,0.219,50.4813
2020-10-12,0.4858,0.2936,0.2206,50.3177
2020-10-13,0.4837,0.2869,0.2293,50.4076
2020-10-14,0.4877,0.2706,0.2417,50.5538
2020-10-15,0.4904,0.2679,0.2417,50.0986
2020-10-16,0.4902,0.2677,0.2421,50.1439
2020-10-19,0.4899,0.2682,0.242,50.0218
2020-10-20,0.4931,0.2699,0.2369,49.9127
2020-10-21,0.4824,0.2634,0.2542,50.4094
2020-10-22,0.4815,0.2638,0.2547,50.5439
2020-10-23,0.4826,0.265,0.2524,50.4223
2020-10-26,0.4839,0.266,0.2501,50.1196
2020-10-27,0.4922,0.2692,0.2386,49.7201
2020-10-28,0.4905,0.2684,0.2411,49.5324
2020-10-29,0.4854,0.2715,0.2431,49.9974
2020-10-30,0.4849,0.2698,0.2453,50.2602
2020-11-02,0.4845,0.2698,0.2457,50.2107
2020-11-03,0.4839,0.27,0.2461,50.3688
2020-11-04,0.4835,0.2708,0.2457,50.3194
2020-11-05,0.4841,0.2718,0.2441,50.2573
2020-11-06,0.4837,0.2709,0.2454,50.2143
2020-11-09,0.4828,0.2709,0.2463,50.1978
2020-11-10,0.4834,0.2716,0.245,50.1852
2020-11-11,0.4823,0.2731,0.2445,49.9744
2020-11-12,0.4817,0.2759,0.2424,49.2806
2020-11-13,0.482,0.2707,0.2474,49.4347
2020-11-16,0.4829,0.279,0.2382,49.2135
2020-11-17,0.4839,0.2782,0.2379,48.974
2020-11-18,0.4838,0.2787,0.2375,48.8816
2020-11-19,0.4875,0.2771,0.2354,48.5382
2020-11-20,0.4952,0.2702,0.2346,48.0943
2020-11-23,0.5093,0.2604,0.2303,47.4543
2020-11-24,0.5006,0.2615,0.2379,47.1166
2020-11-25,0.4953,0.2605,0.2442,47.6748
2020-11-26,0.4861,0.2591,0.2548,48.215
2020-11-27,0.4988,0.2457,0.2555,47.0449
2020-11-30,0.5009,0.2371,0.262,46.5151
2020-12-01,0.4976,0.2353,0.267,47.4275
2020-12-02,0.498,0.228,0.2739,46.9452
2020-12-03,0.507,0.2298,0.2632,46.1834
2020-12-04,0.5202,0.2334,0.2464,45.7423
2020-12-07,0.5249,0.2339,0.2412,45.6036
2020-12-08,0.5213,0.2332,0.2455,45.381
2020-12-09,0.5228,0.2408,0.2364,45.1658
2020-12-10,0.5123,0.2445,0.2433,45.2811
2020-12-11,0.5174,0.2264,0.2563,45.0308
2020-12-14,0.5259,0.2204,0.2537,44.5528
2020-12-15,0.5293,0.2177,0.2531,44.0907
2020-12-16,0.5523,0.1997,0.248,42.312
2020-12-17,0.5592,0.1945,0.2463,41.5021
2020-12-18,0.5666,0.1901,0.2433,40.966
2020-12-21,0.5715,0.1827,0.2458,39.9962
2020-12-22,0.5846,0.169,0.2463,38.2604
2020-12-23,0.5829,0.1656,0.2515,38.389
2020-12-24,0.5863,0.1612,0.2525,37.2931
2020-12-29,0.5879,0.156,0.2561,36.7881
2020-12-30,0.5852,0.1655,0.2493,35.7423
2020-12-31,0.5944,0.153,0.2526,35.9098
2021-01-04,0.604,0.1445,0.2515,35.7412
2021-01-05,0.6191,0.1364,0.2445,34.1789
2021-01-06,0.6451,0.1285,0.2265,33.6492
2021-01-07,0.647,0.1282,0.2248,35.1971
2021-01-08,0.6474,0.1263,0.2263,34.149
2021-01-11,0.6534,0.1243,0.2223,33.6768
2021-01-12,0.6562,0.1251,0.2187,33.6522
2021-01-13,0.6301,0.1207,0.2491,33.2596
2021-01-14,0.6262,0.1187,0.2552,33.9516
2021-01-15,0.6269,0.1182,0.2549,33.8407
2021-01-18,0.6335,0.1116,0.2549,33.48
2021-01-19,0.6375,0.1065,0.256,32.8224
2021-01-20,0.6405,0.1012,0.2583,32.5733
2021-01-21,0.6433,0.0974,0.2593,32.7074
2021-01-22,0.6525,0.0968,0.2507,32.1486
2021-01-25,0.6599,0.0959,0.2442,31.691
2021-01-26,0.6632,0.0934,0.2434,30.9344
2021-01-27,0.6636,0.0929,0.2435,31.0125
2021-01-28,0.6653,0.094,0.2408,30.827
2021-01-29,0.6608,0.0978,0.2414,31.2159
2021-02-01,0.6657,0.0947,0.2397,30.8927
2021-02-02,0.663,0.0987,0.2382,31.143
2021-02-03,0.6668,0.097,0.2362,30.6566
2021-02-04,0.6692,0.0965,0.2343,30.2424
2021-02-05,0.6729,0.0978,0.2292,29.9732
2021-02-08,0.6735,0.0988,0.2277,29.9086
2021-02-09,0.6583,0.1083,0.2334,30.4907
2021-02-10,0.6587,0.1101,0.2312,31.6717
2021-02-11,0.6573,0.1128,0.2299,32.2184
2021-02-12,0.6583,0.1109,0.2307,32.2778
2021-02-15,0.6591,0.1093,0.2316,32.6925
2021-02-16,0.6572,0.1096,0.2332,32.6018
2021-02-17,0.6509,0.115,0.234,32.5728
2021-02-18,0.6464,0.1173,0.2363,33.0075
2021-02-19,0.6737,0.1017,0.2246,31.1326
2021-02-22,0.6791,0.1009,0.22,30.6632
2021-02-23,0.6799,0.102,0.2181,30.5781
2021-02-24,0.6826,0.1031,0.2143,30.1874
2021-02-25,0.6852,0.1043,0.2105,29.3264
2021-02-26,0.6863,0.0857,0.2281,29.8849
2021-03-01,0.6855,0.0959,0.2185,29.9951
2021-03-02,0.6856,0.0987,0.2158,29.7242
2021-03-03,0.6894,0.1051,0.2055,29.3148
2021-03-04,0.692,0.1059,0.2021,29.1149
2021-03-05,0.6961,0.1091,0.1948,29.0351
2021-03-08,0.6906,0.1046,0.2048,30.1014
2021-03-09,0.6985,0.1125,0.1891,30.2933
2021-03-10,0.6986,0.1135,0.1879,30.3826
2021-03-11,0.7069,0.1139,0.1792,28.8651
2021-03-12,0.7049,0.1156,0.1796,28.6115
2021-03-15,0.7099,0.1171,0.173,28.2572
2021-03-16,0.7045,0.1178,0.1776,28.776
2021-03-17,0.7299,0.1053,0.1648,25.5567
2021-03-18,0.7351,0.1003,0.1647,24.672
2021-03-19,0.7377,0.0991,0.1632,24.3802
2021-03-22,0.7429,0.0943,0.1627,23.7321
2021-03-23,0.7486,0.091,0.1605,22.9721
2021-03-24,0.7509,0.0863,0.1628,23.8024
2021-03-25,0.7476,0.0888,0.1635,24.7709
2021-03-26,0.7477,0.0912,0.1612,23.6451
2021-03-29,0.7585,0.0701,0.1714,23.3959
2021-03-30,0.7806,0.0667,0.1527,21.2011
2021-03-31,0.7823,0.0652,0.1525,21.1228
2021-04-01,0.7823,0.0647,0.1529,20.7535
2021-04-06,0.7787,0.0672,0.154,21.5023
2021-04-07,0.7803,0.0674,0.1523,21.4016
2021-04-08,0.7684,0.078,0.1535,22.2945
2021-04-09,0.7786,0.0702,0.1512,21.4569
2021-04-12,0.7847,0.0689,0.1465,22.8338
2021-04-13,0.7757,0.0711,0.1532,23.9691
2021-04-14,0.7693,0.0705,0.1602,24.0395
2021-04-15,0.7676,0.067,0.1654,22.8993
2021-04-16,0.769,0.0712,0.1598,22.8632
2021-04-19,0.7676,0.0694,0.163,22.8982
2021-04-20,0.77,0.0697,0.1603,22.7983
2021-04-21,0.7706,0.0697,0.1597,22.8498
2021-04-22,0.7715,0.0693,0.1592,22.5771
2021-04-23,0.7716,0.0691,0.1593,22.5665
2021-04-26,0.772,0.069,0.1589,22.6464
2021-04-27,0.7624,0.0677,0.1699,23.2067
2021-04-28,0.76,0.0694,0.1706,23.9023
2021-04-29,0.7737,0.0541,0.1722,23.3801
2021-04-30,0.7747,0.054,0.1713,24.0422
2021-05-04,0.7833,0.0521,0.1646,23.3454
2021-05-05,0.7756,0.0451,0.1793,23.3967
2021-05-06,0.7755,0.0447,0.1798,23.3144
2021-05-07,0.7743,0.0445,0.1812,23.4813
2021-05-10,0.7753,0.0448,0.18,23.7338
2021-05-11,0.7686,0.0436,0.1877,24.0014
2021-05-12,0.7783,0.0407,0.181,23.9143
2021-05-13,0.7779,0.0416,0.1805,24.0782
2021-05-14,0.7772,0.0446,0.1781,24.8014
2021-05-17,0.7759,0.0448,0.1793,24.8426
2021-05-18,0.773,0.0427,0.1844,25.1734
2021-05-19,0.7792,0.036,0.1849,24.8322
2021-05-20,0.78,0.0382,0.1818,24.6054
2021-05-21,0.7802,0.0376,0.1821,24.1486
2021-05-24,0.7786,0.0371,0.1843,24.5163
2021-05-25,0.7787,0.0367,0.1846,24.4414
2021-05-26,0.7785,0.0385,0.183,24.492
2021-05-27,0.7848,0.0367,0.1784,24.4577
2021-05-28,0.7837,0.0347,0.1816,23.9871
2021-05-31,0.7672,0.0538,0.179,25.3554
2021-06-01,0.7599,0.0617,0.1784,25.0036
2021-06-02,0.7611,0.0603,0.1786,24.3704
2021-06-03,0.7536,0.0673,0.1791,24.8568
2021-06-04,0.7543,0.0692,0.1764,24.6298
2021-06-07,0.7639,0.0673,0.1688,25.4268
2021-06-08,0.7619,0.0651,0.173,27.3018
2021-06-09,0.7616,0.064,0.1744,27.2612
2021-06-10,0.7574,0.0654,0.1773,27.3258
2021-06-11,0.7506,0.0671,0.1823,29.3137
2021-06-14,0.7605,0.0607,0.1788,29.3015
2021-06-15,0.7567,0.0634,0.1799,29.4437
2021-06-16,0.7438,0.0705,0.1857,30.0994
2021-06-17,0.7289,0.0806,0.1905,31.2487
2021-06-18,0.7368,0.0731,0.1901,31.5497
2021-06-21,0.7088,0.0891,0.2021,32.3923
2021-06-22,0.7005,0.0936,0.2059,33.0716
2021-06-23,0.6957,0.0975,0.2068,33.6446
2021-06-24,0.7145,0.0817,0.2038,33.2595
2021-06-25,0.7011,0.0857,0.2132,34.4466
2021-06-28,0.7057,0.0788,0.2155,33.5565
2021-06-29,0.7009,0.0757,0.2234,33.52
2021-06-30,0.7006,0.0681,0.2313,32.3789
2021-07-01,0.7024,0.0667,0.2309,32.1154
2021-07-02,0.7112,0.0599,0.2289,31.9124
2021-07-05,0.708,0.065,0.227,31.8483
2021-07-06,0.7113,0.0642,0.2245,31.463
2021-07-07,0.6982,0.0684,0.2334,31.9392
2021-07-08,0.6994,0.0642,0.2364,31.991
2021-07-09,0.6972,0.064,0.2388,32.2538
2021-07-12,0.6976,0.0646,0.2378,31.9893
2021-07-13,0.6918,0.0665,0.2417,32.1276
2021-07-14,0.6704,0.0795,0.2501,32.1639
2021-07-15,0.6881,0.0738,0.2381,32.3587
2021-07-16,0.6948,0.0703,0.2349,33.4052
2021-07-19,0.6674,0.0721,0.2604,34.294
2021-07-20,0.6616,0.0783,0.2601,35.0053
2021-07-21,0.659,0.0811,0.2599,35.5518
2021-07-22,0.6593,0.0841,0.2566,35.4693
2021-07-23,0.6564,0.0928,0.2508,35.6895
2021-07-26,0.6593,0.0877,0.2529,35.2109
2021-07-27,0.6597,0.0872,0.253,34.9975
2021-07-28,0.65,0.093,0.2569,35.3494
2021-07-29,0.6423,0.0969,0.2609,35.6704
2021-07-30,0.6484,0.0981,0.2535,36.0138
2021-08-02,0.6395,0.0997,0.2608,36.2632
2021-08-03,0.6402,0.0994,0.2605,36.0691
2021-08-04,0.6522,0.0951,0.2526,35.5946
2021-08-05,0.6592,0.0935,0.2473,35.3606
2021-08-06,0.6743,0.0863,0.2394,34.6256
2021-08-09,0.6887,0.0786,0.2327,33.8622
2021-08-10,0.7015,0.0742,0.2243,33.1498
2021-08-11,0.7086,0.0739,0.2175,32.3315
2021-08-12,0.7227,0.067,0.2104,30.992
2021-08-13,0.7193,0.069,0.2116,31.1971
2021-08-16,0.723,0.0665,0.2105,30.4298
2021-08-17,0.7067,0.0745,0.2188,30.6581
2021-08-18,0.7147,0.0714,0.2139,29.78
2021-08-19,0.7142,0.0695,0.2163,29.6936
2021-08-20,0.7208,0.0684,0.2108,29.5654
2021-08-23,0.7258,0.067,0.2072,29.6372
2021-08-24,0.7332,0.0667,0.2001,28.5853
2021-08-25,0.7265,0.0672,0.2063,29.1384
2021-08-26,0.7217,0.0651,0.2132,29.0446
2021-08-27,0.7197,0.064,0.2163,28.7747
2021-08-30,0.7178,0.0634,0.2188,29.1683
2021-08-31,0.7166,0.0626,0.2208,29.2282
2021-09-01,0.7033,0.0592,0.2375,30.134
2021-09-02,0.6977,0.0576,0.2447,30.7473
2021-09-03,0.6918,0.0596,0.2486,32.6321
2021-09-06,0.6969,0.061,0.242,32.2106
2021-09-07,0.7005,0.0707,0.2288,31.8055
2021-09-08,0.6898,0.0552,0.255,31.2946
2021-09-09,0.69,0.057,0.253,30.6316
2021-09-10,0.6891,0.0589,0.252,30.8715
2021-09-13,0.6902,0.0526,0.2572,31.3152
2021-09-14,0.6837,0.0492,0.2671,31.6282
2021-09-15,0.6812,0.049,0.2699,32.0267
2021-09-16,0.6942,0.048,0.2578,32.1213
2021-09-17,0.6871,0.0493,0.2636,32.7308
2021-09-20,0.6861,0.0523,0.2615,33.7351
2021-09-21,0.6961,0.046,0.258,33.3908
2021-09-22,0.6941,0.0471,0.2588,33.4311
2021-09-23,0.6953,0.047,0.2577,33.6612
2021-09-24,0.6938,0.0475,0.2587,33.8301
2021-09-27,0.6924,0.0485,0.2591,33.6711
2021-09-28,0.6771,0.0517,0.2711,34.8366
2021-09-29,0.6871,0.0495,0.2635,34.9089
2021-09-30,0.684,0.0493,0.2667,35.7467
2021-10-01,0.687,0.053,0.2599,35.955
2021-10-04,0.6889,0.0554,0.2557,36.5052
2021-10-05,0.7083,0.0514,0.2402,36.9195
2021-10-06,0.7009,0.0477,0.2514,38.003
2021-10-07,0.6906,0.0644,0.245,37.5885
2021-10-08,0.6878,0.0683,0.2439,36.6306
2021-10-11,0.6814,0.0689,0.2497,37.463
2021-10-12,0.6643,0.0732,0.2625,36.7158
2021-10-13,0.6614,0.0741,0.2645,36.5573
2021-10-14,0.6648,0.0737,0.2616,36.8764
2021-10-15,0.6594,0.0753,0.2653,37.0765
2021-10-18,0.6524,0.078,0.2696,37.4014
2021-10-19,0.6792,0.0726,0.2482,36.9949
2021-10-20,0.687,0.0686,0.2443,36.7288
2021-10-21,0.6826,0.0716,0.2458,37.0607
2021-10-22,0.6812,0.0729,0.2459,37.0882
2021-10-25,0.6806,0.0731,0.2463,37.0006
2021-10-26,0.679,0.0742,0.2468,37.3641
2021-10-27,0.6763,0.0748,0.2489,37.3973
2021-10-28,0.671,0.0716,0.2573,37.6409
2021-10-29,0.6712,0.0659,0.2629,37.4349
2021-11-01,0.6722,0.0652,0.2626,37.3167
2021-11-02,0.6776,0.0617,0.2607,36.6079
2021-11-03,0.6789,0.0597,0.2613,36.5031
2021-11-04,0.6802,0.0584,0.2614,36.218
2021-11-05,0.6794,0.0587,0.2618,36.0333
2021-11-08,0.6838,0.0548,0.2613,35.648
2021-11-09,0.6786,0.0571,0.2643,36.2313
2021-11-10,0.6738,0.0556,0.2706,35.94
2021-11-11,0.6532,0.0508,0.2961,37.8168
2021-11-12,0.649,0.0471,0.3039,37.2988
2021-11-15,0.6486,0.0578,0.2936,35.5154
2021-11-16,0.6549,0.0523,0.2929,35.4818
2021-11-17,0.6576,0.0513,0.2911,35.8091
2021-11-18,0.6571,0.0498,0.2931,35.8999
2021-11-19,0.6563,0.0507,0.293,36.4868
2021-11-22,0.6545,0.0514,0.2941,36.4857
2021-11-23,0.6549,0.0512,0.2939,36.571
2021-11-24,0.6571,0.0581,0.2848,36.6284
2021-11-25,0.6548,0.0718,0.2734,37.2662
2021-11-26,0.5782,0.0862,0.3356,40.4218
2021-11-29,0.5759,0.0868,0.3373,40.5363
2021-11-30,0.5738,0.088,0.3381,40.5436
2021-12-01,0.5691,0.0883,0.3426,40.9672
2021-12-02,0.5658,0.0906,0.3436,41.625
2021-12-03,0.583,0.0773,0.3397,40.2735
2021-12-06,0.5695,0.0822,0.3483,41.005
2021-12-07,0.5621,0.0798,0.3581,41.8628
2021-12-08,0.5598,0.0781,0.3621,42.131
2021-12-09,0.5559,0.0721,0.372,42.1284
2021-12-10,0.5528,0.0676,0.3796,41.6422
2021-12-13,0.5544,0.0648,0.3808,41.399
2021-12-14,0.5557,0.0657,0.3785,41.319
2021-12-15,0.558,0.0634,0.3785,40.9898
2021-12-16,0.5565,0.0671,0.3764,41.3069
2021-12-17,0.5526,0.0682,0.3791,41.6734
2021-12-20,0.5474,0.0722,0.3803,41.9387
2021-12-21,0.5372,0.0799,0.3829,42.2191
2021-12-22,0.5355,0.0808,0.3837,42.4279
2021-12-23,0.5347,0.0812,0.3841,42.6183
2021-12-24,0.531,0.0847,0.3843,42.8997
2021-12-29,0.53,0.0855,0.3845,42.8354
2021-12-30,0.5287,0.0869,0.3843,42.6755
2021-12-31,0.527,0.0879,0.3851,42.2002
2022-01-04,0.5305,0.0826,0.3869,42.2438
2022-01-05,0.5369,0.079,0.3841,42.4296
2022-01-06,0.5399,0.0766,0.3835,42.5384
2022-01-07,0.5389,0.0789,0.3823,42.763
2022-01-10,0.538,0.0808,0.3812,43.105
2022-01-11,0.5355,0.0801,0.3844,42.8122
2022-01-12,0.5353,0.0801,0.3846,42.7524
2022-01-13,0.5279,0.0832,0.3888,42.5139
2022-01-14,0.5201,0.0876,0.3923,42.9812
2022-01-17,0.5205,0.0875,0.392,42.2075
2022-01-18,0.5239,0.0886,0.3875,41.4308
2022-01-19,0.526,0.0909,0.3831,41.5459
2022-01-20,0.524,0.0927,0.3833,42.9431
2022-01-21,0.5157,0.0868,0.3975,43.2354
2022-01-24,0.5029,0.1058,0.3913,44.8777
2022-01-25,0.5062,0.1008,0.3931,44.6119
2022-01-26,0.5037,0.1024,0.3939,44.9641
2022-01-27,0.5021,0.1028,0.395,45.1102
2022-01-28,0.4999,0.1033,0.3968,45.5481
2022-01-31,0.5083,0.0993,0.3924,45.2155
2022-02-01,0.5061,0.1042,0.3898,45.2671
2022-02-02,0.5104,0.1012,0.3883,45.1218
2022-02-03,0.5038,0.1091,0.3871,45.437
2022-02-04,0.5022,0.1114,0.3864,45.4517
2022-02-07,0.5006,0.1096,0.3898,45.7883
2022-02-08,0.509,0.1085,0.3825,45.4926
2022-02-09,0.5055,0.114,0.3806,45.829
2022-02-10,0.5064,0.1138,0.3798,45.8554
2022-02-11,0.5084,0.1147,0.3768,45.4354
2022-02-14,0.5054,0.1249,0.3697,46.0431
2022-02-15,0.5021,0.1283,0.3696,46.2368
2022-02-16,0.5062,0.1243,0.3695,45.941
2022-02-17,0.5081,0.1222,0.3697,45.7772
2022-02-18,0.5061,0.1235,0.3704,45.8826
2022-02-21,0.5021,0.1342,0.3638,46.2849
2022-02-22,0.5066,0.1281,0.3652,46.0047
2022-02-23,0.5064,0.1283,0.3654,45.9265
2022-02-24,0.4944,0.1326,0.373,46.5994
2022-02-25,0.4895,0.1345,0.376,47.2475
2022-02-28,0.4888,0.1348,0.3764,47.3697
2022-03-01,0.4819,0.1356,0.3825,48.1133
2022-03-02,0.487,0.126,0.3871,47.8331
2022-03-03,0.4867,0.1249,0.3885,47.941
2022-03-04,0.4849,0.1236,0.3914,48.3221
2022-03-07,0.4792,0.128,0.3928,50.075
2022-03-08,0.4824,0.1203,0.3973,50.0202
2022-03-09,0.4821,0.1149,0.403,51.2456
2022-03-10,0.4801,0.1114,0.4085,50.9557
2022-03-11,0.4766,0.103,0.4204,50.8523
2022-03-14,0.4713,0.0935,0.4352,49.273
2022-03-15,0.4694,0.0906,0.4401,49.5886
2022-03-16,0.4706,0.0947,0.4347,49.1817
2022-03-17,0.4674,0.0981,0.4346,49.2967
2022-03-18,0.4673,0.0983,0.4343,49.2386
2022-03-21,0.4667,0.0988,0.4345,49.2252
2022-03-22,0.4664,0.099,0.4346,49.2846
2022-03-23,0.4662,0.0982,0.4356,49.1767
2022-03-24,0.4636,0.1015,0.4349,48.9083
2022-03-25,0.4643,0.1022,0.4334,48.8746
2022-03-28,0.4649,0.1035,0.4317,48.9218
2022-03-29,0.4669,0.1101,0.423,49.3618
2022-03-30,0.4696,0.1106,0.4197,49.1465
2022-03-31,0.4707,0.1105,0.4188,49.2285
2022-04-01,0.4714,0.1127,0.4159,49.6857
2022-04-04,0.4682,0.1169,0.4149,50.1309
2022-04-05,0.4619,0.1233,0.4148,50.0312
2022-04-06,0.4632,0.1235,0.4133,50.3653
2022-04-07,0.4596,0.1273,0.4131,50.0849
2022-04-08,0.4673,0.1204,0.4123,49.9046
2022-04-11,0.4687,0.1207,0.4106,50.0847
2022-04-12,0.4689,0.1198,0.4112,50.1005
2022-04-13,0.465,0.1225,0.4125,50.0766
2022-04-14,0.4651,0.1248,0.4102,49.9636
2022-04-19,0.4658,0.119,0.4152,49.7943
2022-04-20,0.4691,0.1208,0.4101,49.918
2022-04-21,0.4697,0.1263,0.4039,49.872
2022-04-22,0.468,0.1243,0.4078,50.3182
2022-04-25,0.4651,0.114,0.421,49.8383
2022-04-26,0.4747,0.1252,0.4001,49.6726
2022-04-27,0.4781,0.1207,0.4011,49.401
2022-04-28,0.4802,0.1186,0.4011,49.1359
2022-04-29,0.4869,0.1109,0.4021,48.5508
2022-05-03,0.4935,0.1001,0.4064,48.0575
2022-05-04,0.5053,0.085,0.4096,47.4999
2022-05-05,0.4995,0.0956,0.4049,46.7571
2022-05-06,0.5041,0.0928,0.4032,46.3312
2022-05-09,0.4996,0.107,0.3934,46.3086
2022-05-10,0.5021,0.1032,0.3947,45.467
2022-05-11,0.5011,0.1061,0.3928,45.4216
2022-05-12,0.5017,0.1038,0.3945,45.3466
2022-05-13,0.4996,0.1066,0.3938,45.7639
2022-05-16,0.4994,0.1044,0.3962,45.7314
2022-05-17,0.4979,0.1051,0.3971,45.5049
2022-05-18,0.4988,0.1039,0.3973,45.2167
2022-05-19,0.4941,0.1109,0.3949,45.5555
2022-05-20,0.4999,0.1008,0.3993,45.7719
2022-05-23,0.4856,0.1127,0.4017,46.3469
2022-05-24,0.4724,0.1233,0.4043,46.6039
2022-05-25,0.4634,0.1278,0.4088,47.2053
2022-05-26,0.4732,0.1249,0.4019,46.7762
2022-05-27,0.4765,0.1262,0.3973,46.6725
2022-05-30,0.4772,0.1219,0.4009,46.4376
2022-05-31,0.4778,0.1207,0.4015,46.4418
2022-06-01,0.4768,0.124,0.3991,46.5018
2022-06-02,0.4771,0.1243,0.3986,46.4583
2022-06-03,0.4763,0.1238,0.3999,46.3579
2022-06-06,0.4827,0.1208,0.3965,46.3171
2022-06-07,0.4857,0.1206,0.3938,46.1644
2022-06-08,0.4841,0.1165,0.3994,45.818
2022-06-09,0.4825,0.1161,0.4015,45.2561
2022-06-10,0.4712,0.1352,0.3936,45.4383
2022-06-13,0.4722,0.1399,0.3879,45.1844
2022-06-14,0.4777,0.1388,0.3836,43.6404
2022-06-15,0.4663,0.149,0.3847,44.5064
2022-06-16,0.4664,0.1374,0.3962,45.1283
2022-06-17,0.4745,0.1569,0.3686,45.6694
2022-06-20,0.4789,0.15,0.3711,45.7936
2022-06-21,0.4808,0.149,0.3701,45.3715
2022-06-22,0.4826,0.1501,0.3673,45.298
2022-06-23,0.4906,0.1479,0.3615,45.9215
2022-06-24,0.4835,0.1473,0.3693,45.5881
2022-06-27,0.4764,0.1516,0.3719,45.9305
2022-06-28,0.4709,0.1544,0.3747,46.0738
2022-06-29,0.4653,0.1588,0.3759,45.5808
2022-06-30,0.4654,0.1588,0.3757,45.4792
2022-07-01,0.4657,0.1575,0.3768,45.8082
2022-07-04,0.4655,0.1575,0.377,45.7696
2022-07-05,0.4681,0.1515,0.3804,45.2302
2022-07-06,0.4696,0.1459,0.3845,44.999
2022-07-07,0.4677,0.147,0.3853,44.9906
2022-07-08,0.4675,0.1438,0.3887,44.7747
2022-07-11,0.4677,0.14,0.3922,44.503
2022-07-12,0.4675,0.1443,0.3882,44.6241
2022-07-13,0.4668,0.1434,0.3898,44.6927
2022-07-14,0.4573,0.1493,0.3934,44.1656
2022-07-15,0.4602,0.1442,0.3956,44.5062
2022-07-18,0.4598,0.1453,0.3949,44.6386
2022-07-19,0.4519,0.1457,0.4025,44.9324
2022-07-20,0.4557,0.1425,0.4018,44.5904
2022-07-21,0.4564,0.1378,0.4058,44.4981
2022-07-22,0.4609,0.1293,0.4098,44.5633
2022-07-25,0.4592,0.1285,0.4123,44.7786
2022-07-26,0.4593,0.1362,0.4045,46.5316
2022-07-27,0.4645,0.1364,0.3991,45.9115
2022-07-28,0.4659,0.1386,0.3955,45.6459
2022-07-29,0.4665,0.1422,0.3913,45.6408
2022-08-01,0.4682,0.1369,0.3949,44.5577
2022-08-02,0.4735,0.1294,0.3971,43.7753
2022-08-03,0.4807,0.123,0.3964,43.5067
2022-08-04,0.4674,0.1357,0.3969,44.431
2022-08-05,0.4584,0.1429,0.3987,44.9172
2022-08-08,0.4637,0.14,0.3962,44.7817
2022-08-09,0.4687,0.1368,0.3945,44.6547
2022-08-10,0.4705,0.1358,0.3937,44.6461
2022-08-11,0.4714,0.1341,0.3945,44.4507
2022-08-12,0.4763,0.133,0.3907,44.1687
2022-08-15,0.4769,0.1328,0.3904,43.8407
2022-08-16,0.478,0.1301,0.3919,43.5775
2022-08-17,0.4854,0.1219,0.3927,43.133
2022-08-18,0.4964,0.1107,0.3928,41.9445
2022-08-19,0.5029,0.111,0.3862,41.6072
2022-08-22,0.5205,0.1088,0.3707,40.2834
2022-08-23,0.5297,0.1107,0.3596,40.0183
2022-08-24,0.5355,0.1086,0.3559,39.881
2022-08-25,0.5386,0.108,0.3534,40.0868
2022-08-26,0.5296,0.1098,0.3606,39.2892
2022-08-29,0.54,0.1056,0.3544,38.6282
2022-08-30,0.5522,0.098,0.3498,37.2917
2022-08-31,0.5622,0.0895,0.3483,36.5122
2022-09-01,0.5651,0.0829,0.3519,36.3611
2022-09-02,0.5746,0.0619,0.3636,34.5348
2022-09-05,0.5741,0.0505,0.3754,33.3071
2022-09-06,0.6162,0.0445,0.3393,30.8421
2022-09-07,0.6161,0.0433,0.3406,31.0295
2022-09-08,0.6178,0.0446,0.3377,30.9351
2022-09-09,0.6197,0.0446,0.3358,30.8537
2022-09-12,0.6218,0.0439,0.3343,30.583
2022-09-13,0.6079,0.0498,0.3423,31.3448
2022-09-14,0.616,0.0497,0.3343,31.3365
2022-09-15,0.6171,0.0513,0.3316,31.4633
2022-09-16,0.6163,0.0507,0.333,31.608
2022-09-19,0.6175,0.0501,0.3324,31.2837
2022-09-20,0.6173,0.0482,0.3344,31.4755
2022-09-21,0.6152,0.047,0.3379,31.494
2022-09-22,0.623,0.0391,0.3379,30.0303
2022-09-23,0.6248,0.0391,0.3362,30.2472
2022-09-26,0.6232,0.039,0.3378,30.4349
2022-09-27,0.6234,0.0383,0.3384,30.3872
2022-09-28,0.6211,0.0381,0.3408,30.7378
2022-09-29,0.6256,0.0388,0.3355,30.6943
2022-09-30,0.6263,0.0389,0.3348,30.4955
2022-10-03,0.6269,0.0393,0.3338,30.4207
2022-10-04,0.6251,0.0497,0.3253,31.5943
2022-10-05,0.6266,0.0508,0.3225,31.4686
2022-10-06,0.6384,0.0403,0.3212,30.2314
2022-10-07,0.6424,0.0396,0.3181,29.6422
2022-10-10,0.6245,0.0609,0.3145,30.4617
2022-10-11,0.6068,0.062,0.3312,30.8201
2022-10-12,0.6067,0.0602,0.333,30.7662
2022-10-13,0.6102,0.0631,0.3267,30.6002
2022-10-14,0.6107,0.0624,0.3268,30.3655
2022-10-17,0.6109,0.066,0.3231,30.8126
2022-10-18,0.6093,0.0621,0.3285,29.7524
2022-10-19,0.6101,0.058,0.3319,29.426
2022-10-20,0.6058,0.0634,0.3308,29.6146
2022-10-21,0.6107,0.0598,0.3295,29.2061
2022-10-24,0.6057,0.0599,0.3344,29.5076
2022-10-25,0.6162,0.0605,0.3232,29.2517
2022-10-26,0.6186,0.0607,0.3207,29.0481
2022-10-27,0.6165,0.0613,0.3222,29.238
2022-10-28,0.6253,0.0598,0.3149,28.8708
2022-10-31,0.6269,0.0599,0.3132,28.7241
2022-11-01,0.612,0.057,0.331,28.8791
2022-11-02,0.6135,0.056,0.3305,28.7282
2022-11-03,0.6145,0.0566,0.3289,28.3396
2022-11-04,0.6106,0.0633,0.3261,27.9727
2022-11-07,0.6124,0.0623,0.3254,28.0142
2022-11-08,0.6096,0.064,0.3264,27.8874
2022-11-09,0.6135,0.061,0.3255,27.8033
2022-11-10,0.6047,0.0663,0.329,28.7993
2022-11-11,0.6063,0.0651,0.3286,28.7089
2022-11-14,0.61,0.0621,0.3278,28.5759
2022-11-15,0.6094,0.0628,0.3278,28.5644
2022-11-16,0.6099,0.0621,0.3281,28.484
2022-11-17,0.6006,0.074,0.3254,31.0887
2022-11-18,0.61,0.0639,0.3261,30.6032
2022-11-21,0.604,0.0681,0.3279,30.8513
2022-11-22,0.5993,0.0695,0.3312,30.8629
2022-11-23,0.5922,0.0704,0.3373,31.2583
2022-11-24,0.5903,0.072,0.3377,31.5773
2022-11-25,0.5706,0.0749,0.3546,32.9138
2022-11-28,0.5705,0.0735,0.356,32.4288
2022-11-29,0.5689,0.0747,0.3564,32.853
2022-11-30,0.5815,0.0774,0.3411,32.4323
2022-12-01,0.5836,0.0775,0.339,32.2577
2022-12-02,0.5917,0.0748,0.3335,32.2922
2022-12-05,0.6089,0.0722,0.3189,32.3996
2022-12-06,0.6031,0.0746,0.3223,32.1841
2022-12-07,0.6031,0.0744,0.3225,32.247
2022-12-08,0.6034,0.0844,0.3122,33.274
2022-12-09,0.608,0.0837,0.3083,32.3143
2022-12-12,0.6071,0.0843,0.3087,32.4286
2022-12-13,0.6132,0.0849,0.3019,31.595
2022-12-14,0.6124,0.0898,0.2977,31.5603
2022-12-15,0.6118,0.0869,0.3013,31.83
2022-12-16,0.6168,0.0903,0.2929,32.4045
2022-12-19,0.6211,0.0919,0.287,31.8422
2022-12-20,0.6163,0.0909,0.2928,31.9076
2022-12-21,0.6141,0.0895,0.2964,31.9027
2022-12-22,0.6138,0.0941,0.2922,32.1581
2022-12-23,0.6139,0.0944,0.2917,32.232
2022-12-28,0.6138,0.0961,0.2901,32.3545
2022-12-29,0.6153,0.0924,0.2923,32.021
2022-12-30,0.6162,0.0953,0.2885,32.0813
2023-01-03,0.6285,0.084,0.2875,31.3362
2023-01-04,0.6386,0.0763,0.285,31.0899
2023-01-05,0.632,0.0812,0.2868,31.3348
2023-01-06,0.6244,0.0873,0.2883,31.7637
2023-01-09,0.624,0.0882,0.2879,31.8273
2023-01-10,0.6206,0.0913,0.2881,31.9281
2023-01-11,0.617,0.0951,0.2879,32.1385
2023-01-12,0.617,0.093,0.2899,32.3612
2023-01-13,0.6137,0.0979,0.2884,32.7508
2023-01-16,0.6037,0.1118,0.2845,33.7226
2023-01-17,0.5954,0.1217,0.2829,34.4982
2023-01-18,0.5921,0.1277,0.2802,34.9546
2023-01-19,0.5936,0.1347,0.2717,34.3317
2023-01-20,0.6118,0.1251,0.2631,33.4291
2023-01-23,0.6045,0.1322,0.2634,34.0794
2023-01-24,0.6028,0.1309,0.2663,34.7875
2023-01-25,0.5893,0.1373,0.2734,35.182
2023-01-26,0.5847,0.1408,0.2746,35.5798
2023-01-27,0.5711,0.143,0.2859,36.9478
2023-01-30,0.5713,0.1441,0.2846,36.7114
2023-01-31,0.5506,0.1395,0.3099,36.1598
2023-02-01,0.5693,0.1444,0.2863,35.6801
2023-02-02,0.5898,0.1462,0.264,35.2678
2023-02-03,0.5857,0.1493,0.265,35.5655
2023-02-06,0.5779,0.1577,0.2644,36.145
2023-02-07,0.567,0.1704,0.2626,36.7292
2023-02-08,0.5769,0.159,0.2642,36.7006
2023-02-09,0.5735,0.1581,0.2684,37.4321
2023-02-10,0.5943,0.1298,0.2758,36.0079
2023-02-13,0.596,0.1303,0.2738,35.929
2023-02-14,0.6037,0.1224,0.2739,35.363
2023-02-15,0.5986,0.1261,0.2753,35.4424
2023-02-16,0.6076,0.12,0.2724,34.858
2023-02-17,0.592,0.1288,0.2793,35.3619
2023-02-20,0.5822,0.1333,0.2844,35.8805
2023-02-21,0.5816,0.134,0.2844,35.4593
2023-02-22,0.577,0.1296,0.2934,35.5414
2023-02-23,0.5708,0.134,0.2952,36.3148
2023-02-24,0.5805,0.1294,0.2901,35.629
2023-02-27,0.5825,0.1264,0.2911,35.4384
2023-02-28,0.5806,0.1293,0.2901,35.9281
2023-03-01,0.5789,0.1315,0.2897,35.8681
2023-03-02,0.5859,0.1225,0.2916,35.376
2023-03-03,0.5833,0.1245,0.2922,35.5528
2023-03-06,0.5833,0.1242,0.2925,35.5094
2023-03-07,0.5855,0.121,0.2934,35.4288
2023-03-08,0.5873,0.1194,0.2933,35.3732
2023-03-09,0.5843,0.1214,0.2943,35.4617
2023-03-10,0.5852,0.1217,0.293,35.4615
2023-03-13,0.5861,0.1202,0.2937,35.509
2023-03-14,0.5812,0.125,0.2938,36.0443
2023-03-15,0.5758,0.1241,0.3001,36.7421
2023-03-16,0.5989,0.1169,0.2842,36.3429
2023-03-17,0.6072,0.1056,0.2872,35.5639
2023-03-20,0.6106,0.1017,0.2877,35.1333
2023-03-21,0.6062,0.1038,0.29,35.0964
2023-03-22,0.6108,0.1,0.2892,34.4307
2023-03-23,0.6008,0.1084,0.2908,34.5454
2023-03-24,0.5926,0.1124,0.2951,34.7826
2023-03-27,0.5856,0.1164,0.298,34.7925
2023-03-28,0.5841,0.1179,0.298,34.7376
2023-03-29,0.5722,0.1217,0.3061,34.6692
2023-03-30,0.5897,0.1101,0.3002,33.844
2023-03-31,0.5823,0.1191,0.2986,34.0401
2023-04-03,0.5832,0.1184,0.2984,34.0339
2023-04-04,0.5837,0.1177,0.2986,34.0162
2023-04-05,0.5985,0.1052,0.2964,33.1917
2023-04-06,0.5935,0.1109,0.2956,33.1829
2023-04-11,0.6049,0.103,0.2921,32.7706
2023-04-12,0.596,0.1134,0.2905,34.0046
2023-04-13,0.6086,0.1064,0.285,33.4743
2023-04-14,0.585,0.1228,0.2922,34.1486
2023-04-17,0.5861,0.1243,0.2895,34.8124
2023-04-18,0.5803,0.1339,0.2858,35.5265
2023-04-19,0.588,0.1274,0.2846,35.5046
2023-04-20,0.5841,0.1337,0.2822,36.3442
2023-04-21,0.5817,0.1338,0.2845,37.4048
2023-04-24,0.5711,0.1469,0.282,37.6309
2023-04-25,0.5567,0.1531,0.2902,37.0537
2023-04-26,0.5587,0.1636,0.2778,36.5782
2023-04-27,0.5737,0.1504,0.2759,36.1335
2023-04-28,0.5844,0.148,0.2676,35.618
2023-05-02,0.5842,0.1489,0.2669,35.6192
2023-05-03,0.583,0.1482,0.2689,35.866
2023-05-04,0.5833,0.1432,0.2735,35.0176
2023-05-05,0.5772,0.1422,0.2807,35.4509
2023-05-08,0.5762,0.1395,0.2843,35.4898
2023-05-09,0.5757,0.1394,0.2849,35.4461
2023-05-10,0.5752,0.1409,0.2839,35.6117
2023-05-11,0.5734,0.1428,0.2838,35.9295
2023-05-12,0.5456,0.1657,0.2887,38.4424
2023-05-15,0.5351,0.1747,0.2902,38.8582
2023-05-16,0.5344,0.1775,0.2882,38.6812
2023-05-17,0.5345,0.1761,0.2894,38.5086
2023-05-18,0.5367,0.1762,0.287,38.0524
2023-05-19,0.5321,0.186,0.2819,38.164
2023-05-22,0.5322,0.201,0.2668,38.3005
2023-05-23,0.5274,0.2061,0.2665,38.2614
2023-05-24,0.5149,0.1729,0.3122,37.3551
2023-05-25,0.5166,0.1704,0.313,37.415
2023-05-26,0.5198,0.1638,0.3164,37.6295
2023-05-29,0.5173,0.1692,0.3135,37.7517
2023-05-30,0.5175,0.1621,0.3204,37.6167
2023-05-31,0.5235,0.1729,0.3036,37.4008
2023-06-01,0.523,0.172,0.305,37.1761
2023-06-02,0.519,0.1698,0.3112,37.2688
2023-06-05,0.5203,0.1691,0.3106,37.021
2023-06-06,0.5316,0.168,0.3004,36.2222
2023-06-07,0.5252,0.1737,0.3011,36.5408
2023-06-08,0.5237,0.1761,0.3002,36.6929
2023-06-09,0.5045,0.1935,0.302,38.2648
2023-06-12,0.5205,0.1809,0.2986,37.3981
2023-06-13,0.5193,0.179,0.3017,37.8153
2023-06-14,0.5219,0.18,0.2981,37.7432
2023-06-15,0.5275,0.1757,0.2967,37.7994
2023-06-16,0.529,0.1801,0.2909,37.4288
2023-06-19,0.5282,0.1763,0.2955,37.4554
2023-06-20,0.526,0.1786,0.2954,37.5778
2023-06-21,0.5247,0.181,0.2943,37.6018
2023-06-22,0.5355,0.1784,0.2861,36.2997
2023-06-23,0.543,0.1709,0.286,35.8372
2023-06-26,0.5449,0.1697,0.2853,35.7125
2023-06-27,0.5518,0.163,0.2852,35.3879
2023-06-28,0.5553,0.1598,0.2849,35.3555
2023-06-29,0.5517,0.1644,0.2838,35.6037
2023-06-30,0.5526,0.1647,0.2827,35.5841
2023-07-03,0.5539,0.1644,0.2817,35.5732
2023-07-04,0.5529,0.1673,0.2797,35.5092
2023-07-05,0.5513,0.1722,0.2766,35.4667
2023-07-06,0.5598,0.1433,0.2968,34.6717
2023-07-07,0.5584,0.1493,0.2923,33.8484
2023-07-10,0.571,0.1323,0.2968,32.8315
2023-07-11,0.5773,0.1198,0.3028,32.7281
2023-07-12,0.5829,0.1052,0.312,32.2846
2023-07-13,0.5902,0.1026,0.3072,31.1332
2023-07-14,0.5954,0.0951,0.3095,30.6299
2023-07-17,0.598,0.0906,0.3114,30.4039
2023-07-18,0.6013,0.094,0.3048,29.9519
2023-07-19,0.6039,0.096,0.3001,30.2863
2023-07-20,0.5904,0.1113,0.2983,31.119
2023-07-21,0.5909,0.1116,0.2975,31.2105
2023-07-24,0.5973,0.1042,0.2985,30.9231
2023-07-25,0.5945,0.1064,0.2991,31.4553
2023-07-26,0.5923,0.1009,0.3068,31.2653
2023-07-27,0.6114,0.0807,0.3078,29.8238
2023-07-28,0.6112,0.0803,0.3085,30.0211
2023-07-31,0.6099,0.0828,0.3073,30.2621
2023-08-01,0.6111,0.0825,0.3064,30.0821
2023-08-02,0.6068,0.0838,0.3094,30.4288
2023-08-03,0.6223,0.082,0.2957,29.9609
2023-08-04,0.6135,0.0731,0.3134,29.7634
2023-08-07,0.6149,0.0706,0.3144,29.7668
2023-08-08,0.6125,0.0698,0.3176,29.8812
2023-08-09,0.6096,0.0723,0.3181,30.2981
2023-08-10,0.6053,0.0899,0.3049,30.7766
2023-08-11,0.6042,0.0902,0.3056,31.1956
2023-08-14,0.6038,0.0907,0.3054,31.1005
2023-08-15,0.6122,0.0789,0.3089,30.7959
2023-08-16,0.6142,0.0784,0.3074,30.7584
2023-08-17,0.6153,0.0752,0.3095,30.6902
2023-08-18,0.615,0.0759,0.3091,30.6605
2023-08-21,0.6385,0.0602,0.3013,28.6994
2023-08-22,0.6433,0.0569,0.2997,28.5095
2023-08-23,0.6482,0.0538,0.2979,28.0494
2023-08-24,0.6489,0.0512,0.2999,27.8503
2023-08-25,0.6535,0.0445,0.302,27.3751
2023-08-28,0.6402,0.0671,0.2927,27.3762
2023-08-29,0.6418,0.0614,0.2968,27.1487
2023-08-30,0.6424,0.061,0.2966,27.1192
2023-08-31,0.6423,0.0613,0.2964,27.2127
