,rv5_fwd,RF-ISEQ,SVR-ISEQ,XGB-ISEQ,RF-hybrid-ISEQ,SVR-hybrid-ISEQ,XGB-hybrid-ISEQ,RF-L,SVR-L,XGB-L,HAR-L,LSTM-ISEQ,GARCH,HAR,GARCH+LSTM-ISEQ,window
2010-01-04,0.0001816053371738,0.0034888604772395347,0.0018683668888727428,0.0030212041,0.0021723462249420207,0.0018285701535156451,0.0027544062257138543,0.0017631007958124187,0.0015776192671901805,0.0014180741,0.0013522631961940513,0.001162010320840068,0.0017297915808868,0.0017220158569431,0.001445900950863434,calm
2010-01-05,0.0003299562913838,0.0020966548900193454,0.001769720905390178,0.0024094488,0.0016451968141287226,0.001665042834043491,0.0020788796137801995,0.0015492675556279976,0.00153234794200395,0.0013646671,0.001337211211876687,0.0012522605726429244,0.0016246409958869,0.0016508115684424,0.001438450784264912,calm
2010-01-06,0.0004232854046251,0.002036275524652719,0.0016651716820287187,0.0023184277,0.0015262583715313534,0.0015278723800904836,0.001929284644884798,0.0015208949394764262,0.0014799447514211713,0.0013986944,0.0012838727637869561,0.0012893984680707388,0.0014984625570422,0.0015697517511735,0.0013939305125564693,calm
2010-01-07,0.0004462034476289,0.002002539481546463,0.0016217207531658304,0.002295849,0.0014240128025025597,0.0014234853077521143,0.001803032787338825,0.00143918398843805,0.001394698730506712,0.0013417314,0.001216859886416792,0.001331014121089645,0.0013938661921269,0.0015329564076944,0.0013624401566082725,calm
2010-01-08,0.0004520584458088,0.001954929688097136,0.0014810087287985977,0.0020047533,0.00132730836272339,0.0013055827268270196,0.0014422066085847728,0.0013354977339778604,0.0011991277716103788,0.0012616186,0.0010441941925140412,0.0012887244111713194,0.0012818952647791,0.0014034136301955,0.0012853098379752097,calm
2010-01-11,0.0004251897617073,0.0009420577685320022,0.0010162331042114186,0.0010097256,0.0013708437854259108,0.0012815743315698863,0.0013629341731775512,0.000913447103818971,0.00107575046953882,0.0011044026,0.00096055024138076,0.0012115077588789804,0.0011883040246559,0.0010454967350066,0.00119990589176744,calm
2010-01-12,0.0002089792981863,0.000812064647801851,0.0010267646503066895,0.0008082656,0.001210107147804242,0.001288862232160386,0.0012854557512493622,0.0008161863248450443,0.0010637309383703633,0.0011241928,0.0009345548629098554,0.0011633951224977333,0.0011973598017731,0.0010183250457205,0.0011803774621354166,calm
2010-01-13,0.0001078724577983,0.0007543434555068973,0.0010780071934509848,0.0007622339,0.0010486185676410404,0.0012170071862377908,0.001035686795470563,0.0007671430364111312,0.0010380376516078058,0.00090249756,0.0009152869800898335,0.0011931911709863294,0.0011423731559498,0.0010623229042668,0.0011677821634680646,calm
2010-01-14,0.0002463786770159,0.0007280886895489882,0.00107925035928116,0.0007457412,0.0009420273750457556,0.00113013235444478,0.0009146620953507771,0.0007286902890082428,0.0009911330141484985,0.00083681906,0.0008869874403387353,0.0012126766897562345,0.0010670586362332,0.0010646223668244,0.0011398676629947174,calm
2010-01-15,0.0002361525864595,0.0007397091925171848,0.0010209423132323534,0.00086923584,0.0008927552498371815,0.0010474661333163462,0.0009427574847588618,0.0007789181798053702,0.0010055970575403752,0.00094047334,0.0008844567677268395,0.00120709035920106,0.0009918212703237,0.0010080193346773,0.00109945581476238,calm
2010-01-18,0.0002732303642696,0.0007232059104489896,0.0010072429948136572,0.0007830751,0.0008244930505164184,0.000965327983345357,0.000863657993402076,0.0007565326830164462,0.000995705022732408,0.0009265314,0.0008759166650538729,0.0012291693298287013,0.000914193520298,0.0009986921988935,0.0010716814250633505,calm
2010-01-19,0.0002687531798642,0.0006783000597977725,0.0008855320830980465,0.00074103696,0.0007727747680936589,0.0009106474118334057,0.00085772100110974,0.0007023807747692767,0.0008752283083343542,0.0008653056,0.0007977621911405185,0.0011731292707205584,0.0008451290361257,0.0009050438805261,0.0010091291534231291,calm
2010-01-20,0.000729622484356,0.0006829905766630412,0.0008062964683556733,0.000814074,0.0009045906411850628,0.0008729101086317091,0.0009069633128712259,0.0007123573082777722,0.0009020825983383078,0.001028194,0.0008099948598408848,0.0011380138610756689,0.0007907882406761,0.0008403867356629,0.0009644010508758844,calm
2010-01-21,0.0005370327216633,0.0007763953143762919,0.0009727415546583256,0.0007865284,0.0008006200726300582,0.0008885710317047711,0.0008822199435960948,0.0008411049812544738,0.0011080704265905214,0.0011531666,0.0009518947571196413,0.0011477149481873665,0.0008217392463872,0.0009758103197303,0.0009847270972872832,calm
2010-01-22,0.0006203506260185,0.0006780532326038039,0.0009213176355785777,0.00072185544,0.0006823806040484262,0.0008172864930329027,0.0007143283464072589,0.0007877292995720082,0.0010538320902770066,0.00096069364,0.0009113892021233826,0.0011049833183192088,0.0007619786997007,0.000936699396577,0.0009334810090099544,calm
2010-01-25,0.0005756869883728,0.0006824270476290941,0.0009558731463905145,0.00071642885,0.0006349278804341974,0.0007812057704662378,0.0006828807069484022,0.0008285195934295055,0.0011571450492387954,0.000987567,0.0009614608551528604,0.001092994756041301,0.0007281645801539,0.0009588677589482,0.0009105796680976006,calm
2010-01-26,0.0007031128967793,0.0006675633089753332,0.0007885648784135991,0.0007107807,0.0006028224741782972,0.000729862579882575,0.0006254496870047723,0.0008117899188775018,0.0010021678146263369,0.0009865978,0.0008455113273791597,0.0009109918229237215,0.0006712680825692,0.0008080652222168,0.0007911299527464607,calm
2010-01-27,0.0002324389620729,0.0016807257240690288,0.0011221654891136242,0.0014592,0.0009640825370529693,0.0008937280639993228,0.0010733061823814346,0.0012991281027973894,0.0014636661867364533,0.0016396579,0.0011147380091907824,0.0009748214865740228,0.0008403709327892,0.0010728285415073,0.0009075962096816114,calm
2010-01-28,0.0008439138527955,0.0007713475698627864,0.0009732273767034965,0.0009011403,0.0007121055379681684,0.0008129250486830617,0.0007660212268752806,0.0009031520684688591,0.001161171058660928,0.001036446,0.0009427287612054825,0.0008255717847651941,0.000775217877543,0.0009618937576934,0.000800394831154097,calm
2010-01-29,0.0011927465382671,0.0008185384480664985,0.0009621813635259563,0.0008667181,0.0006750511010076528,0.000790090179286179,0.0006646705248407695,0.0009245328042365027,0.0011237174475690129,0.0010251509,0.0008560471503791981,0.0007535662125859791,0.0007444310911185,0.0009247445766002,0.0007489986518522396,calm
2010-02-01,0.001228997427223,0.000756757757644933,0.0008752300318971113,0.0009506231,0.0006408679302791747,0.0007239637936593225,0.0006847211268478751,0.0008538809527799506,0.0009635823531300018,0.000990209,0.0007749428412160238,0.0006388317508266704,0.0006860968443991,0.0008517249865329,0.0006624642976128853,calm
2010-02-02,0.0011702678214376,0.0008695612086047052,0.0009349200980742177,0.0009451591,0.0006452780258586836,0.0007197423837017554,0.0006648256984812411,0.0008790375040917568,0.000956374492399526,0.0009816616,0.0007633259696438167,0.0005789273580631979,0.0006771751600102,0.0008899414074333,0.0006280512590366989,calm
2010-02-03,0.0013303279835453,0.00048060881908482665,0.000467291348016214,0.00041659328,0.0005632319210905089,0.0007030071321966349,0.0005821583735530268,0.0005615179822006779,0.0005729038853523688,0.00061933533,0.0004105290373290708,0.0005492469570573216,0.00062658860492,0.0004536280169502,0.0005879177809886608,calm
2010-02-04,0.0007983575135296,0.00127618899691019,0.0007390091304451395,0.0007935047,0.0009874310676108368,0.0009324873620106209,0.0010797132771432775,0.0010705733229731708,0.0009056290060166516,0.0012538168,0.0006389464872491448,0.0006042423136241224,0.0008570027184415,0.0006816015011625,0.0007306225160328112,calm
2010-02-05,0.0003636185684019,0.0014736487364558335,0.0008808575781352315,0.0010455624,0.0011729939670203117,0.0010641639910009993,0.0012200957871558017,0.001246737819601225,0.001223537409449247,0.0015362956,0.0008307163428721723,0.0007474136894988305,0.000991438060904,0.0008092334587337,0.0008694258752014153,calm
2010-02-08,0.0005108661762227,0.0010993222752403225,0.0008656830056749797,0.00093802175,0.0009352827627876942,0.0009746953898573886,0.0010098866221982276,0.0011414464760218321,0.001154969941429826,0.0012823488,0.0007905783931205408,0.0008142280193954522,0.0009234031282863,0.0008017761445781,0.0008688155738408761,calm
2010-02-09,0.0005892273956092,0.0010868567866938112,0.0008767026393316174,0.0009789771,0.0008892863371705278,0.0009374888949828002,0.0009600935790567082,0.0011503617220627474,0.0012886423610809575,0.0012477933,0.0008649461220101664,0.0009226655280585754,0.0008857266461395,0.0008126032887127,0.0009041960870990377,calm
2010-02-10,0.0007710247466799,0.001265585633719727,0.0009355644606670893,0.0012458336,0.0009711546611036727,0.0009289330725493936,0.0010694160261961426,0.001190444994549035,0.0013160383104441756,0.0013211528,0.0008783009670217002,0.000980174184843877,0.0008764675041257,0.0008619113303201,0.0009283208444847886,calm
2010-02-11,0.0007231857249136,0.0010362064764328851,0.0008217111896388396,0.00087116414,0.0008416932018553881,0.000905633312788601,0.0008807683275328659,0.0010830115638791776,0.0011068180915338346,0.0011788134,0.0007723973272922681,0.0010379015076709976,0.0008483403928222,0.0007722604817551,0.0009431209502465988,calm
2010-02-12,0.0007194595786154,0.0005178293738872844,0.0006766629832985919,0.00045296308,0.0007161787599243242,0.0008458712142901777,0.0007877397676278564,0.0006603004589533302,0.0008701986752116474,0.0007365872,0.0006330041686017652,0.0010451430055178495,0.0007813212025449,0.0006612632706625,0.0009132321040313748,calm
2010-02-15,0.0005377667779698,0.0006506513950804568,0.0007713756212443506,0.00065937004,0.00079760524010707,0.0008769679395833205,0.0008659201302784237,0.0008260072763493855,0.0010872193859701345,0.0010446655,0.0007482039588844185,0.0011512068766004995,0.0008099225732305,0.0007352312828482,0.0009805647249154998,calm
2010-02-16,0.000454535413994,0.0006342507658077952,0.0008149289798173138,0.00065050344,0.0007469900953452585,0.0008582833000637068,0.0007725644788685657,0.0007885129840132306,0.0010146992321303221,0.00086360273,0.0007113923664367477,0.0012027787699583797,0.000797941936669,0.0007749297483995,0.0010003603533136898,calm
2010-02-17,0.0002263190747825,0.0015345231225111116,0.000932370241220906,0.0015058339,0.0010013025864435037,0.0009296714503596201,0.0011085755003093084,0.0012028412526846023,0.0010819549078428573,0.0013344253,0.0007732590422862404,0.0012540872815635393,0.000867985894943,0.0008793347739296,0.0010610365882532697,calm
2010-02-18,0.0004286192302102,0.0009272074770362489,0.0009060592231938182,0.0009721676,0.0007852858601925732,0.0008547554177940315,0.0008695283125013986,0.0009486949501467637,0.0009891582120784047,0.0009986166,0.0007360421644534437,0.001292876314635914,0.0008081995541718,0.0008647158452404,0.001050537934403857,calm
2010-02-19,0.000428152318529,0.000924850660487228,0.0008637808581260979,0.0010430377,0.0007353387108721125,0.0007828755396552694,0.0008102515636645081,0.0009494044984186944,0.0009533115107611492,0.0010198082,0.0007385265882692922,0.0011864487457414108,0.0007453491308333,0.0008375180429075,0.0009658989382873553,calm
2010-02-22,0.0004958202804523,0.0005900509256114356,0.0008062385048262114,0.00062461675,0.0006336906809311484,0.0007304431789092399,0.0006565039526676394,0.0007171906238409173,0.0008056239198009559,0.00067638955,0.0006356211551218884,0.0010169561790536723,0.0006873160293554,0.000781346414788,0.0008521361042045361,calm
2010-02-23,0.0005719229743592,0.0005849162106528211,0.0008150686437813111,0.0006045526,0.0005812628482468394,0.0007171399541419199,0.0006190483193698297,0.0007210448221509895,0.000895551543488495,0.0007724368,0.0006861609890009455,0.0009937506832468654,0.0006675959246198,0.0007879737519366,0.0008306733039333327,calm
2010-02-24,0.0004537553021145,0.0006708307347008316,0.0007423194658703218,0.00075567566,0.0006018757363881976,0.0007436357816139924,0.00066978590821407,0.0008249429365272922,0.00097878550771193,0.0011699471,0.0007380782065006093,0.0010035851806510063,0.0006777168513024,0.0007359650322326,0.0008406510159767031,calm
2010-02-25,0.0002926270939608,0.000808688702940422,0.0008756646188366071,0.0008271119,0.0007191830653273739,0.0007949172356264722,0.0007795627784666564,0.0009329985578479914,0.0012296055173668693,0.0012833667,0.0008874841991989473,0.0012459136031120108,0.0007369673965004,0.0008481141714797,0.0009914404998062054,calm
2010-02-26,0.0005279249315208,0.0005466862431185704,0.0007140780421404899,0.0005492793,0.0006129813560790638,0.0007355733986277456,0.0006243865627752743,0.0007992593963663615,0.0009871815878271248,0.0009298353,0.0007621527662746432,0.0009978196339656925,0.0006793343297357,0.0007115513365634,0.0008385769818506962,calm
2010-03-01,0.0004577107130804,0.0005742693177805072,0.0008092830774466727,0.00059614965,0.0005609640048249558,0.0006981006661962153,0.0005975628944311943,0.0008195086532206703,0.0010576555046168537,0.0009112117,0.0007694226843400158,0.0009639577974940682,0.0006501897658141,0.0007782250759168,0.0008070737816540841,calm
2010-03-02,0.0003233257344264,0.0006396745821721675,0.0008444612061204476,0.0006173003,0.0005819520877297861,0.0006961473020280263,0.0006240511651927056,0.0008031653965461047,0.0010125195008578072,0.0008626784,0.0007440250315134454,0.0008875297752559061,0.0006491612388894,0.0008062693898812,0.0007683455070726531,calm
2010-03-03,0.0003170430356013,0.0005706556517809164,0.0007876411319785064,0.00063067,0.000497699519482546,0.000640628562775174,0.0004545546009799137,0.0007193072987290851,0.0009028710315149297,0.00083059346,0.0006936890861466065,0.0008519275413218393,0.0005997242456024,0.0007676860181453,0.0007258258934621196,calm
2010-03-04,0.0002680499653656,0.0005297903869149504,0.0007403773799251702,0.0004972274,0.00046167997700785645,0.0006295376065131604,0.00042767046609065604,0.0006588689830904099,0.0007970338830240005,0.0006383854,0.0006142228460520673,0.0007807391348554801,0.0005778865531927,0.000726362706569,0.00067931284402409,calm
2010-03-05,0.0001546370193617,0.000843301955767345,0.0008714417624439152,0.00096475065,0.0005553327266588567,0.0006666404488607206,0.0005279738180413523,0.0008243364557690096,0.0008478995648496577,0.00075159164,0.0006560379241923671,0.0007610715345487525,0.0006202786661,0.0008351257093729,0.0006906751003243762,calm
2010-03-08,0.0002656776451942,0.0005292612627508721,0.0006984046057160396,0.0005028022,0.00047799016077960466,0.0006152949254239194,0.0004524366422938238,0.0005978138037464173,0.0006932826168289239,0.0005498956,0.0005567661947206423,0.0006189839029851483,0.0005724731935491,0.0006780118897556,0.0005957285482671242,calm
2010-03-09,0.0003037510816995,0.0004985178495940844,0.0005825205819275036,0.00043543833,0.0004455787479729182,0.000585032288018481,0.00040633881101544486,0.0005455192709528351,0.0006141137981583899,0.00058228907,0.0004870391403360562,0.0005419518370774629,0.0005333754851458,0.0005662113813584,0.0005376636611116314,calm
2010-03-10,0.0009388185162341,0.0004906249857985177,0.0005374980650207424,0.00042097166,0.0004269317202555176,0.0005513835367858231,0.000384472022106841,0.0005386925112472081,0.0005815653796695528,0.00055700564,0.00048189163141332324,0.0004718982005304163,0.0004933267541419,0.0005350340443741,0.0004826124773361581,calm
2010-03-11,0.0009500258711391,0.0004835521200279888,0.0005568912381744045,0.00040687577,0.0003872680490467046,0.0005128942480023865,0.0003620515527305206,0.0005337851876263418,0.0005887639924954923,0.00053595786,0.0004642375898854633,0.0004220874833715126,0.0004630031040032,0.0005410864658114,0.0004425452936873563,calm
2010-03-12,0.0008673415669843,0.0005171850428325582,0.0005068753534920778,0.00049052987,0.000515553830454392,0.0005337112710238366,0.0004683637452266122,0.0005359981832344532,0.000576379228004181,0.0006299235,0.00044799667802131296,0.0004009025897185879,0.0004710938833963,0.0004993323090873,0.00043599823655744393,calm
2010-03-15,0.0008218581612685,0.0005082140746050756,0.0005614749165823039,0.0004072496,0.00041467351032852266,0.0005482480394313643,0.0003952724848281152,0.0005716492917949135,0.0006546364966827942,0.0006071044,0.0005048719855780946,0.000410212003979344,0.0004929864417048,0.0005423945196748,0.00045159922284207195,calm
2010-03-16,0.0011580791405229,0.0004971133955749099,0.0005766700356697796,0.00042056997,0.0003929222774502536,0.000517966713418519,0.0003654810805864651,0.000541165318268811,0.0006388605608092601,0.0005396964,0.0004942058366435172,0.0004260427639594331,0.0004692581316637,0.0005567492965765,0.00044765044781156654,calm
2010-03-17,0.0005359001619276,0.0013097139726049951,0.0008240506986544193,0.00076610845,0.0007558856597871081,0.0007346594733753849,0.0008262946969305825,0.0007684053827145663,0.0007088052662097929,0.00063359266,0.0005748132642738425,0.0004273959571084524,0.0006810302794923,0.0007614043971306,0.0005542131183003762,calm
2010-03-18,0.0007959643773734,0.0009873759902399243,0.0007768905195748036,0.0007162116,0.0006269045853985125,0.0006890466084614868,0.0007041798634804421,0.0007715204418229549,0.0007329423444392304,0.00078885426,0.0005923492752666411,0.0004524968062792474,0.0006484824140948,0.0007238062549983,0.0005504896101870237,calm
2010-03-19,0.000766544491914,0.0009720884335374895,0.0006933660253490214,0.0007240473,0.0005557559103504273,0.000653287895963582,0.0005442489010008547,0.000754020192985671,0.0006838746488730032,0.00076583016,0.0005299860921676231,0.00047069314783649207,0.0006098367385739,0.0006437835260333,0.000540264943205196,calm
2010-03-22,0.0009922436643641,0.0009654097789000223,0.0006991754113533693,0.0007240473,0.0005348521741944253,0.0006431159636567558,0.0005295461240933509,0.0007547707779829796,0.0007016986536936974,0.0007524752,0.0005415831240252377,0.0005100709186144899,0.0005986696371859,0.0006496735951288,0.0005543702779001949,calm
2010-03-23,0.0006189917239983,0.0012810804741459655,0.0008469959646831627,0.00086211285,0.0007813231059495256,0.0007461466127115137,0.00085131522382658,0.000848917487513295,0.0007614658540916431,0.00076970865,0.0005976067395334675,0.0005516436075908885,0.0006966682128982,0.0007777379363307,0.0006241559102445443,calm
2010-03-24,0.0006859550678605,0.0005304591132968244,0.0007203212239956734,0.00046968245,0.0005749055653831895,0.0006983703992877602,0.000608126552854405,0.0006017006747407669,0.0007542385898521019,0.000617232,0.0006072714706609648,0.0005843639608718238,0.0006510205904028,0.0006900178057797,0.0006176922756373119,calm
2010-03-25,0.0008306080620268,0.0012975834601186994,0.0008460454793333821,0.0009993115,0.0007954853467480765,0.0007633401505081099,0.0008896829248703021,0.0008746641949403072,0.000753875687139312,0.00090369215,0.000616524250499957,0.0006002352432319324,0.0007111692659318,0.0007921770878145,0.0006557022545818662,calm
2010-03-26,0.0010275663982047,0.0010229129528725558,0.000788151067086847,0.0008989232,0.0006510559540134858,0.000696538918736555,0.0007361782690352449,0.0007253791010842043,0.0006984552085988154,0.0007586634,0.0005949399209835837,0.0005981828551572541,0.0006573723415865,0.0007471342516004,0.000627777598371877,calm
2010-03-29,0.0007881419283376,0.0012545330803281239,0.000865365998742405,0.0009835911,0.0008406210976455939,0.0007965587265998919,0.0009162773001474334,0.0008638779360858681,0.0008011852702636315,0.00094768556,0.0006674068576016887,0.0006550143857296635,0.0007445580906612,0.000802741449125,0.0006997862381954317,calm
2010-03-30,0.0007867269270043,0.0006073427550799945,0.0007704056961776735,0.00063586223,0.0006443969874085512,0.0007354008073215112,0.0006416060303586366,0.0006777829738941967,0.0007740429186132661,0.0007496946,0.0006508384066540151,0.0007165756137023836,0.0006913107937576,0.0007382294702424,0.0007039432037299918,calm
2010-03-31,0.0009870673040713,0.0006602474112543264,0.0008053854307876907,0.00062572653,0.000602371649265505,0.0007099188390216588,0.0005771732638200375,0.0006798803611246032,0.0007675772055522264,0.0007166233,0.0006340957032851715,0.0007326114792609338,0.0006638657411593,0.00076161447026,0.0006982386102101169,calm
2010-04-01,0.0005467396472507,0.0015051997610398106,0.0009116194723521803,0.0009993115,0.0008916298057563882,0.0008371427708276046,0.0009835175530343088,0.0009323598442353442,0.0008176410556922099,0.0010096468,0.0006829125003557724,0.0007460503455187364,0.0007806491171577,0.0008544907754567,0.0007633497313382183,calm
2010-04-06,0.0003883096999938,0.0013975370187736121,0.0009813444754113796,0.0014265592,0.0008951636906074627,0.0008421625381288844,0.0010004868308085243,0.0009506087441034482,0.0008426857317305258,0.0011110785,0.0007183690857135467,0.0007808955972978489,0.0007944233939277,0.000917790419851,0.0007876594956127744,calm
2010-04-07,0.0005230031624128,0.0012349505515256416,0.0009217637591702859,0.0012771536,0.0007579351169926228,0.0008047978475289386,0.000863648776814884,0.0009005975730236299,0.0007897645081127158,0.0009726642,0.0006864861742218592,0.0008296662928331776,0.0007609071439741,0.0008750047856529,0.0007952867184036387,calm
2010-04-08,0.0005340785151537,0.0010528671884683955,0.0008537020538171581,0.0009446793,0.0007157103412638526,0.0007383283635753162,0.0008026925172136345,0.0008174882565611427,0.0007319615464123177,0.00095222384,0.0006336135166112174,0.0008247578517610281,0.0007016150033822,0.000814822291614,0.0007631864275716141,calm
2010-04-09,0.0002556934748413,0.0015259681887764096,0.0009837103906634825,0.0014265592,0.0008515056280233396,0.0007978584511046044,0.0009370473834252244,0.0009643336623151712,0.0007877713382223679,0.0009866243,0.0006739995176123835,0.0008513544818761126,0.0007511157709901,0.0009207282353404,0.0008012351264331064,calm
2010-04-12,0.0002651364586518,0.0007253988665770578,0.0008329782800972167,0.00087898696,0.0006371599430516509,0.0007324894516211517,0.000657272644334017,0.0007000190391125746,0.0007305969180474508,0.00078736723,0.000665040548120266,0.0007995397316613929,0.0006920113100206,0.0008171537796596,0.0007457755208409964,calm
2010-04-13,0.0003829175713504,0.0006856234860238779,0.0008333031535652121,0.0007681158,0.0005798196684430579,0.0007139198790404161,0.0006187360285737337,0.0006770780956175643,0.0008134181980066505,0.00078743784,0.0007049315215777788,0.0008709766897372223,0.0006644861979726,0.000814079456732,0.0007677314438549112,calm
2010-04-14,0.0003137179513915,0.0008564457004487285,0.0009193941579922716,0.0009676182,0.0006558798960991123,0.0007293904148509326,0.0007279293048058104,0.0007225683394971237,0.00079466497106468,0.0007841798,0.0006901669818021696,0.0008462625418927097,0.0006812214721604,0.0008854857824335,0.0007637420070265549,calm
2010-04-15,0.0004550487404373,0.0007289520070246243,0.0008806170393041582,0.0008508432,0.0005372682461432316,0.0006773242560726176,0.0004839098839730964,0.0007079444276224426,0.0008100916357775004,0.000804565,0.000704740597966953,0.0008094311539250801,0.0006386947658842,0.0008541239959176,0.0007240629599046401,calm
2010-04-16,0.0012372459731984,0.0006414636916545886,0.0007426206170771721,0.0007504066,0.0004947992858585196,0.0006414627985564606,0.0004694114332036521,0.0006643396328661394,0.000748002148138654,0.00083558925,0.0006705495691062783,0.0007162337502938223,0.0005914833480295,0.0007457938476016,0.0006538585491616612,calm
2010-04-19,0.0013385477643721,0.0006397547415660393,0.0007544957208883552,0.0007134289,0.00045284817249959295,0.0005998149841387081,0.00041658467068534305,0.0006758731219674333,0.000781871860194988,0.0008068797,0.0006828469453462366,0.0006706500196497015,0.0005532163654649,0.0007514573528584,0.0006119331925573008,calm
2010-04-20,0.0032712302951353,0.0005949850555919667,0.0007384994624309035,0.0005489217,0.00047115348111672744,0.0006209205638739612,0.00043895156760319674,0.0005960889703929905,0.0007151054767676881,0.0006196366,0.0005890600757698432,0.0006290956692388654,0.0005706354386232,0.000712281980458,0.0005998655539310328,calm
2010-04-21,0.0037931224416387,0.0005716182137061415,0.0007270629408391565,0.00053764024,0.0004655258990627258,0.0006205484845571836,0.00044347747734765474,0.0005877524653166986,0.0007039337419155338,0.0006196366,0.0005942955239958567,0.0006067968196223,0.0005686302720488,0.0007084782829836,0.0005877135458355501,calm
2010-04-22,0.0048372941261092,0.0006165787992258298,0.0007992917362824452,0.00061914185,0.0004969375087814722,0.0006504888419262356,0.00046777379976629106,0.000657920661593042,0.0008199616349828994,0.000738885,0.0006782145749429332,0.0006456889859106265,0.0006023656781521,0.0007685798243344,0.0006240273320313632,calm
2010-04-23,0.0041082476504324,0.001974644664316208,0.0011218293140659997,0.001578329,0.0010269688713607913,0.0009179359125579187,0.0011449509797107926,0.0010530060282475562,0.0008977257770749963,0.0010275837,0.0007716763917996457,0.0006537016241712673,0.0008630807161378,0.0010426603129736,0.0007583911701545337,Irish sovereign debt crisis
2010-04-26,0.0058280181105241,0.0013696326588277792,0.0010562702531905555,0.0016334632,0.0008673574266713004,0.0008737317079092899,0.0009603838573912516,0.0009534460974985837,0.0008405230345021197,0.000994916,0.0007231436299778818,0.0006725729426954356,0.0008327422281902,0.0009825464640756,0.0007526575854428178,Irish sovereign debt crisis
2010-04-27,0.0041642335323421,0.0035058913123440397,0.0017712103412501434,0.003149305,0.0021232501304543775,0.0017943020710498192,0.0026579432090480877,0.0018296746348445843,0.0018493400199805095,0.0017036018,0.0015596099115189374,0.0008803868307533189,0.0016887392251431,0.0016102776561769,0.0012845630279482096,Irish sovereign debt crisis
2010-04-28,0.0041266360823152,0.003056410968886589,0.0018726438613604732,0.0030016191,0.0022798418208906457,0.0019285530277061925,0.002719702952565024,0.0020730816192622856,0.0024146228419047724,0.0017383507,0.0018565375654753132,0.0012094181455388502,0.0018407507397427,0.0017053402411763,0.001525084442640775,Irish sovereign debt crisis
2010-04-29,0.0046753324818484,0.004535481012920958,0.002235327222310042,0.0038881549,0.0026594477027991835,0.0022808757008380507,0.0029604846652183723,0.002317018788938584,0.002327615763773736,0.0016926486,0.0018434670851997367,0.0014561516205603181,0.0021655237776271,0.0020294029468824,0.001810837699093709,Irish sovereign debt crisis
2010-04-30,0.0103510022313458,0.002120972347906613,0.0020577136454740554,0.0023754307,0.0020145492303175233,0.0020416674922035796,0.0025042815574173303,0.0017059462881463263,0.0021193524372027208,0.0014554588,0.0017715505191058215,0.001554754743999004,0.0020023829040335,0.0018988721284205,0.001778568824016252,Irish sovereign debt crisis
2010-05-04,0.0086882095902605,0.005415131249398865,0.0026686189686972654,0.005134183,0.0032081463947412118,0.0027983192868741486,0.004129220254607715,0.003009250819119826,0.004006805845415509,0.0030261802,0.0031067617124040945,0.0021373266177283426,0.0026427478876209,0.0024244075825485,0.002390037252674621,Irish sovereign debt crisis
2010-05-05,0.0083926133625745,0.003318414087497666,0.002555744736754723,0.0027493462,0.003092277666233262,0.0027245606696466107,0.003075719462108968,0.004087612598303459,0.00341284224532297,0.0033009062,0.0026307524826116413,0.002817250712337799,0.0026222290792173,0.0023690259538818,0.0027197398957775495,Irish sovereign debt crisis
2010-05-06,0.0077912568361167,0.0031724585669253105,0.0025925374608652308,0.0027493462,0.0031524902894503595,0.0027928754376566416,0.003140774500724654,0.004169645197241393,0.0037077580140179468,0.003640051,0.0027332955789305074,0.003644186128680494,0.002677692269573,0.0024029673771972,0.003160939199126747,Irish sovereign debt crisis
2010-05-07,0.0079306982262865,0.004584114063809011,0.0029823556426248126,0.0038018534,0.0037919487069946003,0.0034123215670920663,0.0037176568311126147,0.006137000852949493,0.00638190773827338,0.008157668,0.004236738409711584,0.004844616595912073,0.0032254476485664,0.0027598124637517,0.004035032122239236,Irish sovereign debt crisis
2010-05-10,0.0022755605701148,0.012500218016147865,0.004634604243379945,0.0103080105,0.006361796750997469,0.005767679687684491,0.00712198795437624,0.007636833346384569,0.007332766215374993,0.011475108,0.005150731179105303,0.004893584731803331,0.0053037096606512,0.0042237831512579,0.005098647196227265,Irish sovereign debt crisis
2010-05-11,0.0024083341851706,0.007307621545212821,0.004371902231172768,0.0097571425,0.005335274637383198,0.005097125501371486,0.007172855998598644,0.007669993956763154,0.006016671490807125,0.008914211,0.004514164645738858,0.00532920424778362,0.0049359638280905,0.0040668282398635,0.00513258403793706,Irish sovereign debt crisis
2010-05-12,0.0040838330386574,0.007190224986775653,0.004312663952355836,0.009822398,0.004807844244796525,0.00469507313011095,0.006595449965667755,0.007027135481104825,0.005020596980465244,0.0067655346,0.0038325527907713385,0.005365991161235218,0.0045670097753336,0.0040182991583333,0.004966500468284409,Irish sovereign debt crisis
2010-05-13,0.0051729689727683,0.006235223956559775,0.004091319127767921,0.008428641,0.004194266478707251,0.004135329462499002,0.00607994280990188,0.006381193481398857,0.004042244350850483,0.0065858266,0.003312407498350565,0.005190791853371382,0.0041806194838122,0.0038809960384072,0.004685705668591791,Irish sovereign debt crisis
2010-05-14,0.0032869717909327,0.011041523693625375,0.0047204453341100515,0.0111265,0.005598858388095222,0.004945586635642351,0.007786329215705218,0.010041475402401884,0.005279714481257589,0.011430432,0.004083984113250074,0.005770407648715055,0.0046594891648603,0.0043857831180682,0.005214948406787677,Irish sovereign debt crisis
2010-05-17,0.003211824456149,0.003476054163111225,0.0036851017450011806,0.0044934056,0.004110881418981509,0.0043763800940704554,0.004070629986908827,0.006458519424998609,0.005147461292721389,0.0065955822,0.003840162380915649,0.005954373588774542,0.0043044408585712,0.0036337076463597,0.005129407223672871,Irish sovereign debt crisis
2010-05-18,0.0044094234829348,0.004812104938721814,0.003813659212223321,0.005783466,0.004697593007515545,0.00417168311430252,0.00477629181275753,0.007008494244399285,0.004640232642220803,0.007432949,0.003499728288504613,0.005847751356372199,0.0040530429264259,0.0037354214343657,0.004950397141399049,Irish sovereign debt crisis
2010-05-19,0.0039124424208514,0.006307322076951335,0.004529878583457408,0.0058171204,0.005318630407398701,0.004753801254910693,0.005522711615335137,0.009312871575343414,0.00824024821504789,0.00966477,0.005619311112287139,0.006652506695021584,0.0045105571588313,0.0043376285299714,0.0055815319269264425,Irish sovereign debt crisis
2010-05-20,0.0042617961023648,0.00874434363212654,0.004861817788401417,0.008325646,0.005518297469120139,0.004835551615972047,0.006337848452017927,0.011774706443321162,0.01177678166756674,0.016626358,0.007192639526478076,0.007460857503709083,0.004616405441714,0.0046336184874298,0.006038631472711541,Irish sovereign debt crisis
2010-05-21,0.0045634127975828,0.00345048471192286,0.004232262963166224,0.0047379937,0.004157714850240001,0.004174925781376365,0.0047272714181261395,0.007533789794202252,0.0076502836155833585,0.007846626,0.005047840117484551,0.007189283253871724,0.0042260266660171,0.0041908748436794,0.005707654959944412,Irish sovereign debt crisis
2010-05-24,0.0045722548819657,0.003451297264174406,0.004097321194617675,0.0045420607,0.003787547380141027,0.0037774762923172165,0.003973619063791518,0.006792881503874927,0.007070232564978869,0.0076606246,0.004809409909148129,0.0064669466027306,0.0038697761791766,0.0040973928445782,0.0051683613909536,Irish sovereign debt crisis
2010-05-25,0.0032110091094489,0.008352029164940485,0.0049091475365743795,0.00821783,0.005011663046039868,0.0044064765667089206,0.005257881756960078,0.011596737222222814,0.011849978455884008,0.016466666,0.007097884032533019,0.0068107598234395566,0.0042065795602886,0.0047120782294747,0.005508669691864078,Irish sovereign debt crisis
2010-05-26,0.0019030249731015,0.006001968290388584,0.004883561123490989,0.0058836336,0.005146165164385216,0.004577072016060571,0.005067222236814372,0.00782611896105838,0.008197253032816288,0.008090341,0.005058940900925471,0.006530525825700564,0.0043758986582623,0.0047162967729124,0.005453212241981432,Irish sovereign debt crisis
2010-05-27,0.0006643530466156,0.007576565850869719,0.0051557631200763844,0.0058171204,0.005445614965306133,0.004800460299089669,0.005609147548029163,0.008830397775479561,0.0065514817881446455,0.008087464,0.004308394037264191,0.006147924080132863,0.0045811518670379,0.004974088209367,0.0053645379735853815,Irish sovereign debt crisis
2010-05-28,0.0006494816817245,0.0071570753068562806,0.004869600563124899,0.008259304,0.005111190968758241,0.004455630012753687,0.005535572430764042,0.009779640997861319,0.00674843374798883,0.010092772,0.004645539421886686,0.005779810371275668,0.0043369984746647,0.0046968662825777,0.005058404422970184,Irish sovereign debt crisis
2010-05-31,0.0010292166771889,0.004616985330812772,0.00461009079402174,0.0063214437,0.003909612263938229,0.00393469373127674,0.004352093887631369,0.008700314259700453,0.005873866601965252,0.008564292,0.0042758677079205495,0.005237348590822673,0.0039719331442997,0.0044997342283488,0.004604640867561186,Irish sovereign debt crisis
2010-06-01,0.0018508761655755,0.0039420742259476445,0.004311878618066919,0.0053020874,0.003797290603299199,0.0037399965993870736,0.004022555428384108,0.005698441557851181,0.004306973497949396,0.0069877882,0.003226870184481751,0.004993266989512611,0.0036848693860009,0.0042126506058585,0.004339068187756756,Irish sovereign debt crisis
2010-06-02,0.0021503221367833,0.0033442943564711545,0.0038383788775011246,0.004450498,0.00327580029278118,0.0033509622923424925,0.0033635460656956627,0.00548130075151941,0.004140193810783266,0.0068263263,0.0031807437666335567,0.0046253992355920984,0.0033759735937915,0.0038633873782504,0.004000686414691799,Irish sovereign debt crisis
2010-06-03,0.0020019474120805,0.0019658667312522212,0.003130710012340923,0.0032602937,0.0032775490043765168,0.00325467762602039,0.0032247821441713617,0.003915414417893397,0.003441841194958339,0.0053076628,0.002793237507139019,0.0038783180699241498,0.0031653684074092,0.0032307497927336,0.003521843238666675,Irish sovereign debt crisis
2010-06-04,0.0017187503704918,0.0023725365344447226,0.003113810666050474,0.0032272262,0.0031677091980989417,0.0031309720047779156,0.0030691038771801116,0.004220609635253939,0.003459385390427875,0.006014608,0.0028740573689220936,0.0037182372332109385,0.0030360682582948,0.0032105669698765,0.003377152745752869,Irish sovereign debt crisis
2010-06-08,0.0014443835913844,0.003953450463768524,0.003348881547834877,0.0046392772,0.0033051189716035057,0.0030473203268359147,0.0033264344899013682,0.0063163165664286485,0.004035717327762879,0.008375281,0.003265873307074833,0.00372336423597857,0.0029614540753378,0.0033873755923625,0.003342409155658185,Irish sovereign debt crisis
2010-06-09,0.0004964389900862,0.005714105625052142,0.0036218219123950713,0.005770148,0.003627567642716034,0.0032072421529591305,0.0038252805598769065,0.004985852411897756,0.0035079598026932367,0.0050098724,0.0029639544237942727,0.00335205118302345,0.0030909290250764,0.0035631565336082,0.003221490104049925,Irish sovereign debt crisis
2010-06-10,0.0001883434908226,0.0028020940405050227,0.0028624646360792256,0.0026768374,0.0033602122720929393,0.003039821216687326,0.0030902650878317918,0.0035178509832081368,0.0030219368262616696,0.003835717,0.0023555468900244027,0.0033743099174636778,0.0029470113650968,0.0027660464830812,0.003160660641280239,Irish sovereign debt crisis
2010-06-11,0.0001592904105548,0.001995597110514324,0.002761125556317812,0.0020884152,0.002581171335741799,0.0027657315909984763,0.0024384392314932327,0.0030455075037964584,0.003112750107433001,0.003055162,0.0024784661009583757,0.003270561503817545,0.0027287454034855,0.0026919984467909,0.0029996534536515223,Irish sovereign debt crisis
2010-06-14,0.0001527186747982,0.001974502150909496,0.0026181808250543637,0.0020842957,0.0024058528243284536,0.002500649293914706,0.002192613777061403,0.0027362328057356357,0.0026452870018686503,0.0029503698,0.002176277839174447,0.0031037569257757057,0.0025011916908859,0.0025855531811347,0.002802474308330803,Irish sovereign debt crisis
2010-06-15,0.0002486166534892,0.002063867964919555,0.0026300233913445614,0.0022615972,0.002281454246097164,0.0023780721788699884,0.0021758695889325477,0.0026513179843473417,0.0023123770158726274,0.0027924217,0.0019256910042467744,0.0030744536451512176,0.0023315951370385,0.0025887148023528,0.002703024391094859,Irish sovereign debt crisis
2010-06-16,0.0008459771416521,0.0010717872088319026,0.0019130155293975927,0.0011468094,0.0018688590856851966,0.0021926159909263793,0.0016317536034805874,0.0018087700262778721,0.001786486896953149,0.0020019424,0.0016102905882722713,0.0024357013236581604,0.0021391148856957,0.0019637486202214,0.00228740810467693,Irish sovereign debt crisis
2010-06-17,0.0009122846311651,0.0009843055835047835,0.0015817467258062285,0.0010965125,0.0021930339013504787,0.002049912970851475,0.001741568404725521,0.0016719067636749225,0.0016453136018962354,0.0020277284,0.0015467470714987676,0.0020564289328082004,0.0019608829860731,0.0016979326803449,0.00200865595944065,Irish sovereign debt crisis
2010-06-18,0.0009987840565787,0.0009749762333601635,0.0015549842292752578,0.0010479768,0.002012409019290176,0.0019080088912714847,0.0014768814805353882,0.001666878590437253,0.0015596835985364893,0.0016379191,0.0014404629787457596,0.0017770438217085461,0.0018046959692832,0.0016591322600198,0.001790869895495873,Irish sovereign debt crisis
2010-06-21,0.0012261870948546,0.000964567111036886,0.0013014920533964765,0.0011214033,0.001860471526003161,0.0017556582726965875,0.0016338717153442498,0.0009131620286332236,0.0012331817795821292,0.00089892844,0.0012196662070091356,0.0012187382781293527,0.0016551485791756,0.0013958002503814,0.0014369434286524763,Irish sovereign debt crisis
2010-06-22,0.0025028587676962,0.001203215170930242,0.001381038331106361,0.0010866029,0.0016080231467162241,0.001727736902526468,0.0014986634125410917,0.0010043329061467118,0.0013392121471784567,0.0011513935,0.001268979694131576,0.0010083054691510903,0.0016195371189222,0.0014167622109164,0.0013139212940366453,Irish sovereign debt crisis
2010-06-23,0.0018946241809428,0.002359639547547677,0.0018126784895656643,0.0020865193,0.0020375265554407715,0.0018509824733280715,0.001977583833848889,0.0016263181928119774,0.0019257750176430069,0.0017476653,0.001687327361828125,0.0011626106790275403,0.0017629581309701,0.0017740444784237,0.00146278440499882,Irish sovereign debt crisis
2010-06-24,0.0026646503450589,0.0017814475448778237,0.001806096141659634,0.0017580729,0.0016033214646477452,0.0017006203215712715,0.0015637482908375856,0.001582078786853967,0.002037681206744989,0.0014931007,0.0017355309814326386,0.0013840760060693604,0.0016527201759616,0.0017779291858698,0.00151839809101548,Irish sovereign debt crisis
2010-06-25,0.0028395697300135,0.0018358133420614564,0.0016169404047200314,0.0019848412,0.0016263141413151417,0.0016303148392007695,0.0021261645184443264,0.0015097321114587244,0.0018945860272987656,0.0015223542,0.0016046974527737538,0.0012772074082681444,0.0015723615655193,0.0015695651051135,0.001424784486893722,Irish sovereign debt crisis
2010-06-28,0.0026442636778399,0.0023553553154698524,0.0014895152527268222,0.0024042386,0.0018346403179882295,0.0015957720439262887,0.0022889336435200454,0.0016072351051796949,0.0017601472369865193,0.0015187064,0.001399092294076385,0.0013228366103013838,0.0015266655779756,0.0014190315310083,0.0014247510941384918,Irish sovereign debt crisis
2010-06-29,0.0020402310569793,0.0033765960193010936,0.0017221149783106415,0.0030212041,0.0025729650363906925,0.0021892045198921785,0.0032795447548866004,0.003234401332702974,0.002607465166982436,0.0030519718,0.001886477744328775,0.0016887835918421822,0.0020595832427274,0.0015859238208488,0.001874183417284791,Irish sovereign debt crisis
2010-06-30,0.0025522704061408,0.001986411330536708,0.0014367685431328878,0.0020789704,0.00193887053853088,0.0019095646050185618,0.002229280792954645,0.0015898977849027245,0.001770196137872657,0.001465374,0.0014100413409206245,0.0015531591264689565,0.0018883419163079,0.0013823425770672,0.0017207505213884281,Irish sovereign debt crisis
2010-07-01,0.0019812943260464,0.003129950331291077,0.0018406854423598672,0.0030212041,0.002630967319969963,0.0022219350537505227,0.003558554316110792,0.0035149320228155157,0.0026811503945970215,0.003565941,0.0019340788992274103,0.0018990182066796677,0.002108785519936,0.0017017036320229,0.002003901863307834,Irish sovereign debt crisis
2010-07-02,0.0017087574593227,0.0028727406583271106,0.0018713930827113055,0.0031856622,0.0025033709018029635,0.002121772964868023,0.0032251185684867966,0.0032226852872766832,0.0023979987926278728,0.0032676198,0.0017256464960938042,0.002004124677952541,0.0020400129701327,0.0017348420182581,0.0020220688240426207,Irish sovereign debt crisis
2010-07-05,0.0017043448225326,0.002086822960947441,0.0018136991917651866,0.0023393694,0.0019063715737244406,0.0019267500359825898,0.002528357356021362,0.002946986001014564,0.0025268030417771124,0.0029545287,0.0018264553114995703,0.002162396750311202,0.0018893663107454,0.0017000650740295,0.002025881530528301,Irish sovereign debt crisis
2010-07-06,0.0010993362931826,0.0030776338874179314,0.001926599605060545,0.0027036893,0.0025284757613054415,0.0021876535617272913,0.0025704053521139526,0.003006128925189942,0.0019751879502779503,0.0030528218,0.0015069793031132624,0.0021369243625132222,0.0020799383701016,0.0018097619941579,0.002108431366307411,Irish sovereign debt crisis
2010-07-07,0.000587495755006,0.002910993883566291,0.0020332952222769578,0.0027623298,0.002571246494265754,0.0022357294000710896,0.0026076960246717382,0.003311850833003175,0.0024994719757720865,0.0037660627,0.0018861478201738766,0.0022766800343391146,0.0021416656545471,0.0019003810564539,0.002209172844443107,Irish sovereign debt crisis
2010-07-08,0.0006857904729763,0.0026722625727264816,0.0019126253509109856,0.0026683372,0.0024552489295495646,0.0021419520520152857,0.0023876168455346414,0.0024404133651412417,0.0017971830351700864,0.0027388474,0.0014458213177139304,0.002274942310579068,0.0020622532772694,0.0018079831463991,0.002168597793924234,Irish sovereign debt crisis
2010-07-09,0.0008246664983009,0.001986309082435232,0.0016396928475077377,0.0023351233,0.0019356646548946339,0.0019383923004089572,0.0025749352928866546,0.0025102501903065716,0.0017261897854459894,0.0027102742,0.00136192961548997,0.002331730847906989,0.0018999626397131,0.0015659796963406,0.0021158467438100446,Irish sovereign debt crisis
2010-07-12,0.0009467885993808,0.002002539481546463,0.0015982739686488158,0.0023175688,0.0017766813565140579,0.0017941269223237398,0.0023720035922276074,0.002430715994664309,0.001621238846707284,0.0026700953,0.0012630158202488377,0.0022979908020414157,0.0017502258091486,0.0015191321244259,0.002024108305595008,Irish sovereign debt crisis
2010-07-13,0.0006689327847442,0.0022995417690605756,0.001558746425998471,0.002227847,0.0020322525964393775,0.0017897524833086142,0.002673723894832924,0.0022198035959950595,0.0016068888144998576,0.0024589638,0.0012645195544206708,0.0022372217278020345,0.0017089208986278,0.0014961847158963,0.0019730713132149174,Irish sovereign debt crisis
2010-07-14,0.0010255330736492,0.0010819107415710428,0.0013084722192436803,0.0013736917,0.0014788111892631022,0.0016174467835170226,0.0017387301446988113,0.001575184769335282,0.0012681955067969477,0.0016764527,0.001095652808578206,0.0020526859443233255,0.001568606284213,0.001319661776838,0.0018106461142681628,Irish sovereign debt crisis
2010-07-15,0.0011531786364306,0.0016546288454735974,0.0014830846471254706,0.0015665132,0.0017699674087231678,0.0016975611704967669,0.0020833022686212476,0.0022037775803848115,0.001707025577183068,0.0028385865,0.0013381615851811724,0.0020918933278145043,0.001609292419274,0.0014505108446565,0.0018505928735442522,Irish sovereign debt crisis
2010-07-16,0.0010448410108293,0.0018755598216601687,0.0015400451579174418,0.0020392137,0.0016619925873166536,0.0016186405509199776,0.0021629710360437523,0.0025402083295674757,0.0018963175571745966,0.0034363396,0.0014337281130787957,0.002257165706047471,0.0015515300035261,0.0015021364207464,0.0019043478547867854,Irish sovereign debt crisis
2010-07-19,0.0009930763876633,0.0018954374906775867,0.0016012814718842595,0.0020171453,0.001604579207667552,0.0015570383007518383,0.0020395998548471085,0.0027929718716070227,0.002192728425080301,0.0036148063,0.0015920927258317758,0.0025568002676834628,0.001497794949726,0.0015553732361306,0.0020272976087047315,Irish sovereign debt crisis
2010-07-20,0.0009941986879053,0.0011622450938198854,0.0014104279302817571,0.0013721639,0.0013309741004557684,0.0014084303238595835,0.0015416161747007695,0.0023404143910263314,0.0020458648225480836,0.002706743,0.0015452207298682402,0.002344841447845186,0.0013754828646379,0.0014226079495337,0.001860162156241543,Irish sovereign debt crisis
2010-07-21,0.0007590788297002,0.0022600833666388464,0.00169352132847788,0.002063939,0.0016212913431200853,0.0014577285253476178,0.001518111180057814,0.0028896265274412775,0.0022244170701429676,0.0033810514,0.0015983640192960688,0.002312592767581471,0.0013976696422204,0.0016382873933084,0.0018551312049009355,Irish sovereign debt crisis
2010-07-22,0.0002665554915899,0.002572990968738564,0.0017814121488001224,0.0022669244,0.001731112441747067,0.001536915408408912,0.0015991883869259421,0.0026471408436946485,0.0018839511514187298,0.0031040683,0.0014466444215319818,0.0019923224684470506,0.0014723144720617,0.0017166601295666,0.0017323184702543754,Irish sovereign debt crisis
2010-07-23,0.000224655720073,0.001782086599736562,0.0016164935141626284,0.0018797327,0.0013889840068053967,0.0014141660014451124,0.0017852888668457591,0.0022248496018139295,0.0016327803768657542,0.0026796537,0.0013242702611094503,0.0017099857519516422,0.0013759477501837,0.0015720518654486,0.0015429667510676712,Irish sovereign debt crisis
2010-07-26,0.0003835490073106,0.001801801456528403,0.0016209549410039251,0.0018347102,0.0013056097943996104,0.0013400327690426578,0.0016138611650828624,0.0021215482527939546,0.0014462345949070787,0.0023737473,0.0012013680868611602,0.0015935793406397394,0.0012969523272388,0.0015750024331645,0.0014452658339392697,Irish sovereign debt crisis
2010-07-27,0.0003822552171506,0.0017765980001297147,0.0015347294285019577,0.0019825154,0.001236531382632396,0.0012094311352839893,0.001615476724295144,0.0019263452969381974,0.0013650006247549146,0.0022168644,0.0011928830116729565,0.0013688334516959058,0.0011929168714045,0.0015144519653736,0.0012808751615502028,Irish sovereign debt crisis
2010-07-28,0.0002607072186261,0.0018229628586769213,0.0015173797228383997,0.0020144396,0.0012281588513742858,0.001202226867111076,0.0016452091360198812,0.002231360186231532,0.0015749240586127348,0.0032143812,0.0012867447230439633,0.001326626247098246,0.0011567492597275,0.001486126744719,0.0012416877534128729,Irish sovereign debt crisis
2010-07-29,0.0002626527247584,0.0009332636846589927,0.0009843102659292632,0.00090705045,0.0009713889492852408,0.0011349690144412453,0.000979046074798027,0.0009540071812598358,0.0011355572324121368,0.0010103678,0.0009982241139979667,0.0009529146767579188,0.0010634573418245,0.0010197300029296,0.0010081860092912094,Irish sovereign debt crisis
2010-07-30,0.0003899695036498,0.0009348077906819625,0.0009918036575525845,0.0009456614,0.0008956258525691758,0.0010438260221034992,0.00095830263088796,0.0009137807150712287,0.0010984107971814823,0.0009628013,0.0009489814748524332,0.0009156137494886888,0.0009776541953468,0.001020321975171,0.0009466339724177444,Irish sovereign debt crisis
2010-08-02,0.0004181502632055,0.0009324607943690801,0.001044039474606526,0.0008368812,0.0009979667786237812,0.00106683878544655,0.0010595619931282275,0.0007977173264744888,0.0010079681782467595,0.0008943883,0.0008610546894043574,0.0007012447880610946,0.0009946254308355,0.0010282284229563,0.0008479351094482973,Irish sovereign debt crisis
2010-08-03,0.0004872977985042,0.0007141903647462031,0.0009142636431060577,0.0007772262,0.0008400559667744198,0.0009737684025669695,0.0008588420156405239,0.0007432215532284431,0.0009199880728202983,0.0008787612,0.0008287286177122126,0.0005811815398178151,0.0009152106178312,0.0009269925936481,0.0007481960788245075,Irish sovereign debt crisis
2010-08-04,0.0012492224691295,0.0006693764994070429,0.0008655555909378924,0.0007271185,0.0007680271706156853,0.0009043840340002589,0.0007900519866117634,0.0007160006585014,0.0008243852823787422,0.00073898653,0.0007560078492080531,0.0004830682823154989,0.0008420808571126,0.0008850461966038,0.0006625745697140495,Irish sovereign debt crisis
2010-08-05,0.0012720410522459,0.0006411417398630712,0.000747412460425919,0.0007504066,0.0007115986716965807,0.0008393237618911136,0.0007718289153023659,0.0007033090863613974,0.0007552806013089437,0.00074295147,0.000641573944526117,0.00041873977482408174,0.0007752015800364,0.0007495684178313,0.0005969706774302409,Irish sovereign debt crisis
2010-08-06,0.0013372156223002,0.000585059519024342,0.0007625466568981276,0.00055259315,0.0007066624036650183,0.0008451587578193628,0.0007439471588381476,0.0006635960891001043,0.0008006321148512842,0.0008894454,0.0006472548523650096,0.0003906779395392265,0.0007785496517303,0.0007371838140031,0.0005846137956347633,Irish sovereign debt crisis
2010-08-09,0.0010666250721134,0.0007481694009349816,0.0007814867169072383,0.00057312613,0.0008171820652307933,0.0008962558425045026,0.0008574986696744209,0.0006806476326525411,0.0007979287394575398,0.0007564628,0.0006334419577221157,0.0003879022090960039,0.0008237542852325,0.0007514758023531,0.0006058282471642519,Irish sovereign debt crisis
2010-08-10,0.001242468061188,0.0005693376972738409,0.0008012643629851193,0.00059614965,0.0007032587106598182,0.000854661375451553,0.0007357428850438092,0.0007030283303908829,0.0008733320653484344,0.0007824907,0.0006948075407726588,0.00041031971285584973,0.0007948528071744,0.0007708265094577,0.0006025862600151249,Irish sovereign debt crisis
2010-08-11,0.0004814944948398,0.0019402200010884693,0.0011264089893824251,0.0016405085,0.001296258487788991,0.0011470622947104571,0.0013426524863279048,0.001372943020723768,0.0013900556634320394,0.0016349806,0.001051340356320843,0.0005012199561774805,0.001076239553387,0.0010468337592065,0.0007887297547822402,Irish sovereign debt crisis
2010-08-12,0.0007973430056588,0.0013550874220183016,0.0010378556486317439,0.0014172967,0.0010250965602973355,0.001047049872502796,0.001117810189092509,0.0012493184408337073,0.0013519252420567235,0.0013505999,0.000988067442174684,0.0005704610807303367,0.0010042158136712,0.0009731942040794,0.0007873384472007683,Irish sovereign debt crisis
2010-08-13,0.0008822667926357,0.0015888711824224267,0.001111199585216352,0.0019596894,0.0012213394871604122,0.0010713926587840618,0.0013049254999188957,0.0013200880471277779,0.0015100788220034234,0.0016514112,0.001076078317775295,0.0007046685642012271,0.0010174948528448,0.0010345760577894,0.0008610817085230136,Irish sovereign debt crisis
2010-08-16,0.0009467700833758,0.0012453573876368476,0.0009703338685592706,0.0012729014,0.0009650075035195801,0.0009887683313883104,0.001052638131621278,0.0012143849612773882,0.0013697020527401295,0.0013826588,0.0009873530755054344,0.0007463313008677841,0.0009456666866721,0.0009156752821645,0.000845998993769942,Irish sovereign debt crisis
2010-08-17,0.0042471784182625,0.0015068599652995468,0.001044217973855903,0.0016213581,0.0011386735861811479,0.001016197880881341,0.0012094361884174773,0.0012496982012404948,0.0012781113638813302,0.0014232945,0.0009379522283317054,0.0007736788011925289,0.0009603368799619,0.0009707445429272,0.0008670078405772144,Irish sovereign debt crisis
2010-08-18,0.0042821684749915,0.0007028006062441651,0.0008165522422078662,0.00089355005,0.0008220498496701699,0.0009403667391004144,0.0008745663850524124,0.0008048810429421024,0.0009217227300169231,0.0010016579,0.0007516296874095636,0.0007518588489142729,0.0008850662005234,0.0008013214971219,0.0008184625247188364,Irish sovereign debt crisis
2010-08-19,0.0040364315562199,0.0015911034163281238,0.001010794901449951,0.0014592,0.0011393477417894092,0.0010388387075702921,0.0012435222388857896,0.0012881729701461437,0.001218861045407558,0.0016582888,0.0009325452612996093,0.0008663216176579055,0.0009736456949479,0.0009569730580866,0.0009199836563029027,Irish sovereign debt crisis
2010-08-20,0.003765428378654,0.001543303819606293,0.0010104236303725598,0.0014592,0.0011995696342528496,0.0010943131708269305,0.0012819796018789732,0.0013030684337946151,0.0012983915782394202,0.0016395445,0.0009484189827652232,0.001030379643633734,0.0010276055555901,0.0009526709950426,0.001028992599611917,Irish sovereign debt crisis
2010-08-23,0.0036857693768905,0.0010918838866956684,0.0009232743921156936,0.0008660345,0.0009673867639462823,0.0010291547679909924,0.0009850580299110327,0.001084019528492508,0.0011636755693900662,0.0012142053,0.0008206790728599961,0.0011165518371355182,0.0009713331334788,0.0008671423682106,0.001043942485307159,Irish sovereign debt crisis
2010-08-24,0.0003152852357529,0.004335197304279521,0.0021102929332291625,0.0028520196,0.003059262809370497,0.0026122715701432124,0.0030554788521214562,0.004923367320814098,0.0034609581566209776,0.0040737414,0.002466118131514246,0.001640176393366155,0.0024358940157688,0.0019116444207704,0.0020380352045674776,Irish sovereign debt crisis
2010-08-25,0.0007123466313084,0.002405448015044037,0.002004181430551072,0.0023283744,0.0022740784006686546,0.00228621032701718,0.0028316203203503747,0.0042284292068192455,0.003075471538658659,0.0034303279,0.0021241155466919267,0.0019342795779721408,0.0022428206572906,0.0018459088846322,0.0020885501176313706,Irish sovereign debt crisis
2010-08-26,0.0006501765550257,0.002148028429274989,0.002023740611796859,0.0023185357,0.0020896323467134905,0.0021429236743566306,0.002526124635904296,0.0030402848734563683,0.0026905463583325366,0.0031405266,0.001909622220447516,0.0021470276610046544,0.0020879376898598,0.0018625453690157,0.002117482675432227,Irish sovereign debt crisis
2010-08-27,0.0010338361292195,0.0020881781624954294,0.0019295981029083893,0.0024210117,0.0019470915268489373,0.0019296777944589262,0.0025717889849002327,0.002911288248218756,0.0022324932693637512,0.0029635727,0.001690312412802102,0.0021464164129517656,0.0019157638550998,0.0017951976176156,0.002031090134025783,Irish sovereign debt crisis
2010-08-30,0.0010401871426294,0.002104552382278275,0.0018555168871645304,0.002383165,0.0018071266578428612,0.0017463722843363543,0.002343262798575694,0.002911288248218756,0.0021894563485009427,0.0029590814,0.0017046378349250212,0.0020399450630858938,0.0017576381027721,0.0017508732249183,0.0018987915829289969,Irish sovereign debt crisis
2010-08-31,0.0009418759724172,0.0011184066217232857,0.0013323486280084375,0.0012213924,0.00166944051357387,0.0017826772597471505,0.002162853184772273,0.0017440406071722943,0.0013335155935691294,0.0015954934,0.0011094501767653702,0.0019517698815154205,0.001675165563276,0.0013488026667004,0.0018134677223957101,Irish sovereign debt crisis
2010-09-01,0.0005892227707269,0.001764462135250771,0.001571161924987724,0.0016006092,0.001908319078964434,0.0017942372849398165,0.0023184998745422684,0.002094283384167478,0.0014008098601980701,0.0016681318,0.0011564033324048427,0.0018317139682820518,0.001702171257753,0.0015384728174909,0.001766942613017526,Irish sovereign debt crisis
2010-09-02,0.0006244169640695,0.0011553476672361666,0.0015123379009426706,0.0013412668,0.0014737981814954876,0.0016370470668782236,0.0017705284226233165,0.0018551428930172781,0.0014699856569763364,0.0019959097,0.0012242855055445096,0.0019360231890703772,0.0015804048377638,0.0015009597365692,0.0017582140134170888,Irish sovereign debt crisis
2010-09-03,0.0002318409093122,0.0022600833666388464,0.0017431365987775845,0.002063939,0.0018456156973154804,0.001670511885828835,0.0017370649880209968,0.0024336980179711257,0.001546813149174401,0.002523348,0.0012668831755924704,0.0020153087464328994,0.0015992524343497,0.0016881242554743,0.0018072805903912997,Irish sovereign debt crisis
2010-09-06,0.0003806273352598,0.0017596978213576132,0.0016751976523181502,0.0017546265,0.0014616937392061752,0.0014917258913656002,0.0013749139733591883,0.0021695741038908196,0.001499380088382883,0.0024073385,0.0012703674539481487,0.0019627066454788165,0.0014683836713675,0.0016472648685015,0.0017155451584231582,Irish sovereign debt crisis
2010-09-07,0.0003570600476925,0.0017847758920493775,0.0016800069908833011,0.0016997263,0.0013480127604861712,0.0014304374584405831,0.0012176975926425392,0.002187844284043941,0.0016230210749015627,0.0023595765,0.0013494750182422028,0.0018069543453529172,0.0013876765708009,0.0016423928287085,0.0015973154580769086,Irish sovereign debt crisis
2010-09-08,0.0002769326500943,0.0010851382664807249,0.0015219687042315193,0.0011920588,0.0011711291241831912,0.0013689714358695532,0.0009930076514309454,0.00186515367149213,0.0017330760388305053,0.002069148,0.0013897712555562842,0.0017926916980456225,0.0013157385117988,0.0015124301534646,0.0015542151049222114,Irish sovereign debt crisis
2010-09-09,0.0005365775111185,0.0011176049840111314,0.0015341188187749427,0.0012329785,0.0011140970617035133,0.0012763801383721446,0.000997186980349384,0.0018299927686783258,0.0016014100626452444,0.0021069301,0.0013063286172286324,0.0016693702363660215,0.0012302929215111,0.0015221062685352,0.0014498315789385607,Irish sovereign debt crisis
2010-09-10,0.000753294173267,0.0009695202002085463,0.0010956468197671867,0.0010452365,0.0010318149264488651,0.0012113497803081883,0.0012096139425816102,0.0010293795849455846,0.0012715727063954043,0.001142478,0.0011572617413041642,0.0011881183627708858,0.0011304409740456,0.0011610619337278,0.0011592796684082429,Irish sovereign debt crisis
2010-09-13,0.0007005276287803,0.0010922484023081342,0.0013323195206638096,0.0011706116,0.0010103090550277534,0.00115568038750325,0.0012237032577216032,0.000990217959306025,0.0013756367939530042,0.0010161507,0.0011714025919130275,0.0010266875346682186,0.0010941789076188,0.0013370133588318,0.0010604332211435093,Irish sovereign debt crisis
2010-09-14,0.0006810165777423,0.0010044863323378094,0.001283496292411141,0.0011194528,0.000918027069147985,0.001088544871578693,0.001102309528248413,0.0009696419470136599,0.001319850463928875,0.00095853605,0.0011561329779564624,0.0008936132866115273,0.001034431812506,0.0012950727017025,0.0009640225495587637,Irish sovereign debt crisis
2010-09-15,0.0008757921932861,0.0009634232001918473,0.0011703625556189234,0.0010704455,0.0008680758496106057,0.0010003534731002006,0.0010239577068102447,0.0009234953494755818,0.001156044014050197,0.0009386683,0.0010684549573107241,0.0007839996034534951,0.0009510103724134,0.0012137913933857,0.0008675049879334476,Irish sovereign debt crisis
2010-09-16,0.000644237588055,0.0015911957544221089,0.0014109366247339647,0.0014429422,0.0010569235870151947,0.0010831197409752289,0.0012780607307660873,0.0012880883414418515,0.001547300226195905,0.0014540202,0.0012927999446300923,0.0007820561412225013,0.001028132566321,0.0013928031845776,0.0009050943537717507,Irish sovereign debt crisis
2010-09-17,0.0004520746523841,0.0020605526035739658,0.0015231857876558254,0.0022522204,0.0012213104414897009,0.0010938660888847103,0.0015635307151387469,0.00242799512929854,0.0018405487948444789,0.0030561239,0.0014678103871015355,0.0009085895946063325,0.0010491349176393,0.0014889270816377,0.0009788622561228161,Irish sovereign debt crisis
2010-09-20,0.0003843115813356,0.0012196157647169261,0.001455064975139227,0.0013256135,0.0009398102596305623,0.0010391891007337354,0.0010427424195294023,0.0012713677474460278,0.00166886997170241,0.0011662574,0.001357413656188078,0.0008327857921168926,0.0009995831227783,0.001427866509182,0.0009161844574475963,Irish sovereign debt crisis
2010-09-21,0.0004171725766822,0.001188899447898001,0.0013924634807856544,0.0013640678,0.0008735043094555794,0.0009610442831726141,0.0010103181748983205,0.0011614686090705391,0.0014633259915894242,0.0010582703,0.001246205183609307,0.000771332863925212,0.0009288289948134,0.0013711666654951,0.0008500809293693059,Irish sovereign debt crisis
2010-09-22,0.0002242794643708,0.0021187802341202816,0.0014986007742034783,0.0023311058,0.0011044898575834653,0.0009866957890781747,0.0013918014192919785,0.0015657039926875718,0.0017801860723769371,0.0017395754,0.0014465160373778611,0.000846441703985639,0.0009486894235686,0.0014531646313559,0.0008975655637771195,Irish sovereign debt crisis
2010-09-23,0.0001795219141709,0.0006275706744375947,0.0007905714668479464,0.0006030399,0.0008519880945897807,0.0009903163930093772,0.0008266188098924952,0.0008490284832822771,0.0009968765741537862,0.0009044293,0.0007442672839212404,0.0008341968630477899,0.0009216113893935,0.0007483838883534,0.0008779041262206449,Irish sovereign debt crisis
2010-09-24,0.0001830728006046,0.0005583692170761541,0.0007322271712290941,0.0005956086,0.0007649061311898839,0.0009210140566322482,0.0008011719849802512,0.0006908928331639507,0.0008585468991283731,0.00080702786,0.0006569509648881664,0.0008859889677044896,0.0008544478193241,0.000706067270832,0.0008702183935142948,Irish sovereign debt crisis
2010-09-27,0.0001551572808817,0.0005227318924702577,0.0007034826922698825,0.00042502416,0.0007179749737551425,0.0008748719953491384,0.0007460452885005515,0.0006977284261500452,0.0009085647792943878,0.00072740606,0.0006800132431060856,0.0009406262197573367,0.00080644776397,0.0006809259816116,0.0008735369918636683,Irish sovereign debt crisis
2010-09-28,0.000328020262646,0.0005441946696652223,0.0007291631203183468,0.00052867684,0.0006856292316633752,0.0008428261209382454,0.0007130989511825304,0.0008032439362696543,0.0010105076455313796,0.0008952365,0.0007356619369921495,0.001035769879245386,0.0007777288989351,0.0007025850205639,0.000906749389090243,Irish sovereign debt crisis
2010-09-29,0.0004392998585833,0.0005168908349004713,0.0006352075843633558,0.00051329634,0.0006556764711110556,0.0007898114181059209,0.0007086230876761351,0.0007155450016235157,0.0008725619514537745,0.0008854364,0.0006625007902431876,0.0010818834214730987,0.0007189770783425,0.0006347016355965,0.0009004302499077993,Irish sovereign debt crisis
2010-09-30,0.0004414099487072,0.0004887698366659396,0.0006101839537137612,0.00047400768,0.0007795078344834016,0.0007550017518735714,0.0007645606200388785,0.0006349579848630401,0.0008020459071655905,0.0008059969,0.0005959718482276946,0.0010414735324901208,0.0006786188192311,0.0006064058019568,0.0008600461758606104,Irish sovereign debt crisis
2010-10-01,0.0004182810778211,0.00048582283535797286,0.0005376461984684126,0.0004881615,0.0007456085846681979,0.0007191425522536713,0.0007421765110623321,0.0006811327220577224,0.00079131784714772,0.0009068053,0.0005578413594367909,0.0010220740886697313,0.0006423525841203,0.0005307676497689,0.0008322133363950156,Irish sovereign debt crisis
2010-10-04,0.0004233331183312,0.00048291409526883224,0.0005110503523559439,0.0004881615,0.0006385120429748963,0.0006685164199248639,0.0005307489076964145,0.0006221615913387241,0.0007231003998666675,0.0008129816,0.0005225564865555056,0.0009582104852346465,0.0005936739472432,0.0005101001149682,0.0007759422162389232,Irish sovereign debt crisis
2010-10-05,0.0002093936652506,0.0005884637627685689,0.00056936429823238,0.00043434338,0.0005716481047414712,0.0007066254226996578,0.0005292133946486084,0.0006272663067602106,0.0006946321520216107,0.0006978624,0.00048158196203121887,0.0009086620569938218,0.0006362816904633,0.0005430237439762,0.0007724718737285609,Irish sovereign debt crisis
2010-10-06,0.0001477672976183,0.000533536783756601,0.0006167792979102223,0.0004433479,0.0005155997536951861,0.0006862764487747399,0.00047545917165355657,0.0006290028240915059,0.0007068728293132393,0.0006801231,0.0004997120931571111,0.0009045616314368183,0.0006263414700497,0.0005848519826326,0.0007654515507432592,Irish sovereign debt crisis
2010-10-07,0.0002520843418814,0.0005096394085479242,0.0006076391310835222,0.0004354591,0.0004922340110175138,0.0006633413819023384,0.0004475095962645549,0.0006339011236064304,0.000743569045370449,0.00066691363,0.0005273405540976745,0.0008947212889544151,0.0006068883570403,0.0005774179320685,0.0007508048229973575,Irish sovereign debt crisis
2010-10-08,0.0002692095077766,0.0005088439998463022,0.00057217141042813,0.00044553497,0.0004712742427479718,0.0006162575410641548,0.00042875704863551807,0.0006116288593274359,0.0006833060911467642,0.00066379743,0.0004960036036868237,0.0008520441257910981,0.0005644789272063,0.0005487624352682,0.000708261526498699,Irish sovereign debt crisis
2010-10-11,0.0002711309868615,0.000506140435403559,0.0005665690868166478,0.00043255146,0.0004316285270296465,0.0005731072925646992,0.00039349192247824374,0.0006066642132831857,0.0006774367402218577,0.0006181623,0.0004833960072049793,0.0008121738185648614,0.0005239181113743,0.0005405887853623,0.0006680459649695807,Irish sovereign debt crisis
2010-10-12,0.0002842938789884,0.00048402723409599914,0.0005117262109208584,0.00039371077,0.00041140163017902305,0.0005595146917152598,0.0003837538392757369,0.0006203788374844926,0.0007069636256205171,0.0006608092,0.0004997217641088693,0.000902901256680496,0.0004995502183653,0.0005004346357324,0.000701225737522898,Irish sovereign debt crisis
2010-10-13,0.0002483118570877,0.00048481515371950033,0.0004671547723579033,0.00050423027,0.0005807223312636757,0.0005442323859701717,0.0006361645198838007,0.0006093374525332155,0.0006801378525009765,0.00076588715,0.00047001533406167584,0.0008510946986315431,0.0004782743728631,0.0004604931075117,0.0006646845357473215,Irish sovereign debt crisis
2010-10-14,0.0010369736438739,0.0005278349491660591,0.0005380925355726622,0.00040315537,0.0004287159831141217,0.0005809593336136468,0.00040429688672697376,0.0007019771375065814,0.0007700333357322126,0.0008742419,0.0005298547536787954,0.0008621339374483576,0.0005198188357869,0.0005189245938658,0.0006909763866176288,Irish sovereign debt crisis
2010-10-15,0.0011246904937415,0.0004830593878164834,0.0005376821343391668,0.00040207568,0.0004125362350163799,0.0005483839947215348,0.0003864069115731114,0.0006797636739844586,0.0007833457591234114,0.00077922974,0.0005365943763412301,0.0009697021700804098,0.000494149515773,0.000521369181459,0.0007319258429267049,Irish sovereign debt crisis
2010-10-18,0.0011166109181939,0.0004800209129077744,0.0004723845645415569,0.00041659328,0.00042535745542318637,0.0005147360643567644,0.00044660033798309053,0.0006420429719250743,0.0006821671538608867,0.00072602415,0.00046347679795341953,0.0008451499029558959,0.0004602091324345,0.0004549177050356,0.000652679517695198,Irish sovereign debt crisis
2010-10-19,0.0011239397605038,0.0004805178172273406,0.0004425682415336626,0.00041444588,0.0004226675189087183,0.0005035012207924317,0.0004522270234367651,0.0006314011673774807,0.0006490705082542664,0.0007648055,0.00043439901084025634,0.0007950021355862108,0.0004478250071196,0.0004214632426521,0.0006214135713529054,Irish sovereign debt crisis
2010-10-20,0.0011179189146909,0.00047913646502680923,0.00041006860323469617,0.00042037066,0.0004132064675188654,0.00048135987320374065,0.0004310895778924926,0.000645484059867647,0.0006504444297788175,0.00076879095,0.00042467942795503335,0.0007917324780882199,0.0004251928573571,0.0003926778256154,0.00060846266772266,Irish sovereign debt crisis
2010-10-21,0.0001726623559284,0.0014839900419732328,0.0007850378648132483,0.0007953165,0.0008812674866175521,0.0008325034615506198,0.001003916994124142,0.000923023857654332,0.0007952549562270951,0.0009132273,0.0005739296379697454,0.0007812883089560486,0.0007671647451844,0.0007182190651163,0.0007742265270702243,Irish sovereign debt crisis
2010-10-22,6.29449277849586e-05,0.001046833141379597,0.0007579206558161057,0.0008173587,0.0007717365801343955,0.0008149537510444731,0.000857937145997558,0.000907109015275537,0.0008105467445985574,0.0010481783,0.000595232321357161,0.0007850410123880564,0.000762018737744,0.0006956760293845,0.0007735298750660282,Irish sovereign debt crisis
2010-10-25,6.284711156319807e-05,0.0009924511743876036,0.0007133020748894069,0.00074153213,0.0007182335838311285,0.0007482751921262918,0.0007870739838909144,0.0008709860759507298,0.0007694266713020244,0.0010155301,0.0005740692557511729,0.0007743397425870671,0.0007068239396046,0.0006609043224464,0.0007405818410958335,Irish sovereign debt crisis
2010-10-26,5.436139901052071e-05,0.0010184231316538786,0.0007343356492897082,0.0007788014,0.0006595592060816582,0.0007210500933430241,0.0007349694462025673,0.0008830474334395401,0.0008079341880305709,0.00096296065,0.0005882777519159552,0.0008112966456771713,0.0006768366797705,0.0006752621446578,0.0007440666627238357,Irish sovereign debt crisis
2010-10-27,6.410666349653015e-05,0.0009909625129265929,0.0007164541124987932,0.00071992254,0.000583630728962896,0.0006690413530898622,0.0005544011989759948,0.0008767618483514232,0.0007803238200423786,0.0009741427,0.0005752477568609711,0.0008071848608884024,0.0006313202292098,0.0006623952250243,0.0007192525450491012,Irish sovereign debt crisis
2010-10-28,0.0004003869429559,0.00048349827890918704,0.0004999419844817025,0.00050859764,0.0006322082028489117,0.0006573628099497801,0.0005472508628583595,0.0006031296064907809,0.000693247354572303,0.00078944844,0.0005299550184914384,0.0007422584786513624,0.0005842257476141,0.0004996869512509,0.0006632421131327312,Irish sovereign debt crisis
2010-10-29,0.0008050284627023,0.0004753783476205277,0.00041110437315860636,0.00048603307,0.0005886822957105843,0.0006387821871893097,0.0004952745798714183,0.0005506934895688332,0.0006010791087487279,0.00068014517,0.0004811738702748365,0.000658052520446177,0.0005395838137536,0.0004309217801589,0.0005988181670998885,Irish sovereign debt crisis
2010-11-01,0.0008526571964105,0.0004822682056751667,0.0004212850129078679,0.00048564194,0.0005502412329506203,0.0005898301045751028,0.0004721564152400594,0.0005677341642725413,0.0006181755558576378,0.0007863107,0.00047509972189440416,0.0005827710325573524,0.0005034156059105,0.0004344376190492,0.0005430933192339262,Irish sovereign debt crisis
2010-11-02,0.0012073387935539,0.00048396693283124325,0.0004203265394484352,0.00047022518,0.0005488842663150795,0.0005607492622288825,0.00046969575187418087,0.0005387628386607293,0.0005812038281378043,0.0006357032,0.00044948193038091554,0.0005292331013034327,0.000476562407377,0.0004328706428677,0.0005028977543402164,Irish sovereign debt crisis
2010-11-03,0.0016670696615817,0.0004824411280896264,0.0004313785401162742,0.00047266163,0.0004949800317998641,0.0005215372144322684,0.0004331050845678746,0.0005350783495639249,0.0005701897656375494,0.00063350506,0.0004455173983018395,0.0005029865937489376,0.0004459875024269,0.0004426697239992,0.0004744870480879188,Irish sovereign debt crisis
2010-11-04,0.001582859868681,0.0006814135771824233,0.000625700075423931,0.00045508906,0.0004752763988768958,0.0005952384013697332,0.0004450323854419413,0.0005927343253294705,0.0006326838951679841,0.0005308349,0.0004822860818058245,0.0004796059071462735,0.000540150694127,0.0005937118499647,0.0005098783006366367,Irish sovereign debt crisis
2010-11-05,0.001179359746413,0.0011435616686426698,0.0007731458042283642,0.0007935047,0.0007610137966703531,0.0007420903542159965,0.0008529392351231559,0.000994473764320189,0.0008735910552505501,0.0011340614,0.0006491101247518199,0.0005269027586165651,0.0006866756944873,0.0007182106624235,0.0006067892265519325,Irish sovereign debt crisis
2010-11-08,0.0011889650948715,0.0009800695169466642,0.0007648722112523062,0.0007240473,0.0006283891317314965,0.0006934490152822218,0.0007224243149436098,0.0008491902563378765,0.0008086464808924557,0.0009523691,0.0006082404186534104,0.0005490107368224791,0.0006498439077342,0.0007144271853998,0.0005994273222783395,Irish sovereign debt crisis
2010-11-09,0.0010831974599731,0.0014421562180343091,0.0009198952606855846,0.0010667619,0.0008552401669432241,0.0007983324643957831,0.000920910525875396,0.001021716772792733,0.0008787202612696606,0.0011507404,0.0006764578023661133,0.0005803932885315507,0.0007483230051703,0.000847445516691,0.0006643581468509254,Irish sovereign debt crisis
2010-11-10,0.0008288620584768,0.002024522823953124,0.0010855965442039533,0.0018712706,0.0011075919986658497,0.000964008613841854,0.0011470501007698017,0.0013412518220933072,0.0012336150068585304,0.001558481,0.0009300064117082113,0.0006947700284807875,0.0009099334277368,0.0009942788943059,0.0008023517281087937,Irish sovereign debt crisis
2010-11-11,0.0015079447269501,0.0016479750076691538,0.00112121391751167,0.0018933727,0.0011594190153866135,0.0010080187063902751,0.0012183864136983147,0.0013519649772998547,0.0014594786972081152,0.0016661388,0.001065710091004952,0.0008545813246186293,0.0009574312389041,0.0010346686716143,0.0009060062817613647,Irish sovereign debt crisis
2010-11-12,0.0015755254251251,0.0013335387396738987,0.001000743101761036,0.0014403731,0.0009119032483541539,0.000910396901003226,0.0010189720591902416,0.0011821706124405765,0.0011632663190672202,0.0013793249,0.0008973511027514281,0.0009025857068071224,0.0008805839432176,0.0009522526096641,0.0008915848250123612,Irish sovereign debt crisis
2010-11-15,0.0017383694841344,0.0012873494563216074,0.001022359204600097,0.0013633579,0.0008342375020741722,0.0008706959930515655,0.0009209091818542117,0.0011352974618767128,0.0011370798129604987,0.0012640592,0.0008664734578187528,0.0008964761343331712,0.0008306330323804,0.0009569275368768,0.0008635545833567856,Irish sovereign debt crisis
2010-11-16,0.0026254227080819,0.0015989954028769295,0.0010779891135365245,0.0014434088,0.0010373633124080208,0.0009520250843043174,0.0011224124453146525,0.0013261859770943478,0.0014242911149561295,0.0016349806,0.0010582321521948664,0.0010178857359203963,0.0008997001690029,0.0010103674602736,0.0009587929524616482,Irish sovereign debt crisis
2010-11-17,0.002469154090582,0.0014190160798441367,0.0010697190708362488,0.0014592,0.0010335282356957007,0.0009645529865164955,0.0011738888146736362,0.001173283041852848,0.0011939843948132745,0.0013473369,0.0009169616859605077,0.001105748906108714,0.0009104783783215,0.0010164991298221,0.001008113642215107,Irish sovereign debt crisis
2010-11-18,0.0016753112018464,0.0022631529033753793,0.0013907478324665743,0.001729758,0.001500063919881541,0.0012748583343782922,0.001571216334771966,0.0012852332219823659,0.0011710605102715481,0.0011902493,0.0009678769959438087,0.0011404753683310846,0.0012050679908077,0.0012973973766318,0.0011727716795693923,Irish sovereign debt crisis
2010-11-19,0.001627135942007,0.0014546600493586658,0.0013753446321840975,0.0014342037,0.001132938722554697,0.0011673098139272486,0.0011577352861933407,0.0011479158190044003,0.0011438264378061604,0.0010884787,0.0009760108976305918,0.00118875154154253,0.001129433778789,0.0012942506704144,0.001159092660165765,Irish sovereign debt crisis
2010-11-22,0.0014198850474069,0.0016415702708488004,0.0012620572299058095,0.0018933727,0.0013882316945294873,0.0012001845608201288,0.0014581429983756785,0.0012531052167493858,0.0012935318333276242,0.0015774603,0.0010096886879090584,0.0013281276339576994,0.0011458365275074,0.0011689874392907,0.0012369820807325497,Irish sovereign debt crisis
2010-11-23,0.0002588580980688,0.0031881521773791804,0.0016193271342081238,0.0025937685,0.0019781527599582113,0.0016660174521301095,0.002200010053775651,0.0017367444916186671,0.001839601135782964,0.0017292278,0.0014157595234599207,0.0016800967638490958,0.0015757403008507,0.0014832691044744,0.001627918532349898,Irish sovereign debt crisis
2010-11-24,0.0005215190765407,0.0019691026931111617,0.0015707721987840379,0.0020685638,0.0014880682622138053,0.0015101945818961622,0.0016221744907874793,0.0015183935945535809,0.0017201663326758378,0.0014394444,0.0013142638739143465,0.0019519139457310681,0.0014683228010031,0.0014585494533311,0.001710118373367084,Irish sovereign debt crisis
2010-11-25,0.0008264347933576,0.0021039316999406114,0.0015000410535830578,0.0022303502,0.0015494818306537532,0.0014694386139516246,0.001682370906397971,0.001715735514560032,0.0019318769814358119,0.0018886788,0.001456374840326353,0.0022370007266960014,0.0014161426506288,0.001411039444315,0.0018265716886624007,Irish sovereign debt crisis
2010-11-26,0.0008209356585081,0.0019577184531999873,0.001466326452346848,0.0020047533,0.0013428260414665289,0.001335890423941968,0.0014765235801631488,0.0015710618081725906,0.0018604362020394887,0.0014406826,0.0014158511950772342,0.002386530943427182,0.0013052472083667,0.0013909720100719,0.001845889075896941,Irish sovereign debt crisis
2010-11-29,0.000819070471468,0.0019354278068454429,0.0014347516009292338,0.0020047533,0.0012516776113340887,0.0012395969852705628,0.0013692081790296527,0.001609895230812326,0.0017330394473795234,0.0016074467,0.001342106949094355,0.002538757598785934,0.0012103803673449,0.0013688607572932,0.001874568983065417,Irish sovereign debt crisis
2010-11-30,0.0010991395452883,0.0009523649145966715,0.0010736697376449457,0.0009211832,0.0010066874898447527,0.0011911077832409687,0.0010383561188741343,0.0010611033106728844,0.0012923118477706202,0.00116827,0.0010600813466039819,0.002697364109631796,0.0011203453342117,0.001094836524007,0.001908854721921748,Irish sovereign debt crisis
2010-12-01,0.0008083019788905,0.0015853038929210526,0.0013022377724252123,0.0014429422,0.001201109552320318,0.0012228714515568383,0.0014349092793430904,0.0012170364820906817,0.0013763847686091492,0.0012404674,0.0011103421410342113,0.002673073533067171,0.0011543089653686,0.0012804229218183,0.0019136912492178854,Irish sovereign debt crisis
2010-12-02,0.0004595330248022,0.0023438036354771243,0.0014816586605439024,0.0022522204,0.0014816366236065812,0.0012931970785725153,0.0018880467182648816,0.0015069145325176676,0.0013217121184767773,0.0014519023,0.0010977974423990115,0.0026007857669774885,0.001230057784887,0.0014345163765341,0.0019154217759322443,Irish sovereign debt crisis
2010-12-03,0.0004673386859147,0.0017669917981800439,0.0014296268988878557,0.0019146914,0.001155411207532432,0.0011721451884582688,0.001475954398738577,0.001402433254825427,0.001352168538204702,0.0014271383,0.0011427124127021122,0.0025383784944266858,0.0011398488760326,0.0014022524297419,0.0018391136852296429,Irish sovereign debt crisis
2010-12-06,0.0005112203515687,0.0017602752677400035,0.0013771742825564094,0.0019146914,0.0010642008263184687,0.0010831204455813998,0.0013614032446656265,0.0013905779016121643,0.0012739928809087798,0.0013733519,0.0010637985929920853,0.002338927793664787,0.0010513834028921,0.0013470256885784,0.0016951555982784436,Irish sovereign debt crisis
2010-12-07,0.0002484215720674,0.002307879035941578,0.0014692605009034574,0.002227847,0.001272105163968748,0.0011230539005433766,0.001565921859704186,0.0013888796797404338,0.0011940141894413135,0.0012619436,0.001014512806061496,0.002023387022145685,0.0010757043996104,0.0014044788511514,0.0015495457108780425,Irish sovereign debt crisis
2010-12-08,0.0002157475504264,0.0017717507431223522,0.0013653119317577026,0.0019002974,0.0010045977300551382,0.0010362566923886067,0.0012909085648103572,0.0012660620001227903,0.0011627482947941254,0.0012089704,0.0010058584425920371,0.0019113699940260325,0.0010009288606304,0.0013302457880291,0.0014561494273282161,Irish sovereign debt crisis
2010-12-09,0.0001309458219505,0.0010342626902213054,0.0012049767646523065,0.0010698852,0.000840075023720539,0.0010044921532879985,0.000848415781046753,0.000947957050623433,0.0011180234353391587,0.0009256173,0.0009522253466965001,0.0017752349769440089,0.0009524652442871,0.0011927360919099,0.0013638501106155545,Irish sovereign debt crisis
2010-12-10,0.0001573616974594,0.0009027858808835259,0.0011186030101128159,0.0008498688,0.0007869503248895193,0.0009352589648333667,0.000794182177334126,0.0009128128741495489,0.001026635063874986,0.00091435283,0.0009002212713281495,0.0015244899765255934,0.0008901092006887,0.0011078509377237,0.0012072995886071467,Irish sovereign debt crisis
2010-12-13,0.0001260171728577,0.0007623471943038121,0.0011147696628673342,0.0007703802,0.0007379809088284518,0.0008837174600692504,0.0006935397519499848,0.0007941891557626925,0.0009658792277661617,0.00079533935,0.0008550213429053573,0.0013523527944649977,0.0008384615710792,0.0010941901299642,0.0010954071827720987,Irish sovereign debt crisis
2010-12-14,0.0003009486771352,0.0006773080663162954,0.0009839480452662737,0.00064596086,0.000685869890148726,0.0008455032838137206,0.0006466462039710892,0.0007486555760809273,0.0009989802406918558,0.00079688325,0.0008840235211056316,0.001418577319476654,0.0007892169110785,0.0009956953016344,0.001103897115277577,Irish sovereign debt crisis
2010-12-15,0.0003046871674032,0.0006735853775006212,0.000940419361485878,0.0006711882,0.0006493765839060985,0.000786982021704365,0.000607716176419085,0.0007619151728580104,0.001006503296727025,0.0008969058,0.0008866577818951817,0.0013293134352354327,0.0007329502569872,0.0009609852992118,0.0010311318461113162,Irish sovereign debt crisis
2010-12-16,0.0002964295594015,0.0006782639308591771,0.0008295212671383581,0.000814074,0.000764802447617233,0.0007419868850549769,0.0007698848855548701,0.000704142441977482,0.0009116478616696277,0.0009967232,0.0008191530131045374,0.001101411478579418,0.0006772816776172,0.0008608338551421,0.000889346578098309,Irish sovereign debt crisis
2010-12-17,0.0002502843251918,0.0006808491008856922,0.0008449446459193935,0.0008079541,0.0007286446038921411,0.0007123204034387614,0.0007389728696389374,0.0007537425254230804,0.0009568119971184098,0.001021992,0.0008299711606288062,0.0010367084323360271,0.0006515207359994,0.000863746450636,0.0008441145841677135,Irish sovereign debt crisis
2010-12-20,0.0002336346535232,0.0006448371730127421,0.0006818492565740886,0.0007985225,0.000667700079799068,0.0006776819845946859,0.0005570449729610694,0.0007281031607088433,0.000846265060368755,0.0010122595,0.0006893816848289388,0.0009574197902841747,0.0006091301151123,0.0006963807851391,0.0007832749526982374,Irish sovereign debt crisis
2010-12-21,3.837917359869535e-05,0.0007914426505714233,0.0008289172099945292,0.0008043297,0.0005749193809575409,0.000691973114494532,0.0005410608055686155,0.0007461826944716211,0.0008663188944780164,0.00085200404,0.0007025821263207414,0.0009095938036806251,0.0006367402161557,0.0008144955535383,0.0007731670099181626,Irish sovereign debt crisis
2010-12-22,3.241531305885467e-05,0.0006615407454344885,0.0007708711543005852,0.0007804694,0.0004839114035464816,0.0006369598112296844,0.00044421313211537224,0.0006851208224600203,0.0007735841173891565,0.00083444576,0.0006548109740904414,0.0007806825941994403,0.0005899064265528,0.0007630111265387,0.0006852945103761202,Irish sovereign debt crisis
2010-12-23,3.096351230068091e-05,0.0004938432569302671,0.0005424029843520264,0.0004291043,0.00045629776203665886,0.000603356500282871,0.0004207344513129768,0.0004979172569451756,0.0005746450910978408,0.00050036726,0.00047205744522812293,0.0006302955823509417,0.000546676631421,0.0005300213348135,0.0005884861068859708,Irish sovereign debt crisis
2010-12-24,5.895825329096328e-05,0.0004828874105463284,0.0005185957349932057,0.00042291562,0.000426800991279283,0.0005652206621531472,0.00040236831418211886,0.000494278563833679,0.000546971985914653,0.0004950469,0.0004456982570904773,0.0005797853258517749,0.0005083332307294,0.000507800503465,0.0005440592782905875,Irish sovereign debt crisis
2010-12-29,4.831202803705564e-05,0.000481310517590358,0.0004952877772893678,0.00042244644,0.000435767184126183,0.0005288337336199993,0.0004762466544091194,0.00043606869693013856,0.0005151481043116989,0.00038180352,0.00041779389280085567,0.000522271317139674,0.0004727689841653,0.0004822102426333,0.000497520150652487,Irish sovereign debt crisis
2010-12-30,4.210629508903392e-05,0.00048267702766382,0.00036232713481439697,0.0005823143,0.0005698082488107979,0.0005345778042205268,0.0007586977909564874,0.00044941229221977805,0.0004948058855016997,0.000581643,0.0004047042445222176,0.0005003119887249009,0.0004443460323374,0.000378228660755,0.00047232901053115045,Irish sovereign debt crisis
2010-12-31,4.136524838539101e-05,0.0004860324477256136,0.00034869597255043086,0.00068896747,0.000539981349562133,0.0005009168422115907,0.0009254712857388434,0.000442493278068423,0.00048026297024094213,0.0006293266,0.00039637638315394156,0.00047158728698514245,0.0004123607959198,0.0003668742469827,0.00044197404145247126,Irish sovereign debt crisis
2011-01-04,0.0002526732212507,0.0003876503739435732,0.0003470140444321171,0.00055606314,0.0004910074487382203,0.00042013710396067764,0.0007125376043353586,0.00033111546135872145,0.0004206943354725081,0.00043722664,0.0004057548821644329,0.0005820598198067438,0.0003545899492915,0.0003402964765307,0.0004683248845491219,Irish sovereign debt crisis
2011-01-05,0.0003126656895903,0.00039552859843486365,0.00033380607250760747,0.00042690782,0.0004878194533757502,0.00039015545898583994,0.0004534785891401468,0.0003385269884419429,0.00039052485383004926,0.00033599188,0.00037528108864059176,0.0005092261876972193,0.000347555216557,0.0003398654005978,0.00042839070212710966,Irish sovereign debt crisis
2011-01-06,0.0004295252460094,0.00034372666633367897,0.00024397312004612517,0.00032980638,0.0004529472456859353,0.000372831193877685,0.000444539844425303,0.000303354759873462,0.00029693827476453974,0.0002958054,0.0002922141659294621,0.0004565379099050751,0.0003236118112618,0.0002488518465754,0.00039007486058343754,Irish sovereign debt crisis
2011-01-07,0.0004621597601895,0.0003443194170726226,0.00023685531634001986,0.0004278306,0.0004197068784823409,0.0003458110193322189,0.0006156992226570325,0.00029630761914941245,0.00028512371324859146,0.00033543125,0.0002801965092800419,0.00043619997809615194,0.0002996061805071,0.0002421889647309,0.00036790307930162597,Irish sovereign debt crisis
2011-01-10,0.0004618854884591,0.0003379669784429669,0.00023421108417518235,0.00040591104,0.00038820520255216886,0.00032503191119514314,0.000577524499336148,0.0002984619903731497,0.0002892161826460069,0.00039509896,0.0002840711154232981,0.0004207582220850187,0.000282493630899,0.0002401852905193,0.00035162592649200936,Irish sovereign debt crisis
2011-01-11,0.0002916940166849,0.0004068742692505397,0.00028915676245224554,0.00027203176,0.0003268500322667107,0.00036970639766698346,0.00034009911676252376,0.0002960133545434525,0.00028395864231829193,0.00023483206,0.00027884841478664996,0.00034904040079623166,0.0003486927685931,0.0003038105830352,0.0003488665846946658,Irish sovereign debt crisis
2011-01-12,0.0003762704717606,0.0003490289526449932,0.00031127240966881696,0.00028473986,0.0003295404373556074,0.0003763434407356168,0.00031760209699576206,0.00028837635343494924,0.00028632621260150665,0.00023084348,0.00028020652957009884,0.0003098104547141483,0.0003566053167042,0.0003250583947865,0.00033320788570917416,Irish sovereign debt crisis
2011-01-13,0.0008166119377206,0.0003968897588864225,0.00033312418798628714,0.00032819898,0.00037335563508677664,0.0004134569650897594,0.00040608850412584234,0.0003623690618021604,0.00032747092233447177,0.00034652153,0.0003197312797798418,0.00033097077245644303,0.0003954095472343,0.0003481017011479,0.00036319015984537153,Irish sovereign debt crisis
2011-01-14,0.0008286997649943,0.00038462480593083403,0.0003397342899960237,0.00034936733,0.0003561511343847942,0.0003930788234936193,0.0003590070189036183,0.0003081287005030197,0.00031946114921684797,0.00025508337,0.00031442545249840383,0.0003363029892972424,0.000376007215494,0.0003527969755975,0.0003561551023956212,Irish sovereign debt crisis
2011-01-17,0.0011016556495103,0.00037512087815002226,0.00032386370608252093,0.00034284886,0.0003523340357387008,0.0003697300019380728,0.0003574074275511675,0.0003227813032212048,0.0003087611304647155,0.00028485688,0.0003054262787735463,0.0003461751311553161,0.0003513887035377,0.0003339072278402,0.00034878191734650805,Irish sovereign debt crisis
2011-01-18,0.0010930681106918,0.0003363773435251106,0.00030589685617285337,0.0002722586,0.000315569771511536,0.00035857295158486964,0.0003133127000036736,0.0002896085463990258,0.00030406404825480726,0.00024684326,0.0002995809881900686,0.00034287897920629495,0.0003383895198234,0.0003182966211026,0.0003406342495148475,Irish sovereign debt crisis
2011-01-19,0.0009920428604358,0.00045102771539520803,0.0003615383888262286,0.00037200813,0.0003873002967802901,0.00042766028116647634,0.0004220691163686492,0.0004703981589393578,0.0003973883159399961,0.00045356463,0.0003876160553032032,0.0004113885341335513,0.0004078771278166,0.0003763267511179,0.00040963283097507564,Irish sovereign debt crisis
2011-01-20,0.0004921538615588,0.0011123305573768972,0.00055340798640612,0.0007357,0.0006560146719264061,0.0006814358757717978,0.0006910433641954441,0.0008190914045741775,0.0006203944686619244,0.0007986533,0.0005951337328637202,0.0006384792077168272,0.0006604234260712,0.0005701532093262,0.0006494513168940135,Irish sovereign debt crisis
2011-01-21,0.0005020219988709,0.0008722835603145244,0.0005525451309045007,0.00070871686,0.0005917893470469244,0.0006413554349969748,0.0006318320115662208,0.0007414999927933703,0.0005732777211356624,0.00069424644,0.0005601873657369731,0.0007111159982795198,0.0006204543351807,0.0005625886618763,0.0006657851667301099,Irish sovereign debt crisis
2011-01-24,0.0003980931932221,0.0010595781965184769,0.0006425302805379472,0.00072327623,0.0006851255808759917,0.0006997604379165123,0.0007731013032389331,0.0007748855641046407,0.0006288190705643334,0.0006617505,0.0006083627697123023,0.0006636919277605049,0.0006835234098706,0.0006562111644518,0.0006736076688155525,Irish sovereign debt crisis
2011-01-25,0.0010353579748848,0.0008794556892206282,0.0005959165086145154,0.00070871686,0.0006055464445153635,0.0006518706073783532,0.0006433938499704902,0.0007311741068033318,0.0005883610445595322,0.00068013964,0.000573753822292468,0.0006118932972638212,0.0006353090484136,0.0006047264737896,0.0006236011728387106,Irish sovereign debt crisis
2011-01-26,0.0010307578797857,0.0008813549791541305,0.0006039523424919219,0.0007058724,0.0005697330687855042,0.0006244727554297314,0.00060154371842738,0.0006835336457051853,0.0005477499234008643,0.0006516367,0.0005288872278062215,0.0005812847804749436,0.0006088509794426,0.0006143368380771,0.0005950678799587718,Irish sovereign debt crisis
2011-01-27,0.0011116925049596,0.00043970990946833277,0.0005562826901774017,0.00044208672,0.0004993862345820828,0.0006208995327877977,0.0004691138277726318,0.00042458822985393867,0.0005036111737474327,0.00041118404,0.00047954363663238665,0.0006424116927860205,0.0005925672985562,0.000563911137648,0.0006174894956711102,Irish sovereign debt crisis
2011-01-28,0.0013174753608742,0.00044514436985487054,0.0005702551726345426,0.00044208672,0.00048121427388267575,0.0006035553005820034,0.00045381346568885994,0.00047418561539698463,0.0005433718813600955,0.00048643813,0.0005190502119355819,0.0007374877315657242,0.0005769824256637,0.0005773178502425,0.0006572350786147121,Irish sovereign debt crisis
2011-01-31,0.001218660469043,0.0004843384318858251,0.0005861479525751648,0.00042098484,0.0005222424449956563,0.0006553871868089693,0.0005142892208400412,0.0005874028318964752,0.0006407975748968059,0.0005821638,0.0006112283690280628,0.0009224053676327514,0.0006226115272624,0.0005943693870389,0.0007725084474475757,Irish sovereign debt crisis
2011-02-01,0.0005770873233326,0.0012928676273967134,0.0008350880547252924,0.00094660907,0.0009374926143245753,0.0008866882783482382,0.000998129663848411,0.0009056657139205809,0.0007682646076667242,0.00087748794,0.0007289040056598493,0.000868242215463291,0.0008614114421838,0.0008437410603917,0.0008648268288235455,Irish sovereign debt crisis
2011-02-02,0.0008375345032042,0.0009251538753876919,0.0008468348530116522,0.0008958794,0.0008489482245853257,0.000851586588375103,0.000892826171100243,0.0008944057071944226,0.0008552865090004143,0.000854626,0.0008138976049216133,0.0009552902628538488,0.0008266691132547,0.0008455360286431,0.0008909796880542744,Irish sovereign debt crisis
2011-02-03,0.0006999219570675,0.0010606640142251543,0.0008892384678779726,0.0009472651,0.0008477701148145802,0.0008306910160222571,0.000929902208184567,0.0009028971891903109,0.0008170502155534708,0.00087081076,0.0007758677909940889,0.0009843911379868835,0.0008097235927496,0.0008891408366152,0.0008970573653682417,Irish sovereign debt crisis
2011-02-04,0.0005764266664527,0.001563395328641046,0.0009664958388915904,0.0013741731,0.0009888839198488833,0.0008665995230258615,0.0010279840121536858,0.0011213299869228329,0.0008202773432458311,0.0011499558,0.0007724199371765722,0.0009501773112915333,0.0008483239180932,0.000966526610393,0.0008992506146923667,Irish sovereign debt crisis
2011-02-07,0.0005047610795771,0.0013085092881782948,0.0009700697325974772,0.0012745508,0.0008914435632397338,0.000819815092192525,0.0009053485678431456,0.0010478215400467274,0.000758282661568342,0.0010688105,0.0007101266682312547,0.0010004365335851502,0.0008015531675493,0.0009632331135953,0.0009009948505672252,Irish sovereign debt crisis
2011-02-08,0.0004767932523187,0.0008725316010655271,0.0008705161799315141,0.00085527083,0.0007919328412916707,0.0007842175198221686,0.0008238743873643562,0.0008288248479463972,0.0007890303102991682,0.0007990829,0.00073940012570009,0.0011231210645998634,0.0007500754515732,0.0008591484081062,0.0009365982580865316,Irish sovereign debt crisis
2011-02-09,0.000157100909732,0.0018539972592864005,0.0009915180427001271,0.0016137528,0.0010166603957796946,0.0008859168943589005,0.0010511561781368893,0.001366876426646715,0.0009569009155630906,0.001465093,0.0008878848618180698,0.0014596771333817216,0.0008573983302389,0.0009868883243825,0.0011585377318103108,Irish sovereign debt crisis
2011-02-10,0.0002201564061105,0.001273609118144019,0.0009173297153574002,0.0011593717,0.0008918243518376294,0.000821639068045051,0.0009397324530044701,0.001167437585453356,0.0008764469956472626,0.0010907216,0.0008315465207094432,0.0013385807372880447,0.0007850935230779,0.0008939250090832,0.0010618371301829724,Irish sovereign debt crisis
2011-02-11,0.0002636614861114,0.0010829493628129272,0.0009048479105868131,0.0010616989,0.0008273090923607425,0.0008049309173788456,0.000884918616266824,0.001094892518516418,0.0008726062404736739,0.00094983046,0.0008219389829562382,0.0012022004870820197,0.0007720138953057,0.000898107737163,0.0009871071911938599,Irish sovereign debt crisis
2011-02-14,0.0005283295320976,0.0008341351825901365,0.0008605321486193581,0.0008644117,0.0007493492225737371,0.0007433254033223164,0.0008069777140866701,0.0008911253151056435,0.0008485020412612153,0.0008008213,0.0008052970725907059,0.001091750405793656,0.0007051036468927,0.0008398977126059,0.0008984270263431779,Irish sovereign debt crisis
2011-02-15,0.0006549041501897,0.000784851482728003,0.0008439497793789689,0.00084294874,0.0006114390702999599,0.0006844120689594577,0.0005472056459164872,0.0008500164339345103,0.0008110995312553492,0.0007930974,0.0007713077083000703,0.0009761354260386752,0.0006443343586615,0.0008149192165763,0.0008102348923500877,Irish sovereign debt crisis
2011-02-16,0.0006733545041303,0.0006913295470859493,0.0007177938945292497,0.00074052677,0.0007040636992098716,0.0006447526556226556,0.000600081260396864,0.0007525701648681352,0.0006880324743874964,0.00076928816,0.000643227138189932,0.0009276508853768193,0.0005918740422912,0.0007036976495265,0.0007597624638340096,Irish sovereign debt crisis
2011-02-17,0.0006133378823987,0.0006917098798496728,0.0007611934414355608,0.00063317997,0.0005166340620326886,0.0006206752412915329,0.000473343737303138,0.0007845050728625913,0.0007521343602883531,0.00065767736,0.0007000715718940699,0.0009354237566686593,0.000580583865434,0.0007528542958844,0.0007580038110513297,Irish sovereign debt crisis
2011-02-18,0.000642152267346,0.0008045812272545141,0.0007845496396465448,0.0006865877,0.0005496981183861227,0.000642841417884107,0.0005175189987244849,0.000740569091027096,0.0007344286075964597,0.00069782056,0.0006851021351024225,0.000849148652371471,0.0006059872644764,0.0007799319589056,0.0007275679584239354,Irish sovereign debt crisis
2011-02-21,0.0004998870199576,0.0006953741954348208,0.0008140015858867603,0.0006216572,0.0006708395371631007,0.0007253603486496632,0.0007572200290058419,0.0006592745018644812,0.0008317906546203164,0.00069338555,0.0007772777311765448,0.0009916840069938042,0.0006960272146993,0.0008145615026706,0.0008438556108465521,Irish sovereign debt crisis
2011-02-22,0.0004072734087505,0.0009535941724091291,0.0008564031818182339,0.0009337534,0.0007505316910662323,0.0007325110317637662,0.0008184399789685464,0.0009845217287820338,0.0009107150392717496,0.0010809777,0.0008596542956527239,0.0011391952890951354,0.0007064471147495,0.0008532611373008,0.0009228212019223177,Irish sovereign debt crisis
2011-02-23,0.0005405572450438,0.0005733153983312497,0.0008066070041222617,0.00064491224,0.0005967078632822312,0.0006898936893829468,0.0005487343457664854,0.0007783285836691507,0.0008774437657135762,0.00070673646,0.0008389500165407021,0.0011167925751909536,0.0006646743283342,0.0008007762978907,0.0008907334517625768,Irish sovereign debt crisis
2011-02-24,0.0005439124867258,0.0005269860937048862,0.0007880782731346853,0.0006412791,0.0005428167628325678,0.0006395083452126193,0.0005140470634158452,0.0007380308081007143,0.000827691643782487,0.00069679343,0.0007933185763595333,0.0010651567232754396,0.0006129614619237,0.0007763775159528,0.0008390590925995698,Irish sovereign debt crisis
2011-02-25,0.0003439415485549,0.0006381737624252689,0.0008259132864318968,0.00067935564,0.0005719969297047931,0.0006700975886453752,0.000553506347953341,0.0007684968263230557,0.0008480806214698903,0.0007097837,0.0008069923276836701,0.0009210282012602908,0.0006478730848203,0.0008264474987414,0.0007844506430402954,Irish sovereign debt crisis
2011-02-28,0.0002221034877254,0.000539496752637077,0.0008080105440066055,0.0006217422,0.0005526616784825296,0.000669255778962453,0.0005381434375481527,0.0006428015480411128,0.0007605576960718501,0.00058866566,0.0007172064309173196,0.0008306085218608598,0.000641830948921,0.0008054745592596,0.0007362197353909299,Irish sovereign debt crisis
2011-03-01,0.0001882308883379,0.00046895704685788155,0.000777634874792298,0.0005308279,0.0005047398671162635,0.0006402267948347906,0.00047808977816086215,0.0005682592098300522,0.0007382289818875889,0.00055988494,0.0006934668453365597,0.0008494959496067351,0.0006089646516306,0.0007703774437806,0.0007292303006186675,Irish sovereign debt crisis
2011-03-02,0.0001261006747111,0.0005422004674396742,0.0008109119548928225,0.00060818926,0.0005565458509038904,0.000671722487071341,0.0005369153840866131,0.0006691957560673272,0.000799376679226106,0.0006909969,0.0007487107016546863,0.000994905385232682,0.000645889502727,0.0008098415597102,0.000820397443979841,Irish sovereign debt crisis
2011-03-03,0.0001670297223133,0.00045140646263215026,0.0006712392621990433,0.00044567767,0.0005031080126552965,0.0006206503812145219,0.00046973980883687535,0.0005394999493739594,0.0006325507650875604,0.00048054173,0.0006057505983018602,0.0008647411416869803,0.0005926511488569,0.0006678975501156,0.0007286961452719401,Irish sovereign debt crisis
2011-03-04,0.0002619655371637,0.0004129379511042441,0.0006149186505060394,0.00037629387,0.00045927298206304253,0.0005856960774986053,0.0004337912814863536,0.0005497288285142875,0.0006344322238662884,0.00051182974,0.0006071867784630908,0.0008530288269897023,0.0005519985550217,0.0006130190661496,0.0007025136910057011,Irish sovereign debt crisis
2011-03-07,0.0003308675067719,0.0003965694560742617,0.0005487875517051549,0.00036594114,0.0004447948095558259,0.0005472610925088862,0.00043056569522075336,0.000532202358203054,0.0005925112728784163,0.00049365807,0.0005707116992030455,0.0007550773817895039,0.0005062994630548,0.0005451296313486,0.000630688422422152,Irish sovereign debt crisis
2011-03-08,0.0010373856165179,0.00039092715880937733,0.000483657844823613,0.0004492713,0.0005606705572998827,0.0005112017360446618,0.0005174904213098683,0.00048217853299348435,0.0005195002372831098,0.0005406139,0.0005036112211678705,0.00065527127959404,0.0004657410690038,0.0004777940711795,0.00056050617429892,Irish sovereign debt crisis
2011-03-09,0.0010893566150924,0.00039507376014046887,0.00046305528025781644,0.00040334993,0.0005624717000372492,0.0005284665133311535,0.0004702445206113059,0.0005304454068315871,0.0005233738170511007,0.0004752346,0.0004985409926840441,0.0006777311223750387,0.0004846898130021,0.0004691410836173,0.0005812104676885694,Irish sovereign debt crisis
2011-03-10,0.0018759058638911,0.00039769652331618846,0.000486833631473997,0.0004280048,0.0005525602516558092,0.0005139611906558614,0.0004758242119183616,0.0005974734830351251,0.0005544545414675727,0.0006169722,0.0005316467437411311,0.0007222969373062757,0.0004753264891046,0.0004915348840059,0.0005988117132054378,Irish sovereign debt crisis
2011-03-11,0.0017726217681684,0.00039635204028764067,0.0004752270892943993,0.0003360243,0.000445637400502322,0.0005286373803916593,0.000452710290171266,0.0005748247508609544,0.0005447449745387347,0.0005036452,0.0005250327017070769,0.0008033741979582819,0.000496802551675,0.0004843730644299,0.0006500883748166409,Irish sovereign debt crisis
2011-03-14,0.0018724453273505,0.000411829932164313,0.0005072967745483075,0.00037836045,0.00044756864334650836,0.0005264919063032049,0.0004638666700370936,0.0006466995202330545,0.0005974163627580785,0.0005398889,0.0005787723298019261,0.0009256155493006854,0.0004983777534934,0.0005153975920877,0.0007119966513970428,Irish sovereign debt crisis
2011-03-15,0.0011981138310893,0.0011855647206306602,0.0007448882023024472,0.0007228742,0.000857626318129315,0.000837760305292686,0.0009380581241954665,0.0010252479143866974,0.0009670834888052264,0.0009232959,0.000926960979407145,0.0013769427393954385,0.0008144158378922,0.0007575807802816,0.0010956792886438194,Irish sovereign debt crisis
2011-03-16,0.0010493401208792,0.001044694544065687,0.0007844854296540255,0.0007173624,0.0008638436954815412,0.0008501073150188523,0.0009491790764548873,0.0011400887520582423,0.0009851248049667727,0.0011189593,0.000954617833606846,0.0018507164938127859,0.0008265091589042,0.0007900096803368,0.001338612826358493,Irish sovereign debt crisis
2011-03-17,0.0005729055593126,0.0019182811950989858,0.0010595046727720878,0.0017516238,0.0014104131850374115,0.0011456825051050367,0.0014347903847744053,0.0015206715289637898,0.0011219228078732215,0.0014608662,0.0010755304462202809,0.001651153253334064,0.0011213138265672,0.0010638083319958,0.0013862335399506321,Irish sovereign debt crisis
2011-03-18,0.0005944234907659,0.0013213200520192385,0.001041892118963841,0.0014080289,0.0012635121831464152,0.0010499218184202544,0.0012757135120796594,0.001485851039119821,0.0010661608155828044,0.0012912673,0.0010268590887767064,0.0014414337388900197,0.0010246917749661,0.0010194465085541,0.0012330627569280598,Irish sovereign debt crisis
2011-03-21,0.0004949987028365,0.0016560093000369928,0.0010807355220262113,0.0017074032,0.0012502445974172246,0.0010204446121192452,0.0012790806488275845,0.0014921124919109448,0.0010166372273341907,0.0013616012,0.0009675003011318016,0.0012348518244806414,0.0010028287583968,0.0010755895664562,0.0011188402914387207,Irish sovereign debt crisis
2011-03-22,0.0005683902268623,0.0013072536937446338,0.0009749215332326585,0.0012796869,0.0011467370379153303,0.0009619011558652387,0.001160259943881544,0.0012364261939900095,0.0008566242361625039,0.0012248253,0.0008077473118411498,0.0011844150198160358,0.0009344467361295,0.0009636924733378,0.001059430877972768,Irish sovereign debt crisis
2011-03-23,0.0005766658529325,0.0009383629123135941,0.0008950439920746358,0.0009681515,0.0009315978748565626,0.0008826517508478937,0.00100657682001697,0.0008949426132605392,0.0007211485450132015,0.0008289749,0.0006823763781375468,0.0010415240314084362,0.0008520603315293,0.0008783969550776,0.000946792181468868,Irish sovereign debt crisis
2011-03-24,0.0002337897060389,0.0011555361760433017,0.0008685343827822814,0.0008643359,0.0011328610185595827,0.0009741631931393718,0.001144418211746719,0.0009170616396623174,0.0007415606069189519,0.0007319296,0.0006927185537184372,0.0008966073008834939,0.0009295142659266,0.0008679636251772,0.0009130607834050469,Irish sovereign debt crisis
2011-03-25,0.0007443320885266,0.000877846236337595,0.0008697349418098883,0.0008574554,0.0009443032935139648,0.0008968818963339411,0.0009482771475687901,0.000880626377961651,0.0007320605882109803,0.0007523851,0.0006863529945711405,0.0008334066718269772,0.0008549703431466,0.0008582213003272,0.0008441885074867885,Irish sovereign debt crisis
2011-03-28,0.0006832071881255,0.0008105644553978026,0.0008602738646527321,0.00081801525,0.0008522080964553342,0.0008476502873388071,0.000858194283629332,0.0008358937072173684,0.0007376277808421654,0.0007132392,0.0006894053126136288,0.0008052506903314879,0.0008068119389512,0.0008522752646241,0.000806031314641344,Irish sovereign debt crisis
2011-03-29,0.0005790730756187,0.0008393927215330097,0.0008576861332536052,0.0007740006,0.0008466228572316744,0.0008319232544441507,0.0008291075693893014,0.0008807413163450367,0.000775472610923541,0.00069523125,0.000723012309315138,0.0008469375338280187,0.0007959018171144,0.0008525398233572,0.0008214196754712093,Irish sovereign debt crisis
2011-03-30,0.000692247732214,0.0008447304704094316,0.0008344144693707391,0.00083323166,0.0007740305453724535,0.0007639172113751685,0.0008072230212276643,0.0008661198619270484,0.0007318498040079454,0.000751167,0.000690427043763207,0.0008138852116766498,0.0007292796268946,0.0008219819306271,0.0007715824192856249,Irish sovereign debt crisis
2011-03-31,0.0007061572885868,0.0005660311874879423,0.0007253819309867757,0.0006333949,0.0006510344759915176,0.0007306101194519955,0.0007077111922590912,0.0006910749799732012,0.0007395856828137791,0.000721998,0.00069649369938811,0.0008194571922958176,0.0006784088407789,0.0007150588386353,0.0007489330165373587,Irish sovereign debt crisis
2011-04-01,0.0001701761512147,0.0019019525609514946,0.0009451909186484929,0.0016137528,0.0010091209359926376,0.0008823720437150883,0.0010438176006055384,0.001340532970185176,0.0008153756207868808,0.0013011163,0.0007614623199456423,0.0007239719377935628,0.0008514124603439,0.0009444086703791,0.0007876921990687313,Irish sovereign debt crisis
2011-04-04,0.0002941995998853,0.0012427378907649818,0.0009292848740317151,0.0011155695,0.0008500274184160047,0.0008127317982379935,0.0008817810019495207,0.001108616056329981,0.0008161792165293019,0.0009606405,0.0007675283743317257,0.0007184575632362547,0.0007794977651041,0.0009115499649323,0.0007489776641701773,Irish sovereign debt crisis
2011-04-05,0.0003452908439985,0.001077957050295362,0.0009022378218821555,0.0010631827,0.0007747352546422667,0.0007506346228845607,0.0008363585404383988,0.0010003129280697924,0.0007650262739880596,0.00093127566,0.0007179333686002771,0.0007239666494575059,0.0007140951615004,0.0008769942072938,0.0007190309054789529,Irish sovereign debt crisis
2011-04-06,0.0003220312982365,0.0012547698417937781,0.0009561155176789717,0.0011718287,0.0007689060333668852,0.0007250735396292575,0.0008207901177654367,0.0011655922034393149,0.0007821906763870614,0.0009701477,0.000727994464212204,0.0007298900932395929,0.0007014649439766,0.0009472853598181,0.0007156775186080964,Irish sovereign debt crisis
2011-04-07,0.000291025869881,0.0012711241583071046,0.0009634691958734498,0.0011225775,0.0006571899029347189,0.0006834116509429175,0.0005764896832412516,0.0011933339207947254,0.0008122275493383526,0.0009949051,0.0007559055004416125,0.0008635491536148109,0.0006611059139434,0.0009478727421835,0.0007623275337791055,Irish sovereign debt crisis
2011-04-08,0.0003036816062459,0.000824294945604981,0.0007533697003047271,0.00086376024,0.000728712776275757,0.0006751098122961005,0.0006089132087785399,0.0008324616824307963,0.0007507227082896611,0.00091790047,0.0007110412838728183,0.000779349836782666,0.0006048436381893,0.0007123974869288,0.000692096737485983,Irish sovereign debt crisis
2011-04-11,0.0004743324189974,0.0008899444396051106,0.0008431868615296573,0.00082686415,0.0005731070856622267,0.0006652083818528465,0.0005399368342974639,0.0009341567123903699,0.0008714020120270848,0.000997356,0.0008097925284526444,0.0008362461245419846,0.0006286857686036,0.0008345709409431,0.0007324659465727922,Irish sovereign debt crisis
2011-04-12,0.0004899741802013,0.0008941166042292607,0.0008530382107001997,0.00082194566,0.000546449204662453,0.0006399904385588134,0.0004951582168963554,0.0009130987622502395,0.0008900506391786863,0.00088401855,0.0008337758972475724,0.0008743056329913495,0.0006071503300544,0.0008412076237227,0.0007407279815228747,Irish sovereign debt crisis
2011-04-13,0.0004116489994345,0.0008887828770764182,0.0008499863685615284,0.00077459804,0.0005331441886073743,0.0006269812840644495,0.00046407924458567203,0.0008648169317776916,0.0008696538298876537,0.00084098405,0.0008164869247103306,0.0008006273239709845,0.00059483024157,0.0008404797057569,0.0006977287827704922,Irish sovereign debt crisis
2011-04-14,0.0004537354177182,0.00040268091393330934,0.0007026856543808969,0.00045407494,0.0004655051761787476,0.0005920789174972162,0.00042280080189655944,0.0004711384962021574,0.0007117685300575726,0.00050445326,0.0006807553690867585,0.0007005876634448628,0.0005448091879152,0.0006761399568309,0.0006226984256800315,Irish sovereign debt crisis
2011-04-15,0.0004857165712174,0.0004242556942454724,0.0006856411807892603,0.0004913815,0.00043031869924932094,0.0005330017300687316,0.00040084850055777094,0.0004405137638918977,0.0006826484028471882,0.0004248664,0.000647189605842073,0.0006491575279107605,0.0005024738789118,0.0006787101675152,0.0005758157034112803,Irish sovereign debt crisis
2011-04-18,0.0001832624646381,0.0005980056309645136,0.0006251951893481404,0.0004614355,0.000527816077750918,0.0006496655246780883,0.00051794187726799,0.0005442015025305834,0.0006556833768090474,0.00052752986,0.0006197865335875293,0.0006474638925733656,0.0006216922597387,0.0006345516860524,0.0006345780761560329,Irish sovereign debt crisis
2011-04-19,0.000158102348384,0.0004385922127897552,0.0006410711945986247,0.00044031235,0.000490058641915521,0.0006210392935961484,0.0004584994957956342,0.00043951103779525224,0.0006009235990106785,0.00041838636,0.000572779047659215,0.0006439178139913876,0.0005939735876014,0.0006452298344959,0.0006189457007963938,Irish sovereign debt crisis
2011-04-20,0.0001610857230205,0.00043010802319369963,0.0005921183056699148,0.0004007186,0.000454501354934338,0.0005801977226287425,0.00042958948894882546,0.0004302414491210207,0.0005694497259253324,0.00041143582,0.0005453308716959258,0.0005690273782846952,0.0005508764824273,0.0005944510461115,0.0005599519303559976,Irish sovereign debt crisis
2011-04-21,0.0002121929959865,0.0004407175885291311,0.0006033813584767187,0.00044208672,0.0004325455965966522,0.0005430873845995627,0.00040831869716482925,0.00043431094031517775,0.0005719911459013795,0.00041838636,0.0005469197696994311,0.0005276673751321873,0.0005191399774275,0.0006074243060666,0.0005234036762798436,Irish sovereign debt crisis
2011-04-26,0.0002927721117427,0.00043995565968871924,0.0006185841304903534,0.00044208672,0.0004172622872648438,0.000511946503614702,0.0003923884163198721,0.00043564783614350534,0.000581142074075054,0.00041838636,0.000555199107133661,0.000501199404744229,0.000491447903795,0.0006224630472587,0.0004963236542696145,Irish sovereign debt crisis
2011-04-27,0.0003206259287136,0.00039694521899213687,0.0004641880637703647,0.00046888532,0.0005906186903009632,0.0004954820738369139,0.0006705885126725304,0.00040817540102337693,0.00044803232873985485,0.00049609377,0.0004288975893976528,0.0004593944990051805,0.0004554308947797,0.0004647214212492,0.00045741269689244027,Irish sovereign debt crisis
2011-04-28,0.0007754512835603,0.00039814215021925466,0.00045872143372467763,0.00043559945,0.0005330660036956048,0.00046898782951559784,0.0005557976340355677,0.000400010177573633,0.0004453035595287797,0.00045323078,0.0004247467878934182,0.00043759071222269094,0.0004333591269823,0.0004641094900022,0.0004354749196024955,Irish sovereign debt crisis
2011-04-29,0.0007923730601877,0.00039684915217782433,0.00045071766629023463,0.00043913774,0.0005103043328564597,0.00044017760322420294,0.0005217118302692248,0.000400010177573633,0.000437415689981508,0.00045021393,0.00041806999064451236,0.00041396226662189,0.0004067821981541,0.0004554418998684,0.000410372232387995,Irish sovereign debt crisis
2011-05-03,0.0008174121122366,0.00039652599110124296,0.00046801059863250114,0.0003384254,0.0003850395484184002,0.00045658374535073197,0.0003610983170320713,0.00042010665246124774,0.00048464632679590965,0.00037130486,0.00046195500940012863,0.0004579862036056926,0.0004276237871711,0.0004761166875724,0.0004428049953883963,Irish sovereign debt crisis
2011-05-04,0.0007378612660935,0.0004294840052450582,0.0005154421736285916,0.00037549692,0.0004012234460453079,0.0004890032470632282,0.00038610603642838954,0.000497180191304848,0.0005584081797737538,0.00052658183,0.0005336624986248934,0.0005613664490369066,0.0004629014328859,0.0005239775634094,0.0005121339409614033,Irish sovereign debt crisis
2011-05-05,0.000766505509506,0.00041207151225790083,0.0005248624075515815,0.0003753351,0.0003868648267424482,0.00047113834890140057,0.00035537237419745466,0.0004903510250130403,0.0005679581172032626,0.00045895527,0.0005469036950871983,0.0006512413058528526,0.0004459996797786,0.0005299585814685,0.0005486204928157263,Irish sovereign debt crisis
2011-05-06,0.0002690674024528,0.0011143838335979737,0.0005925907756023877,0.0007357,0.0006053993617135953,0.0006434632722089722,0.0006363186629239214,0.0007429115159356569,0.000563185789297258,0.000657509,0.00054230070069205,0.000564479644015191,0.0006242940361866,0.0006075732240375,0.0005943868401008954,Irish sovereign debt crisis
2011-05-09,0.0002687495880515,0.000874605839013329,0.0006003846655679043,0.0006963614,0.0005398462535013205,0.0006177985976654364,0.0005086842577692404,0.0007859867433666676,0.0006131030063091504,0.00075542676,0.0005925319313978866,0.0006043134961026677,0.0005981051932281,0.0006079592621584,0.0006012093446653838,Irish sovereign debt crisis
2011-05-10,0.0001628521385869,0.000957245873585068,0.0006321881850163656,0.0007333481,0.0005338118532434774,0.0006108391997959473,0.000527982038020625,0.0007526902840161575,0.0005850142630376336,0.00073614164,0.0005623420251562474,0.0006026315924301234,0.0005936385985397,0.0006416682855845,0.0005981350954849117,Irish sovereign debt crisis
2011-05-11,0.0001615486872871,0.0008626024461337528,0.0006028494693140672,0.0006963614,0.0004985095047459113,0.000577576273420314,0.0004725296652767506,0.0006799083532276933,0.0005236955455255066,0.000681315,0.0005022256847558317,0.0005721614993079134,0.0005592217937034,0.0006100397304009,0.0005656916465056567,Irish sovereign debt crisis
2011-05-12,0.0001741208637971,0.0008695279329590694,0.0006136801752204865,0.0006963614,0.0004863428774363779,0.0005650382020415058,0.0004634695118195978,0.0006944969938717181,0.0005525684876842357,0.00069765386,0.0005274701908128083,0.0006278353114081315,0.0005484994292894,0.0006214881682394,0.0005881673703487657,Irish sovereign debt crisis
2011-05-13,0.0001918173931921,0.00039432557758439053,0.0005213373330348658,0.00036290433,0.0004388764018504274,0.0005434580376334634,0.00040616464412978026,0.00043584780669888933,0.0005231485531227005,0.0004448886,0.0005052783312056794,0.0006692083390939886,0.0005026645961867,0.0005163712146815,0.0005859364676403443,Irish sovereign debt crisis
2011-05-16,0.0005447337748339,0.00039752938358909347,0.0005046817171190997,0.00035656392,0.00043763965955101756,0.0005195818294280423,0.0004522685797004637,0.0004432567814098907,0.0005138440866279838,0.00046648827,0.0004915399756503933,0.0006920229182048066,0.0004879585594849,0.0005105434832737,0.0005899907388448533,Irish sovereign debt crisis
2011-05-17,0.0005615681166702,0.00039478288541958736,0.00045938881086125615,0.00043913774,0.0005692192890782228,0.0004976753627708987,0.0005911711638847519,0.0004426870096268553,0.0005053022728543072,0.00052250637,0.00048637238796725256,0.0007068453854178695,0.0004574051849996,0.0004620394679511,0.0005821252852087347,Irish sovereign debt crisis
2011-05-18,0.0005265735464851,0.00039814215021925466,0.00044839985282800834,0.00043559945,0.0005502234730141346,0.0004846845422105914,0.0005741670428706415,0.0005147912688878563,0.0005230129600482686,0.0006250285,0.0005038754013982245,0.0007334698474207804,0.0004476818777255,0.0004543790832881,0.0005905758625731402,Irish sovereign debt crisis
2011-05-19,0.0004598497149208,0.00039678137066083603,0.0004681543692159469,0.00043385115,0.0005417355388974248,0.00047218116606280474,0.0005520927060967131,0.0004496453513742786,0.0004996414283498986,0.00053577183,0.00048013256413609063,0.0007361842542141434,0.0004386179214447,0.0004747813981021,0.0005874010878294217,Irish sovereign debt crisis
2011-05-20,0.000635836038922,0.00039628198870018835,0.00047539316956590126,0.00044912606,0.0005169903933213374,0.0004483614170525012,0.0005775499540078308,0.0005105739518203798,0.0005263963735837412,0.0006255348,0.0005070548115280669,0.0007365702221545497,0.0004163908254322,0.0004789357936677,0.0005764805237933749,Irish sovereign debt crisis
2011-05-23,0.0002542258972529,0.0006033739832558452,0.0005792317618183085,0.0004589199,0.0004987792717450236,0.0006113221342488265,0.00048698938922639044,0.0006328509062754213,0.0006500405764777608,0.00060925004,0.0006204265546743193,0.0009228064349300682,0.0005880395386305,0.0005919175361754,0.0007554229867802841,Irish sovereign debt crisis
2011-05-24,0.0002451204546826,0.0004556627543328044,0.0005709756041677078,0.00044454218,0.0004646626385638934,0.0005710543571729714,0.00043356307395571084,0.0005591395407447996,0.0005862485238000705,0.0005011208,0.0005685499694716067,0.0008974035792426854,0.0005476608965195,0.0005767203144467,0.0007225322378810927,Irish sovereign debt crisis
2011-05-25,0.00023608421247,0.0004467255927494065,0.0005614178740136735,0.00044567767,0.00044445589413727904,0.0005272272697083728,0.0004081349940358047,0.0005308562448994639,0.0005556745988975775,0.0005011208,0.0005383454558577207,0.0008233514553886183,0.0005039598235826,0.0005640953035988,0.0006636556394856092,Irish sovereign debt crisis
2011-05-26,0.0002360739641591,0.00043861852775473856,0.0005418533293686949,0.00044523674,0.00043863824298142354,0.0004919261781012488,0.0004372519214491786,0.000550141677311071,0.0005610461855811759,0.00052450644,0.0005442281678243927,0.0007673053369067864,0.0004683079495594,0.0005438659109436,0.0006178066432330931,Irish sovereign debt crisis
2011-05-27,0.0001031141943908,0.000567811772964532,0.0006065552104678174,0.00052154565,0.0004474708735354488,0.0005251773714854237,0.00043253441051413667,0.0005843684809213709,0.0005753151876579951,0.0005724988,0.0005525539004459796,0.0006711026364798814,0.0005093081784699,0.000617048570067,0.0005902054074748907,Irish sovereign debt crisis
2011-05-30,0.0001174432024384,0.0003947284460707486,0.0005285021082061932,0.00035319309,0.0004077862214535771,0.0005111729881080087,0.0003782425543433402,0.00045486188732388205,0.0005087135146630904,0.00044820213,0.00048535453461999884,0.0006698774664537213,0.0004779507295216,0.0005301545755853,0.0005739140979876607,Irish sovereign debt crisis
2011-05-31,0.0002012159207545,0.00039600952666082645,0.0005211408278049253,0.00035319309,0.0003792883825882658,0.0004747821044239062,0.00035191290388120097,0.0004462554308868508,0.0004973502243734709,0.0004271998,0.0004755316710107661,0.0006232108817993462,0.000444680343887,0.0005238310107949,0.0005339456128431731,Irish sovereign debt crisis
2011-06-01,0.0003770231788641,0.00038921020686450623,0.0005103599663552488,0.00035957643,0.00036091896641642703,0.00044373236714402586,0.0003320840791239263,0.0004462495529440142,0.000493582538510602,0.00043676284,0.0004757830071444307,0.0005781788244003251,0.0004088624293555,0.0005032533903383,0.0004935206268779125,Irish sovereign debt crisis
2011-06-02,0.0006585394098503,0.00039546619872586646,0.0004948044032471744,0.0003528436,0.00035135425721274753,0.0004091914772878176,0.00033978020441273595,0.00043529203651598993,0.00047977889401991836,0.00044986673,0.0004598804817294193,0.0005506537850010278,0.0003823159408473,0.0004959019656006,0.00046648486292416396,Irish sovereign debt crisis
2011-06-03,0.0006561447737484,0.0003975005184754875,0.00042637400397044846,0.00043559945,0.0004803095306798409,0.0004259665693101214,0.0004874892144406278,0.000444913372011757,0.0004892645322505983,0.00053965935,0.0004676434598969788,0.0005752590358341717,0.0003889452001568,0.0004320616841946,0.00048210211799548587,Irish sovereign debt crisis
2011-06-07,0.0006534116155,0.00039668427429536096,0.0004338086533432179,0.00043801888,0.0004745844484749337,0.0004121734076341687,0.00047287292713066575,0.0004569655098042709,0.0004921804075329801,0.0005612303,0.0004722634991314436,0.0006094903600220318,0.0003772835374473,0.0004381045268073,0.0004933869487346659,Irish sovereign debt crisis
2011-06-08,0.0006811706498726,0.0003950353095827539,0.0003895903318933648,0.00038993332,0.0004662748739778598,0.0004351808941020083,0.0004969047609569767,0.0005354274449839095,0.00045665160162196446,0.0005422093,0.0004432718297214352,0.000648284683092568,0.0004064448804385,0.0004003724503905,0.000527364781765534,Irish sovereign debt crisis
2011-06-09,0.0005708038895081,0.00047540041384941536,0.00045955485980446454,0.00042845486,0.0004176165601049355,0.00046651313727112827,0.0004684709519735221,0.0005325336713109647,0.00047988552245316216,0.00051567145,0.0004665166812258106,0.0006033853680183756,0.0004453559687988,0.0004720780736909,0.0005243706684085877,Irish sovereign debt crisis
2011-06-10,0.0003398091545036,0.0006193687549954125,0.0005421986595772184,0.00052172825,0.000518070493572149,0.0005798275330747848,0.0005519328280809716,0.0007481071523820317,0.0006197619021177836,0.00073206116,0.0005984949557574853,0.0007213144417557136,0.0005608096167801,0.0005562592398319,0.0006410620292679069,Irish sovereign debt crisis
2011-06-13,0.0003033197099587,0.0005277530758176778,0.0005441094429874028,0.0004998517,0.0004871565443340986,0.0005542267265033806,0.0005169751084673178,0.0006717687696662656,0.000557870018754242,0.000583038,0.0005435186203275387,0.0007107692976020764,0.0005350243521876,0.0005537886159148,0.0006228968248948382,Irish sovereign debt crisis
2011-06-14,0.0004197416699479,0.0005259718801221902,0.0005347896718846261,0.0005039129,0.0004660476218672162,0.000516625571220945,0.0004889907912625072,0.0005994687414614704,0.000528512543344978,0.000583038,0.0005144772963940885,0.0006621869199009182,0.0004985178249733,0.0005426225135402,0.0005803523724371091,Irish sovereign debt crisis
2011-06-15,0.0002880944679184,0.0006014823964472667,0.0005710104561409493,0.000541595,0.000493505702824584,0.0005472315725188121,0.0005447216519800372,0.0007228694190146996,0.000586751072648855,0.0007222636,0.0005645337994725322,0.000769148719647836,0.00053028286209,0.0005821065417394,0.000649715790868918,Irish sovereign debt crisis
2011-06-16,0.0003556412767805,0.0004553683330776264,0.0005607713557363954,0.00044812536,0.0004688896673679646,0.00054541376200228,0.0004946517860269888,0.0006757478401682837,0.0006170957121838302,0.00054471474,0.0005978286887542573,0.0008711839021256732,0.0005249652462213,0.0005693206206481,0.0006980745741734867,Irish sovereign debt crisis
2011-06-17,0.0003069066576427,0.000412705764454702,0.0005280523160387193,0.00037326192,0.00042912790392919166,0.0005298219338195084,0.00039982784507504364,0.0005535629505644433,0.0005331814930738515,0.00048784533,0.0005138380873237114,0.0008448165560974248,0.0005017922152017,0.0005348051822597,0.0006733043856495624,Irish sovereign debt crisis
2011-06-20,0.0002864121834929,0.00040970587705368923,0.0005139094042198866,0.0003829709,0.0004319595296011281,0.0005052933855433725,0.00044349729462452584,0.0005892684414792598,0.00055375238817913,0.0005248516,0.0005344870111694251,0.0008452735524815608,0.0004758766577361,0.0005183362625517,0.0006605751051088304,Irish sovereign debt crisis
2011-06-21,0.0002196368233179,0.0004643627717563623,0.0005562403258317902,0.0004094787,0.0004210846206909798,0.0005157198175517854,0.0004077204274106383,0.0005934553546951826,0.0005644483911381184,0.00049571967,0.0005438387571708455,0.0007625952504665144,0.0004935336216684,0.0005654166046495,0.0006280644360674572,Irish sovereign debt crisis
2011-06-22,0.0003246814736793,0.00038535416267121284,0.0005155168072994187,0.00034676163,0.0004034855082255034,0.0004972308946782067,0.00035715030012789853,0.0004768262311247651,0.0005143032770362082,0.00045073245,0.0005013747213317703,0.0006770021544975245,0.0004533522257784,0.0005003489524027,0.0005651771901379623,Irish sovereign debt crisis
2011-06-23,0.0002058953384963,0.000447000750984155,0.0004808914942939616,0.00042008524,0.0004453174394034539,0.0005160273003609966,0.00048512824535281606,0.0004860485284930332,0.0004903588447753567,0.00057534163,0.0004699752822619438,0.0007035404308681172,0.0004902990601475,0.0004918107953436,0.0005969197455078086,Irish sovereign debt crisis
2011-06-24,0.0003865578240864,0.00040906066196668534,0.0004641541094560629,0.00038442688,0.00042408847334748717,0.0004813427863298387,0.0004320587090142862,0.00045576988857283735,0.0004663379070729035,0.00047242575,0.00045258476683249644,0.0006660936353514344,0.0004517899878339,0.0004685685658965,0.0005589418115926672,Irish sovereign debt crisis
2011-06-27,0.0004349187148324,0.0003950375397922594,0.0004570059587069693,0.0003752746,0.00039988907788195106,0.00044510890743451175,0.00042709225747985467,0.0004360284919957774,0.00044899769791222885,0.00046625125,0.0004358498232107487,0.0006151192945640645,0.000415338391354,0.0004583903206625,0.0005152288429590322,Irish sovereign debt crisis
2011-06-28,0.0003763971749753,0.0003953867706806327,0.00045533708316753313,0.00032917384,0.0003701692718183964,0.00043764118558488113,0.0003668046943997815,0.0004319490681256056,0.0004575272661902331,0.00044269624,0.00044024043239193687,0.0005559506056587553,0.0004103572096783,0.0004636093869101,0.00048315390766852763,Irish sovereign debt crisis
2011-06-29,0.0004819890680852,0.0004130255982810615,0.0004634607853525555,0.00035800211,0.0003824868308064482,0.00043998095884326024,0.0003995097525861067,0.00043552107685385593,0.0004449565232872426,0.00044939332,0.0004290267058625173,0.0004808196631840698,0.0004182282484757,0.0004739767832849,0.0004495239558298849,Irish sovereign debt crisis
2011-06-30,0.000475442004005,0.00039412147839605627,0.000431612633035329,0.00038121524,0.00041559757191210467,0.00041778105557062806,0.0003937435986764314,0.0004253314906122576,0.00040468925639120873,0.00041131026,0.0003890778252112604,0.00045561086541504037,0.0003886713574236,0.0004369369456243,0.0004221411114193202,Irish sovereign debt crisis
2011-07-01,0.0003558532502498,0.0004978545081713172,0.000514273043579073,0.00042959108,0.00040067080837409796,0.0004541272366899572,0.0004343032036539891,0.00045018377415502047,0.00044306011872641504,0.00040728174,0.0004223860575835403,0.0004215774808897231,0.0004349280183645,0.0005253288379617,0.00042825274962711153,Irish sovereign debt crisis
2011-07-04,0.000524735216971,0.0004329098454239026,0.0005339496685669223,0.00040454295,0.0003802567474306675,0.0004353530506475561,0.00039611734879773535,0.00043510991905730344,0.00045428397534531665,0.00041457618,0.0004336867816776111,0.00043606817996703575,0.0004176825202452,0.0005414215518193,0.0004268753501061179,Irish sovereign debt crisis
2011-07-05,0.0005280626170032,0.00042599788602327337,0.0005240414134503884,0.00040782904,0.00036394286675526177,0.0004163884009161598,0.0003762144001654079,0.0004436221618751059,0.00047475907725111496,0.0004642661,0.000453843165269218,0.0004768387985947019,0.0003966960278074,0.0005283845972569,0.00043676741320105097,Irish sovereign debt crisis
2011-07-06,0.0003701954674385,0.0005193956491494661,0.0005792557744439882,0.00046550538,0.00041380016587734905,0.0004963408284060563,0.0004019581520373639,0.0005333133626722547,0.0005804960843844182,0.0005629677,0.0005515155284634615,0.0005886545926626077,0.0004781277527385,0.0005894132487116,0.0005333911727005539,Irish sovereign debt crisis
2011-07-07,0.0004000645152704,0.0004376757855409657,0.0005711041508001047,0.00044737215,0.00038774759706532825,0.0004609244709180593,0.00035455168402196764,0.0004815891508228918,0.000549284086664515,0.0004781587,0.0005297223312376796,0.0006222945060051625,0.0004406536990283,0.0005722700965082,0.0005314741025167312,Irish sovereign debt crisis
2011-07-08,0.000429882367818,0.0004143745269350728,0.0005407728520201062,0.00039036904,0.0003788985341940026,0.00046806430539355677,0.0003464116390199722,0.0005330491832073484,0.0005848431225663957,0.0004791671,0.000561514670621601,0.0006923936771358743,0.0004458740833018,0.000547738738694,0.0005691338802188371,Irish sovereign debt crisis
2011-07-11,0.0003702011779707,0.0005231345761673462,0.0005840650358686536,0.00046550538,0.0004456495915642024,0.0005471701724954932,0.00043643181677702485,0.0006601830526526361,0.0006841779738253767,0.0006153337,0.0006581247997862671,0.0008465374577347433,0.0005269912853521,0.0005946463293959,0.0006867643715434217,Irish sovereign debt crisis
2011-07-12,0.0003764875448331,0.0004482177479520743,0.0005213004885119543,0.0004535859,0.00045693538152021164,0.0005194702727955001,0.0004758152664134888,0.0005938006523392055,0.0005955477854747624,0.0005636905,0.0005822283609037176,0.0009170217412768158,0.0004974454806393,0.0005279661086985,0.0007072336109580578,Irish sovereign debt crisis
2011-07-13,0.0004227647222683,0.00042545688294489016,0.0004932348920607042,0.00040454295,0.0004319348994792577,0.0005001236545191009,0.00045059043685048955,0.0005246364101986016,0.000521899492215456,0.0005022653,0.0005068659480724577,0.0008586562119579855,0.0004751211978807,0.0005016487010346,0.0006668887049193428,Irish sovereign debt crisis
2011-07-14,0.0004226493309332,0.0004284482750833564,0.000501501222765572,0.00040454295,0.00041885639085435843,0.00048312119139178614,0.00043641806177826024,0.0005721320334812029,0.0005615084620388413,0.0005562725,0.0005454520502370551,0.0008781868492910459,0.0004601772592828,0.0005091468285412,0.000669182054286923,Irish sovereign debt crisis
2011-07-15,0.0005210151510169,0.00042748174094269214,0.000500184300645207,0.00038123957,0.000430855550587325,0.0005009696368830841,0.0004346044255209516,0.0005813527025730784,0.0005679359544572443,0.0005008494,0.0005503268801344453,0.0009685730214021142,0.000479032766405,0.000510640561501,0.000723802893903557,Irish sovereign debt crisis
2011-07-18,0.0003793598513787,0.0004652493162723853,0.0005102239753167261,0.0004167446,0.00046936536431172084,0.0005543245197258549,0.000513722716105602,0.0006053954493589297,0.0005849170695212879,0.0005993714,0.0005635186496909598,0.0011631665754792077,0.0005269299223181,0.0005207709470308,0.0008450482488986538,Irish sovereign debt crisis
2011-07-19,0.0004253740632483,0.0004268566697424142,0.0005036719497410277,0.00040782904,0.00044662923859355527,0.0005184989290751875,0.0004661053208213206,0.0005560411877684044,0.0005373215809974121,0.0005022653,0.0005225480460975068,0.0011018097738207163,0.000491480733402,0.000510065290422,0.0007966452536113582,Irish sovereign debt crisis
2011-07-20,0.0004995490682663,0.00042702259834259833,0.0005305834076656748,0.00038123957,0.0004370464838128074,0.0005115755566270194,0.0004436743956905946,0.0005420900355339066,0.0005551973159704234,0.0004968073,0.0005375355505754329,0.0009841772732373365,0.0004890299331305,0.0005398204491803,0.0007366036031839183,Irish sovereign debt crisis
2011-07-21,0.0005538123930077,0.0004284879824365882,0.0005063354953993396,0.00040454295,0.00041992976608418116,0.0004836001090955932,0.0004376449887430077,0.0005208813244531579,0.0005094678129358939,0.0005048455,0.0004938373439994924,0.0008692859956423756,0.0004614709818333,0.0005140500789518,0.0006653784887378379,Irish sovereign debt crisis
2011-07-22,0.0003580378156839,0.0005163651618922288,0.0005693794990918613,0.00046550538,0.0004381146866565664,0.0005235429054497345,0.0004241380530675009,0.00047908746583903765,0.000516870219353831,0.0004606114,0.0004947357689566331,0.0008235231940123036,0.000504510663949,0.0005801733878171,0.0006640169289806518,Irish sovereign debt crisis
2011-07-25,0.0008738279859166,0.00042708130702090024,0.0005159646526814998,0.00040782904,0.00043581670954073937,0.000501746136329178,0.00045115150287499545,0.0004435803800992173,0.0004677306816592696,0.0004642661,0.00044746597074093514,0.0008119030316420257,0.0004757128091087,0.0005208533796398,0.0006438079203753629,Irish sovereign debt crisis
2011-07-26,0.0010901243410283,0.00042811403819072093,0.0005402619623174331,0.00040291937,0.000430578207208346,0.000501321080043683,0.00043841188176435683,0.0004703152579318381,0.0005193337839179453,0.00044674697,0.0004960074763146293,0.0008954597688074249,0.0004793235897317,0.0005483276032228,0.0006873916792695625,Irish sovereign debt crisis
2011-07-27,0.0016257708277869,0.0005015374926616361,0.000592666865672403,0.0004682177,0.00044903432092707307,0.0005556586150390999,0.00044224765489248296,0.0006371516492204495,0.0006215389543260287,0.0005879694,0.0005933779433412451,0.0011028679936487388,0.0005340139080987,0.0006019328583792,0.0008184409508737194,Irish sovereign debt crisis
2011-07-28,0.0028388362820366,0.0004524586354146222,0.0006051713177290465,0.0004267426,0.0004478890029348525,0.0005631429911318274,0.00040783470483084927,0.0006797326771831471,0.0006649442373312373,0.00050417293,0.0006403029480718048,0.001248601407438147,0.0005420234323506,0.0006126445536232,0.0008953124198943735,Irish sovereign debt crisis
2011-07-29,0.0030756915712545,0.0004171210963566008,0.0005420599264933273,0.0004175243,0.00044633760545355626,0.0005323845011363256,0.00042483239695673765,0.0006558573225567851,0.0006228871895945183,0.00055756257,0.0006087222624161603,0.0011472500277055252,0.0004994011507029,0.0005394257883838,0.0008233255892042126,Irish sovereign debt crisis
2011-08-01,0.004584086415722,0.0011671370114971177,0.0007478519730091298,0.0007228742,0.0007556310741985689,0.0007525038926564351,0.0008484056174945715,0.0010834321126902073,0.0009343419095416325,0.0009381739,0.000893541300319641,0.0014959302469035683,0.0007307948472168,0.0007581173071786,0.0011133625470601842,Irish sovereign debt crisis
2011-08-02,0.0051389463470098,0.0011057832870528818,0.0007963051529959553,0.0007268366,0.0008638987306157457,0.0008418537846587303,0.0009494325108890126,0.0014187814775791542,0.0010115302366575873,0.0013743701,0.0009758869535477038,0.0019399916807522882,0.0008193845530127,0.0008037665560507,0.0013796881168824941,Irish sovereign debt crisis
2011-08-03,0.0049673392232828,0.0017908584852774057,0.0010061300326327577,0.0014313416,0.0014092780754533971,0.0011331794959182188,0.0014368333355987137,0.0019546673344725987,0.0013778020807852787,0.0021795863,0.001318577923007493,0.0029054800127402583,0.0011056058668124,0.001010872037796,0.002005542939776329,Irish sovereign debt crisis
2011-08-04,0.0039252667959771,0.0024062762050161167,0.0014092099201682955,0.0016854593,0.0019714926172878706,0.0016943997012774836,0.0020700049515101266,0.0028222612024649436,0.002233026176252395,0.0024915657,0.0021270481063484403,0.004717598712842203,0.0016533691184849,0.0014015225713331,0.0031854839156635513,Irish sovereign debt crisis
2011-08-05,0.0045076621403463,0.0019488344293778835,0.0014299869270260656,0.0016089284,0.0019269108287946356,0.0016624170708818423,0.00197891470047318,0.002704034488620561,0.0023210525431808867,0.0026277415,0.0022617030148407474,0.005893259908002333,0.0016284627033364,0.0014103885284768,0.0037608613056693664,Irish sovereign debt crisis
2011-08-08,0.0025944907897316,0.003350025588874491,0.002006595842886518,0.0032502844,0.002879752211686811,0.0025537819850973797,0.0030331233894037185,0.0038083015762538906,0.0039782899253169,0.0048509883,0.003789677287246959,0.008631562322329485,0.0024809759625561,0.00197058684854,0.005556269142442793,Irish sovereign debt crisis
2011-08-09,0.0017719604316772,0.003270843145539774,0.0022151348342961496,0.0032441297,0.0030263893974114687,0.002691244450612991,0.0031877535555179283,0.003870656807518552,0.0032895502922700433,0.0044590863,0.003181760410886369,0.008463503841553128,0.0026206708632776,0.0021566240928912,0.005542087352415364,Irish sovereign debt crisis
2011-08-10,0.0013617180721614,0.0030567266963461765,0.0022728816156995717,0.0031612413,0.003046322746259002,0.002721634079717583,0.0032137020476967326,0.0037572001529946877,0.003578939693357454,0.004291664,0.0034061983634928058,0.0097089639533974,0.0026504735851917,0.0022041039029971,0.006179718769294551,Irish sovereign debt crisis
2011-08-11,0.0030748658094314,0.0024136381935170887,0.002242769383076813,0.0024094186,0.002816500228139999,0.0025828306752671815,0.002707869670389856,0.0030253615281931067,0.002603585705143607,0.0030642017,0.002465771621229262,0.009122779211032314,0.00251251134113,0.0021639481149206,0.005817645276081157,Irish sovereign debt crisis
2011-08-12,0.0024584232015146,0.0031301006804168607,0.002456529151280809,0.0031706374,0.002938284797367828,0.0027140380160182724,0.0029454427965350965,0.0031175174184533126,0.002500762634989935,0.0031326578,0.002336196298602641,0.007905590250752702,0.0026388109705737,0.0023746823144336,0.005272200610663201,Irish sovereign debt crisis
2011-08-15,0.002505162597897,0.002123537475942086,0.0022723196185053408,0.0025948146,0.0026973340354316936,0.0025270845649496736,0.0027582212805731766,0.0024153699490062817,0.0018004604793460041,0.0024829397,0.0016470591028813542,0.006561585547209073,0.0024434436359936,0.0021744813202757,0.0045025145916013365,Irish sovereign debt crisis
2011-08-16,0.0025165419748419,0.0018846709339010905,0.0021263251597114616,0.0022179654,0.0024378209774175083,0.0023200326012824974,0.0023345233563087015,0.0022752087296638033,0.0018557454374635424,0.0024583659,0.0017020288071337545,0.005446462841039166,0.0022307955518277,0.0020168969960487,0.0038386291964334334,Irish sovereign debt crisis
2011-08-17,0.0025620991518453,0.0020304549993527066,0.002042232600717603,0.0022818935,0.0023322693878301804,0.00216430800946948,0.0024260748560893325,0.0021458909236694588,0.0015281661797974687,0.0020728118,0.0013831288983945642,0.0043372768348104145,0.0020736344632701,0.0019533842626036,0.0032054556490402576,Irish sovereign debt crisis
2011-08-18,0.0006540369455769,0.0029279524284631514,0.002693336818990036,0.0026809862,0.003138826507075339,0.002962806138439196,0.0031107062678859556,0.003619025438573016,0.0028943601804249995,0.003786381,0.0025833254184237063,0.005535661374646476,0.0028517384296406,0.0025918849723724,0.004193699902143538,Irish sovereign debt crisis
2011-08-19,0.0005169233169286,0.002293961488341637,0.0026156706558878168,0.0025482255,0.0029875449530937775,0.0027971653458665176,0.003050019433120906,0.0034760606666020635,0.002910154036516051,0.0041930587,0.002676631588664165,0.0060769923080560544,0.0026949557559002,0.0024879926115444,0.0043859740319781276,Irish sovereign debt crisis
2011-08-22,0.0006288285999069,0.0022642756859921243,0.0026475893589935815,0.0025630733,0.0027835370621586523,0.0026019150971712604,0.0028457306582329515,0.003416023289638594,0.002801348162992229,0.0038432821,0.002598338175744471,0.00517646018992971,0.002514448968379,0.002515260285735,0.003845454579154355,Irish sovereign debt crisis
2011-08-23,0.0006285418510312,0.001996071587797366,0.002614126621244676,0.002321829,0.002477525427237661,0.002372365906296892,0.002356135160677608,0.003464062856746404,0.0028549588075457186,0.0038005444,0.002651298922355351,0.004477901225021589,0.0023013498192811,0.0024650186350892,0.0033896255221513446,Irish sovereign debt crisis
2011-08-24,0.0017532634097871,0.002240840423688965,0.002654654645404418,0.0026139617,0.002379689958091662,0.002219208513409184,0.0024252327580487265,0.0034845321314311596,0.002824238714323654,0.0038432821,0.0026215347496159913,0.0036116899720601997,0.0021571417918726,0.0025219237281023,0.0028844158819663996,Irish sovereign debt crisis
2011-08-25,0.0017798864851331,0.0014337714587336703,0.0021569050172251586,0.0015418485,0.0021638839793432013,0.0021183040735031898,0.0021077456668613615,0.0024641013716242216,0.002156625034259028,0.0026822349,0.0019562885132579783,0.0032161482154714318,0.0019971566381925,0.0020360041890127,0.0026066524268319657,Irish sovereign debt crisis
2011-08-26,0.0027053966686985,0.0012159127613508224,0.0020665807406723227,0.0014469404,0.0019733440371504417,0.0019728891885876947,0.0018299184551272246,0.0023120089044116345,0.0020343502297923244,0.0024999864,0.0018394577207968678,0.002959616047733994,0.0018522402012913,0.0019508059678348,0.002405928124512647,Irish sovereign debt crisis
2011-08-29,0.0036568278752657,0.0017355106169186412,0.002161171574414742,0.0016705192,0.001997172542042799,0.0019048078534731451,0.0019138816018340102,0.0025078124236508677,0.0020098318648882267,0.0028388586,0.001819287525142834,0.002676867881515524,0.0018017095046661,0.0020534445769054,0.002239288693090812,Irish sovereign debt crisis
2011-08-30,0.0036564750909318,0.0013886785709223309,0.0021596629682254006,0.0015723758,0.0017760022812095694,0.0017385083331789217,0.0016566336242121134,0.0022307912102380086,0.0019366793620103372,0.0027066497,0.001754699689704307,0.002565565399725468,0.0016463279406344,0.0020303348365689,0.002105946670179934,Irish sovereign debt crisis
2011-08-31,0.003187804492639,0.002682765710356266,0.002662376479363791,0.0024680083,0.0022758169244972894,0.0021497374550108854,0.0022593582883472176,0.0024450649201632904,0.0020784968306065306,0.0025778643,0.0018641983852979006,0.0023967803069892615,0.0020727532139729,0.002544494314865,0.002234766760481081,Irish sovereign debt crisis
2011-09-01,0.0030964058011646,0.0019729893651077627,0.0026271083976271976,0.0021656076,0.0020440865964991783,0.0019786051986207575,0.001831932742159379,0.002189401383712108,0.0019351237177447653,0.002053037,0.0017360830002989239,0.002375653841529639,0.0019169500080767,0.0024810581894183,0.0021463019248031696,Irish sovereign debt crisis
2011-09-02,0.0031404441159064,0.0027000289936648164,0.0028577277971061498,0.0026233406,0.0024561864537467892,0.002304422850843853,0.0024260354430318057,0.0025563072136700875,0.002609585821969219,0.0024880976,0.0023137021659832852,0.0027093848136439743,0.0022360937669288,0.0027285019573327,0.002472739290286387,Irish sovereign debt crisis
2011-09-05,0.0025606654560595,0.002820924762191619,0.0029792279919116263,0.0026883483,0.0028997360995390966,0.0027269262921887872,0.0028682725058377144,0.0027930180625928896,0.003403734523616402,0.0027177928,0.0030658639636183004,0.0035075008123460288,0.0026437067482171,0.002849406433663,0.0030756037802815643,Irish sovereign debt crisis
2011-09-06,0.0027490242385842,0.002047438860423198,0.002927080275869138,0.0024266061,0.002555709227963533,0.0024644592491623665,0.0023553297224448563,0.0026532969281217204,0.002986131694177379,0.002450813,0.002765541893854304,0.0031677365920369667,0.0024075093426373,0.0027526947448282,0.002787622967337133,Irish sovereign debt crisis
2011-09-07,0.0023362638124591,0.0026356534491329005,0.002651457767421983,0.0026373304,0.002825191285239821,0.0026303576644954017,0.0028921162156683136,0.0026593092116821973,0.0027136624851621764,0.0025189829,0.0025018910229322893,0.0026889218893033063,0.0025472683831067,0.0025438566810966,0.002618095136205003,Irish sovereign debt crisis
2011-09-08,0.0023351181225208,0.001982202674048198,0.002462066455215575,0.0023930431,0.0025410491013264924,0.0023745138142249444,0.002506383586017347,0.002529162119658587,0.002565084297474441,0.00243039,0.0023976080974682803,0.002172885903266055,0.002310253132451,0.002308007462554,0.0022415695178585274,Irish sovereign debt crisis
2011-09-09,0.0014787398691514,0.0027742584650341253,0.00258128005811152,0.0026883483,0.0029052542920802835,0.0027030125363025573,0.0029845956106991788,0.0027347648028526366,0.0029703567342871783,0.0027177928,0.0026908252207796467,0.0026559955416810724,0.0026130461447187,0.0024825548553915,0.0026345208431998862,Irish sovereign debt crisis
2011-09-12,0.0010892390241872,0.002467084210487698,0.0025746758138818753,0.0025628423,0.0029972985129099435,0.002808006697469977,0.0030594349084748637,0.0025645160023020203,0.0027932715775162873,0.002538053,0.002529824623040337,0.003246099284747007,0.0027032751420734,0.0024661683963264,0.0029746872134102037,Irish sovereign debt crisis
2011-09-13,0.0010846835012877,0.0023377524263060116,0.002486728694400047,0.0026874037,0.0028278132094708315,0.0026281901665024545,0.002893648974594461,0.002530736441670039,0.002465801291813185,0.0024136049,0.0022784708720962827,0.002887745510838426,0.002541543349049,0.0023753981756819,0.002714644429943713,Irish sovereign debt crisis
2011-09-14,0.0010530468704902,0.002424271232731123,0.0024808087301497438,0.0025129488,0.002756206115613225,0.0025742719612347406,0.002809089040335313,0.0024888205859730944,0.0025025942513220495,0.0024136049,0.0023066620526480926,0.0024308347566807586,0.002482072932349,0.0023736497552027,0.0024564538445148794,Irish sovereign debt crisis
2011-09-15,0.0021131916626542,0.001954604734510192,0.0024610195613987257,0.00236664,0.002471799527667108,0.002330093165152077,0.002481942789857154,0.0024669163952157178,0.0025463920589061093,0.0024270653,0.002369511023253257,0.0020821867014280872,0.0022537721947164,0.0022959801308365,0.002167979448072244,Irish sovereign debt crisis
2011-09-16,0.0021944193092341,0.0021831426797733677,0.0023187401303868854,0.0023712078,0.0023957464606621905,0.0022050834609851364,0.0024636720248608288,0.0022947783832057795,0.0019910666561110146,0.0023010944,0.0018080089514386501,0.0018941957895448418,0.0021176891093197,0.0022079555387961,0.002005942449432271,Irish sovereign debt crisis
2011-09-19,0.0021525791261743,0.0021561068194150264,0.001931510875553138,0.0020291952,0.0023505120931853413,0.002165991259339266,0.002228069390108751,0.0021835169246556064,0.0017016385149596156,0.002459468,0.0015299850968007987,0.0020170151949636325,0.0020638209078732,0.0018559679901375,0.002040418051418416,Irish sovereign debt crisis
2011-09-20,0.0029503006745167,0.0020537483682838294,0.0019316797383496004,0.0020291952,0.0022343939580518825,0.002055118599219076,0.0020519579776274322,0.0020908827404380994,0.0016068761055831147,0.0022626114,0.0014583795360883231,0.001956263557188531,0.0019613592875866,0.0018540256613345,0.0019588114223875654,Irish sovereign debt crisis
2011-09-21,0.0026209374989219,0.002237144552065722,0.0019596927836530447,0.0022360052,0.0022537908977438605,0.0020755181872305875,0.002284987032600885,0.002306827236052899,0.002011010888634485,0.002534819,0.001820287042773351,0.002188872221286918,0.0019791254333394,0.0018841752239807,0.002083998827313159,Irish sovereign debt crisis
2011-09-22,0.0015748592241109,0.002741208697154347,0.002369885849839655,0.0025338659,0.002599119721981401,0.0024149611811253454,0.0026565454619523607,0.002689301031396221,0.0029102165869123136,0.0027177928,0.0026444992188235364,0.002957173781768836,0.002325834646657,0.0022814612896781,0.0026415042142129176,Irish sovereign debt crisis
2011-09-23,0.0013246865862887,0.002336500689961405,0.0023956023510373708,0.0025321182,0.0024761036069068376,0.002294460841036411,0.002509214083677487,0.002570501702840117,0.0026328662938610676,0.0025189829,0.0024455661631619906,0.0026982585827936274,0.0022185310493296,0.0022899681715934,0.0024583948160616137,Irish sovereign debt crisis
2011-09-26,0.0011327628135712,0.0022575990727123872,0.00241723407539379,0.0024545188,0.0023392323967524743,0.002175163792217851,0.0023825513258609603,0.0024026556655270216,0.00236598376494649,0.0023783313,0.0021772245721907537,0.0023554440072522556,0.0021065416966325,0.0023075018181359,0.002230992851942378,Irish sovereign debt crisis
2011-09-27,0.0013889309943093,0.002744881688326331,0.002717356385155847,0.0026883483,0.0026208685722052716,0.0024333457996590737,0.0026787752566751017,0.00256589299968359,0.002539752379698502,0.0023783313,0.0023214212140396273,0.0022098896303236336,0.0023593656021877,0.0026041551809132,0.0022846276162556667,Irish sovereign debt crisis
2011-09-28,0.0017599211175905,0.0020248295671787117,0.0026171978519669323,0.0024380446,0.002342129849645688,0.0022339885283613027,0.002259544127499472,0.0024420640877942696,0.0023535153791596104,0.0024060335,0.0021425558461994603,0.0022215324014645092,0.0021730186683,0.0024749376132648,0.0021972755348822546,Irish sovereign debt crisis
2011-09-29,0.0024988900337755,0.0018988092914731,0.0024170480372218,0.0022216926,0.0021731667237501638,0.0020497512402620328,0.0021656290459270405,0.0021706181283587165,0.0017955798881400821,0.0020862538,0.0016178437022927104,0.002149488633367984,0.0019759207320781,0.0022707986042858,0.002062704682723042,Irish sovereign debt crisis
2011-09-30,0.002512262005781,0.001864487723611706,0.0021387827619661253,0.00218997,0.001998430913194495,0.0018750098006223958,0.0019225344535826543,0.002159347644810989,0.0016916684044001526,0.002200065,0.0015328127398304143,0.0019352385508091471,0.0018024499536293,0.002016435540585,0.0018688442522192235,Irish sovereign debt crisis
2011-10-03,0.002595314977979,0.001890659220326743,0.0020819620443428563,0.0021597655,0.0018227017100089378,0.001715278693229478,0.001730646581079898,0.0021495732999526934,0.0016554250645608674,0.0021689709,0.001500135439330284,0.0018105811636992743,0.0016484005799687,0.0019735377792264,0.0017294908718339871,Irish sovereign debt crisis
2011-10-04,0.0014842882900869,0.0026506545076607534,0.002204169106871839,0.00244182,0.0024162936525863763,0.0022219056875795356,0.0024975197759382725,0.0024656916586666498,0.0024591353296057336,0.0025558989,0.0022047414568385233,0.0022272120254923106,0.002127162826922,0.0021235907419068,0.002177187426207155,Irish sovereign debt crisis
2011-10-05,0.0014072202435644,0.002332006296423171,0.0021352984022906174,0.0023764998,0.002369836445421355,0.0021933076668565832,0.002400472841187982,0.002361645199250861,0.0019452997569628654,0.0023885781,0.0017817955338846137,0.002082439191902721,0.0021118718250291,0.0020545983240895,0.0020971555084659107,Irish sovereign debt crisis
2011-10-06,0.0008348630793281,0.0025088494281485406,0.0023900858157824226,0.002560409,0.0025016167428056906,0.002321332678387309,0.002551524040426561,0.002429271918551914,0.0020791653397278596,0.0024156647,0.001896794983290175,0.0019379103347302502,0.0022466294011147,0.0022997500878559,0.002092269867922475,Irish sovereign debt crisis
2011-10-07,0.0009720584028209,0.001966149030169494,0.0022299191081373,0.0023238547,0.002206793009030442,0.002103843219613828,0.0020931426780971055,0.0023038620882713076,0.0019114455274921026,0.0023239376,0.0017581906421664972,0.0017584685396026094,0.0020457849255327,0.0021184648798058,0.0019021267325676546,Irish sovereign debt crisis
2011-10-10,0.0008924388724945,0.0021442167006717728,0.0022675207035347113,0.0025948146,0.002095077258685896,0.0019509833436904187,0.0020962755937998265,0.0023216469212395015,0.0019290621714908869,0.002402836,0.0017683526039515523,0.0018188245787561959,0.0019029852360961,0.0021693012233586,0.001860904907426148,Irish sovereign debt crisis
2011-10-11,0.0007727507238895,0.0020715551913133927,0.0019274543578557976,0.0021772413,0.0020787371143429615,0.001882180819302841,0.0021596647882117567,0.00198541456236044,0.0015525563204178395,0.0022992943,0.001398738678406827,0.001965853225488578,0.0018140002372102,0.0018530696379562,0.001889926731349389,Irish sovereign debt crisis
2011-10-12,0.0004602601805298,0.0022634460010123596,0.0018575078511660495,0.0021562336,0.0021084447278522916,0.0018641797302645534,0.0021553293780614442,0.0016542737215131283,0.0014347763872034215,0.0016765016,0.0013005568840081503,0.0020290839252298317,0.0017942739442474,0.0017954277421354,0.001911678934738616,Irish sovereign debt crisis
2011-10-13,0.0003427849876179,0.0020423885039954587,0.0017089691074340173,0.002151143,0.002048569405045357,0.0018165581010161321,0.0020828677133983985,0.001873782591085292,0.0016252368461016297,0.001985974,0.0014739794194250774,0.002113545159535752,0.0017278206541916,0.0016458429720907,0.001920682906863676,Irish sovereign debt crisis
2011-10-14,0.0003154372968413,0.002024702683238903,0.001704475951111285,0.0020696814,0.0019039925629320725,0.0017086473590051468,0.0018776398056275004,0.0018420494466332277,0.0015235710630186509,0.0017995297,0.001395571679043666,0.0019325446083213523,0.0016341339681357,0.0016432355925187,0.0017833392882285262,Irish sovereign debt crisis
2011-10-17,0.0008144833572595,0.0018294253316103258,0.0016860948344347162,0.0020229428,0.001733804256927199,0.0015789470003053346,0.0016739325225092333,0.0018353685326033093,0.0016318120564686582,0.0018009939,0.0014978061729226208,0.002030152984213379,0.0015090567976878,0.0016139535008784,0.0017696048909505895,Irish sovereign debt crisis
2011-10-18,0.0009619783838395,0.0018294253316103258,0.0016259986791727398,0.0020229428,0.0016052997991872198,0.001450542680403201,0.0015355735941891815,0.0017518578861822575,0.0014354521563209194,0.0016950556,0.0013149985629979596,0.001848165823633796,0.0013843256759164,0.0015572871023798,0.001616245749775098,Irish sovereign debt crisis
2011-10-19,0.0009435900761208,0.0010532780924220233,0.0014669121208655451,0.0012842729,0.0013958452482824104,0.001348599275825418,0.0013202143537981129,0.0011320307897861835,0.0013746690346651974,0.0011031174,0.001259287817340204,0.0017490718833087196,0.0012704105349268,0.0014052893606391,0.0015097412091177598,Irish sovereign debt crisis
2011-10-20,0.0022431764279354,0.0009725933255798919,0.0013813497820305278,0.0010843368,0.001323409684464212,0.0012754819067318777,0.0013307703383750016,0.0010987281963152967,0.0013280194623889788,0.001029411,0.0012073267484455743,0.0017025808740023598,0.0011939601543936,0.0013277221645954,0.00144827051419798,Irish sovereign debt crisis
2011-10-21,0.0021226823591298,0.0010477308544861856,0.0013278509234517133,0.0011883088,0.0012875079023843543,0.0012176413746002655,0.0013916797435511116,0.0010373274474085419,0.0012490784868293074,0.0010552363,0.00113982188312027,0.0016433919658182332,0.0011395947874175,0.0012825892596292,0.0013914933766178666,Irish sovereign debt crisis
2011-10-24,0.0017136375389404,0.0022377744251169335,0.0014423893965813449,0.0021551894,0.001559574555837269,0.0013239132214589633,0.0016360690913403448,0.0014477347480413988,0.001149574542347352,0.0015175923,0.0010453046488048026,0.001776896648446669,0.0012695856322397,0.0014092514896809,0.0015232411403431844,Irish sovereign debt crisis
2011-10-25,0.0034355385138331,0.0020646730124459782,0.0014633403610325767,0.0021511451,0.001525964519724104,0.001303567610019628,0.001598961209455361,0.0015809253146107836,0.0013254285900729066,0.0017900931,0.0012079194674381307,0.0018411711656693246,0.0012553309603466,0.0014235092945414,0.0015482510630079622,Irish sovereign debt crisis
2011-10-26,0.0034181009451231,0.0018088735252449542,0.0014162830422510691,0.0020227476,0.0013740793724351388,0.0011913800585985918,0.0013977732127148613,0.001524525659367127,0.0012358888029862494,0.0015927379,0.0011422930062282136,0.0016832173347577477,0.0011467677750495,0.0013642395477453,0.0014149925549036238,Irish sovereign debt crisis
2011-10-27,0.0027967181949416,0.0027549624813901826,0.001696435112736858,0.0024859556,0.001919788866102726,0.00169808911817876,0.0020891584530287905,0.0017148340081818373,0.0012464122245815301,0.0016172343,0.0011361699982020686,0.0013973673722541809,0.0016520199948468,0.0016665435862361,0.0015246936835504904,Irish sovereign debt crisis
2011-10-28,0.002825517013518,0.0018583378865096622,0.0016646303417880417,0.0021495845,0.0017098158954046553,0.0015493788582361815,0.001689285370189685,0.0015332787026579497,0.0012920588582898867,0.0016233033,0.0011873584981344813,0.0015512335486321395,0.0015112092024667,0.0016002028320381,0.0015312213755494198,Irish sovereign debt crisis
2011-10-31,0.0026960082749567,0.002010008237913777,0.001638608357160256,0.0023022087,0.0016888485795062988,0.0014852315518293882,0.0018236343010722617,0.0016210167931469542,0.0014468161044256917,0.0018307674,0.0013255027455605893,0.0018102870184749872,0.0014448726652247,0.0015901834181112,0.0016275798418498436,Irish sovereign debt crisis
2011-11-01,0.0008558228599653,0.0028892271811500544,0.002230173795361461,0.002530852,0.002501512094647334,0.002317406748563236,0.002529486108126367,0.0022618340861411245,0.002479620138391933,0.0020619296,0.002233381236890301,0.0028344036693927375,0.002250749810501,0.0021705997776962,0.002542576739946869,Irish sovereign debt crisis
2011-11-02,0.0009477645793561,0.0019575824048478343,0.002198405333660539,0.00226663,0.002224390060006188,0.0020929528146239156,0.0021762524721568267,0.002075041312974219,0.002149799819930513,0.00180654,0.0020194038677385042,0.002420417643368568,0.0020418444926223,0.0020561636337907,0.002231131067995434,Irish sovereign debt crisis
2011-11-03,0.0002042048313062,0.0025436430798128837,0.0020464035607491355,0.0024792764,0.0025103300771079744,0.0022460866123579356,0.002663279594173625,0.001849064388025478,0.002007581768201293,0.0017676956,0.0018607795878347064,0.002129465451581905,0.0021780388682026,0.0019880211368656,0.0021537521598922523,Irish sovereign debt crisis
2011-11-04,0.0003338360156771,0.0019432415007896995,0.00196427124449054,0.0023585479,0.002227816395829868,0.0020556330607769254,0.0022237839806362797,0.001738911728184115,0.0020249287850470023,0.0017063889,0.0018868627028819209,0.0018809172578797065,0.0020028943311334,0.0018863470448275,0.0019419057945065533,Irish sovereign debt crisis
2011-11-07,0.0003345996090318,0.0019265578899890082,0.0017789008370933442,0.00237429,0.0020545629282061905,0.0018809362654569448,0.0021331400227346253,0.0016993227005732082,0.0016949065846843603,0.0015998639,0.0016038132128990523,0.0014549787402664937,0.0018179650691354,0.0016608989264763,0.001636471904700947,Irish sovereign debt crisis
2011-11-08,0.0004036877356547,0.001839484528184705,0.0015170448171132288,0.0020710388,0.0019590689691807903,0.001762292970965805,0.002099834057354053,0.001542072214927765,0.0012008134348677128,0.0014788394,0.0010948299958784414,0.001322367837577027,0.0016755318917834,0.0014639401161731,0.0014989498646802136,Irish sovereign debt crisis
2011-11-09,0.0003475501975488,0.0018730785228866604,0.0015363678815240073,0.0019854705,0.001820939093873239,0.0016475962715694753,0.0018495761586211994,0.0015537300577020113,0.0013300006797224374,0.0014289387,0.0012119175124511617,0.0013283472253092833,0.001574374621165,0.0014852106778372,0.0014513609232371417,Irish sovereign debt crisis
2011-11-10,0.0005822964338474,0.0008965713424638297,0.0011829022391267809,0.0011222927,0.0016600000812178781,0.0016012514955706977,0.0016308231102533806,0.0010292161002900923,0.0012112496822191349,0.0010732843,0.0011270716073955285,0.0011864296588944992,0.0014305812321775,0.0010949860882052,0.0013085054455359998,Irish sovereign debt crisis
2011-11-11,0.0005536525258606,0.0011163821276406816,0.0012616386105957901,0.0011626008,0.001528018236263366,0.001470156281578665,0.0016293272270643982,0.0010483303201357169,0.0011418099140974203,0.0009961735,0.0010422352735914397,0.0009817937248912348,0.0013699798434614,0.0012242330115813,0.0011758867841763173,Irish sovereign debt crisis
2011-11-14,0.0009590594045299,0.0009725302708386103,0.0012253965805557622,0.0011339992,0.001382874065149241,0.0013516612921840839,0.0014520421509794195,0.0010181394059133053,0.001129281942130774,0.0010365625,0.0010415382762427772,0.0009107061951074176,0.0012470791928988,0.0011602005534863,0.0010788926940031088,Irish sovereign debt crisis
2011-11-15,0.0008427628617279,0.001090792482381351,0.0012646336568801634,0.0012310604,0.0013580357161751275,0.0012870617026878829,0.0014340909737828801,0.001176771022770129,0.001273763688628721,0.00127526,0.0011642600069327778,0.0009202889970283609,0.0012100831294768,0.0012278718584853,0.0010651860632525803,Irish sovereign debt crisis
2011-11-16,0.0009626925024899,0.0009736595446814733,0.0012338059988314775,0.0010933139,0.001239650070814145,0.0011890495453381173,0.0012665262936812209,0.001022253680350422,0.0011382591482392219,0.0010497859,0.0010447145934123474,0.0008824186417253806,0.001112854965026,0.0011900491424274,0.0009976368033756903,Irish sovereign debt crisis
2011-11-17,0.0007280572825992,0.0013980471631861678,0.0013702306718547952,0.0014177203,0.0013575935026557224,0.0011937127388807099,0.001413160301736971,0.0012923116126188703,0.0013914434527640032,0.0013006212,0.0012709630915033745,0.0009954555894710214,0.0011377437271021,0.0013327436669299,0.0010665996582865608,Irish sovereign debt crisis
2011-11-18,0.0005974058711226,0.0012154729470026334,0.0013771588272371849,0.001359917,0.0012932894762389257,0.0011709416153009493,0.0013612489382621386,0.0014163289749677484,0.0015194258474182296,0.0013733584,0.0014004509084294047,0.001156566595126553,0.0011147130078186,0.0013352727845789,0.0011356398014725766,Irish sovereign debt crisis
2011-11-21,0.0014083778811167,0.002220444243080243,0.0015598714324591956,0.0021646062,0.001495094744701289,0.0012692954712589196,0.0015832513086133058,0.0019983985031753375,0.0018941355698463525,0.001955038,0.001749389901776022,0.0015762493224330827,0.0012244440533901,0.0015177886050218,0.0014003466879115912,Irish sovereign debt crisis
2011-11-22,0.0014089629913386,0.0018187318598290952,0.0015040959823376173,0.002076329,0.001364671163160964,0.0011741611209184237,0.0014126360904708228,0.0020198534559562457,0.0016877157830800724,0.002167352,0.0015778142680087045,0.0016018277430168068,0.0011284385580233,0.0014436164293474,0.0013651331505200534,Irish sovereign debt crisis
2011-11-23,0.0034301204708532,0.002016969242877289,0.0014688672535498578,0.0020868166,0.0013615878674798545,0.001150551173256262,0.0014208426932518809,0.002333661515539937,0.0018211344183212059,0.0028725686,0.0017048780812354964,0.0017709011056691224,0.0011123271485184,0.0014273556118352,0.0014416141270937612,Irish sovereign debt crisis
2011-11-24,0.0036370082038356,0.0017559719390520692,0.0013631595607934651,0.0022587858,0.0012201131943403954,0.0010696025345525283,0.0012926991063570042,0.0019782258414211542,0.0015232404481605813,0.0021688023,0.0014449112969090166,0.001441815915625302,0.0010126446723331,0.0012810722434281,0.001227230293979201,Irish sovereign debt crisis
2011-11-25,0.0036391810106512,0.0011743931570541827,0.00133004168416469,0.0013896833,0.0010715790217646272,0.0009691447712403184,0.001095959065487602,0.0016958297495896593,0.0013850480790986433,0.0016833046,0.001294223764025567,0.0012159322339204068,0.0009258316193845,0.0012782169896702,0.0010708819266524534,Irish sovereign debt crisis
2011-11-28,0.0026712077392242,0.002610695311271908,0.0014932238989557654,0.0022621232,0.0016730123489373588,0.0014296288413719338,0.0017693507276999837,0.0020789658946317063,0.0012069746775166738,0.0021171884,0.0011090388276755701,0.0009150121612985524,0.001384663056348,0.0014697679086393,0.0011498376088232762,Irish sovereign debt crisis
2011-11-29,0.0026920937678076,0.001820393409669967,0.0014873078886801947,0.0020173795,0.0014826583004619318,0.001303624283586878,0.001523994544711469,0.001738428357851992,0.0011721617093045028,0.001667828,0.0010822870008928727,0.0008330051805686587,0.0012651203902597,0.0014357472327465,0.0010490627854141794,Irish sovereign debt crisis
2011-11-30,0.0005260363196346,0.0029520115998773826,0.0021547831595379106,0.002530852,0.002429502436509907,0.002192151847293893,0.002476279162263784,0.0018639125352471698,0.0013649677674724304,0.0015105489,0.001225987399554929,0.0007370847540089905,0.0021320965492366,0.0021025267661728,0.0014345906516227953,Irish sovereign debt crisis
2011-12-01,0.0004749520987153,0.0023069911233209598,0.001799296135712142,0.0024430766,0.002382771263007626,0.0020935804942748878,0.002696514358502525,0.0016612061493513262,0.0013236729907736568,0.0017482454,0.001202679062365811,0.000866735454152031,0.0020454262438237,0.0017539291798066,0.0014560808489878655,Irish sovereign debt crisis
2011-12-02,0.0005145671965899,0.0019423091320995066,0.0017971708986138566,0.002201391,0.002100884421757639,0.0018963562606059815,0.002179695111020092,0.0016048427947180646,0.0012664218521483668,0.0015555039,0.0011661497378429432,0.0010303625555559343,0.0018604175312722,0.0017301131604671,0.001445390043414067,Irish sovereign debt crisis
2011-12-05,0.0003876605546742,0.0021792332121800136,0.0016141300224498016,0.0024294315,0.002097397452612498,0.0018388197904089592,0.0023437061234398582,0.0015770741445046337,0.0011776005930207254,0.0015841192,0.0010823299604823934,0.000979606523826677,0.0017920692248698,0.0015795664843975,0.0013858378743482383,Irish sovereign debt crisis
2011-12-06,0.0003626238965215,0.0018584991937559822,0.0016123444102284124,0.00228832,0.0018668451338592908,0.001690985984643025,0.0018687748834392698,0.0015503305716602477,0.001262268733010472,0.0016324567,0.0011632745523753563,0.001119082841572432,0.00165353048326,0.0015644751339644,0.001386306662416216,Irish sovereign debt crisis
2011-12-07,0.0005853156919417,0.0011070394627040242,0.0012599198428707619,0.0012801716,0.001687845232847396,0.0016060805335561547,0.001719957194433561,0.001168078948722007,0.0011771811710299617,0.0011086141,0.0010901016889424398,0.001263944867591566,0.0015045019677645,0.0012118194937411,0.001384223417678033,Irish sovereign debt crisis
2011-12-08,0.0005302262839242,0.0011626807952541853,0.0012593904814049133,0.0013154189,0.0016274091746166387,0.0015463513914781607,0.0017264915362663288,0.0011551964651735265,0.0012218233129880488,0.001240984,0.0011164372543642743,0.0014007222614011877,0.0014522147204587,0.0012257544492071,0.0014264684909299438,Irish sovereign debt crisis
2011-12-09,0.0005192751734981,0.00110794968050293,0.0012668144235254027,0.00127691,0.001495102243144578,0.0014215388595770766,0.001519588291916753,0.0011492686400016634,0.0011675803246916365,0.0011086141,0.0010767359545723974,0.0013553529365043979,0.0013395054694627,0.0012273255841375,0.001347429202983549,Irish sovereign debt crisis
2011-12-12,0.0004040550655199,0.0010619373280463709,0.0012348405408849363,0.0012090796,0.0014314691467708109,0.0013725637086424377,0.0015288393816291325,0.0011781387962459954,0.001321258224247218,0.0012549902,0.0012148615501627446,0.0016123837340708768,0.0012859197595472,0.0011993637747974,0.0014491517468090383,Irish sovereign debt crisis
2011-12-13,0.0007037375890284,0.0009869058143799154,0.0011945814410166458,0.001134967,0.0013160165360946493,0.0012577272365210097,0.0013364730092001328,0.0011241358730658603,0.001191692073643464,0.0010843489,0.001104565565170165,0.0014561204666468533,0.0011743148415724,0.0011506746787223,0.0013152176541096267,Irish sovereign debt crisis
2011-12-14,0.0005656670769103,0.0013980471631861678,0.001328555780690713,0.0014177203,0.0014195601845548495,0.0012538085534252114,0.0014723038582873146,0.0014238715708734461,0.0014620981594304545,0.0013680109,0.0013463105252808107,0.0016860930337688194,0.0011929351624361,0.0012944571586118,0.0014395140981024596,Irish sovereign debt crisis
2011-12-15,0.0005533182956089,0.001135613229023849,0.0013013093612596093,0.001225231,0.001279449215448866,0.0011838327628284685,0.001239512771173835,0.0012244216887211251,0.0012598071299193053,0.001090963,0.0011645146454585418,0.0015434769143012025,0.0011240319970876,0.0012629308711466,0.0013337544556944012,Irish sovereign debt crisis
2011-12-16,0.000609434441683,0.001108690110273604,0.001297290160644919,0.0012949054,0.001183407319411681,0.0010929848582519424,0.0011918612737020116,0.0012119858812181226,0.001261092553417977,0.0011086141,0.0011673881519696186,0.0014390550742749157,0.0010383282387619,0.0012539666754168,0.0012386916565184079,Irish sovereign debt crisis
2011-12-19,0.0006600284843163,0.0009978651138974996,0.0012091426126290504,0.0011510319,0.001059017295929163,0.0010064846529321042,0.0010420036050942478,0.0010327771572464593,0.0011222023640139165,0.0010602699,0.0010369830035456306,0.0012810590452677468,0.0009469030270704,0.0011599814039111,0.0011139810361690734,Irish sovereign debt crisis
2011-12-20,0.0003430511033281,0.0018173369878087744,0.0013518335923536507,0.0015359861,0.0012228999467152701,0.0010355001922102904,0.0012523575064304412,0.0014057007272680142,0.0011601108072007607,0.001266609,0.0010628278117846847,0.0011870152108932914,0.0009962381467536,0.0013202035275073,0.0010916266788234456,Irish sovereign debt crisis
2011-12-21,0.0006345678205856,0.0011262074125217925,0.001252447899246063,0.0009786127,0.0010633095964115034,0.0009876581922876194,0.0010210302154519014,0.0009259129360292019,0.000990212761216265,0.0008697625,0.0009028702558671993,0.0011659311840822204,0.0009441003840308,0.0012185498903216,0.0010550157840565101,Irish sovereign debt crisis
2011-12-22,0.0009471491499415,0.0011271435460898408,0.0012598132506905437,0.0009518599,0.0009885017070629977,0.000934085124732374,0.000885830056776221,0.0008800283158865147,0.0009972971197212232,0.0008014118,0.0009087149384931924,0.0012666861969203326,0.0008938142490633,0.0012245727218271,0.0010802502229918162,Irish sovereign debt crisis
2011-12-23,0.0011654286392613,0.0012195478221519761,0.0012687618353425631,0.0010227156,0.0009088894651150056,0.0008879980018173149,0.0008277246894805802,0.0008909801172965083,0.000989976316514594,0.00084013474,0.0009015741100942969,0.0013773616998670618,0.0008534836933839,0.0012347258228679,0.0011154226966254809,Irish sovereign debt crisis
2011-12-28,0.0011366742381109,0.0012831853473769612,0.0012934744584775005,0.0011262791,0.0008619711544009835,0.0008431633522794758,0.0008223512473915893,0.0009380242654518112,0.0010845317380325389,0.0009827066,0.0009881299958437524,0.0016707261891996134,0.0008129218257555,0.0012549955064347,0.0012418240074775566,Irish sovereign debt crisis
2011-12-29,0.001137201794284,0.0009467477020974767,0.0011620904031082566,0.0008829314,0.0007527796792945645,0.0007955081165143711,0.0007458168681472565,0.0007874655405990513,0.0010386476347781584,0.0008886053,0.0009594769100482852,0.0015882009164627352,0.0007418286390938,0.0010986106363802,0.0011650147777782676,Irish sovereign debt crisis
2011-12-30,0.000964293136226,0.0014715310340080092,0.0011364487092235475,0.0011161931,0.000915670511665595,0.0008745060374795518,0.0009218394934635876,0.0009168783702341122,0.000935571463403354,0.000838805,0.000859218593054079,0.0010950133636325003,0.000842088312304,0.0011204995782684,0.0009685508379682502,Irish sovereign debt crisis
2012-01-03,0.0008103041467365,0.0018850691994202833,0.0013031752752401498,0.001606022,0.0011479776667725427,0.0010075983127536634,0.0011078208471896642,0.0011998239158187687,0.0009798761442071139,0.0012000061,0.0009041971377995866,0.0007809110961421357,0.0009480625402715,0.0012664279075831,0.0008644868182068179,Irish sovereign debt crisis
2012-01-04,0.0006064285078691,0.0015319101232904955,0.0009760302258511302,0.0013644712,0.00132279444037337,0.0011073572573538594,0.001465610165217077,0.00107298682148126,0.0008744259042248656,0.0012500242,0.0008186441600317214,0.0007876363279909572,0.0010300205334387,0.0009390208344263,0.0009088284307148286,Irish sovereign debt crisis
2012-01-05,0.0006679047233768,0.0010003550169291014,0.0009304758449858518,0.0010886623,0.0011174544906678429,0.0010276242933370636,0.0012253324738143976,0.0008303154883969092,0.0008048359588114574,0.0009257994,0.0007405543484419221,0.0008975998756325509,0.0009572290967569,0.0008761304454616,0.0009274144861947254,Irish sovereign debt crisis
2012-01-06,0.0006790873993526,0.0010009296589200518,0.0009247216743051715,0.0011410061,0.0010459256949188489,0.0009431749668588198,0.001166689188561271,0.0008326164651620828,0.0008119442296596192,0.00096697157,0.0007312512973201569,0.0008566869366528248,0.0008743606824461,0.0008425941266042,0.0008655238095494624,Irish sovereign debt crisis
2012-01-09,0.0004694909059713,0.0012221663091690517,0.0008933978297495583,0.0011355351,0.001092335891243265,0.0009534701204544303,0.0011988214222867087,0.0008606905813046866,0.0007779568512229029,0.0009571882,0.000723264026308035,0.0007534624809070077,0.0008864811764007,0.0008616999337767,0.0008199718286538538,Irish sovereign debt crisis
2012-01-10,0.000229923740566,0.0013766773993126014,0.0009080941799641132,0.0011924111,0.0011646337036474409,0.0009825930542191749,0.0013157454486329967,0.0009508187054211455,0.0008095375524835241,0.000996738,0.0007484685459336473,0.0007354000564451736,0.0009118195490525,0.0008822865047177,0.0008236098027488368,Irish sovereign debt crisis
2012-01-11,0.0001226627534277,0.0009368801471664544,0.0008807586934036358,0.0009937884,0.0010382591951119675,0.00096825093008159,0.001184294884839099,0.0007836254458251504,0.0007974432405580599,0.00082753797,0.0007479120404902842,0.0008628978132347706,0.0008953344630353,0.0008580555268216,0.0008791161381350353,Irish sovereign debt crisis
2012-01-12,0.0008347908809912,0.0009512214076172101,0.0008833866848726136,0.0009010312,0.0009507981871286274,0.0009365440274072368,0.001002636805225487,0.000778643387137692,0.000814917092864626,0.0007262953,0.0007581684687949111,0.0009918986488068576,0.0008678078887084,0.0008558797485023,0.0009298532687576288,Irish sovereign debt crisis
2012-01-13,0.0009306396008836,0.0009014633312663851,0.0008760811988746819,0.00089001254,0.0008549687551547044,0.0008578477680196006,0.0008390520483368704,0.0007499649674674722,0.0007886472614748144,0.0007458675,0.000724501668204366,0.0009451529885368792,0.0007949686963757,0.0008325900639469,0.0008700608424562896,Irish sovereign debt crisis
2012-01-16,0.0009274567804263,0.0006179875382463989,0.0007961720180865128,0.00074412994,0.0007857490725286059,0.0007921362695927143,0.0008179249486918826,0.0006129761277642223,0.0007599692580246526,0.00068960804,0.0006925607197424556,0.0008591219228029195,0.0007268142770703,0.0007597391297391,0.0007929680999366098,Irish sovereign debt crisis
2012-01-17,0.0009776660122758,0.0005492900202367371,0.0006969952799294649,0.0005957418,0.0006849479942458588,0.000737367898612437,0.0006628692145680325,0.0005780462695067839,0.0007367790076672259,0.00060996803,0.0006753757369166953,0.0007921979652215458,0.0006659248499433,0.0006838855244897,0.0007290614075824229,Irish sovereign debt crisis
2012-01-18,0.0009719289934504,0.0005435190071515076,0.0005872883931475713,0.0006562387,0.000759913182054313,0.0006896446341595628,0.0006977406320520458,0.00052983144231238,0.0006218528773761909,0.00061537087,0.0005761657188091563,0.0007262478059598836,0.0006109234994981,0.000588617233267,0.0006685856527289918,Irish sovereign debt crisis
2012-01-19,0.0003530890536595,0.001968560188897457,0.0009838643263976692,0.0015721885,0.0011858023037888904,0.0009820327950306336,0.0013597827713116737,0.0011537722024919479,0.000706860419634144,0.001099075,0.000666509340432677,0.0006388560523371213,0.0009127321882385,0.0009656409440521,0.0007757941202878106,Irish sovereign debt crisis
2012-01-20,0.0002726723549212,0.0015634043887272548,0.0010150705119363634,0.001376955,0.0010599388669665676,0.0009549973780605389,0.001112084637045423,0.0010868596096749665,0.000814372919314378,0.001004631,0.0007561309863566271,0.00070624007281224,0.0008925036846852,0.0009743849062954,0.00079937187874872,Irish sovereign debt crisis
2012-01-23,0.0003062288173899,0.001539493227938396,0.0010101940483899867,0.0015430416,0.000966110076907428,0.0008741308613938803,0.0010840083810096206,0.0010794569161391787,0.0008064543210097965,0.0011793466,0.0007294256319022585,0.0007105408217920483,0.000814319820995,0.0009335176471315,0.0007624303213935241,Irish sovereign debt crisis
2012-01-24,0.0002848147824827,0.0013317597404516287,0.0009688022397540449,0.0012079935,0.0008592111793514596,0.000830033453499149,0.0008833205960864239,0.0009838277258335999,0.0008202622216949895,0.0010783747,0.0007573340454919321,0.000687838351555535,0.0007775276370317,0.0009229183783708,0.0007326829942936175,Irish sovereign debt crisis
2012-01-25,0.0006800274693209,0.0012474757339458946,0.0009455350739387295,0.0012389598,0.0008343291495462793,0.0007641206115223057,0.0009120736469452185,0.000942997127934262,0.000812577777290884,0.0010932026,0.0007353342412638567,0.000635893354251605,0.000712796193584,0.0008733838862101,0.0006743447739178026,Irish sovereign debt crisis
2012-01-26,0.0004970070546555,0.0008254946102808923,0.0008046417424931679,0.00075825164,0.0007930755120659587,0.0007904849155864256,0.0008375803577367163,0.0007119611207850253,0.0007791124190394335,0.00077041506,0.0007249922742406554,0.0005765102258502701,0.0007267683801692,0.000801759526355,0.000651639303009735,Irish sovereign debt crisis
2012-01-27,0.000972037049589,0.0006639047704848819,0.0007540647549246005,0.00067020726,0.0007050362702816212,0.0007478394752409625,0.000720693839715897,0.000625097398501885,0.0007444808849798426,0.0006923405,0.0006947909994080416,0.0005694353829436019,0.0006820841083881,0.0007446442602451,0.0006257597456658509,Irish sovereign debt crisis
2012-01-30,0.0009382978632954,0.0006762136696476196,0.0007666046800085887,0.0006847715,0.0006363522359987325,0.0007050775853884801,0.0006139265052479912,0.0006601235987594142,0.0007826038929038121,0.000718672,0.00072540486695639,0.0006056858462335339,0.0006459568695193,0.0007558333235821,0.000625821357876417,Irish sovereign debt crisis
2012-01-31,0.0009254203618531,0.0006630216194054462,0.00076257729469327,0.00067020726,0.0005896671549764767,0.000658701213822692,0.0005735717838031935,0.0006209808752985934,0.0007263032214151243,0.0006795593,0.0006781126998437039,0.0006293215818977385,0.0006034967227232,0.0007539070536582,0.0006164091523104692,Irish sovereign debt crisis
2012-02-01,0.000558827789679,0.0011717894356230913,0.0008981427783377741,0.0010273366,0.0008248356211724091,0.0007762964410199341,0.000841827376013243,0.000818728419794596,0.0007347026767755435,0.00079840154,0.0006933639683332149,0.000537792002991137,0.0007227739578954,0.0008816947668398,0.0006302829804432685,Irish sovereign debt crisis
2012-02-02,0.0005724505670741,0.0006196786238927694,0.0007677382894148322,0.00075942406,0.0007148579878866902,0.0007259590689933012,0.0006590268193742921,0.0005910488590121465,0.0006879674789513142,0.0006758105,0.0006314382277050418,0.0004667333222392029,0.0006621057754672,0.0007177435380974,0.0005644195488532014,Irish sovereign debt crisis
2012-02-03,9.90731636907794e-05,0.0013461301659813377,0.0009127652982204123,0.0011440092,0.0009642037005874643,0.0008838003793520125,0.0009911024378289127,0.0008601519301134828,0.0006819685573586641,0.00081900565,0.0006423123235121082,0.0004259056619226525,0.0008231124334826,0.0008871638446126,0.0006245090477026262,Irish sovereign debt crisis
2012-02-06,9.882969138570915e-05,0.0009942930511739538,0.0008970528920591481,0.0010886925,0.0008697691670866288,0.0008094489590472472,0.0009548223647879022,0.0007814178586671445,0.0006611563706130054,0.0008416591,0.0006058916432147197,0.00041748121287044906,0.0007515208330748,0.0008275046618382,0.0005845010229726245,Irish sovereign debt crisis
2012-02-07,7.782010134860853e-05,0.0009956964637496482,0.0009014559281890712,0.0010387484,0.0007635926340112075,0.000750837036296771,0.0007993728949758828,0.0007907602116203472,0.0006922739504052032,0.0008145902,0.0006425526415258229,0.00046997720439396275,0.0007022451999554,0.00085303474924,0.0005861112021746813,Irish sovereign debt crisis
2012-02-08,0.0001990491814938,0.0006461038170305487,0.0007856896256193068,0.00072458526,0.0006785726982742128,0.000715146952875812,0.0006233820547012349,0.0005968399296795047,0.0006814111933994827,0.00064410624,0.0006348224769801837,0.0004761705939599258,0.0006616586756792,0.0007579728516579,0.0005689146348195628,Irish sovereign debt crisis
2012-02-09,0.000184753315562,0.0005306311516514887,0.000741476473497513,0.00050408725,0.0005881987079296986,0.000659581068620066,0.0005506853561202354,0.0004736290850548981,0.0006302995566224433,0.00041673792,0.0005865755055948881,0.00044737219623083846,0.0006092793706515,0.0007095772868055,0.0005283257834411692,Irish sovereign debt crisis
2012-02-10,0.0003495764864747,0.0004480984722172625,0.0005248592225862841,0.0004882469,0.0007187762300742411,0.0006535590363458803,0.0006621242158228837,0.00046590210073590136,0.0006096613724120198,0.00052035635,0.0005707061258045705,0.00046561437095735375,0.0005767090404775,0.0005362386394754,0.0005211617057174269,Irish sovereign debt crisis
2012-02-13,0.0004450388514484,0.0004480198747380623,0.0005099050130400694,0.0005084761,0.0006841093236126935,0.0006095759741280655,0.0006614380624662518,0.00042359001832430215,0.00060149653564076,0.00045441685,0.0005501462711249339,0.0004486973647946207,0.0005305651336671,0.0005062885285686,0.0004896312492308604,Irish sovereign debt crisis
2012-02-14,0.0004968827159246,0.00044781674704808997,0.00048685199244398865,0.0005084761,0.0006429572471488938,0.0005646996706665507,0.0006381149468146641,0.00040973027986272265,0.0005773603888903474,0.00045261328,0.0005332222356812329,0.0004345437442235198,0.0004896783328375,0.0004899962680112,0.0004621110385305099,Irish sovereign debt crisis
2012-02-15,0.0003732567852438,0.0005242200889061016,0.0006055368982653835,0.0005061331,0.0005811585125150928,0.0005636122499704931,0.0005778644512371061,0.0004050307249903923,0.0005814979610796336,0.0003723834,0.0005489260680603653,0.0004173876761958637,0.0005110345908712,0.0006136876659206,0.00046421113353353185,Irish sovereign debt crisis
2012-02-16,0.0003747385461407,0.00044354656833439003,0.0005917155041364114,0.00050289975,0.000586203100026425,0.0005427235952335234,0.0005828770477569584,0.0003904826745810854,0.0006052808136620827,0.00039295273,0.0005419323536935458,0.00038465488570226024,0.0004695012397719,0.0005498589301474,0.00042707806273708013,Irish sovereign debt crisis
2012-02-17,0.000266862666281,0.0006482126811444253,0.0007050093167745951,0.0005636966,0.0005221062063840284,0.0005546455507071738,0.0005075003279151002,0.0004723618673816152,0.000594664008819924,0.00044415877,0.0005624925734694878,0.00035883310893930454,0.0005111656379825,0.0007028030327082,0.00043499937346090227,Irish sovereign debt crisis
2012-02-20,0.0001778922065501,0.0004842557804651335,0.000593356726519416,0.00043017307,0.0004778547570512449,0.0005520361384476124,0.00043423857645324575,0.00038717592342993334,0.0004820575046353472,0.0003246242,0.0004609243959520599,0.0003084565677914294,0.0005067157813938,0.0005825856812052,0.0004075861745926147,Irish sovereign debt crisis
2012-02-21,0.0001335729970725,0.000499672683913014,0.000593466970632373,0.0005027904,0.000480212901718368,0.0005411655852769365,0.00045963605138184396,0.0003900874642625882,0.000509769967376778,0.0003466251,0.0004831128207932031,0.00033070429198467626,0.0004974362721397,0.0005774032150154,0.0004140702820621881,Irish sovereign debt crisis
2012-02-22,0.0001770554418069,0.00047494738219164024,0.0005683638692213092,0.00047426517,0.0004591378867150623,0.0005203987438030594,0.0004413182129423871,0.0004499425773733588,0.0005313013351706257,0.00045504567,0.0005000777071751755,0.00038164264752927696,0.0004750662567454,0.0005549680666547,0.00042835445213733846,Irish sovereign debt crisis
2012-02-23,0.0002640444929139,0.0004765889767609537,0.0005557868671644276,0.00049706927,0.0004519016048874094,0.000482822651616511,0.0004391631490236623,0.00039229500389947853,0.000520127807347006,0.00039059325,0.0004792309185962266,0.0003747625029353593,0.0004366547733863,0.0005279642081684,0.0004057086381608297,Irish sovereign debt crisis
2012-02-24,0.0002477855324814,0.00044318302749611323,0.0005403042376426574,0.0004091752,0.00041616118226260146,0.0004781669007315757,0.0003875412062674844,0.0003481189213062228,0.0005194516846662327,0.0003196731,0.0004888661359476424,0.0003777512889135087,0.0004347447534446,0.0005390987057288,0.00040624802117905434,Irish sovereign debt crisis
2012-02-27,0.0003885674258838,0.0004454473275536334,0.0004684616087510509,0.00049346354,0.0005236626021953043,0.0004565482526451585,0.0005206769335873122,0.0004071821368532632,0.000499997224504913,0.00043172765,0.0004669266540682931,0.00035767811209318803,0.0004065957961709,0.0004633229997974,0.00038213695413204403,Irish sovereign debt crisis
2012-02-28,0.0012467220466065,0.00044432246858927186,0.0004414615996662887,0.00049346354,0.0004996468124068499,0.00043252147033568343,0.00048643737293249407,0.0003526874132801244,0.0004740854632584773,0.00037190676,0.00044590119014443287,0.00036667234860927953,0.0003824342628124,0.0004418135252519,0.0003745533057108398,Irish sovereign debt crisis
2012-02-29,0.0012011284544807,0.00044485801141562383,0.00047235781970355006,0.0004919538,0.0004778188932483745,0.0004224490791610041,0.00048677700644479487,0.00032557009227817947,0.0004564621461649541,0.00031025172,0.00043385708719241133,0.0003600830514360883,0.0003796607600293,0.0004769547395129,0.00036987190573269416,Irish sovereign debt crisis
2012-03-01,0.0018875608115503,0.0004436457549319209,0.0005187314119729313,0.0004091752,0.0003689754211684347,0.00042233339520479033,0.0003424946672480604,0.00032334816867690344,0.0004721500257222919,0.0002670961,0.00044783942080168506,0.0003445576983670623,0.0003842114264517,0.0005178323428354,0.00036438456240938115,Irish sovereign debt crisis
2012-03-02,0.0018991567354748,0.0004383256267492871,0.00044662959949137563,0.0004195378,0.00037514472017306425,0.0004216161901466113,0.0003770353664107126,0.00031974999443706116,0.0004118058959722138,0.0002726591,0.00039380010272281125,0.00031539679616095483,0.0003804526513623,0.0004456463051318,0.00034792472376162745,Irish sovereign debt crisis
2012-03-05,0.002058409832348,0.0005411217900393285,0.0005182982906639857,0.0005084412,0.0004384993809088376,0.00047213417072180136,0.000458145195451925,0.0004441496066417735,0.0004979743450649383,0.0004761766,0.00047485222241520604,0.0003912167371565321,0.0004316703207988,0.0005130818548043,0.0004114435289776661,Irish sovereign debt crisis
2012-03-06,0.0015042093112439,0.0012133590124229644,0.0007390296411738852,0.0008531353,0.0009467978846106336,0.0008990016758460644,0.0009386966760461029,0.0008299600562742853,0.0007741822128608008,0.0009139025,0.0007283175123325628,0.0006138204732558484,0.0008308544840313,0.0007153987429318,0.0007223374786435742,Irish sovereign debt crisis
2012-03-07,0.0014926866838138,0.000847225893985333,0.0007382507241700078,0.00072549493,0.0008097231067785329,0.0008258975971096305,0.0008165898235856878,0.000747900471644204,0.0007322839225315892,0.00073008455,0.0006688171856389401,0.0007321302594918618,0.0007667676113654,0.0006927032925486,0.0007494489354286309,Irish sovereign debt crisis
2012-03-08,0.0008744353894331,0.0014724558461837991,0.0009997125470933325,0.0012697479,0.0013141787706498602,0.0011177916677069413,0.001380509240628623,0.0009647158192661332,0.0009077528062938407,0.0010389402,0.0008284585967453747,0.0006900158821535328,0.001041152791396,0.0009539912267821,0.0008655843367747665,Irish sovereign debt crisis
2012-03-09,0.0009231485720536,0.0010365145914229409,0.0010116691761684223,0.0011139265,0.0011227847557386574,0.00104454978664275,0.0011295020534634818,0.0008852668537113916,0.0009286052232641075,0.0009607865,0.0008334537536645311,0.0006593038431821158,0.0009796215313618,0.0009452886697865,0.0008194626872719578,Irish sovereign debt crisis
2012-03-12,0.0006660103101381,0.0016229011392587778,0.001100100396283726,0.0014397881,0.0013422028753319367,0.0011236755051898775,0.0014222759221568706,0.0011520969849077953,0.0010859784517056304,0.0013268467,0.0009868320725918065,0.0008343640983260722,0.0010531106529494,0.0010380671883682,0.000943737375637736,Irish sovereign debt crisis
2012-03-13,0.0004300617100477,0.001929480096469733,0.0011029300616729567,0.0018408085,0.0014139411437935222,0.0011685597350172396,0.0015842440065546772,0.0012267976054928552,0.0008479994072537189,0.0013419015,0.0007896031691369713,0.0008530042017735509,0.0010922436381529,0.001052133906029,0.0009726239199632254,Irish sovereign debt crisis
2012-03-14,0.0004198378493761,0.001560899759422868,0.0011017680645504376,0.001650397,0.001198474349667682,0.0010637208875583551,0.0013229040133973917,0.0011239979352523587,0.0008621946917429558,0.0012799196,0.0007886212467065364,0.0008469611563616895,0.0009989187156953,0.0010218509063545,0.0009229399360284947,Irish sovereign debt crisis
2012-03-15,0.000386876278516,0.0016567486538324983,0.0010314504373056738,0.0016094334,0.0012572580680718633,0.0010446139357807602,0.001452153275331484,0.0011321089391943602,0.0008610691359716662,0.0012861809,0.0007976769781660735,0.0008419041812380946,0.0009737867205733,0.0009956980678306,0.0009078454509056973,Irish sovereign debt crisis
2012-03-16,0.000257059026152,0.001632439876506514,0.0010372413862290886,0.0016094334,0.0012069245406151209,0.0010060022587832789,0.0013934872781284561,0.0011278805365807947,0.0008600013046309387,0.0012861809,0.0007958860396112123,0.0008064857205616387,0.0009395270561662,0.0009977360654532,0.0008730063883639193,Irish sovereign debt crisis
2012-03-19,0.0002175091340733,0.0011856080377129813,0.0009858144733163733,0.0011615288,0.0009999731012252273,0.0009537266985348061,0.0010924582206629427,0.0008702831777757926,0.0008048581297752132,0.00084321573,0.0007561312316332335,0.0009530195301792499,0.0008870967239279,0.0009504163624833,0.000920058127053575,Irish sovereign debt crisis
2012-03-20,0.0001405024532494,0.0008781110069882974,0.000889849689893394,0.00092838326,0.0008945702551224148,0.0009262321084077288,0.0008752056896480005,0.0007880744232615506,0.0008366105510773658,0.00079301075,0.0007868256718534332,0.0010227930416769635,0.0008539231658633,0.0008740078860919,0.0009383581037701317,Irish sovereign debt crisis
2012-03-21,0.0001414185766082,0.0008894668618662509,0.0008678196470363042,0.0009868612,0.0008687389343381291,0.0008541155955849179,0.0009252051637128364,0.0008028382408437599,0.0008316575724038001,0.00093647,0.0007681238662930772,0.0009694310599178771,0.0007835921352592,0.0008305930692525,0.0008765115975885385,Irish sovereign debt crisis
2012-03-22,0.0002827027899645,0.0009200576052255605,0.0008690867249294842,0.0010461869,0.0008587669101081782,0.0008502419242170691,0.0009291211219461711,0.0009247135356302659,0.000930958393097542,0.0010721533,0.0008682035498422083,0.0010594250278102345,0.0007837424922332,0.0008603152185008,0.0009215837600217172,Irish sovereign debt crisis
2012-03-23,0.0003270397002669,0.0008219393747485769,0.0007981356502800763,0.0008881705,0.0007860200483514724,0.0007985094449157091,0.0008189564580815246,0.0008320779640424097,0.0009102337365753373,0.0009099681,0.000817037318163032,0.0009291867638759821,0.0007159155262769,0.0007572137094358,0.000822551145076441,Irish sovereign debt crisis
2012-03-26,0.0004371314243485,0.0008182126650419335,0.0007777014217544124,0.0008344051,0.0006816761369079203,0.0007238628007354576,0.0006309607949603522,0.0008223302846512671,0.0008392310449756328,0.0008562723,0.0007759602253104641,0.0008523689913214076,0.0006572690191479,0.0007675813171935,0.0007548190052346537,Irish sovereign debt crisis
2012-03-27,0.0004857621138277,0.0008169656627746568,0.000704224459393777,0.00094793126,0.0007652950515114192,0.0006775320985784878,0.0007646988722530055,0.0007487807955823813,0.0007625273571897661,0.0009286991,0.0007052356505931592,0.0007278980593371601,0.0006014391418273,0.0006893562732674,0.00066466860058223,Irish sovereign debt crisis
2012-03-28,0.0008842492166266,0.0008153171627083824,0.0007056243482864779,0.00092583126,0.0006992283531348456,0.0006155652411848495,0.0006941771083233631,0.0007425053335067275,0.0007428954162524028,0.00092306954,0.0006942873426662978,0.0006689054471076339,0.000551846448899,0.0007017042934694,0.0006103759480033169,Irish sovereign debt crisis
2012-03-29,0.0006192803496344,0.0010776854205548647,0.0008451130413885362,0.0009216783,0.0006769470657102507,0.00070025729064355,0.0006735719668790903,0.0009162284801224005,0.000858581783173941,0.0010444627,0.0008203315026867656,0.0007801835949813182,0.0006448956977515,0.0008515068030511,0.0007125396463664091,Irish sovereign debt crisis
2012-03-30,0.0009418199514932,0.0008399980573922097,0.0008623515008630742,0.000862011,0.0005988187003953826,0.0006560373591205708,0.0005840957303379623,0.0008520086993658476,0.0008291189143537518,0.00085928437,0.0007798985174761603,0.0007355226820540038,0.0006058827551302,0.0008504650179834,0.0006707027185921019,Irish sovereign debt crisis
2012-04-02,0.0008211156785595,0.0009249389798409968,0.0009159005068290033,0.0010352677,0.0006256359130089994,0.0006474628211871683,0.0006322713361366076,0.00088014452326846,0.0008394054549523076,0.0008994532,0.0007925445176265935,0.0006649808198467882,0.0006028922147465,0.0009028596510902,0.0006339365172966442,Irish sovereign debt crisis
2012-04-03,0.0010895977206503,0.0009177595753097704,0.0009295741555910519,0.0010269805,0.0005771625066105679,0.0006235821648614597,0.0005580414166449654,0.0009467470645680519,0.000911752726161564,0.0009305843,0.0008546868419083401,0.0006734902398826974,0.0005819586139873,0.000905550432892,0.0006277244269349987,Irish sovereign debt crisis
2012-04-04,0.0007097674581631,0.0018234568476102975,0.0010893329247099797,0.0016023563,0.0008889503518105498,0.0007879008787773478,0.0009541310419592008,0.0014422308083664786,0.0011860173042000971,0.0015461426,0.0011010547897735172,0.0008626346868512273,0.0007406343228581,0.001060607324768,0.0008016345048546636,Irish sovereign debt crisis
2012-04-05,0.000711448407492,0.0007841258746120125,0.0008492179374448653,0.00087574,0.0007473841555161096,0.0007540334635914431,0.0007619349707739435,0.0007360719913274469,0.0008547746807307572,0.00079548266,0.0007547495555323983,0.0007297293860073239,0.0006773207656063,0.0007580449800752,0.000703525075806812,Irish sovereign debt crisis
2012-04-10,0.0005559856469024,0.0017552254141451615,0.0009959002864910458,0.0015852569,0.0009656395680421522,0.0008649329231016021,0.001022737011211622,0.0014143083606912596,0.001100578401899888,0.0015386922,0.0010174639304673771,0.000856376125590678,0.0008088865166462,0.0009664459731701,0.000832631321118439,Irish sovereign debt crisis
2012-04-11,0.0005558958360845,0.0008857006759852827,0.0008051682264240148,0.00076058443,0.0008285685292226263,0.0008050108472527658,0.0008847906110357401,0.0009449885712445404,0.000903564438165855,0.0008598668,0.0008108421847309847,0.0007181630266985846,0.0007398891766764,0.0007387716954714,0.0007290261016874923,Irish sovereign debt crisis
2012-04-12,0.0002576418447785,0.001305353081733422,0.0009058531392239611,0.0011440092,0.0009483773873448225,0.0008689392779732976,0.000976212226314828,0.0010850288229825884,0.0008856119171287513,0.0010146297,0.0008255918017397931,0.0006185796335609359,0.0008107460848928,0.0008732942477206,0.000714662859226868,Irish sovereign debt crisis
2012-04-13,0.0002807678864529,0.0007109775576678557,0.0007761060212004476,0.0005933926,0.0007894421550263977,0.0008177928811982644,0.0008089933699112088,0.0007158246656277484,0.0007310072018718213,0.0005815852,0.0006849524443998052,0.0005906320842140988,0.0007561246862182,0.0007409271177042,0.0006733783852161494,Irish sovereign debt crisis
2012-04-16,0.0007611120577862,0.0006947429587549823,0.0007068771953203536,0.0006219235,0.0007713289314426228,0.0007560052280044053,0.0008331739756656338,0.0007068211043540481,0.0006766936067841178,0.0006194253,0.0006274374351104914,0.0005209299483938275,0.0006931612359391,0.0006582150358102,0.0006070455921664637,Irish sovereign debt crisis
2012-04-17,0.0005751022349,0.0006198713966339479,0.0007195944623010345,0.0005447775,0.0007604148691014686,0.0007832584965806937,0.0007917863369470631,0.00055670455333083,0.0005896319258687848,0.0004240901,0.0005729700558568779,0.00047336742622131436,0.0007213117298557,0.0007066900990464,0.0005973395780385072,Irish sovereign debt crisis
2012-04-18,0.0007267093997854,0.0005175481047275987,0.0006836083762156385,0.0005283258,0.0006910989633878802,0.0007263207621371677,0.0006463883120699296,0.0005378655328621719,0.0005758743260785489,0.00044129236,0.0005431309140623297,0.00041355158405318224,0.0006593963983077,0.0006343060571732,0.0005364739911804411,Irish sovereign debt crisis
2012-04-19,0.0007089228864038,0.00044769080580403357,0.0005748927367152797,0.0004246168,0.0005921170021355232,0.0006843569714983131,0.0005686066643781987,0.0005436620160475131,0.0005582624537799624,0.0004961683,0.0005400977786958212,0.00039884734227954674,0.0006168677058841,0.0005666386515904,0.0005078575240818233,Irish sovereign debt crisis
2012-04-20,0.0007437076778707,0.0004483138213563707,0.000583724640927041,0.0004246168,0.0005482610754519526,0.0006415550651556227,0.0005329498034863877,0.0004598471336865116,0.0005281760599352271,0.00040783882,0.000513377566217081,0.0003790728543935319,0.0005815350550189,0.000578307730376,0.00048030395470621595,Irish sovereign debt crisis
2012-04-23,0.0002931474871612,0.001144174546823081,0.00079198403444778,0.00078973104,0.0008857688614251502,0.0008413341626921333,0.0009488245208441189,0.0009523199690552028,0.0007705510924111556,0.00091838423,0.0007416806570117436,0.0004906728117269434,0.0007785995709193,0.000775599247565,0.0006346361913231217,Irish sovereign debt crisis
2012-04-24,0.000398333743416,0.000550841034705946,0.0007549908775475727,0.00050408725,0.0007300342300604362,0.000780202032566343,0.0007292299357534624,0.0006666361299055609,0.0007329784345511338,0.0005481805,0.0006888731141328622,0.000522023634758206,0.0007193194481383,0.0007263682683892,0.0006206715414482529,Irish sovereign debt crisis
2012-04-25,0.0002507225403228,0.0008812521170533401,0.0007952222753505232,0.0007860414,0.0008079208563628645,0.0007747391782543395,0.0008427813579857681,0.0007706846762501985,0.0007383893786042984,0.00075621315,0.0006950218879755908,0.0004939993135425062,0.0007188589145163,0.0007717170520807,0.000606429114029403,Irish sovereign debt crisis
2012-04-26,0.0002725433973812,0.0007370462824727949,0.0007893939482373651,0.0007626803,0.0007353432412206651,0.0007149027267195813,0.000731651717229388,0.0007605218537659217,0.0007370317502977556,0.0007825843,0.0006807801295759852,0.000479822976620012,0.0006597091596771,0.0007366009014091,0.000569766068148556,Irish sovereign debt crisis
2012-04-27,0.0009704557636997,0.000990006665701122,0.0008136521488478313,0.0010077814,0.0006510950477054196,0.000681173702824715,0.0006242734291871483,0.0009105360416807388,0.0007363359949423958,0.000906462,0.0006929020977412117,0.00045302265515953044,0.0006347636338074,0.0007845199349195,0.0005438931444834653,Irish sovereign debt crisis
2012-04-30,0.0012640975723665,0.0005439846003232575,0.0006908594669831692,0.00060171884,0.000581424488929813,0.0006587008568008951,0.0005608471492557329,0.000637975041574458,0.0006373013804273401,0.0005651168,0.0006141083560314231,0.0004822548613354281,0.0006010582960038,0.0006812310988116,0.0005416565786696141,Irish sovereign debt crisis
2012-05-01,0.0011478634202651,0.0006675670037214947,0.000755103671457386,0.0007268474,0.0006143992036077944,0.0006533602444915665,0.0006095058896904713,0.0006650078280115235,0.0006507213624313004,0.00056988973,0.0006286030885096047,0.00047782156809608186,0.0006026783651813,0.0007468198976325,0.0005402499666386909,Irish sovereign debt crisis
2012-05-02,0.0011751807497224,0.00045946071933854454,0.000646848631549645,0.0004333035,0.0005613371245073553,0.0006119288226777665,0.0005628543714324034,0.00045778114520626605,0.0006076215768141324,0.00042572198,0.0005742550856469309,0.0004424265289134184,0.000552731981838,0.0006296261373188,0.0004975792553757092,Irish sovereign debt crisis
2012-05-03,0.001198761660031,0.00045918038892985155,0.0006539477594938198,0.0004246168,0.0005008377137856225,0.0005736120652170071,0.00048175188461533025,0.0004849623688601239,0.0006274611913825175,0.00043300714,0.0005987405112719024,0.0004484096909080766,0.0005226410425438,0.0006446738124694,0.0004855253667259383,Irish sovereign debt crisis
2012-05-04,0.0009119810846565,0.001681968456213479,0.00097121104059429,0.001313575,0.0010944068115107427,0.0009344939718977384,0.0011952515086852944,0.0013302605256150003,0.0010201306984262525,0.0013068247,0.0009668424288429059,0.000644730734418656,0.0008703414966341,0.0009480478538416,0.000757536115526378,Irish sovereign debt crisis
2012-05-08,0.0005882045695545,0.001856642630704486,0.001078765399978173,0.0018295498,0.0012466037815356526,0.0010285163292383143,0.00139645526244096,0.0014794028418487063,0.0011835258178964035,0.0015873334,0.0010976471863253779,0.0009710120098742184,0.0009627742759674,0.0010354763238487,0.0009668931429208092,Irish sovereign debt crisis
2012-05-09,0.0005735681187179,0.0012455295317256583,0.0009738661025184914,0.0012389255,0.0010250077152815303,0.0009432332731943,0.0011177488449837126,0.0012039825375911853,0.0010503692225451357,0.0010869046,0.0009459460342727343,0.0009771239959945064,0.0008818023903091,0.0009110372293033,0.0009294631931518032,Irish sovereign debt crisis
2012-05-10,0.0009080537928376,0.001256686153059169,0.0009856244967232715,0.0012125751,0.0008965339220109268,0.0008689665168422675,0.0009259546461561893,0.0012051273536859935,0.0010548271520492351,0.0010869046,0.0009534455794316003,0.0009395759872326083,0.000815055520288,0.000927968994694,0.0008773157537603042,Irish sovereign debt crisis
2012-05-11,0.0008757686988345,0.001005531140741933,0.0009179822318127204,0.0010886623,0.0008261820459867519,0.0008119650002322453,0.0008487412523944212,0.0009312229442505054,0.0009384293084955399,0.0009582505,0.0008495018393963553,0.0008178094446873056,0.0007609529224708,0.0008667242742818,0.0007893811835790528,Irish sovereign debt crisis
2012-05-14,0.000413752575891,0.001713815604159607,0.0009786683976312155,0.0014575671,0.0012273381504564376,0.0010176153486826586,0.0014007678721405068,0.001377119627302614,0.0010391264809811976,0.0014587021,0.0009732783566109868,0.001051025227490269,0.0009462817517216,0.0009533185973005,0.0009986534896059345,Irish sovereign debt crisis
2012-05-15,0.000756138926123,0.0007008409948279728,0.0008380948884801836,0.00080987386,0.0009913577436757965,0.0009445922227970324,0.0010265193065387146,0.0007807666024093755,0.0008046795030153748,0.00072948425,0.0007448648642934835,0.0009419907622869466,0.0008648967990635,0.000784182519252,0.0009034437806752233,Irish sovereign debt crisis
2012-05-16,0.0010539459646037,0.0006612727324334254,0.0008264888949444212,0.0007432614,0.0008694064948257935,0.0008837950260356987,0.0008600170278272829,0.0007639012333957374,0.0008160062445687097,0.0007097999,0.0007330055274220708,0.0007482866479927431,0.0007897299124081,0.0007396299874378,0.0007690082802004215,Irish sovereign debt crisis
2012-05-17,0.0007299628144712,0.0017163705093044604,0.0009825837522212057,0.0015923313,0.0011729959839428038,0.000977104886809797,0.0013429052538118454,0.0013962536708908466,0.001058448428481483,0.0015255936,0.0009940823770479377,0.0008505015894600058,0.0009101351403321,0.0009546525260699,0.0008803183648960529,Irish sovereign debt crisis
2012-05-18,0.000860475952484,0.0012391266200481445,0.0009333468798459183,0.0011618534,0.0009363659725410864,0.0009029713358647367,0.0009810348911748017,0.0011908619973839793,0.0010209564467454275,0.0010755898,0.0009378831211993234,0.0008292766181560943,0.0008410211082305,0.0008813903857445,0.0008351488631932972,Irish sovereign debt crisis
2012-05-21,0.0008441064241306,0.0007487768627827328,0.0008193597247650281,0.0007884578,0.0008053776230976513,0.0008461942911420967,0.0008177948685277316,0.000825626442010175,0.0008180697598054584,0.0007410023,0.0007765777632901467,0.0007667474450871001,0.00077785599465,0.0007987857917149,0.0007723017198685501,Irish sovereign debt crisis
2012-05-22,0.0006611190948097,0.0017793891639791527,0.0009811933180808208,0.0016089218,0.0010491351919112595,0.0009196169105131517,0.0011519573612444787,0.001366261962832568,0.0008756439648330432,0.0013225527,0.0008351470333594139,0.0006721712545438806,0.0008565467127554,0.0009587072906469,0.0007643589836496403,Irish sovereign debt crisis
2012-05-23,0.0005253509606387,0.00180552038290707,0.001094229498483744,0.0016142401,0.0012129794929698664,0.0010006902917482484,0.001366481309021888,0.0015478574268770239,0.0011263722036150157,0.0016757126,0.0010632316531782714,0.0007814185196098648,0.0009368054084611,0.0010560423222404,0.0008591119640354824,Irish sovereign debt crisis
2012-05-24,0.0006646413487044,0.0013164151477458661,0.0009363258122091434,0.0013290305,0.0010129494398550053,0.0009348419283967796,0.0011612105549931645,0.0011601164345722331,0.0008359574963660501,0.0011901242,0.0007898990216141874,0.0007516381550157582,0.0008690073301066,0.000898233032426,0.000810322742561179,Irish sovereign debt crisis
2012-05-25,0.0007693698673106,0.0016341913749251754,0.0009902149772554772,0.0015805366,0.0010382466988739189,0.0009117648559696403,0.0011020856942650134,0.001307591921644732,0.0008294095496956628,0.0013102003,0.0007909273462007036,0.0006980695398166746,0.0008514770992749,0.0009556568807187,0.0007747733195457873,Irish sovereign debt crisis
2012-05-28,0.0010595073688372,0.0013721342032999401,0.0009572954385833879,0.0013290305,0.0008755070164687807,0.0008366748258401568,0.0009288008676163466,0.0011894018747625008,0.0008145741093489857,0.0011790089,0.0007684704158607339,0.0006310916139204293,0.0007811152311343,0.0009049261122424,0.0007061034225273647,Irish sovereign debt crisis
2012-05-29,0.0014904919212658,0.0012022859349377002,0.00094762990429258,0.0012546645,0.0008832605698008627,0.0008356415442361621,0.0009286801679734407,0.0010670402201652604,0.0008243276473561297,0.0010002187,0.000786591717221004,0.0006025901326016493,0.0007785339551394,0.0009235434872245,0.0006905620438705247,Irish sovereign debt crisis
2012-05-30,0.0013339532010698,0.0010098972771633294,0.0009231732555977717,0.0011009846,0.0008863611925942596,0.0008609766461137075,0.0009282502509192592,0.0009367825178823779,0.0008275327355501866,0.00107648,0.0008035827507370081,0.0006814178185168087,0.0007985642098758,0.0009067916815269,0.0007399910141963044,Irish sovereign debt crisis
2012-05-31,0.0011566845231512,0.0012104766205288295,0.0009923333985204727,0.0012546645,0.0009377216249910554,0.0008868073379739845,0.0009910945873944955,0.0011884445678600301,0.000963690899740451,0.0011839817,0.0009229547609408598,0.000853262976007994,0.0008264988031322,0.0009681596550716,0.0008398808895700969,Irish sovereign debt crisis
2012-06-01,0.0009093235411718,0.0016776161624195195,0.0010425178176000519,0.001597004,0.0011226342822330535,0.0009493875763345316,0.0012854862602464294,0.0016409875074171476,0.001137503466212637,0.0017794982,0.0010793112616244438,0.0011048225422635016,0.0008861070872178,0.0010152205299341,0.0009954648147406508,Irish sovereign debt crisis
2012-06-05,0.0006243825123845,0.0018137793339061137,0.0011657897927892687,0.0015952375,0.0012492874415389772,0.001031271094787731,0.0014025650434096588,0.0018049816484897476,0.001410250119848824,0.0018939562,0.0013193490967119664,0.0015063827704604074,0.0009669866128081,0.0011253539085203,0.0012366846916342538,Irish sovereign debt crisis
2012-06-06,3.683155556567367e-05,0.002010633720659723,0.001358786688305823,0.0017831759,0.0013785744697849655,0.0012126647815781791,0.0013721292829848054,0.001860599956812754,0.0014843334838270277,0.001668065,0.0013711753225031811,0.0014146933990916966,0.0011392127777184,0.0013050525679119,0.0012769530884050484,Irish sovereign debt crisis
2012-06-07,6.219261672162817e-05,0.00155934951484141,0.0011696299471017743,0.0016695345,0.0012703195183718997,0.0011065819016672662,0.0014587742107184899,0.0014491246192034739,0.0011977110335886138,0.001363495,0.0010862373475754097,0.0011687715225206245,0.001038388792243,0.001079339523513,0.0011035801573818123,Irish sovereign debt crisis
2012-06-08,0.0004900037124654,0.0015449490778956638,0.0010730134090702202,0.0015775788,0.0011820448324819128,0.001012313838753971,0.0013864566071475801,0.0013557888717219788,0.001003280814854307,0.0013308862,0.0009179585583945733,0.0009753294028812922,0.0009468484967403,0.0009924962519874,0.0009610889498107961,Irish sovereign debt crisis
2012-06-11,0.0004876814444338,0.0015373333277753478,0.0010240768418475373,0.0015430416,0.001071796079497418,0.0009300273558904647,0.001204440275928588,0.0012913397652951773,0.0008871025112783885,0.0013686736,0.0008264773596849905,0.0008578323677295984,0.000866695300017,0.0009517645317795,0.0008622638338732992,Irish sovereign debt crisis
2012-06-12,0.0004953435137968,0.0011377643641340524,0.0009549583456025886,0.0011523128,0.0008659707365641709,0.000865415761136879,0.0008819258151649703,0.0009902223902844066,0.0007814552604146319,0.0008334687,0.0007515751639605954,0.0008117686176557085,0.0008044102908692,0.0009146177288683,0.0008080894542624543,Irish sovereign debt crisis
2012-06-13,0.000493502520335,0.0008192375900056536,0.0005626890998866411,0.0010455793,0.0010467640482731575,0.0008653147653573603,0.001486628733221237,0.0008267194033741214,0.0007098577836097123,0.0010247774,0.0006849486524815909,0.0007441673011424303,0.0007386439934767,0.0005841421755657,0.0007414056473095652,Irish sovereign debt crisis
2012-06-14,0.0005136690396721,0.0005878940748134567,0.0005620895257581436,0.0007236741,0.0009092233926592464,0.0007956098787333702,0.0009578483253846596,0.0006821930710736605,0.0006877566464648897,0.00074026606,0.0006633154684028758,0.0007181767232487984,0.00069470180234,0.0005839089707144,0.0007064392627943992,Irish sovereign debt crisis
2012-06-15,0.0001239450151039,0.0012898930018774694,0.0009021071635488255,0.0011181604,0.0009135292766506417,0.0008877410883703521,0.0009497824153671922,0.0009443217130139235,0.0007916817719429746,0.00091238425,0.0007606330579641844,0.0006704913879244846,0.0008209317557456,0.0008962555826341,0.0007457115718350422,Irish sovereign debt crisis
2012-06-18,0.0001864735488288,0.0009293818840619114,0.0008970625433090006,0.0010763587,0.0008370929097064286,0.0008184008065974366,0.0008485927771726097,0.000882976765497594,0.0008039738849795338,0.00092748075,0.0007469195729408075,0.0006403614413573828,0.000749495038741,0.0008397981344729,0.0006949282400491914,Irish sovereign debt crisis
2012-06-19,0.0001668755537067,0.0007609707784281571,0.0008398163384348591,0.0008070586,0.0007230457177727013,0.000749910321111133,0.000725450557069029,0.0006882497804808771,0.0007092327661158245,0.000644344,0.0006715092458878608,0.0005837169763015841,0.0006936866992874,0.0008128692122849,0.0006387018377944921,Irish sovereign debt crisis
2012-06-20,0.0003375823954895,0.0007669216590598448,0.0008352832765624557,0.00084586267,0.0006799617382755095,0.0006921348330687363,0.0006750934013958746,0.0006898250863146498,0.0007150740792206033,0.00070238876,0.0006677778277967998,0.0005580680958013277,0.0006371729848298,0.0007902900767256,0.0005976205403155639,Irish sovereign debt crisis
2012-06-21,0.0002911289506697,0.0007717464065027965,0.0008471889817138194,0.0008070586,0.0006047664489303217,0.0006604662231139176,0.0005773385482934195,0.000742573670743984,0.0007296903652247211,0.00069366064,0.0006958038226842051,0.0005767656160492508,0.0006137424930955,0.0008237185557641,0.0005952540545723754,Irish sovereign debt crisis
2012-06-22,0.0008428790675883,0.0005467162917331881,0.0006081956063407764,0.0006562387,0.0007226853496183663,0.0006580911511004441,0.0006768744612089363,0.0006626149257988274,0.0006815650914302179,0.0006753762,0.0006539447767221407,0.000576461264856912,0.0005879450850886,0.0006190717053898,0.000582203174972756,Irish sovereign debt crisis
2012-06-25,0.0007959871026811,0.00046670655490724505,0.0006172893126084113,0.00049473625,0.0006997152627788169,0.000637721562111628,0.0006781277901923052,0.0005725602967701477,0.0006982164184959987,0.0005658165,0.0006629097073363342,0.0006243711055185973,0.0005756273891504,0.0006219572219534,0.0005999992473344987,Irish sovereign debt crisis
2012-06-26,0.0008655180374289,0.00045815959572219995,0.0005982881379799013,0.00049473625,0.0006470195179407928,0.0005913161323099878,0.0006028371222670572,0.0005469751385855289,0.0006810552536781664,0.000552934,0.0006382436532396194,0.0005865203681218379,0.0005292750677699,0.0005934925359945,0.0005578977179458689,Irish sovereign debt crisis
2012-06-27,0.0007748661952643,0.0005608816308910862,0.0006875183378014157,0.00045727228,0.000554037244577975,0.0006055471124884574,0.0005490655111111906,0.0005758384488090787,0.0006854315409024067,0.0005031524,0.0006521524582828684,0.0005206747034268,0.0005560821866565,0.0006854086550827,0.00053837844504165,Irish sovereign debt crisis
2012-06-28,0.0007716223015196,0.00045936721888271975,0.0006654487838760376,0.0004333035,0.0005206854106420063,0.0005619487983160282,0.0005169655797757726,0.0004931595500730109,0.0006512076697864587,0.0004802579,0.0006130804545553064,0.00048082116913803375,0.0005106104844852,0.0006446430896518,0.0004957158268116169,Irish sovereign debt crisis
2012-06-29,0.0003464757100013,0.0014580561987374604,0.0009046311603322108,0.0012013095,0.0008614099943014875,0.0007800136891025189,0.0009026005890807254,0.00098310056028872,0.0006976434816707473,0.00090953725,0.000671857031514321,0.000419345239002325,0.000727455329184,0.0008848952677413,0.0005734002840931626,Irish sovereign debt crisis
2012-07-02,0.0003303199086254,0.0009879303555712013,0.0008624272021695474,0.0010431238,0.0007338970768399524,0.0007180921990942216,0.0007742499282829814,0.0007962674941745452,0.0006396643350130668,0.00079239276,0.0006066253625390226,0.0003894545321177311,0.000669534234294,0.0008174625484182,0.0005294943832058655,Irish sovereign debt crisis
2012-07-03,0.0002742690085633,0.0010053788227560442,0.0008544680006840763,0.0010077814,0.0006624983661557663,0.0006862444417032133,0.0006311630758452528,0.0007846308386932143,0.0006206091538262415,0.0007674968,0.00058962408722288,0.00037227554281490645,0.0006417690531379,0.0008193139009224,0.0005070222979764033,Irish sovereign debt crisis
2012-07-04,0.0001935675983431,0.0009013272336779344,0.000801452267395978,0.00070110505,0.000620343835833259,0.0006636505455421343,0.0005976638463415242,0.0006738341706346093,0.000591320387570375,0.0005614213,0.0005585643408296181,0.00036354626842532555,0.0006187448818498,0.000771684377083,0.0004911455751375627,Irish sovereign debt crisis
2012-07-05,0.0003305013483553,0.0008555758128497214,0.0007318043021647044,0.00076058443,0.0006024453265526327,0.0006162867540573021,0.0006263392993268674,0.0005280279772766258,0.0005599348040556628,0.00047888447,0.0005143582272502137,0.00035680727316389553,0.0005685954419932,0.0006781441811666,0.00046270135757854776,Irish sovereign debt crisis
2012-07-06,0.0002393561578934,0.0005431552937664125,0.0005494945418006971,0.00045609594,0.0006150990432369142,0.0006742512212098771,0.000609971911117741,0.0004734443054455297,0.000531650416995394,0.0005483509,0.0005063352979465674,0.00039348512937025914,0.0006121445041279,0.000546841626673,0.0005028148167490796,Irish sovereign debt crisis
2012-07-09,0.0004044778677336,0.00045267860212651155,0.0005407843204536985,0.0004429453,0.0005654886500171822,0.0006320388116723674,0.0005466778798258696,0.0004394097853443662,0.0005282067427180655,0.00047077716,0.0004823392878355363,0.0004006317192382919,0.000560729802574,0.0005057875285689,0.00048068076090614597,Irish sovereign debt crisis
2012-07-10,0.0003886265575766,0.00044613977696670215,0.0005279345742712844,0.00042352447,0.0005065324991367667,0.0005768968126940671,0.0004814687011200982,0.00043605268755535627,0.0005161695568597628,0.00044664534,0.0004842876079584226,0.0004010677364100184,0.0005205794168875,0.0005194814133028,0.0004608235766487592,Irish sovereign debt crisis
2012-07-11,0.0003869830646088,0.00044667964473469376,0.0004940420056884333,0.00051390886,0.0005983000566018001,0.0005394726941864508,0.0006756468388859266,0.00039447347619833977,0.0005152713183011436,0.0004400077,0.00047698035469328305,0.00039475092054574854,0.0004778533592052,0.0004804038028055,0.0004363021398754743,Irish sovereign debt crisis
2012-07-12,0.0002916138393047,0.0005183427687611592,0.0005708523305456528,0.00045609594,0.0005181113285473512,0.0005641479417356805,0.0005157966008520294,0.0005184903050768301,0.000606247819576455,0.00058690016,0.0005693707845452098,0.00044912254826929643,0.0005145562934752,0.000568018902597,0.0004818394208722482,Irish sovereign debt crisis
2012-07-13,0.0003130165285309,0.00044377805983169806,0.0005516817768744704,0.0004091752,0.00047820983181659304,0.0005542179745677891,0.00045056696113863267,0.00043617366669518494,0.0005349730176799167,0.0004375326,0.0005061329721647701,0.0004636173089405932,0.0005017513857147,0.0005520193222899,0.0004826843473276466,Irish sovereign debt crisis
2012-07-16,0.0006882857985253,0.000560529347664614,0.0006351944700108113,0.00050975254,0.0005256967771186212,0.0005744342609328383,0.0005220520723325777,0.0004275267193864992,0.0005675921769807776,0.00038732012,0.0005345297804510623,0.0004468551811909341,0.0005278017489082,0.0006289373835424,0.0004873284650495671,Irish sovereign debt crisis
2012-07-17,0.0010634134245058,0.00047846119552744185,0.0005406620266384149,0.00048548012,0.0005042021738726973,0.0005396854457001384,0.0005112206941037743,0.0004522777786961391,0.0005094175055803199,0.00047672325,0.00047531923334840265,0.000407572605595264,0.0004893127950343,0.0005192009287612,0.00044844270031478204,Irish sovereign debt crisis
2012-07-18,0.0010717550989607,0.0004727474807744925,0.0005380843297654507,0.00048649093,0.00046798834559578953,0.0005083012167494917,0.0004693555626851911,0.0004476273218315385,0.0005189626450113006,0.00047077716,0.0004707677189224052,0.00039524321355039794,0.0004500771851515,0.0004936814564794,0.000422660199350949,Irish sovereign debt crisis
2012-07-19,0.0013777585884628,0.0004470463921655614,0.0005167169352330762,0.00042352447,0.0004201551189977974,0.00047251699866971363,0.0004218132319090824,0.00041781487552153284,0.00045276270317912756,0.00040140026,0.00043347935196722513,0.0003714137463912193,0.0004289454179473,0.0005106345081266,0.00040017958216925965,Irish sovereign debt crisis
2012-07-20,0.0013432910498788,0.0004492299237122189,0.000543607475610663,0.00038303685,0.00043073482380589703,0.0004941482607303007,0.0003936735458463104,0.00044906764432925997,0.0005239214083079586,0.00040509438,0.0005006646425879828,0.0004267890804194699,0.0004504429142071,0.0005401736171538,0.00043861599731328496,Irish sovereign debt crisis
2012-07-23,0.0010484287193964,0.0008602349982735973,0.0007393280391524736,0.0006457564,0.0007595209673347603,0.0007446776820304327,0.000791175038404207,0.0006881732307173968,0.0007911181185757146,0.0007021412,0.0007415808445811847,0.0006114326465441654,0.0006886204465885,0.000727146232555,0.0006500265465663327,Irish sovereign debt crisis
2012-07-24,0.0007362845517199,0.0012998025071394431,0.0008784599313611507,0.0011440092,0.000965990233909368,0.0008869539379726957,0.0009942703986436025,0.0009987696746259918,0.001009696997816091,0.0011727585,0.0009235950611794297,0.0009416391757996277,0.0008257434308809,0.0008489239747273,0.0008836913033402637,Irish sovereign debt crisis
2012-07-25,0.0007945624563195,0.0009510456992941945,0.0008647865345188982,0.00089804456,0.0008281228692690164,0.0008159600733340773,0.0008348727610494667,0.0008631229071072876,0.0009916769468241225,0.0009368827,0.0008784529242899378,0.001013060645341957,0.0007606512583888,0.0008064271405737,0.0008868559518653786,Irish sovereign debt crisis
2012-07-26,0.000447414262391,0.0014209417751660128,0.000987728364858451,0.0013699206,0.000989385914379339,0.0009002358045649681,0.0010154077729142533,0.0010239411324502797,0.0010602074870802686,0.001106722,0.0009513927368119551,0.0009282196042864716,0.0008432980598569,0.0009456841374645,0.0008857588320716858,Irish sovereign debt crisis
2012-07-27,0.0004691188767637,0.0010233031453789135,0.0009571050708729,0.0011696334,0.0008624152627635952,0.0008454795320053027,0.0008852290065596261,0.0008991328712121932,0.0009575346315748757,0.00097607175,0.0008632300618491861,0.000803237849903655,0.0007936666182975,0.0009028765733389,0.0007984522341005775,calm
2012-07-30,0.0003228535807582,0.0014326484670721484,0.0009679374179851202,0.001264783,0.0009789929305423996,0.0008847519025369857,0.0010203068374861053,0.001006648130199501,0.0008193034307301751,0.0010683783,0.0007635217592372951,0.000732526173616424,0.0008272460423836,0.0009323244599073,0.000779886108000012,calm
2012-07-31,0.0003127531155646,0.0009151896126436442,0.0007975139187030456,0.00088721176,0.0008501977367264503,0.0008586220286840884,0.0009022235827470011,0.0007660392435007191,0.0006676896675657017,0.00084350933,0.000637673276445004,0.0007310419304042534,0.0007948676470076,0.0007679068669014,0.0007629547887059267,calm
2012-08-01,0.0002624626629627,0.000970417341074024,0.0008195730551182139,0.00089906773,0.0008314029980555215,0.0008234510716258452,0.0008678832366323851,0.0009112546047694615,0.0007093018970041799,0.0008890883,0.0006754382084003043,0.0008086925131745779,0.0007646134720608,0.0007869625301427,0.0007866529926176889,calm
2012-08-02,0.0003492001485173,0.000507282677618518,0.000720924315827816,0.00050205825,0.0007504415514017319,0.0007674476269683433,0.0007956776067478705,0.0005759063133714015,0.0006773132033637704,0.00050875475,0.0006329543454009996,0.000733122139947344,0.0006986255837051,0.0006822960602718,0.000715873861826222,calm
2012-08-03,0.0002788899969679,0.0005111563194089228,0.0007301757938044081,0.0004870085,0.0006612066880601271,0.0007297926919026757,0.0006577956242815506,0.0005837563954000125,0.0006670079601028407,0.00047816068,0.000636750755943157,0.0006640932523160829,0.0006719181889864,0.0007153244707183,0.0006680057206512414,calm
2012-08-06,0.0002045677157609,0.000554626174470971,0.0006998099010067902,0.0005475741,0.0006263365957234646,0.0007143065294511657,0.0005821433252790677,0.0006371649698568427,0.0006742798161944351,0.00061260164,0.0006437681229802945,0.0006328186971769938,0.0006532656626698,0.000695184518878,0.0006430421799233968,calm
2012-08-07,0.0002424183977946,0.00046954592854570813,0.0006753528951841843,0.0004265357,0.00059958181208136,0.0006926836770201187,0.000579372751994185,0.000516564675839325,0.0006657717309676855,0.0004796107,0.0006351521115542672,0.0006589880160703868,0.000632190054304,0.0006682438814514,0.0006455890351871935,calm
2012-08-08,0.0002699260582139,0.00046345686537553057,0.0006562151507650399,0.0004246168,0.0005621133979435352,0.0006427317049143407,0.0005358057767336874,0.0004919363093377792,0.0006113277025414072,0.00040971354,0.0005837301918593374,0.0006654991237596648,0.0005833675756088,0.0006454953545249,0.0006244333496842324,calm
2012-08-09,0.0001833234183349,0.0005274047271436776,0.000704853494388911,0.00050799194,0.0005389428178868355,0.0006187885484180914,0.0004985396854016502,0.0005371761605879862,0.0006238838983921197,0.000524229,0.000599796992572993,0.0006346142284799682,0.0005685009392082,0.0006975837040965,0.0006015575838440841,calm
2012-08-10,0.0002794745082384,0.0005344040960851125,0.0006780724072404205,0.00060171884,0.0005158017383201615,0.0005764518347787041,0.0004887629278953681,0.0005582998150269243,0.0006259216190301964,0.00055189064,0.0005965963462611253,0.000623979828321257,0.0005256845157858,0.0006656089829001,0.0005748321720535285,calm
2012-08-13,0.0003096230134597,0.0004588664551993751,0.0006217583889295021,0.00046931236,0.0005362328362502083,0.0005512267799098317,0.0005282765519436042,0.00047909455714406835,0.0006333641022963588,0.00048609008,0.0006021228461789373,0.0006302480772881891,0.0004988829552706,0.0006191780733342,0.0005645655162793946,calm
2012-08-14,0.0003334395058998,0.0004548928378390692,0.0006452979260137714,0.0003822971,0.00048609478440354793,0.0005617411708645984,0.0004419635542148656,0.0005366888304948978,0.0006569584060511753,0.00041549225,0.0006315819755178476,0.0006912755766162522,0.0005121712813557,0.0006469815398388,0.000601723428985976,calm
2012-08-15,0.0004385961739277,0.00045057286581966574,0.0006359652875840879,0.0004246168,0.00047809130526536755,0.0005447096702604818,0.0004622871710857133,0.0006168056156374553,0.0006715719312949219,0.0005440403,0.0006406481029778832,0.0007305786455548018,0.0004968530644289,0.0006306555662724,0.0006137158549918509,calm
2012-08-16,0.0004478343735593,0.00044991927242936044,0.0005903740213243716,0.00051523437,0.0005843484741068363,0.0005136696673163477,0.0006134457917317095,0.0006129596973831991,0.0006693236117121205,0.00063467876,0.0006261480440617767,0.0007037892019992765,0.0004587760650566,0.0005760693911065,0.0005812826335279382,calm
2012-08-17,0.0003569643018366,0.0004846411004589065,0.000660145628814422,0.0004429559,0.00045768030672025257,0.0005081524572017266,0.00047343381186030554,0.000620573166968981,0.0006853930276313348,0.0005295376,0.0006528251231448127,0.0006969565040545416,0.0004659721286681,0.0006596506851239,0.0005814643163613208,calm
2012-08-20,0.0003264742346053,0.00046954592854570813,0.0006745672513512404,0.0004265357,0.0004410515385785898,0.0005019528777426173,0.00042655365258441124,0.0006348279882000964,0.000721314900303645,0.0005440403,0.0006866031337162483,0.0007120626545851635,0.0004611044232665,0.00066735160523,0.0005865835389258318,calm
2012-08-21,0.00021646268504,0.0005400914909813747,0.0006880537369873865,0.00046381197,0.00047470382870312363,0.0005117245244752865,0.0004837510124656588,0.0005814633838545412,0.0006538856651238499,0.0004905856,0.0006268174280667065,0.0006671611743112047,0.0004714071067602,0.0006839136488448,0.0005692841405357023,calm
2012-08-22,6.79033870454461e-05,0.0005555042741436354,0.0006455739487642645,0.0005056607,0.0005100911639941984,0.0005582347530429484,0.000505853868469622,0.0005702443138009115,0.0006383569111896493,0.00059920875,0.0006107583922651715,0.0007274185750930844,0.000514165731638,0.0006368696163078,0.0006207921533655423,calm
2012-08-23,0.0001024924856999,0.0004850105640779314,0.0005686957352152408,0.00047779258,0.00047631282611647157,0.0005259767253212018,0.0004693927878932285,0.0005033420553844508,0.0005651845008661306,0.0004800876,0.0005294977654526224,0.0007287964204856844,0.0004804567852218,0.0005471083868522,0.0006046266028537422,calm
2012-08-24,0.000172831891479,0.00046439300734911064,0.0005485257054134251,0.00042543843,0.0004459462669459534,0.0005005316224666133,0.00042353923829125366,0.0005075600339293152,0.0005857998076735284,0.0004855475,0.0005489335363109834,0.0007513985840981924,0.0004559277061745,0.0005349922519898,0.0006036631451363462,calm
2012-08-27,0.0001576401714347,0.000451703545566636,0.00047108969210458464,0.00042272708,0.00042547305892406614,0.000472007401668158,0.0004263922612430791,0.0004726958220483904,0.00047368955128430777,0.00047658413,0.0004518384098047224,0.0006583007625792026,0.0004270669628048,0.0004612749756334,0.0005426838626920014,calm
2012-08-28,0.0001691172631229,0.00043661866985423713,0.0004254349768964507,0.00041173017,0.00040769755605462834,0.00044977459197721156,0.00039082567840970924,0.0004910622449191471,0.0004730795967975774,0.00047853115,0.0004502530353921204,0.0006173858143062124,0.0004010208174712,0.0004188152187747,0.0005092033158887062,calm
2012-08-29,0.000200953957106,0.0004023142427271621,0.0003013938838169367,0.00046367315,0.0005240372721006367,0.00044147105077085337,0.0005203074623473371,0.00041747720973578546,0.00036481235888491517,0.0004925113,0.0003509746650425854,0.0005305518101707237,0.0003708281129368,0.000299755786995,0.00045068996155376185,calm
2012-08-30,0.0004299059755367,0.0003929176014467393,0.00032182319126620253,0.00040222853,0.0004929620786190484,0.000424346362314904,0.00047588058490618645,0.0004252890786909667,0.0003743509330589308,0.00046838843,0.00036787445865107114,0.000531037545823575,0.0003699730783225,0.0003293220609082,0.00045050531207303747,calm
2012-08-31,0.0004542147047941,0.0004047912183748041,0.0003596593699912395,0.00041074812,0.0004884031707114367,0.00042436200890694654,0.0004635820489580889,0.00040627391351532514,0.0003645077744158374,0.00042533275,0.00035779973383147774,0.0005002639304529952,0.0003768622185068,0.0003639976479599,0.0004385630744798976,calm
2012-09-03,0.0004448128346271,0.00041043909695416005,0.0003546394865684775,0.00044806278,0.0004707759695832708,0.0003978025899305718,0.0004491022210138492,0.00040815665525768217,0.0003687493193896218,0.00045824345,0.0003575030945365636,0.00047925662445959596,0.0003500144491837,0.0003525715770448,0.000414635536821648,calm
2012-09-04,0.0004412084618384,0.0003932437698210182,0.00034585965692920365,0.00040678398,0.0004636543340607644,0.0003824396045441729,0.0004347121282029084,0.0004091548472714607,0.0003635999036279217,0.00045383952,0.0003557965383563028,0.00046575320908718177,0.00033796668609,0.0003455771198279,0.0004018599475885909,calm
2012-09-05,0.0004089816681238,0.0003913497311613327,0.00034230054219756145,0.00039478706,0.0003927361469784231,0.0003637967700103488,0.0003787633575691053,0.00039627765215016026,0.00034406424226987646,0.0004276699,0.0003378755686744458,0.00043423549758639536,0.0003232909214144,0.0003412835491698,0.00037876320950039767,calm
2012-09-06,0.0001480482000817,0.0005908556414584977,0.0004479315074916651,0.00051359134,0.00042906167440673294,0.00045490069140856874,0.0004423097640566405,0.0004632253875732047,0.00037530153175491346,0.0004031166,0.00036980077843631263,0.00040325461706741775,0.0004145697530056,0.0004442273444716,0.0004089121850365089,calm
2012-09-07,0.0001850431107624,0.0005104678142060615,0.00047620059567065866,0.00054324704,0.00043423293194582466,0.0004682610459256698,0.0004711790084984914,0.0004390536579016331,0.0003972983086095029,0.00041321258,0.0003881698527468526,0.0003892599994368772,0.0004276054440589,0.000467715877962,0.0004084327217478886,calm
2012-09-10,0.0002278641014536,0.0004774582785794805,0.0004510054592986827,0.0005055589,0.0004189066236269643,0.0004418619385948945,0.0004142829361325948,0.00042733305002144403,0.0003912005163075762,0.00042139622,0.0003699161698455823,0.0003558677545267764,0.0003937862321738,0.000417461800426,0.0003748269933502882,calm
2012-09-11,0.0002273315953182,0.00047166194069976234,0.00045232538657312546,0.00047523002,0.00037544305464705955,0.00041276114209547974,0.0003662182526744924,0.00043243774766626325,0.0003862749540512717,0.0004073149,0.0003763471856548749,0.0003639353204984473,0.0003755229427738,0.0004370102426441,0.0003697291316361236,calm
2012-09-12,0.0002447505991208,0.0004627611894157697,0.00043831263317006277,0.0004986342,0.00036001737904956807,0.00039129244790321827,0.0003566289746355266,0.0004257483915684541,0.00038525607618903533,0.00042139622,0.00036318937556984484,0.00034735206657559014,0.0003467417815747,0.000403932473862,0.00034704692407514507,calm
2012-09-13,0.0003881870988887,0.0004065913474799966,0.0003486090175104531,0.0004251525,0.0004459362901982146,0.0003682349538172763,0.00041368613440105823,0.0003959773569219546,0.00034582305505489753,0.00044776913,0.0003360341688089881,0.0003287863614422732,0.0003241957245604,0.0003484627504482,0.0003264910430013366,calm
2012-09-14,0.0002731637371707,0.0004984510073193921,0.0003866520925697508,0.0005777521,0.00048498917067162957,0.00040477231980458756,0.0005152936204775272,0.0003805565570922488,0.00036593046221096464,0.0003801407,0.0003570940394230035,0.00031350607534215387,0.0003618644852237,0.0003923436494411,0.00033768528028292697,calm
2012-09-17,0.0002498951169181,0.000437683585421769,0.0004100628264617334,0.00042415055,0.0003545477481789582,0.00040168345712649606,0.0003555860487995766,0.00042571278739046513,0.00040758006852734363,0.00046107353,0.0003929378261618241,0.0003485085994247605,0.0003604130543267,0.000408391945559,0.00035446082687573023,calm
2012-09-18,0.0002616649641653,0.0004311568681399211,0.000389294156834755,0.000409829,0.00034095212647814333,0.00038627109452284467,0.00034040703659303316,0.0004248482184157523,0.0003867132079631841,0.00045031717,0.0003728878109000479,0.0003586772005880908,0.0003450279902346,0.0003844432097387,0.0003518525954113454,calm
2012-09-19,0.0004077040183686,0.0004141273880615746,0.00038627559749619125,0.00038414967,0.00032062212353013106,0.0003618671981712598,0.0003196663708718923,0.0004070032307080684,0.00037535530850802876,0.0004281772,0.0003602133394226292,0.0003552594908701154,0.0003240057743559,0.0003805143135747,0.00033963263261300774,calm
2012-09-20,0.0002517479086982,0.0005258439372682876,0.00043000241875655945,0.0004962569,0.0003677189741348179,0.00039924648240081587,0.00038479472999493846,0.0004451075459708773,0.00038585802354321934,0.000458302,0.0003734892134052037,0.0003321947211625523,0.0003634642073132,0.0004256756920446,0.00034782946423787613,calm
2012-09-21,0.0002169535803751,0.00039176189479889683,0.00037749006910974724,0.000348759,0.000340793767152065,0.0003884895086470374,0.0003420908425513461,0.0002955401416868137,0.0003594895587625933,0.00027453247,0.0003447568262330587,0.0003189903071946974,0.0003486524633942,0.0003731216423259,0.0003338213852944487,calm
2012-09-24,0.0001973202796415,0.00039338230429424573,0.0003731412527062039,0.000348759,0.0003307137662081949,0.0003754605908331567,0.00032939894450500194,0.000301364059513743,0.00035916355093486876,0.0002682402,0.0003448383322643362,0.0003401959481273346,0.0003357171229273,0.0003676861483659,0.0003379565355273173,calm
2012-09-25,0.0002062339422312,0.00039416020763104523,0.00037817545745327124,0.000348759,0.00032299116484508974,0.00036707061371106156,0.00032307313147933664,0.0003013756357632177,0.0003654709640704221,0.00025418206,0.00035121872741817993,0.00037366544316088854,0.0003292699749186,0.0003734264452252,0.0003514677090397443,calm
2012-09-26,5.4859678406309656e-05,0.0005312841276184966,0.000444497585695721,0.0005135982,0.0004052123358876905,0.00043131159519847593,0.0004155881019142733,0.000515866226479294,0.00045265395924793913,0.0005808497,0.0004336184635950136,0.00046307218770847233,0.0003928975684685,0.0004394936611374,0.00042798487808848616,calm
2012-09-27,6.114831428430326e-05,0.0004375779185238734,0.0004034394536022225,0.00044825894,0.00038376252399744066,0.0004090813239252166,0.0003898380813998993,0.0004360709760927785,0.0004374178781515796,0.00041442062,0.000406340908395145,0.00046832476448189115,0.0003622953166027,0.0003874067031755,0.00041531004054229555,calm
2012-09-28,0.0001834917999894,0.0004370617950549986,0.0003934736701496226,0.0004385709,0.0003566794853313327,0.00037762752198377473,0.00036175160522301634,0.0004352911897710165,0.0004336127874419464,0.00041460484,0.00040510662051172243,0.0004623747704894681,0.0003349767843859,0.0003832415034909,0.00039867577743768403,calm
2012-10-01,0.0003437499843109,0.0004257584979466371,0.00037611500492722204,0.0004776208,0.00038336187133124807,0.000357625300581473,0.00038693730958337755,0.00034900851637777565,0.0004126413745539108,0.0003497154,0.00037943381350578426,0.00041339284747317145,0.000310046354732,0.0003557902785212,0.0003617196011025857,calm
2012-10-02,0.0003899354441098,0.0004068214283364856,0.0003693479467027246,0.0004056071,0.00033974429005111117,0.0003359719496066609,0.0003434718484626586,0.0003113816632294806,0.00037276041014531694,0.0003001539,0.00035722792947518,0.0003708551796772502,0.0003003292126465,0.0003685683061945,0.0003355921961618751,calm
2012-10-03,0.0004424953702975,0.0004033280208472669,0.0002898802218483524,0.00044766726,0.0004158741917081825,0.0003302875274152114,0.00040180644433131165,0.0003057085514485167,0.00032082852096805765,0.0002849991,0.0003122343462655162,0.0003523151609201698,0.0002816582302374,0.0002992430076446,0.0003169866955787849,calm
2012-10-04,0.0004424988535695,0.00039396888081239586,0.00029317245026642974,0.00044754177,0.00038617827160105495,0.00031367590302635456,0.00036784447295136187,0.00030654014720986875,0.00033008264047794774,0.00030432985,0.0003192493409583422,0.000347426210109228,0.0002679095921797,0.0003001867650447,0.00030766790114446403,calm
2012-10-05,0.0003256987311294,0.0004734711769536793,0.00037900711417143625,0.0005356859,0.0004080630611883945,0.0003337777406807486,0.0004276235322622929,0.00032606668562857385,0.000354992071336838,0.00030589034,0.00034540231906308885,0.00032688212530033556,0.0002990343362602,0.0003839697484814,0.0003129582307802678,calm
2012-10-08,0.0001661955623728,0.0004664269761327884,0.0003983308337654263,0.00037762418,0.00036756203190510973,0.00040192906762484884,0.0003831820027279834,0.0004471880045838392,0.00039182636025271493,0.0005267368,0.0003809279134426091,0.0003575793247514536,0.0003639427922122,0.0003959463503879,0.00036076105848182683,calm
2012-10-09,0.0001470958756247,0.00041995670839024824,0.00039960051345659024,0.00037731064,0.00037333203463644815,0.00042393914744901824,0.0003580096429230557,0.0004643156240817287,0.00041473645192923825,0.00039745698,0.0003993243312996619,0.0004185146253833801,0.0003839277877441,0.0003931563783187,0.00040122120656374007,calm
2012-10-10,8.27922108549662e-05,0.000444930770935133,0.0004251063531703297,0.00041121335,0.00038755107411785257,0.00043097756064141885,0.0003800421161671331,0.000502329774016327,0.0004625507412037229,0.00044809596,0.0004409470956262778,0.0005237289289018036,0.000391853496838,0.0004155090418133,0.00045779121286990175,calm
2012-10-11,8.554638577504965e-05,0.00043511800220919937,0.00042181996248593143,0.00041109807,0.00036713265015419426,0.0004062208265938288,0.00033550755903121273,0.0004947926645534144,0.00045783445725709575,0.0004402419,0.00043029660787733743,0.0005460577026190612,0.0003675981862472,0.0004041410529131,0.0004568279444331306,calm
2012-10-12,0.000124387450451,0.0004182847806262095,0.00040086812511361085,0.00036615462,0.00033899165670793794,0.0003796799798001863,0.0003318419548100486,0.0004869428405857163,0.00045125026478025435,0.0004398239,0.0004245743171771786,0.0005405855485337487,0.0003413869468121,0.0003886298643953,0.00044098624767292436,calm
2012-10-15,0.0001245638402211,0.00039325155716194,0.0003510214607291053,0.00042786426,0.00043967651371043927,0.0003622519386379817,0.0004330873731192732,0.00043768893841327166,0.00039702736208356045,0.0004899193,0.0003758653022395002,0.000481545295230083,0.0003156796563805,0.0003406245772996,0.0003986124758052915,calm
2012-10-16,0.0002564331512126,0.0003906042321530651,0.0003261970072693544,0.00041381095,0.0004297738949464528,0.0003584144217911027,0.0004071314191493072,0.00039404774685317204,0.0003399624696451695,0.00044938145,0.00033477363219753875,0.00042444031057836294,0.0003165240802042,0.0003308056103099,0.0003704821953912815,calm
2012-10-17,0.0002934102723107,0.0003669986892279202,0.0002843944300210727,0.00040913,0.000414724880599218,0.00034727319581745746,0.00039779135339444206,0.00037253825660582454,0.00030968551373231247,0.00042899183,0.0002996630481677594,0.0003807635338467257,0.0002932195316124,0.000280603286943,0.00033699153272956286,calm
2012-10-18,0.0003614294052162,0.0003687722530374781,0.00028542881765511403,0.00038461667,0.00037946369807414956,0.00032509863979778827,0.00035736883292403215,0.00037613998075689047,0.0003078481983455884,0.00042261122,0.0003032219695213168,0.00036940582782391554,0.0002800612302195,0.0002897444571312,0.00032473352902170774,calm
2012-10-19,0.0003140961477966,0.0003892736391691212,0.00031226230588880365,0.00038129216,0.00039188660564305354,0.00032885796213315407,0.0003716032203270094,0.00039447473863898447,0.00033844098440917805,0.0004145886,0.00033415745459107834,0.0003882805604845629,0.0002889027031141,0.0003175291571746,0.00033859163179933145,calm
2012-10-22,0.0003334666817909,0.0003510080203777922,0.0002788370009919029,0.0003666526,0.0003548357857301344,0.00031438921883870604,0.00036234882787499357,0.00037320175220652746,0.00030686923124488016,0.0004211407,0.00029803088033991394,0.0003626534528379256,0.0002699449726308,0.0002735429505079,0.0003162992127343628,calm
2012-10-23,0.0002178914911474,0.0004636503436410463,0.00035761941869227187,0.00035809347,0.00036169188142261543,0.0003968128989503621,0.00037692309050904853,0.0004940247285283613,0.00040055362412458903,0.00052760553,0.0003944775965562068,0.00041791197414857184,0.0003560383777698,0.0003596228379459,0.00038697517595918593,calm
2012-10-24,0.0001865405727724,0.0003914419648713624,0.0003703117018839139,0.000348759,0.0003339538856764113,0.00038035757334788957,0.0003333001045098187,0.00046052979775707865,0.00039506277002071674,0.00042945435,0.0003821469906143902,0.00041942346731902705,0.0003416616833205,0.0003650525674585,0.0003805425753197635,calm
2012-10-25,0.0002148343435459,0.0004170162539719469,0.00039700295665333373,0.00037731064,0.0003304064153143064,0.00038137450000318043,0.00032076674395762516,0.00045713979892440224,0.0003980061430160729,0.00041596126,0.0003856496427034207,0.00039763069205830183,0.0003455265804852,0.000391339080438,0.0003715786362717509,calm
2012-10-26,0.0003019596130984,0.00036798032777958235,0.00034581309336423127,0.0003436868,0.0003309376806488336,0.00036316999272530066,0.0003301566714071056,0.00039094460254220445,0.0003443375578662438,0.00041230328,0.00032651128019494004,0.0003531343589010257,0.0003194748858792,0.0003255513158844,0.00033630462239011286,calm
2012-10-29,0.0004307852386852,0.00037762359426953034,0.0003555330894157343,0.00032599096,0.0003035463973560382,0.00034450795977578736,0.00030063059643808086,0.0004157560976108686,0.0003577667431328223,0.00041931003,0.0003466110255591291,0.00035811719510545574,0.000309700142808,0.0003469611018533,0.00033390866895672785,calm
2012-10-30,0.0003740523964113,0.0003876476963527763,0.0003470726954584772,0.0003353554,0.00030689810785483124,0.0003558550718292177,0.00028915532932034045,0.0003844701690737801,0.00032363304388310015,0.00034781024,0.0003204402820546539,0.0003481034028428703,0.0003179550405383,0.0003480710562708,0.00033302922169058515,calm
2012-10-31,0.0005794814351255,0.0003930010402883739,0.0003379614868631913,0.00042760035,0.0004138954997274215,0.00033997025077847783,0.0004160670620217918,0.00039227890499088434,0.0003360005052012263,0.00042884127,0.00032785194839050577,0.00035705416991902204,0.0002998203567706,0.0003325984221834,0.000328437263344811,calm
2012-11-01,0.0005610995693891,0.00038963775732800957,0.00036285524498797656,0.0003072133,0.00030959258828918253,0.0003570016663321068,0.00028595693833590515,0.0003902822423862492,0.0003453890606707299,0.00034167423,0.00034093363833567964,0.0003375949103008188,0.0003197063042489,0.0003650298996888,0.0003286506072748594,calm
2012-11-02,0.0004749660926693,0.0004198380655945876,0.0004036879292034091,0.00037113452,0.0003159036964671158,0.0003642371590965366,0.0003091494442468427,0.0004041463971221209,0.00036573254321629477,0.00037209442,0.00035897818433054527,0.0003266196507423046,0.000329547205666,0.0004008086028958,0.0003280834282041523,calm
2012-11-05,0.0003876920140635,0.0005293693429479679,0.0004652631635986672,0.00050114555,0.00036472081111701363,0.00039897178787967554,0.00038438024378263696,0.0004386512301329269,0.0003836371835809309,0.0004031166,0.0003765693125705431,0.00032193861273498327,0.0003650182885785,0.0004588340708035,0.00034347845065674167,calm
2012-11-06,0.0004125093688348,0.00046225364741579473,0.00042916747497120716,0.00046289994,0.00033657874926858156,0.000380068586221926,0.00033656390482909924,0.0004209630180032677,0.0003651220863204702,0.00039979568,0.0003563431706900768,0.0003104482973266431,0.0003448103510663,0.0004181581617027,0.0003276293241964715,calm
2012-11-07,0.0005226649017345,0.0005913034075503899,0.00047885351794824663,0.0005897869,0.0004532438278967096,0.0004699788223899728,0.00046441781853787226,0.0004912634545559905,0.0004344996759375743,0.0005718807,0.0004237316134242765,0.00037030875807889227,0.0004309813270815,0.0004690348215517,0.00040064504258019613,calm
2012-11-08,0.0005757178846815,0.0005035525947164666,0.0004767035426918599,0.0004906826,0.00044112730314406506,0.00048806460319959435,0.0004241563467019123,0.0005029558244595228,0.00046599389415313656,0.0004444596,0.0004464047329047774,0.00045978077630328995,0.0004465988417118,0.000463664196956,0.000453189809007545,calm
2012-11-09,0.0006030145164916,0.000480369223960872,0.00044533580768072915,0.00051953096,0.00044444306186502063,0.00045639643709681537,0.00044503135821165096,0.0004895886038188811,0.000445058365039195,0.0005119232,0.00041451177548230327,0.00045951992220398416,0.0004108856261143,0.0004189416072086,0.00043520277415914205,calm
2012-11-12,0.0007109929824512,0.00046836908629693585,0.0004432210895825561,0.0004790756,0.0004144036605965946,0.0004569938433213708,0.0004141329686730868,0.0005146633988636435,0.0004874524791808678,0.0004800876,0.00046151085778220577,0.0005142542049714389,0.0004147882717499,0.0004350507420593,0.0004645212383606695,calm
2012-11-13,0.000696062280323,0.0004702162887690484,0.000457873284574668,0.0004790756,0.000398871173128077,0.0004391466313889947,0.0003969673602550451,0.0005089647036568319,0.000489032161272163,0.00047122492,0.000460438184975194,0.0005145612320051751,0.0003997261324177,0.0004475976506152,0.00045714368221143754,calm
2012-11-14,0.0003761313341145,0.0006816442503837017,0.0005552857935850289,0.000547431,0.0005445064965559028,0.000583868972943271,0.0005458718466202981,0.0006148492413638863,0.0006112749236051537,0.0006112914,0.0005825133771994172,0.0006759953558125233,0.0005353215862416,0.0005481821886429,0.0006056584710270617,calm
2012-11-15,0.0002425972027641,0.0005824490174313389,0.0005825760154822835,0.00057918526,0.000582865098574495,0.0006184774222644459,0.0006086182827963818,0.0006347616013390599,0.0006382456189340962,0.00063854485,0.0006052165555546773,0.0008450188758012186,0.0005680508248778,0.0005689556126072,0.0007065348503395093,calm
2012-11-16,0.0002269321910218,0.0005469613171982539,0.0005933864276128684,0.00056415104,0.0005316780560561574,0.0005864484657505856,0.0005357489089823851,0.0006815222372200917,0.0006694978196199251,0.00058678957,0.0006252359049828132,0.0009540501288844106,0.0005391491860889,0.0005701351189243,0.0007465996574866553,calm
2012-11-19,7.290394860339657e-05,0.0007544343029975215,0.0006500519593264651,0.0006393242,0.0005921892697091002,0.0006090587429445857,0.000589602388929258,0.0006938369963919832,0.0006535489643106154,0.0006091603,0.0006170948119534827,0.0008965406270371408,0.0005636577571394,0.000631583000637,0.0007300991920882703,calm
2012-11-20,4.2512536457028304e-05,0.000665173743057236,0.0006437223495657506,0.00059186603,0.000525713106526846,0.0005710693078945895,0.0005104598807356513,0.0006549549515477067,0.0006546313738342726,0.0005810234,0.0006103889863964601,0.0008061066065299915,0.000528372239513,0.0006167097135553,0.0006672394230214957,calm
2012-11-21,5.320707982986218e-05,0.0004774727582415667,0.0005738220028256456,0.00049706927,0.0005034057353737073,0.0005360921023442652,0.0005087517197574436,0.0004902073466380392,0.000558224085607332,0.0005038765,0.0005243712182117858,0.0007194160940084994,0.0004849058953732,0.0005457768206105,0.0006021609946908497,calm
2012-11-22,0.0001391541079705,0.00044624867008679324,0.0004933473605056159,0.00042352447,0.00045179549948969175,0.0004984411946507229,0.0004439275667988016,0.00042358721478551203,0.00045952917667769545,0.00040238872,0.00044092100477950117,0.0006331153556145865,0.0004471487654464,0.0004828075305499,0.0005401320605304932,calm
2012-11-23,0.0001362649335384,0.00044468814076796943,0.0004827596906471682,0.00041989167,0.00041443321987846165,0.0004618961750332831,0.00040875552605040605,0.00042076751378691287,0.000432979981798518,0.00038988542,0.0004197748498070929,0.0005730448707326656,0.0004147541511351,0.0004757756365188,0.0004938995109338828,calm
2012-11-26,0.0001206245459835,0.00044249373842169816,0.0003820639307537653,0.00049346354,0.0005225516580009932,0.00045370204757551807,0.000500292039931478,0.00042721247450942286,0.00042255844298178696,0.0004905987,0.00041259024258914816,0.0005494058782929545,0.0003933267222637,0.0003918847299732,0.00047136630027832724,calm
2012-11-27,0.00011846973686,0.00044631654152562365,0.00034629166934708084,0.0005689109,0.0005475327776639515,0.00042940289751293843,0.0007340937979419049,0.0004232249848257515,0.0004129347724669709,0.00053546345,0.00040068985677309027,0.0005321753062581973,0.000363281956829,0.0003572718965815,0.00044772863154359866,calm
2012-11-28,0.0001301100036268,0.00044199787945552757,0.00035992193744021456,0.00051273935,0.0004926625286599025,0.000394486817858872,0.00047530985308730754,0.00042189030708897216,0.0004128524297230274,0.00046733586,0.0004015740362079793,0.00049766491876,0.0003386876379767,0.0003722369807757,0.00041817627836835,calm
2012-11-29,0.000184002727545,0.0004421652478303088,0.00043220940000609603,0.0004767448,0.0004608249185672618,0.00039134134526947476,0.0004283635345903882,0.00042186082295225715,0.0004260771823766048,0.00046436544,0.00041706639141779147,0.00045347355815291606,0.0003493510252586,0.000440990405997,0.00040141229170575804,calm
2012-11-30,0.0001788915636891,0.0004438207096131389,0.00043054717419316037,0.00049346354,0.0004509889036672779,0.00037335218410044287,0.0004206653965876844,0.00042780752578535123,0.0004463424664122764,0.0004882276,0.0004305021287503959,0.0004557188387063851,0.0003307247135738,0.0004306154331741,0.00039322177614009254,calm
2012-12-03,0.0001933946538845,0.00043366530715419836,0.0004010011821367017,0.0005137432,0.0004282619436009608,0.00035537951504541876,0.0004151357568928199,0.0004201585107406479,0.00041658370074047746,0.00050776504,0.0003966465485607616,0.00040909279036262133,0.0003069878537557,0.0003892916580066,0.00035804032205916065,calm
2012-12-04,0.0002302423037317,0.0004379023310914087,0.00038487516708112695,0.0005137432,0.0004143450198400299,0.00032884015925722145,0.0004176218080768138,0.0004241903902956335,0.00040254249695844687,0.00051907415,0.0003885064865592301,0.00037628664949237685,0.0002871564211694,0.0003810261943931,0.00033172153533088844,calm
2012-12-05,0.0002220218139895,0.0004363070617403407,0.00036868239385833414,0.00049846864,0.0003796850971499173,0.00030988089344092444,0.00035452399459911507,0.0004176398848425489,0.0003742875033568475,0.00047711167,0.0003673570255134799,0.0003440261567663004,0.0002741083194118,0.0003721406741597,0.0003090672380890502,calm
2012-12-06,9.133621616253546e-05,0.0004926562592866108,0.0004181319671822284,0.0005683058,0.0004260689738821444,0.0003492845944562097,0.00044733232221308357,0.0004322653940909978,0.00039916684880653055,0.00045564922,0.0003934921640264307,0.0003232179388614332,0.0003141387241541,0.0004243211798425,0.00031867833150776663,calm
2012-12-07,8.648027661592661e-05,0.00043291657629125933,0.0003732685790790974,0.000496982,0.00041100009545038784,0.0003298922907429512,0.00041085088400014385,0.00041121841750735717,0.00035523059022339555,0.0004725796,0.0003444287928970777,0.0002994765308459592,0.0002918447092075,0.0003673037336873,0.0002956606200267296,calm
2012-12-10,9.13673324173469e-05,0.00040673552703296954,0.000363397146703285,0.0004251525,0.00037154310705651264,0.0003162881452173198,0.0003685517838458808,0.00039938904280618014,0.0003532969999938871,0.00043188746,0.00034335629971776386,0.00030043150711824777,0.0002814799305048,0.0003602328705858,0.0002909557188115239,calm
2012-12-11,8.899918860776257e-05,0.0004161725071563494,0.0003837556449587683,0.00038414967,0.0002692727718772305,0.0003056780491107902,0.00027114115194418843,0.0003982146482303987,0.00035366222805472325,0.00038884347,0.00034494311023820605,0.00030941652869568247,0.0002748218358278,0.0003816290073584,0.00029211918226174126,calm
2012-12-12,0.0003367199120987,0.0003920068629706931,0.00037085764960079296,0.00034189533,0.00026327481133641534,0.00029810865550435766,0.0002607350384754551,0.0003898106144523562,0.0003609116371225165,0.00037210863,0.00034889129626823314,0.0003164069100674581,0.0002666892298213,0.0003661558263521,0.00029154806994437905,calm
2012-12-13,0.0003265814053877,0.00039011371590659847,0.00030897568319806286,0.00040678398,0.00035373743596199574,0.00029905120908041075,0.0003280105668314369,0.000403177103924694,0.0003545527513917745,0.00046234648,0.00034390877922258427,0.00032799722487409884,0.0002599372674263,0.0003144643490981,0.0002939672461501994,calm
2012-12-14,0.0003320631706541,0.0003415535993086716,0.0002417771887267762,0.00033312856,0.000311401847411857,0.0002912361551827198,0.00031576655007670525,0.0002751699974245174,0.0002861870190585801,0.00027736727,0.00027082685244261476,0.00030221485346531223,0.0002427180797044,0.0002350747482737,0.0002724664665848561,calm
2012-12-17,0.0003313896438475,0.00034385614806524764,0.00021900069685045718,0.0002696507,0.0002982944796859781,0.0002797991681680902,0.0002866360918903648,0.0002751673395175092,0.00025438846606031694,0.0002525807,0.00024863743293827693,0.0003032429071003902,0.000239840040192,0.0002229780367124,0.0002715414736461951,calm
2012-12-18,0.0002954690741908,0.0003438075298418695,0.0002197927804383785,0.0002696507,0.00029024269800694913,0.0002748261958888767,0.0002822921500403009,0.00026982504190614594,0.00025230681406019213,0.0002477925,0.00024619243839620774,0.0002986653768696909,0.0002362052879142,0.0002252788166121,0.00026743533239194546,calm
2012-12-19,4.092384584972222e-05,0.0004956818221250677,0.0003067046342551474,0.00029569957,0.00033305728184152483,0.00036866888845079774,0.00034367306698366364,0.0002930420241482628,0.00027696264125472164,0.00023163347,0.0002712450106601209,0.00027212135270139994,0.0003308486443761,0.0003062552334474,0.00030148499853875,calm
2012-12-20,0.0001152313637682,0.0003608489884749279,0.0002966489179904392,0.00027988583,0.00030661518520947345,0.0003463462753458666,0.00028102913567476626,0.00027001874874976343,0.00026529989214639965,0.00021535112,0.0002563295516721179,0.000261983786450739,0.00030747765277,0.000286588217976,0.0002847307196103695,calm
2012-12-21,0.0004115047535221,0.0003609556642741465,0.00029856664794708444,0.000291141,0.000297734536308108,0.0003264038781820703,0.0002972398827491021,0.0002754708501707848,0.0002729740631165041,0.00024001801,0.00026331946260460515,0.0002706761011196698,0.0002900438232564,0.0002877867154943,0.00028035996218803486,calm
2012-12-24,0.0004335554206323,0.0003589382301758738,0.00030177554609854025,0.00027996433,0.0002760061047819583,0.0003158817217191783,0.00027292607288072754,0.000274135780466938,0.0002754716548779226,0.00022762471,0.000268265512470019,0.000287747344177065,0.0002822704700806,0.0002942232076072,0.00028500890712883245,calm
2012-12-27,0.0004626613669208,0.0003514543582564008,0.0002914747424535369,0.00029646792,0.0002708701317565875,0.00029887840770428085,0.0002699079774783523,0.00026925819800624413,0.0002724655978497536,0.0002310323,0.00026033228143823806,0.0002831697220978477,0.0002622071859143,0.000276407909782,0.0002726884540060738,calm
2012-12-28,0.0004541868184715,0.0003453092598085347,0.00020195187339940588,0.0003471903,0.0003400887303373709,0.0003020889258308888,0.0004052305745219465,0.0002738495287142459,0.0002567713783915494,0.0003096741,0.00025060939967903737,0.0002879990246816145,0.0002512335592635,0.0002097575445736,0.0002696162919725572,calm
2012-12-31,0.0003899610747156,0.0003468712690251795,0.0002615374220050195,0.00031346743,0.0003289173481471043,0.0003034436291356464,0.0003140262011132078,0.00026787855531837455,0.000279896084141322,0.00025125264,0.00027368289677149303,0.0002862720720939194,0.0002648840952224,0.0002678175349927,0.0002755780836581597,calm
