,rv5_fwd,GARCH,HAR,LSTM-A,RF-A,SVR-A,XGB-A,RF-hybrid-A,LSTM-B,RF-B,SVR-B,XGB-B,RF-hybrid-B,GARCH (frozen),HAR (frozen),LSTM-A (frozen),RF-A (frozen),SVR-A (frozen),XGB-A (frozen),RF-hybrid-A (frozen),LSTM-B (frozen),RF-B (frozen),SVR-B (frozen),XGB-B (frozen),RF-hybrid-B (frozen),phase
2007-01-02,0.0002893627705219,0.0002918114928044,0.0003630142217847,0.00023543198469420175,0.0003222669814748292,0.0003147018093077374,0.00029162067,0.0002972702979468231,0.00023690565086394963,0.00029104177382210055,0.0003186253003248288,0.0002645787,0.0002866567374801323,0.00029181149280445794,0.0003630142217847454,0.00023543198469420175,0.0003222669814748298,0.0003147018093077374,0.00029162067,0.0002972702979468231,0.00023690565086394963,0.0002910417738220995,0.0003186253003248288,0.0002645787,0.0002866567374801323,outside
2007-01-03,0.0002081670161451,0.000322932057233,0.0003643008925158,0.0002548048921269935,0.00037850923379815327,0.0003720422488768289,0.0003818734,0.0003809773442707336,0.0002512993107643626,0.0003413413317116892,0.0004205125925669539,0.00033303036,0.00036617289929416735,0.00032293205723309945,0.0003643008925158731,0.0002548048921269935,0.0003785092337981526,0.0003720422488768289,0.0003818734,0.0003809773442707336,0.0002512993107643626,0.00034134133171168795,0.0004205125925669539,0.00033303036,0.00036617289929416735,outside
2007-01-04,0.0001973267738342,0.0003099756556478,0.0003561421310494,0.00027652253566447916,0.0003668490484522602,0.0003546790096250782,0.00033546964,0.00038440240602010604,0.00025991724457277986,0.0003453701352922535,0.0004477863980561999,0.00033530037,0.0003583915537880411,0.00030997565564787,0.0003561421310494935,0.00027652253566447916,0.00036684904845225955,0.0003546790096250782,0.00033546964,0.00038440240602010604,0.00025991724457277986,0.00034537013529225224,0.0004477863980561999,0.00033530037,0.0003583915537880412,outside
2007-01-05,0.0001856952807406,0.0002948739337377,0.0003504310594011,0.0002897945844769697,0.0003462309031237694,0.0003431844330801654,0.0003143917,0.000330671348319356,0.0002662016575373107,0.00033027895301784626,0.00041444151847153045,0.000305247,0.0003228538780960849,0.00029487393373773163,0.0003504310594011171,0.0002897945844769697,0.00034623090312377005,0.0003431844330801654,0.0003143917,0.00033067134831935604,0.0002662016575373107,0.00033027895301784507,0.00041444151847153045,0.000305247,0.00032285387809608495,outside
2007-01-08,0.0001175845403223,0.0003142073615488,0.0003621381980075,0.0003218581065364768,0.0003860939091601492,0.0003944203556010763,0.00028160424,0.00036293494288774215,0.0002836224349111531,0.00035517465050952194,0.0004341893424756636,0.00030918675,0.0003535046681816688,0.00031420736154883075,0.00036213819800752007,0.0003218581065364768,0.0003860939091601492,0.0003944203556010763,0.00028160424,0.00036293494288774215,0.0002836224349111531,0.0003551746505095207,0.0004341893424756636,0.00030918675,0.00035350466818166883,outside
2007-01-09,0.0002164420093581,0.000299607083622,0.0003519047650726,0.00034164256248102835,0.0003592833312260198,0.00037249348202748276,0.00026346283,0.0003409299361267337,0.0002981261453776144,0.000339877518353189,0.0004485330215349432,0.0002894953,0.0003321231757170967,0.00029960708362201005,0.0003519047650726614,0.00034164256248102835,0.0003592833312260198,0.00037249348202748276,0.00026346283,0.0003409299361267337,0.0002981261453776144,0.00033987751835318783,0.0004485330215349432,0.0002894953,0.0003321231757170967,outside
2007-01-10,0.0001625561033504,0.0003046859284754,0.0003264292238156,0.00036964977896679005,0.00036331399866997797,0.0003746182891784883,0.00029042558,0.00037690673196562124,0.0003250335499534497,0.0003574307148892698,0.00044979710889514864,0.00030087994,0.00035785668003044156,0.0003046859284754211,0.00032642922381566087,0.00036964977896679005,0.00036331399866997797,0.0003746182891784883,0.00029042558,0.00037690673196562124,0.0003250335499534497,0.00035743071488926855,0.00044979710889514864,0.00030087994,0.00035785668003044156,outside
2007-01-11,0.0001625819439469,0.0002879443147897,0.0003124517807715,0.0003763240576285838,0.00033654181433193743,0.0003384636947288836,0.0003221258,0.00037252284073877756,0.0003346921790703744,0.0003275803157077788,0.00042116265377962293,0.000362299,0.0003768158145798292,0.00028794431478973046,0.00031245178077157277,0.0003763240576285838,0.00033654181433193797,0.0003384636947288836,0.0003221258,0.00037252284073877756,0.0003346921790703744,0.00032758031570777823,0.00042116265377962293,0.000362299,0.0003768158145798292,outside
2007-01-12,0.000316023035222,0.0002731394118551,0.0003175270071065,0.0003764773186520591,0.0003395202995456696,0.0003415005244469472,0.00036119757,0.00036457968471881433,0.00033341534571444334,0.0003289506682838136,0.00041714635145892785,0.0003728707,0.00037121875634109493,0.0002731394118551196,0.000317527007106596,0.0003764773186520591,0.0003395202995456696,0.0003415005244469472,0.00036119757,0.00036457968471881433,0.00033341534571444334,0.00032895066828381246,0.00041714635145892785,0.0003728707,0.00037121875634109493,outside
2007-01-15,0.0003107832144615,0.0002653286206451,0.0003196847676955,0.0003698171971428554,0.0003042888731107528,0.00032764345370072767,0.0003243366,0.00032198489369469885,0.0003306175392451948,0.0002917849114305656,0.00034680964401735193,0.00032241124,0.00032154120285640675,0.0002653286206451208,0.00031968476769551505,0.0003698171971428554,0.0003042888731107528,0.00032764345370072767,0.0003243366,0.0003219848936946989,0.0003306175392451948,0.0002917849114305651,0.00034680964401735193,0.00032241124,0.00032154120285640675,outside
2007-01-16,0.0001962905351334,0.0002935014677551,0.0003420715651546,0.00038852509489477213,0.00045713437636071483,0.0003908923056545448,0.00053448934,0.0003819997548803811,0.0003499262404507512,0.0004310876745332528,0.0004691614767442076,0.00048708092,0.00039599417352213095,0.00029350146775515443,0.00034207156515462535,0.00038852509489477213,0.00045713437636071483,0.0003908923056545448,0.00053448934,0.000381999754880381,0.0003499262404507512,0.0004310876745332528,0.0004691614767442076,0.00048708092,0.00039599417352213095,outside
2007-01-17,0.0003699958935491,0.0002805399695878,0.0003309044439613,0.0003993488885527527,0.00046374584330300143,0.0003512467360165773,0.0005603757,0.0004510704783335789,0.0003526240319367289,0.00044906397094939096,0.000453630692833848,0.000597026,0.00044862073783771334,0.00028053996958781174,0.0003309044439613167,0.0003993488885527527,0.00046374584330300143,0.0003512467360165773,0.0005603757,0.0004510704783335789,0.0003526240319367289,0.0004490639709493917,0.000453630692833848,0.000597026,0.00044862073783771334,outside
2007-01-18,0.0004255013685579,0.00026719117311,0.0003019321403041,0.0003879017742966473,0.0004282393276451426,0.0003293305084955367,0.00047759173,0.0003987127492602373,0.0003394857057141379,0.0004312143668348509,0.00044505491627118795,0.0005322298,0.00041148224097951186,0.0002671911731100769,0.0003019321403041536,0.0003879017742966473,0.0004282393276451426,0.0003293305084955367,0.00047759173,0.0003987127492602373,0.0003394857057141379,0.0004312143668348509,0.00044505491627118795,0.0005322298,0.00041148224097951186,outside
2007-01-19,0.0003152074932527,0.0002900223321273,0.0003158966390487,0.0003701105144251354,0.0004255533832217409,0.00031275220453976177,0.00046161274,0.0003497231756158379,0.0003250125747459746,0.00042406276008133707,0.0003829364445636892,0.00049694884,0.00037620151407002055,0.00029002233212731553,0.0003158966390487056,0.0003701105144251354,0.0004255533832217417,0.00031275220453976177,0.00046161274,0.0003497231756158379,0.0003250125747459746,0.0004240627600813363,0.0003829364445636892,0.00049694884,0.00037620151407002055,outside
2007-01-22,0.0002927151205182,0.000286402493423,0.0003153978156636,0.00037681220053671296,0.00046749655636632337,0.0003442004405500481,0.000491778,0.0004018230443359392,0.0003237578678827939,0.0004491841293726859,0.0004621964915400048,0.00054727535,0.0003995210152945858,0.0002864024934230301,0.00031539781566363215,0.00037681220053671296,0.00046749655636632337,0.0003442004405500481,0.000491778,0.0004018230443359392,0.0003237578678827939,0.0004491841293726875,0.0004621964915400048,0.00054727535,0.0003995210152945858,outside
2007-01-23,0.0003006651224039,0.0002750302513153,0.0003075580857577,0.0003819876914974693,0.0004244323326626676,0.00032283653070981915,0.00052040233,0.0004102309031420674,0.0003220313739289859,0.00040375828438171294,0.0004503562684577402,0.00051702454,0.0004161034003647215,0.0002750302513153737,0.00030755808575778286,0.0003819876914974693,0.00042443233266266616,0.00032283653070981915,0.00052040233,0.0004102309031420674,0.0003220313739289859,0.00040375828438171365,0.0004503562684577402,0.00051702454,0.0004161034003647215,outside
2007-01-24,0.0002035869928914,0.0003018077225688,0.0003329542975546,0.00037142635779342976,0.00041009368638051166,0.0003082354493202309,0.0004385622,0.00033734227833786054,0.0003067080509100322,0.00038698425747946423,0.0004240038273447387,0.0004540258,0.00036102982377454545,0.0003018077225688057,0.0003329542975546185,0.00037142635779342976,0.00041009368638051313,0.0003082354493202309,0.0004385622,0.00033734227833786054,0.0003067080509100322,0.0003869842574794656,0.0004240038273447387,0.0004540258,0.00036102982377454545,outside
2007-01-25,0.0003928023894062,0.0003061390909092,0.0003380753249674,0.00038613227153376354,0.0004904703539051976,0.0003489499682607506,0.00048720045,0.000406521962520695,0.0003069951313334912,0.00047405714213292414,0.0004469666836808802,0.00058682903,0.0004250834529563243,0.00030613909090928745,0.0003380753249674723,0.00038613227153376354,0.0004904703539051985,0.0003489499682607506,0.00048720045,0.000406521962520695,0.0003069951313334912,0.0004740571421329234,0.0004469666836808802,0.00058682903,0.00042508345295632434,outside
2007-01-26,0.0005654236300202,0.000307492899291,0.0003396053362115,0.0004162782466481875,0.0005112710729241617,0.00038103284828229706,0.0005454045,0.0004264546142494866,0.0003375612314555549,0.0004931098667991629,0.0005076333388732301,0.0006366263,0.000439572676348828,0.00030749289929108943,0.00033960533621153435,0.0004162782466481875,0.0005112710729241617,0.00038103284828229706,0.0005454045,0.0004264546142494866,0.0003375612314555549,0.0004931098667991629,0.0005076333388732301,0.0006366263,0.000439572676348828,outside
2007-01-29,0.000625842891178,0.0002907416431572,0.0003311184076564,0.0004207742020611367,0.00046079177788455386,0.0003429901994017907,0.0005100936,0.00038069084406521913,0.000348942053607962,0.0004534834654447696,0.0004231156576597265,0.00054475514,0.00039471743056464795,0.000290741643157273,0.00033111840765640796,0.0004207742020611367,0.000460791777884553,0.0003429901994017907,0.0005100936,0.00038069084406521913,0.000348942053607962,0.0004534834654447704,0.0004231156576597265,0.00054475514,0.00039471743056464795,outside
2007-01-30,0.0006233160202416,0.0002819908432752,0.0003267431630868,0.0004262555179583201,0.0004892608777599897,0.00035295425438037467,0.00053577236,0.000393179998594089,0.00035723165138207383,0.0004704510566645284,0.000430040807455364,0.00063639716,0.00039255732192240294,0.00028199084327520225,0.00032674316308680453,0.0004262555179583201,0.0004892608777599897,0.00035295425438037467,0.00053577236,0.00039317999859408905,0.00035723165138207383,0.0004704510566645284,0.000430040807455364,0.00063639716,0.00039255732192240294,outside
2007-01-31,0.000544094758217,0.0002960937886191,0.0003336339003428,0.00044614260550471143,0.0005125593879352524,0.0004164275767083568,0.000578721,0.00041662252017208884,0.00038292294389869874,0.0004912816335583965,0.0005377647056485557,0.0007633028,0.00044219428541412384,0.00029609378861919185,0.0003336339003428533,0.00044614260550471143,0.0005125593879352524,0.0004164275767083568,0.000578721,0.00041662252017208884,0.00038292294389869874,0.0004912816335583965,0.0005377647056485557,0.0007633028,0.00044219428541412384,outside
2007-02-01,0.0003042561962455,0.0003378590872143,0.0003506862452233,0.000443112121300024,0.0005049693769240342,0.0003541077815719172,0.00054885144,0.0004297056979908334,0.00039156507856689677,0.00046141028680633177,0.0004614929572895009,0.00054745807,0.00043442219405066026,0.00033785908721438245,0.0003506862452233629,0.000443112121300024,0.000504969376924036,0.0003541077815719172,0.00054885144,0.0004297056979908334,0.00039156507856689677,0.00046141028680633177,0.0004614929572895009,0.00054745807,0.00043442219405066026,outside
2007-02-02,0.0002058907034277,0.0003690852535332,0.0003641248388068,0.00042913036073331486,0.0004921779070129093,0.0003300221795266114,0.000498465,0.00043190700052726945,0.00038817353039304135,0.00044578931770266846,0.00043293755279799726,0.0004811373,0.00045803679262326736,0.0003690852535332269,0.00036412483880689055,0.00042913036073331486,0.0004921779070129111,0.0003300221795266114,0.000498465,0.0004319070005272694,0.00038817353039304135,0.00044578931770266846,0.00043293755279799726,0.0004811373,0.0004580367926232674,outside
2007-02-05,0.0001560985085141,0.0003588086816821,0.0003683137748122,0.0004256218434641839,0.00048665284971813474,0.0003301758174406629,0.00047164745,0.0004258008586510571,0.00039342881542036456,0.000428114047168272,0.00043225994721641267,0.00038533035,0.0004084417687494203,0.0003588086816821042,0.0003683137748122139,0.0004256218434641839,0.0004866528497181373,0.0003301758174406629,0.00047164745,0.000425800858651057,0.00039342881542036456,0.00042811404716827124,0.00043225994721641267,0.00038533035,0.0004084417687494203,outside
2007-02-06,0.0001551363159005,0.0003376289595499,0.0003631779863528,0.0004228405386252584,0.0004319733727909833,0.0003189849210313959,0.00042238142,0.00038897319793540605,0.00039143714559689203,0.00036789086411684866,0.00040843980433105664,0.00029583302,0.00035863280633093687,0.000337628959549979,0.0003631779863528143,0.0004228405386252584,0.0004319733727909833,0.0003189849210313959,0.00042238142,0.00038897319793540605,0.00039143714559689203,0.0003678908641168493,0.00040843980433105664,0.00029583302,0.00035863280633093687,outside
2007-02-07,0.0003157875227903,0.000318802011933,0.000345112591875,0.0004082919192235594,0.00039606724270406697,0.00029454110978661377,0.0003905138,0.00037766624314075777,0.0003693167050854372,0.000363627005650518,0.00040037379822701615,0.00032587652,0.0003606268525074646,0.00031880201193301537,0.00034511259187509447,0.0004082919192235594,0.00039606724270406914,0.00029454110978661377,0.0003905138,0.00037766624314075777,0.0003693167050854372,0.0003636270056505187,0.00040037379822701615,0.00032587652,0.0003606268525074646,outside
2007-02-08,0.0004094825013562,0.0003008512221838,0.0003400884634341,0.0003961327427498558,0.00037469648180729154,0.00030321934192500705,0.0003746416,0.00034715334518971134,0.00035495373698944866,0.00035132389551412185,0.00034889309841334667,0.00030075572,0.0003318928544583396,0.0003008512221838978,0.000340088463434103,0.0003961327427498558,0.0003746964818072922,0.00030321934192500705,0.0003746416,0.00034715334518971134,0.00035495373698944866,0.0003513238955141225,0.00034889309841334667,0.00030075572,0.0003318928544583396,outside
2007-02-09,0.0002919070940193,0.0003112580385165,0.0003496965984414,0.0003779477507077749,0.0003576748224527691,0.0003159406969870229,0.0003418553,0.00037033840814409047,0.0003345315515750392,0.0003436205562354803,0.00032442100327994053,0.00035005488,0.00036715630932356047,0.0003112580385165196,0.00034969659844144845,0.0003779477507077749,0.0003576748224527703,0.0003159406969870229,0.0003418553,0.00037033840814409047,0.0003345315515750392,0.0003436205562354815,0.00032442100327994053,0.00035005488,0.00036715630932356047,outside
2007-02-12,0.0002933241786847,0.0003013122832161,0.0003431140808187,0.00038289022372349073,0.00042406362149750393,0.00034447628232047,0.00046677268,0.0004489468754762265,0.00032881898848003235,0.0003760411599894591,0.00036968669587429984,0.00040415218,0.00040384548700944515,0.000301312283216108,0.00034311408081879235,0.00038289022372349073,0.00042406362149750317,0.00034447628232047,0.00046677268,0.00044894687547622643,0.00032881898848003235,0.0003760411599894591,0.00036968669587429984,0.00040415218,0.00040384548700944515,outside
2007-02-13,0.000291022235439,0.0002859146071432,0.0003424607467267,0.00037901156043329543,0.00039309230808334854,0.00033349120691575937,0.00043120614,0.0003895046666487511,0.0003247356509363812,0.0003530086811718814,0.0003389532124924384,0.0003631465,0.00035636706244266916,0.00028591460714326103,0.00034246074672670456,0.00037901156043329543,0.00039309230808334784,0.00033349120691575937,0.00043120614,0.0003895046666487511,0.0003247356509363812,0.00035300868117188206,0.0003389532124924384,0.0003631465,0.00035636706244266916,outside
2007-02-14,0.0001308651803231,0.0003076428481759,0.0003712891770022,0.00036856415843049647,0.0003958875893428418,0.00032575953507101637,0.00041843942,0.0003473007949423185,0.000317653010055905,0.0003560968371922449,0.0003346672964755435,0.00038348456,0.00033118158982672506,0.0003076428481759409,0.00037128917700224426,0.00036856415843049647,0.00039588758934284323,0.00032575953507101637,0.00041843942,0.0003473007949423185,0.000317653010055905,0.00035609683719224557,0.0003346672964755435,0.00038348456,0.00033118158982672506,outside
2007-02-15,4.334885245849562e-05,0.0003116376456816,0.0003712809260404,0.0003560068997624711,0.0003206872310407817,0.0003161954712308494,0.00027559348,0.00031814234542971873,0.0003088701064795562,0.0003086064769854811,0.0003165589817528494,0.0002975283,0.0003108471318150318,0.000311637645681682,0.00037128092604048565,0.0003560068997624711,0.000320687231040784,0.0003161954712308494,0.00027559348,0.00031814234542971873,0.0003088701064795562,0.00030860647698548166,0.0003165589817528494,0.0002975283,0.0003108471318150318,outside
2007-02-16,4.457021276805174e-05,0.0002972842624062,0.0003593974814127,0.00035802817851346696,0.0003277699282247323,0.0003333376263995898,0.00041060286,0.0003500818707547587,0.00031082976390734096,0.00031624002438245343,0.00037802352383272964,0.00032812686,0.0003316099477942788,0.0002972842624062683,0.0003593974814127232,0.00035802817851346696,0.00032776992822473346,0.0003333376263995898,0.00041060286,0.0003500818707547587,0.00031082976390734096,0.0003162400243824545,0.00037802352383272964,0.00032812686,0.0003316099477942788,outside
2007-02-19,3.3806224207786696e-05,0.0002836907456379,0.000364410824917,0.00036089276749774973,0.00030661223195569234,0.0003184379572851668,0.00027902375,0.00029001469199308177,0.0003112700300395946,0.00028394004012003045,0.0003338776438310325,0.00026468953,0.0002777806772645073,0.00028369074563791395,0.000364410824917013,0.00036089276749774973,0.0003066122319556934,0.0003184379572851668,0.00027902375,0.00029001469199308177,0.0003112700300395946,0.0002839400401200294,0.0003338776438310325,0.00026468953,0.00027778067726450743,outside
2007-02-20,0.0013124565890254,0.000269737120361,0.0003469176842103,0.000354133548866713,0.00030638202840697134,0.00030824155301336606,0.00027279448,0.00027962159521898025,0.0003040215829042328,0.0002956489694169329,0.0003318039373758175,0.00028213643,0.0002762439593252235,0.000269737120361029,0.00034691768421038597,0.000354133548866713,0.00030638202840697134,0.00030824155301336606,0.00027279448,0.0002796215952189802,0.0003040215829042328,0.0002956489694169329,0.0003318039373758175,0.00028213643,0.00027624395932522344,P1 Distress
2007-02-21,0.0014921846196589,0.0002582143624716,0.0003308923512426,0.0003445133069549576,0.00032886131841377555,0.0003278394479627215,0.00036115624,0.00035059972918617845,0.00029635982965763155,0.0003089549172184187,0.00033879256018352633,0.00031666167,0.00032521532852760194,0.0002582143624716262,0.00033089235124269574,0.0003445133069549576,0.0003288613184137767,0.0003278394479627215,0.00036115624,0.00035059972918617845,0.00029635982965763155,0.0003089549172184187,0.00033879256018352633,0.00031666167,0.0003252153285276019,P1 Distress
2007-02-22,0.0016867435899344,0.0002520470532733,0.0003231813951037,0.00034413464723864425,0.00032026664137126983,0.0003710440428397298,0.00048386844,0.0003337575252711476,0.0003013314253933528,0.00031219234410095664,0.0003795806711011425,0.0004117953,0.00031690559102551805,0.0002520470532733392,0.0003231813951037583,0.00034413464723864425,0.000320266641371271,0.0003710440428397298,0.00048386844,0.0003337575252711476,0.0003013314253933528,0.0003121923441009577,0.0003795806711011425,0.0004117953,0.00031690559102551805,P1 Distress
2007-02-23,0.0016847041772597,0.0002443727315194,0.0003044383010775,0.00034153680571177744,0.0003218923560820662,0.000353702380457001,0.00046638996,0.0003254471833020131,0.0003069859564220347,0.0003070521630429084,0.00035319827741840703,0.00039893657,0.00030653004803593624,0.0002443727315194145,0.00030443830107756395,0.00034153680571177744,0.0003218923560820679,0.000353702380457001,0.00046638996,0.0003254471833020131,0.0003069859564220347,0.0003070521630429084,0.00035319827741840703,0.00039893657,0.00030653004803593624,P1 Distress
2007-02-26,0.0020275124176278,0.00023782513742,0.0002964816287254,0.0003371279987040976,0.00032152434310157797,0.00036265853614207217,0.00058987865,0.00030567825940859984,0.00030861448487105295,0.0002924884269398939,0.00034830195667659414,0.0004711595,0.0002769070768731501,0.00023782513742008203,0.00029648162872544396,0.0003371279987040976,0.00032152434310157906,0.00036265853614207217,0.00058987865,0.00030567825940859984,0.00030861448487105295,0.00029248842693989493,0.00034830195667659414,0.0004711595,0.0002769070768731501,P1 Distress
2007-02-27,0.0008623070480304,0.0006077586995211,0.0004761479214176,0.0003916160052643069,0.0005366759454930477,0.0006472835911345742,0.0005636058,0.0005707038613273635,0.000361549459023516,0.00048224376560697456,0.00045328646479085615,0.00053728366,0.0005694041539351071,0.0006077586995211861,0.00047614792141765773,0.0003916160052643069,0.0005366759454930477,0.0006472835911345742,0.0005636058,0.0005707038613273635,0.000361549459023516,0.00048224376560697456,0.00045328646479085615,0.00053728366,0.0005694041539351072,P1 Distress
2007-02-28,0.0008504671091729,0.0006190688520669,0.0004862808210711,0.0004513268525232959,0.000556339965945596,0.000606311319545867,0.00063956727,0.0005838698569098097,0.0004458080759950928,0.0005059048760975914,0.00048439634513350056,0.0005526824,0.0005685734590914512,0.0006190688520669315,0.00048628082107117184,0.0004513268525232959,0.000556339965945597,0.000606311319545867,0.00063956727,0.0005838698569098097,0.0004458080759950928,0.0005059048760975914,0.00048439634513350056,0.0005526824,0.0005685734590914512,P1 Distress
2007-03-01,0.001310312967009,0.00063664204564,0.0005040264165725,0.0005085666401011002,0.0005548940165742251,0.0006826877589547474,0.0006388617,0.0005706039741777666,0.0005371364403555488,0.0005393662423375239,0.00045854498144434514,0.000634243,0.0005557545249980003,0.0006366420456400501,0.0005040264165725373,0.0005085666401011002,0.000554894016574226,0.0006826877589547474,0.0006388617,0.0005706039741777665,0.0005371364403555488,0.0005393662423375239,0.00045854498144434514,0.000634243,0.0005557545249980003,P1 Distress
2007-03-02,0.0013103150688266,0.0005883027721814,0.0004846699911951,0.0005288093991987295,0.0005346386805340806,0.0006017709647421555,0.0006872433,0.0005814207739168871,0.0006167042289000261,0.0005507103033346904,0.0004425990061999832,0.00050396996,0.0005672664483951629,0.0005883027721814029,0.0004846699911951972,0.0005288093991987295,0.0005346386805340816,0.0006017709647421555,0.0006872433,0.0005814207739168872,0.0006167042289000261,0.0005507103033346904,0.0004425990061999832,0.00050396996,0.0005672664483951629,P1 Distress
2007-03-05,0.0009687447408725,0.0006516318525257,0.0005113593270399,0.0005749139410276421,0.0005575393974591592,0.0008038897356586082,0.0006772703,0.0005637569270348664,0.0006957938510691752,0.0005463096865151983,0.00043714308163782603,0.00047650884,0.0005590011545371982,0.000651631852525788,0.0005113593270399643,0.0005749139410276421,0.0005575393974591592,0.0008038897356586082,0.0006772703,0.0005637569270348665,0.0006957938510691752,0.0005463096865151983,0.00043714308163782603,0.00047650884,0.0005590011545371984,P1 Distress
2007-03-06,0.0009554243193341,0.0006254725407338,0.0004850152022528,0.000585327865771637,0.0005417118548046157,0.0005369385466289151,0.0005634032,0.0005530430396692188,0.0007312972013966809,0.0005321033599077168,0.0005434782220633106,0.00046687984,0.0005473890026191303,0.0006254725407338905,0.0004850152022528554,0.000585327865771637,0.0005417118548046157,0.0005369385466289151,0.0005634032,0.0005530430396692188,0.0007312972013966809,0.0005321033599077178,0.0005434782220633106,0.00046687984,0.0005473890026191302,P1 Distress
2007-03-07,0.0024842736075473,0.0006140013016563,0.0004937414225672,0.0005803695021235648,0.0005417891023486611,0.00048737846845329233,0.0005634032,0.000530855698589174,0.0007349547221743317,0.0005454531328734224,0.0005816133973630425,0.00068106956,0.000527739836120633,0.000614001301656389,0.0004937414225672108,0.0005803695021235648,0.0005417891023486621,0.00048737846845329233,0.0005634032,0.000530855698589174,0.0007349547221743317,0.0005454531328734216,0.0005816133973630425,0.00068106956,0.0005277398361206331,P1 Distress
2007-03-08,0.0019484710290594,0.0007323644819494,0.000553382383121,0.0005601567509559427,0.0005419836147193156,0.0004507205338336014,0.00070456945,0.000644890151278797,0.000704177546237307,0.000559635741967453,0.0005428423399047834,0.0005657868,0.0006657919739100778,0.0007323644819494905,0.0005533823831210099,0.0005601567509559427,0.0005419836147193165,0.0004507205338336014,0.00070456945,0.0006448901512787968,0.000704177546237307,0.0005596357419674541,0.0005428423399047834,0.0005657868,0.0006657919739100778,P1 Distress
2007-03-09,0.0019917445337056,0.0006714567334028,0.0005343681102335,0.0005447453564652991,0.0005161981807752654,0.000438895640182874,0.0007488197,0.000603883810079864,0.0006714846856263146,0.0005475692390601301,0.000553630682567251,0.0007534908,0.000628419684399227,0.0006714567334028194,0.0005343681102335673,0.0005447453564652991,0.0005161981807752654,0.000438895640182874,0.0007488197,0.0006038838100798642,0.0006714846856263146,0.0005475692390601301,0.000553630682567251,0.0007534908,0.0006284196843992271,P1 Distress
2007-03-12,0.0020875363370511,0.0006212106592238,0.0005314611329025,0.0005355419030070388,0.0004534133027923373,0.0004040183822354532,0.00064000074,0.0005652240840407981,0.0006384981990698721,0.0004934991936917804,0.0004937850546629693,0.00065203593,0.0005747733337984663,0.0006212106592238799,0.0005314611329025674,0.0005355419030070388,0.0004534133027923381,0.0004040183822354532,0.00064000074,0.0005652240840407981,0.0006384981990698721,0.0004934991936917804,0.0004937850546629693,0.00065203593,0.0005747733337984663,P1 Distress
2007-03-13,0.0019966578279055,0.0006088036454512,0.0005398319778249,0.0005480590937552865,0.0005366619865951307,0.00047346677355452027,0.0008223531,0.0005412694079920133,0.0006310211541086067,0.0005479463773940328,0.0005645381688526332,0.00071022095,0.0005534999796377807,0.0006088036454512135,0.0005398319778249698,0.0005480590937552865,0.0005366619865951316,0.00047346677355452027,0.0008223531,0.0005412694079920133,0.0006310211541086067,0.0005479463773940328,0.0005645381688526332,0.00071022095,0.0005534999796377807,P1 Distress
2007-03-14,0.0003278795722956,0.0010577238566456,0.0006738581659615,0.0006164448047167534,0.0005575393974591592,0.000935146347648973,0.0004994723,0.0009150859473223835,0.0006821140113297599,0.0005605950353841032,0.00044995385804831426,0.0005695672,0.0009761567914576739,0.0010577238566456166,0.0006738581659615871,0.0006164448047167534,0.0005575393974591592,0.000935146347648973,0.0004994723,0.0009150859473223837,0.0006821140113297599,0.0005605950353841042,0.00044995385804831426,0.0005695672,0.0009761567914576739,P1 Distress
2007-03-15,0.0003926504716339,0.0009917236118072,0.0006628495578282,0.0006333015016831014,0.0005417118548046157,0.0006789050632671769,0.00047321306,0.000857332839258542,0.0007413700887991123,0.0005547807458264546,0.00044737237754383785,0.0004203845,0.0008847395706771425,0.00099172361180721,0.0006628495578282831,0.0006333015016831014,0.0005417118548046157,0.0006789050632671769,0.00047321306,0.0008573328392585421,0.0007413700887991123,0.0005547807458264546,0.00044737237754383785,0.0004203845,0.0008847395706771425,P1 Distress
2007-03-16,0.000356487223283,0.000912680922526,0.0006525952742653,0.0006293821307231057,0.0005301459338649571,0.0006720094311036916,0.00046187738,0.000789002281921274,0.0007650294412331034,0.0005455561789440479,0.0004610235497309829,0.0003938033,0.0008171729813198555,0.0009126809225260786,0.0006525952742653132,0.0006293821307231057,0.0005301459338649571,0.0006720094311036916,0.00046187738,0.000789002281921274,0.0007650294412331034,0.0005455561789440479,0.0004610235497309829,0.0003938033,0.0008171729813198557,P1 Distress
2007-03-19,0.0002985049792556,0.0008552460113788,0.0006575032793565,0.0006159510812141709,0.0005340380824290375,0.0006557357257203961,0.00045401682,0.0007333133888897454,0.0007556796189221028,0.0005536122667430044,0.00045796688638140027,0.0004953944,0.0007618292964476097,0.0008552460113788792,0.0006575032793565676,0.0006159510812141709,0.0005340380824290384,0.0006557357257203961,0.00045401682,0.0007333133888897455,0.0007556796189221028,0.0005536122667430044,0.00045796688638140027,0.0004953944,0.00076182929644761,P1 Distress
2007-03-20,0.000336718041763,0.0007838162013588,0.0006490033333004,0.0006007562819230238,0.0005295912410010136,0.000601577758822466,0.0004516968,0.0006814289253005701,0.00073527498554832,0.0005502301496682488,0.00047268201708441205,0.0004727001,0.0007037235207576283,0.000783816201358867,0.0006490033333004064,0.0006007562819230238,0.0005295912410010144,0.000601577758822466,0.0004516968,0.0006814289253005701,0.00073527498554832,0.0005502301496682488,0.00047268201708441205,0.0004727001,0.0007037235207576284,P1 Distress
2007-03-21,0.0004438246152004,0.0007223542124311,0.0006118036903597,0.0005830996662599044,0.00041194990500153963,0.00048471333417673333,0.00026371173,0.0006430792470813125,0.0007049738769681513,0.0004681540232879222,0.0004890777177942346,0.00033558827,0.0006735922487341957,0.0007223542124311372,0.0006118036903597942,0.0005830996662599044,0.0004119499050015388,0.00048471333417673333,0.00026371173,0.0006430792470813123,0.0007049738769681513,0.000468154023287923,0.0004890777177942346,0.00033558827,0.0006735922487341957,P1 Distress
2007-03-22,0.0004768063473608,0.0007072500562703,0.000633287151306,0.0005620253094589364,0.00044378543349667604,0.00048604640007643093,0.00027132517,0.0006271272239299723,0.0006717177798197746,0.00046109070316993465,0.0004819457949312696,0.00031630613,0.0006562809504584364,0.0007072500562703084,0.000633287151306047,0.0005620253094589364,0.00044378543349667923,0.00048604640007643093,0.00027132517,0.0006271272239299722,0.0006717177798197746,0.0004610907031699354,0.0004819457949312696,0.00031630613,0.0006562809504584364,P1 Distress
2007-03-23,0.0004798590911569,0.0006544613024457,0.0006192390670626,0.0005539731378926024,0.0004335564269242499,0.0005147666663357234,0.00034774776,0.0006021650812472719,0.0006560532309610742,0.0004660559197060011,0.00046681182237076353,0.00040291567,0.0006197801519823446,0.0006544613024457189,0.0006192390670626889,0.0005539731378926024,0.00043355642692424913,0.0005147666663357234,0.00034774776,0.0006021650812472719,0.0006560532309610742,0.0004660559197060011,0.00046681182237076353,0.00040291567,0.0006197801519823446,P1 Distress
2007-03-26,0.000447747669294,0.0006190463215609,0.0006231183525327,0.0005583862672637535,0.0004557210991936664,0.0005702373694955316,0.00037218086,0.0005708173596381222,0.0006668259550747818,0.00048580357409949915,0.00046638897620057836,0.0004763957,0.000593967599896872,0.000619046321560949,0.0006231183525327413,0.0005583862672637535,0.0004557210991936664,0.0005702373694955316,0.00037218086,0.0005708173596381222,0.0006668259550747818,0.00048580357409949915,0.00046638897620057836,0.0004763957,0.000593967599896872,P1 Distress
2007-03-27,0.0004340124351951,0.0005903382003352,0.0006290079002417,0.0005722511865440515,0.0005090559883622925,0.0006084459844237074,0.00040229765,0.0005388345816012159,0.0006855111030149682,0.000520796571982014,0.0004715114670981954,0.0004938109,0.0005581799503702378,0.0005903382003352506,0.0006290079002417352,0.0005722511865440515,0.0005090559883622934,0.0006084459844237074,0.00040229765,0.0005388345816012159,0.0006855111030149682,0.000520796571982013,0.0004715114670981954,0.0004938109,0.0005581799503702377,P1 Distress
2007-03-28,0.0003188721073003,0.0005899242432962,0.0006455882545432,0.0005988915779780334,0.0005522841483887419,0.0006912005040958763,0.00048189235,0.0005222590956605158,0.0007253883923067966,0.0005490374219954653,0.0004682006664127528,0.0005397915,0.0005439360765768495,0.0005899242432962396,0.0006455882545432454,0.0005988915779780334,0.0005522841483887419,0.0006912005040958763,0.00048189235,0.0005222590956605157,0.0007253883923067966,0.0005490374219954653,0.0004682006664127528,0.0005397915,0.0005439360765768495,P1 Distress
2007-03-29,0.0001329055710201,0.0005968794250327,0.0005938635591624,0.0005802829246999406,0.000535852772358511,0.0005718923308991705,0.0005534849,0.0005250778309916294,0.0007393503250655257,0.0005618642076963674,0.0005265073093441605,0.0007438067,0.0005618651883541496,0.000596879425032702,0.0005938635591624377,0.0005802829246999406,0.000535852772358512,0.0005718923308991705,0.0005534849,0.0005250778309916292,0.0007393503250655257,0.0005618642076963674,0.0005265073093441605,0.0007438067,0.0005618651883541498,P1 Distress
2007-03-30,0.0002622039390647,0.0005566419973721,0.0005734407431557,0.0005734348359702202,0.0005433552566274134,0.0005778342183481052,0.00056067284,0.0005045532218949673,0.0007250320373553857,0.0005660012323653095,0.0005337113553209193,0.00070522405,0.0005098060275642373,0.0005566419973721109,0.0005734407431557398,0.0005734348359702202,0.0005433552566274143,0.0005778342183481052,0.00056067284,0.0005045532218949673,0.0007250320373553857,0.0005660012323653085,0.0005337113553209193,0.00070522405,0.0005098060275642373,P1 Distress
2007-04-02,0.0002559481084296,0.0005204311965038,0.0005610374285151,0.0005666059741987915,0.0005419299672377138,0.0005539488826728729,0.0005795755,0.00047420253133264944,0.0007320008615033641,0.0005664252542906596,0.0005634114144951445,0.00070522405,0.00047979455793059834,0.0005204311965038127,0.0005610374285151007,0.0005666059741987915,0.0005419299672377147,0.0005539488826728729,0.0005795755,0.00047420253133264944,0.0007320008615033641,0.0005664252542906575,0.0005634114144951445,0.00070522405,0.00047979455793059834,P1 Distress
2007-04-03,0.0002146633366143,0.0004888657244577,0.0005668731852582,0.0005573431716249173,0.0005163948598678843,0.0005084735287665048,0.0005526441,0.00043955306920529197,0.000727922764904102,0.00054351551990368,0.0005539408984784241,0.0006424604,0.0004531241734199468,0.000488865724457762,0.0005668731852582599,0.0005573431716249173,0.0005163948598678862,0.0005084735287665048,0.0005526441,0.0004395530692052921,0.000727922764904102,0.00054351551990368,0.0005539408984784241,0.0006424604,0.0004531241734199468,P1 Distress
2007-04-04,0.0002182531907626,0.0004624281802513,0.000539185247629,0.0005468998667871353,0.0005054065574298313,0.0004908301121135465,0.00058346364,0.0004380212801903732,0.0007046265364147149,0.0005468780800721949,0.0005551586598035943,0.0007014928,0.0004495610866387073,0.0004624281802513333,0.0005391852476290457,0.0005468998667871353,0.0005054065574298304,0.0004908301121135465,0.00058346364,0.00043802128019037315,0.0007046265364147149,0.0005468780800721949,0.0005551586598035943,0.0007014928,0.0004495610866387073,P1 Distress
2007-04-05,0.00028840218031,0.0004369418754227,0.0005205727062453,0.0005346405533797492,0.0004744114275113286,0.0004979534452042071,0.00057732913,0.0004428596895143738,0.0006921877635411988,0.0005322075416033885,0.0005265428507831663,0.0006801297,0.0004604073606810546,0.0004369418754227852,0.0005205727062453161,0.0005346405533797492,0.00047441142751132945,0.0004979534452042071,0.00057732913,0.0004428596895143738,0.0006921877635411988,0.0005322075416033885,0.0005265428507831663,0.0006801297,0.0004604073606810547,P1 Distress
2007-04-10,0.0001450870327265,0.0004384788299112,0.0005361853298705,0.0005167292745699922,0.0004419273378962225,0.0004618490063614475,0.00051094894,0.00040377121806191134,0.0006658898187448137,0.000462213581912354,0.0005214002187639619,0.00052760367,0.000420642903045282,0.00043847882991127925,0.0005361853298705475,0.0005167292745699922,0.0004419273378962233,0.0004618490063614475,0.00051094894,0.00040377121806191123,0.0006658898187448137,0.0004622135819123549,0.0005214002187639619,0.00052760367,0.00042064290304528204,P1 Distress
2007-04-11,0.0001852144045775,0.0004084590876933,0.0004836766143215,0.0004991977683607907,0.000414641795396107,0.0004204455669273465,0.00047914195,0.0003910681186223279,0.0006331617422828996,0.0004412371427085049,0.00045318565420631064,0.00048341218,0.000407288484525574,0.00040845908769336566,0.00048367661432159305,0.0004991977683607907,0.0004146417953961048,0.0004204455669273465,0.00047914195,0.00039106811862232773,0.0006331617422828996,0.0004412371427085064,0.00045318565420631064,0.00048341218,0.000407288484525574,P1 Distress
2007-04-12,0.000195356460962,0.0003817241599531,0.0004695929969346,0.0004733810048327462,0.0004127298236502022,0.00042629701715890186,0.0004480133,0.0003737549343061782,0.0005866700310184388,0.0004391096426341378,0.0004221488177049222,0.0004626492,0.00039141670965039374,0.000381724159953167,0.00046959299693469795,0.0004733810048327462,0.0004127298236502008,0.00042629701715890186,0.0004480133,0.0003737549343061783,0.0005866700310184388,0.00043910964263413934,0.0004221488177049222,0.0004626492,0.00039141670965039385,P1 Distress
2007-04-13,0.0002817118908718,0.0003609240422101,0.0004858673486452,0.0004473168662788692,0.0004047234083569277,0.0004116748821831303,0.0003659948,0.0003547279898560149,0.0005507794026739844,0.00043678853673114517,0.00044803382697045915,0.00041978352,0.00036856730688651906,0.00036092404221014845,0.0004858673486452475,0.0004473168662788692,0.00040472340835692695,0.0004116748821831303,0.0003659948,0.0003547279898560149,0.0005507794026739844,0.00043678853673114674,0.00044803382697045915,0.00041978352,0.00036856730688651906,P1 Distress
2007-04-16,0.0001697097703027,0.0003625805934979,0.0004960395669572,0.0004166424241497364,0.00041815919865181503,0.00040263295228962995,0.000354596,0.0003633581494501345,0.000493321506843431,0.0004766213762548006,0.00047126711546644016,0.00041621932,0.0003725695687229609,0.00036258059349793167,0.0004960395669572545,0.0004166424241497364,0.00041815919865181503,0.00040263295228962995,0.000354596,0.00036335814945013455,0.000493321506843431,0.0004766213762548006,0.00047126711546644016,0.00041621932,0.0003725695687229609,P1 Distress
2007-04-17,0.0003462606164697,0.0003404446341455,0.000330774079125,0.0003718741669461297,0.0003187250599473534,0.00031896957009900956,0.00027687955,0.00042825613031077596,0.00041879910116033784,0.0003659844458396534,0.00040096772395757863,0.0003301656,0.0004222745357039867,0.00034044463414550566,0.0003307740791250288,0.0003718741669461297,0.000318725059947354,0.00031896957009900956,0.00027687955,0.00042825613031077596,0.00041879910116033784,0.0003659844458396528,0.00040096772395757863,0.0003301656,0.0004222745357039867,P1 Distress
2007-04-18,0.0003090063511858,0.0003380944098766,0.0003387695933013,0.00036621826510545156,0.00039664466650963213,0.0003495632783372375,0.00042979876,0.0004901363608415105,0.0003822434719701763,0.0004192093296012206,0.0003869611020968179,0.00041595823,0.00046383542593892417,0.0003380944098766978,0.00033876959330139824,0.00036621826510545156,0.00039664466650963213,0.0003495632783372375,0.00042979876,0.0004901363608415105,0.0003822434719701763,0.0004192093296012213,0.0003869611020968179,0.00041595823,0.00046383542593892417,P1 Distress
2007-04-19,0.0003361465066566,0.0003232472220909,0.0003319030450146,0.00036447095911582304,0.0004207867905885953,0.00034232073812381507,0.00046015263,0.0004923344511201324,0.0003748840641418413,0.00044555152834668344,0.0004170354354966486,0.00046643076,0.0004601352074391015,0.0003232472220909752,0.0003319030450146431,0.00036447095911582304,0.0004207867905885945,0.00034232073812381507,0.00046015263,0.0004923344511201324,0.0003748840641418413,0.00044555152834668506,0.0004170354354966486,0.00046643076,0.0004601352074391015,P1 Distress
2007-04-20,0.0004123126096727,0.0003286586947561,0.0003426124084056,0.0003547029340502504,0.0004002955950591609,0.0003274958008535736,0.00041820607,0.00038886512854142567,0.0003637122696414854,0.00042697534331841776,0.0003883010578212124,0.00045067084,0.0003916924276021478,0.0003286586947561089,0.00034261240840563814,0.0003547029340502504,0.0004002955950591616,0.0003274958008535736,0.00041820607,0.0003888651285414257,0.0003637122696414854,0.0004269753433184193,0.0003883010578212124,0.00045067084,0.0003916924276021478,P1 Distress
2007-04-23,0.0004122619061655,0.0003099198068381,0.0003173693741712,0.00033571012572972976,0.0003986852817850344,0.00033358948911964916,0.0004271998,0.0004465143060669283,0.0003382027188004419,0.00041466819475999137,0.0003750294569786467,0.0004799687,0.00043641114689521734,0.0003099198068381143,0.0003173693741712137,0.00033571012572972976,0.0003986852817850344,0.00033358948911964916,0.0004271998,0.00044651430606692827,0.0003382027188004419,0.00041466819475999137,0.0003750294569786467,0.0004799687,0.00043641114689521734,P1 Distress
2007-04-24,0.0002393966912338,0.0003506499850257,0.0003604494072776,0.0003466613563569502,0.0005164017854223202,0.00041738431332363215,0.000590859,0.00045738304371708015,0.00034682150739549496,0.0004964657170971809,0.0005869955179860628,0.0005648228,0.00046604957559317513,0.000350649985025758,0.00036044940727761294,0.0003466613563569502,0.0005164017854223202,0.00041738431332363215,0.000590859,0.00045738304371708015,0.00034682150739549496,0.0004964657170971817,0.0005869955179860628,0.0005648228,0.00046604957559317513,P1 Distress
2007-04-25,0.0006333144506884,0.0003344936120473,0.000332102705774,0.0003535911296061904,0.0004919115649911892,0.0003589218614455794,0.00052748155,0.00048305899001527546,0.00035148505645488565,0.0004878954256624827,0.0005067348409835222,0.00047215767,0.0004641299850623057,0.0003344936120473477,0.00033210270577407175,0.0003535911296061904,0.0004919115649911883,0.0003589218614455794,0.00052748155,0.00048305899001527557,0.00035148505645488565,0.00048789542566248184,0.0005067348409835222,0.00047215767,0.0004641299850623057,P1 Distress
2007-04-26,0.0008015489359181,0.0003212742000927,0.000339053590199,0.00035188203638300894,0.00045662335170732523,0.0003408170785497423,0.00048726882,0.000420191059353422,0.00035205877882063,0.0004534916841222539,0.0004608561824469564,0.00046302436,0.00040549175635542166,0.0003212742000927855,0.000339053590199065,0.00035188203638300894,0.0004566233517073261,0.0003408170785497423,0.00048726882,0.000420191059353422,0.00035205877882063,0.0004534916841222539,0.0004608561824469564,0.00046302436,0.00040549175635542166,P1 Distress
2007-04-27,0.0006183937454726,0.0003641262982231,0.0003610771257678,0.0003756521595254918,0.0005320466127191509,0.0004381695564619467,0.00056790875,0.0004626644628934155,0.00036139425230697383,0.0005074998361690042,0.0005621915968592437,0.0005226777,0.00046112816227186597,0.00036412629822319217,0.00036107712576788494,0.0003756521595254918,0.0005320466127191519,0.0004381695564619467,0.00056790875,0.0004626644628934155,0.00036139425230697383,0.0005074998361690051,0.0005621915968592437,0.0005226777,0.00046112816227186586,P1 Distress
2007-04-30,0.0007749837263547,0.000341562662596,0.0003317360788378,0.0003623509289040522,0.0004805380855239808,0.0003770213486925572,0.00047115603,0.00044447320174615935,0.0003644092202521881,0.0005083711312326299,0.00042189356777560383,0.0005567766,0.00045861422832876576,0.0003415626625960765,0.00033173607883788404,0.0003623509289040522,0.00048053808552397904,0.0003770213486925572,0.00047115603,0.00044447320174615935,0.0003644092202521881,0.0005083711312326309,0.00042189356777560383,0.0005567766,0.00045861422832876576,P1 Distress
2007-05-01,0.0008791976343538,0.0003210745889406,0.0003246384051998,0.0003426168714821595,0.00043329484728943986,0.0003407499217658725,0.00047473,0.0004363970670959618,0.00034834741099739713,0.0004711996998581497,0.00045206333380855155,0.00053285237,0.0004433089467814179,0.0003210745889406464,0.0003246384051998101,0.0003426168714821595,0.0004332948472894391,0.0003407499217658725,0.00047473,0.00043639706709596186,0.00034834741099739713,0.00047119969985815054,0.00045206333380855155,0.00053285237,0.0004433089467814179,P1 Distress
2007-05-02,0.0005240550216742,0.0004012589857487,0.0003672462907014,0.0003188558175435759,0.00046699330835875326,0.0003273299216352814,0.00045012505,0.00045815074722753353,0.00032962449442421363,0.00048308283422583844,0.00043466604839526035,0.000545344,0.0004572451331622338,0.00040125898574877654,0.0003672462907014908,0.0003188558175435759,0.00046699330835875576,0.0003273299216352814,0.00045012505,0.00045815074722753353,0.00032962449442421363,0.00048308283422583844,0.00043466604839526035,0.000545344,0.0004572451331622338,P1 Distress
2007-05-03,0.000376315023874,0.0004221354510286,0.0003891016839636,0.00030238572897572707,0.00045033353793483017,0.00033393739760109904,0.00044330672,0.0004740564798589792,0.0003219845900169125,0.00047843365601719337,0.00043339466397061913,0.0005221551,0.00047401465643816487,0.00042213545102866073,0.00038910168396366347,0.00030238572897572707,0.00045033353793483174,0.00033393739760109904,0.00044330672,0.0004740564798589792,0.0003219845900169125,0.00047843365601719337,0.00043339466397061913,0.0005221551,0.000474014656438165,P1 Distress
2007-05-04,0.0003730622558347,0.0003962089156838,0.000374575804342,0.00029769667372258804,0.00038522174726655613,0.00031123246928109125,0.0004149258,0.0004589219338753529,0.00031419185486600417,0.0004269817842854075,0.00037074304865331693,0.000437794,0.0004557760397989285,0.0003962089156838533,0.00037457580434208673,0.00029769667372258804,0.00038522174726655543,0.00031123246928109125,0.0004149258,0.0004589219338753529,0.00031419185486600417,0.00042698178428540826,0.00037074304865331693,0.000437794,0.0004557760397989285,P1 Distress
2007-05-08,0.0002303631115255,0.00042193883216,0.0003985888270907,0.00031934083703984704,0.0005249228134305998,0.0003838118689465338,0.0006504282,0.0004936545615432113,0.00033807289306803155,0.0005346344704419484,0.0005340287930075437,0.00065805827,0.000510616696900983,0.00042193883216001257,0.0003985888270907337,0.00031934083703984704,0.0005249228134306018,0.0003838118689465338,0.0006504282,0.0004936545615432112,0.00033807289306803155,0.0005346344704419484,0.0005340287930075437,0.00065805827,0.000510616696900983,P1 Distress
2007-05-09,0.0001447977380123,0.0004301728406061,0.0004078208180108,0.0003549802177582221,0.0005367892798606952,0.0004148330113488313,0.0005446493,0.0004745483548430691,0.0003879981044682742,0.0005460176610416571,0.0005962693597077457,0.0006035464,0.000498660594043658,0.0004301728406061294,0.00040782081801080664,0.0003549802177582221,0.0005367892798606952,0.0004148330113488313,0.0005446493,0.000474548354843069,0.0003879981044682742,0.0005460176610416571,0.0005962693597077457,0.0006035464,0.000498660594043658,P1 Distress
2007-05-10,9.7645143647768e-05,0.0004190313267056,0.0003989522924978,0.000393704996561251,0.0005357489849542748,0.00044409098059241126,0.0005113516,0.0005072197139533496,0.0004437531949722013,0.0005603118441604792,0.0006600531053435441,0.00060241594,0.0005265918519405374,0.00041903132670569504,0.00039895229249783856,0.000393704996561251,0.0005357489849542758,0.00044409098059241126,0.0005113516,0.0005072197139533496,0.0004437531949722013,0.0005603118441604792,0.0006600531053435441,0.00060241594,0.0005265918519405374,P1 Distress
2007-05-11,0.0001268919153065,0.0004017327793741,0.0003867015145357,0.00041143408306865755,0.0005049150173520396,0.00042223713764527794,0.0004981366,0.0004898603759531917,0.000481975028342098,0.000523169996836078,0.0006105672717952484,0.00053106516,0.0004979906430317534,0.0004017327793741546,0.0003867015145357309,0.00041143408306865755,0.0005049150173520405,0.00042223713764527794,0.0004981366,0.0004898603759531918,0.000481975028342098,0.000523169996836078,0.0006105672717952484,0.00053106516,0.0004979906430317534,P1 Distress
2007-05-14,0.0002550335588775,0.0003763448078851,0.0003758381395182,0.0004183034783563253,0.0005083584579355546,0.0004195574386482454,0.0005692323,0.0004994206498141067,0.0004907726788485286,0.0005494960274200516,0.0005601713710908727,0.00063713075,0.0005110099979908465,0.0003763448078851158,0.0003758381395182148,0.0004183034783563253,0.0005083584579355546,0.0004195574386482454,0.0005692323,0.0004994206498141067,0.0004907726788485286,0.0005494960274200516,0.0005601713710908727,0.00063713075,0.0005110099979908465,P1 Distress
2007-05-15,0.0002759121373995,0.0003538579271641,0.0003770075410236,0.00042051200635576986,0.000486942019341123,0.00039008313927713925,0.0005038955,0.00047378824447294736,0.0005021323466451724,0.0005323778092655271,0.0005350735214320274,0.00058149925,0.00047824577698837286,0.0003538579271641223,0.0003770075410236748,0.00042051200635576986,0.0004869420193411239,0.00039008313927713925,0.0005038955,0.00047378824447294747,0.0005021323466451724,0.0005323778092655271,0.0005350735214320274,0.00058149925,0.00047824577698837276,P1 Distress
2007-05-16,0.0004001669693791,0.0003417182327002,0.0003718657655594,0.0004251235254422909,0.0005169532584883287,0.0004007603542665757,0.00058386556,0.0005460924242787804,0.0005047685018581597,0.0005386029739676467,0.0005132405754469249,0.0005811089,0.0005240694802014086,0.00034171823270026875,0.00037186576555948194,0.0004251235254422909,0.0005169532584883287,0.0004007603542665757,0.00058386556,0.0005460924242787804,0.0005047685018581597,0.0005386029739676476,0.0005132405754469249,0.0005811089,0.0005240694802014086,P1 Distress
2007-05-17,0.0004114070884194,0.0003210726357529,0.0003506849648948,0.0004146231632485227,0.0004159884239059646,0.00036432303093648184,0.00048309282,0.0004468876438299005,0.0004885625522368581,0.0004191468450055048,0.0004146953447754637,0.00046758656,0.00043929244315051404,0.0003210726357529877,0.0003506849648948051,0.0004146231632485227,0.0004159884239059631,0.00036432303093648184,0.00048309282,0.0004468876438299005,0.0004885625522368581,0.0004191468450055048,0.0004146953447754637,0.00046758656,0.00043929244315051404,P1 Distress
2007-05-18,0.0003244298925913,0.0003208412860905,0.0003715004707491,0.00040757712392603155,0.0004222144588934815,0.00036652004143211073,0.0004627226,0.0004234660224400519,0.00047813340964006557,0.00042101889286524013,0.00040846733208944246,0.000426121,0.00041554775084904196,0.0003208412860905662,0.0003715004707491714,0.00040757712392603155,0.000422214458893483,0.00036652004143211073,0.0004627226,0.0004234660224400519,0.00047813340964006557,0.00042101889286524013,0.00040846733208944246,0.000426121,0.00041554775084904196,P1 Distress
2007-05-21,0.0001968287269452,0.000330903272332,0.0003895117629909,0.00039010557468337903,0.0004245996965862975,0.00035057704170648926,0.00045661174,0.00038273765561767285,0.00044927479654311125,0.0004126639834349253,0.0004131493584577817,0.000409802,0.00038231200321393524,0.00033090327233205194,0.00038951176299093084,0.00039010557468337903,0.00042459969658629825,0.00035057704170648926,0.00045661174,0.0003827376556176728,0.00044927479654311125,0.00041266398343492455,0.0004131493584577817,0.000409802,0.00038231200321393524,P1 Distress
2007-05-22,0.0001626720683178,0.0003174398169784,0.0003893130209339,0.0003811410336711991,0.00041436284982270785,0.0003485791965034413,0.00043969208,0.0003695259664542438,0.00042626847358189196,0.0003995303209819214,0.0004147665693853028,0.00038841108,0.0003615586193660834,0.00031743981697846874,0.0003893130209339107,0.0003811410336711991,0.00041436284982270785,0.0003485791965034413,0.00043969208,0.00036952596645424383,0.00042626847358189196,0.0003995303209819214,0.0004147665693853028,0.00038841108,0.00036155861936608343,P1 Distress
2007-05-23,6.867955066216287e-05,0.0003321560622264,0.000401687092954,0.0003724407529343524,0.0004263536283065511,0.0003300968734850483,0.00032749947,0.00034931769251050866,0.0004096818594962079,0.00040570448865876927,0.0003848808706145041,0.0003142714,0.0003433410720786703,0.00033215606222646184,0.00040168709295405566,0.0003724407529343524,0.0004263536283065533,0.0003300968734850483,0.00032749947,0.00034931769251050866,0.0004096818594962079,0.0004057044886587685,0.0003848808706145041,0.0003142714,0.0003433410720786703,P1 Distress
2007-05-24,5.590423840097618e-05,0.0003189827386945,0.0003966690458112,0.00038506463642544095,0.0004392395869239769,0.0003497261874238302,0.00045351102,0.0003719584431241586,0.00042177138646361955,0.00042994213433114495,0.00043069433679014657,0.0004178248,0.00035801830270808563,0.00031898273869452476,0.0003966690458112252,0.00038506463642544095,0.0004392395869239777,0.0003497261874238302,0.00045351102,0.0003719584431241587,0.00042177138646361955,0.00042994213433114495,0.00043069433679014657,0.0004178248,0.00035801830270808563,P1 Distress
2007-05-25,0.0001756535397754,0.0003015473607594,0.0003674265199074,0.0003695428186983442,0.00040868402062443383,0.0003320879348986554,0.00042186773,0.0003553923565685416,0.0003830275875251386,0.0003991913695156961,0.00043822322231051956,0.0004227863,0.0003561632705033346,0.00030154736075945816,0.00036742651990744697,0.0003695428186983442,0.0004086840206244324,0.0003320879348986554,0.00042186773,0.0003553923565685416,0.0003830275875251386,0.0003991913695156961,0.00043822322231051956,0.0004227863,0.00035616327050333463,P1 Distress
2007-05-28,0.0008063825825214,0.0002850501034735,0.0003644685654991,0.00035525032622934463,0.00039565250973987767,0.0003414241673592919,0.00044822268,0.00037645610974030934,0.00035302272097855315,0.000394334763185089,0.0004022875965957914,0.00044050117,0.00037122426448467214,0.00028505010347358806,0.0003644685654991763,0.00035525032622934463,0.00039565250973987696,0.0003414241673592919,0.00044822268,0.00037645610974030934,0.00035302272097855315,0.000394334763185089,0.0004022875965957914,0.00044050117,0.00037122426448467214,P1 Distress
2007-05-29,0.001433049354092,0.0002713508190554,0.0003559857403271,0.00033680683351055115,0.0004032175248756282,0.0003472663749457335,0.00043068462,0.000375852561451586,0.00032068368587522304,0.0004005696012955426,0.00041051599024901367,0.00041850438,0.0003665953343386403,0.00027135081905547113,0.0003559857403271269,0.00033680683351055115,0.0004032175248756282,0.0003472663749457335,0.00043068462,0.000375852561451586,0.00032068368587522304,0.0004005696012955433,0.00041051599024901367,0.00041850438,0.0003665953343386403,P1 Distress
2007-05-30,0.0014025802049995,0.0002777939654575,0.000343254980972,0.00033119585058709853,0.0004645034642312986,0.00040216853978428005,0.00052371714,0.00042841674032187904,0.00031051534502042546,0.00045378094108841947,0.0004558774813705151,0.0005186577,0.0004159136339093394,0.00027779396545755784,0.00034325498097208934,0.00033119585058709853,0.00046450346423129935,0.00040216853978428005,0.00052371714,0.00042841674032187904,0.00031051534502042546,0.0004537809410884211,0.0004558774813705151,0.0005186577,0.0004159136339093394,P1 Distress
2007-05-31,0.0014295157065124,0.0002638242056267,0.0003299325063273,0.0003280314338723818,0.00039010595846998667,0.00036948605034091365,0.0004454834,0.0003689054944819844,0.0003129970472767542,0.0003781155580428366,0.00041519731012907733,0.00041315876,0.0003522260276024309,0.00026382420562673234,0.0003299325063273048,0.0003280314338723818,0.0003901059584699873,0.00036948605034091365,0.0004454834,0.0003689054944819844,0.0003129970472767542,0.0003781155580428366,0.00041519731012907733,0.00041315876,0.00035222602760243095,P1 Distress
2007-06-01,0.001414793117421,0.0002774951237258,0.0003684307608478,0.0003127161619773571,0.0004084120286491346,0.0003527626767927078,0.00046038747,0.0003665525040251781,0.0003033961003733509,0.00036305895283329456,0.00038106482143001637,0.00038500383,0.00034092634205287286,0.00027749512372589547,0.000368430760847875,0.0003127161619773571,0.0004084120286491346,0.0003527626767927078,0.00046038747,0.0003665525040251781,0.0003033961003733509,0.00036305895283329456,0.00038106482143001637,0.00038500383,0.00034092634205287286,P1 Distress
2007-06-05,0.0008365840686972,0.0004554504145289,0.0004160454200471,0.0003444889704799821,0.0005530845459971158,0.000512247364595377,0.00055976515,0.00044845094552491686,0.0003230691347608741,0.0004585384216891144,0.000530382286518191,0.000455642,0.0004329501557056982,0.0004554504145289723,0.00041604542004719617,0.0003444889704799821,0.0005530845459971168,0.000512247364595377,0.00055976515,0.00044845094552491697,0.0003230691347608741,0.00045853842168911525,0.000530382286518191,0.000455642,0.00043295015570569826,P1 Distress
2007-06-06,0.0002399468307853,0.0006134818419289,0.0004634477152189,0.0004095213481068,0.0005559216237213495,0.0006514796602424169,0.00067092647,0.0005577839928023721,0.000382117477237094,0.0004909278556139738,0.00049552555923623,0.0005667653,0.0005621353922868123,0.0006134818419289699,0.0004634477152189714,0.0004095213481068,0.0005559216237213495,0.0006514796602424169,0.00067092647,0.0005577839928023723,0.000382117477237094,0.0004909278556139738,0.00049552555923623,0.0005667653,0.0005621353922868124,P1 Distress
2007-06-07,0.0004640297267471,0.0005744061381422,0.0004540586515813,0.0004566224159887703,0.0005502592793615588,0.0005395502995914143,0.0006446115,0.0005366704683035019,0.00045731558416688513,0.000549204686242121,0.0005131550407492883,0.00058228784,0.000527727199357411,0.0005744061381422974,0.00045405865158137617,0.0004566224159887703,0.0005502592793615588,0.0005395502995914143,0.0006446115,0.0005366704683035019,0.00045731558416688513,0.000549204686242121,0.0005131550407492883,0.00058228784,0.0005277271993574112,P1 Distress
2007-06-08,0.0006966234200908,0.0005411439824111,0.00044387366203,0.00048310769310058244,0.0005494844851408669,0.0005521942420313531,0.0006446115,0.000509364686044736,0.0004965001973594582,0.000536097664494134,0.0005244540863855694,0.0005944557,0.0004981307011282147,0.0005411439824111369,0.0004438736620300987,0.00048310769310058244,0.0005494844851408677,0.0005521942420313531,0.0006446115,0.000509364686044736,0.0004965001973594582,0.000536097664494134,0.0005244540863855694,0.0005944557,0.0004981307011282148,P1 Distress
2007-06-11,0.0005940963611882,0.0005225142900776,0.0004476147048239,0.0004883149869150822,0.0005343907145434549,0.0005267104865793964,0.0006067999,0.0004940356530363879,0.0005031773737513076,0.00047305095630529193,0.0005090912793833486,0.00048259363,0.00047577030719726847,0.0005225142900776342,0.000447614704823977,0.0004883149869150822,0.0005343907145434558,0.0005267104865793964,0.0006067999,0.0004940356530363879,0.0005031773737513076,0.00047305095630529106,0.0005090912793833486,0.00048259363,0.0004757703071972686,P1 Distress
2007-06-12,0.0005638350956675,0.0005034700427552,0.0004378237187662,0.0005076106074776897,0.0005430112318097913,0.0005007815465620548,0.0005332999,0.000486465075411772,0.0005143665684644393,0.0005026525807805653,0.0005938406138670559,0.0005024079,0.00047315929168685204,0.0005034700427552565,0.00043782371876625224,0.0005076106074776897,0.0005430112318097913,0.0005007815465620548,0.0005332999,0.000486465075411772,0.0005143665684644393,0.0005026525807805653,0.0005938406138670559,0.0005024079,0.0004731592916868521,P1 Distress
2007-06-13,0.0005845092379356,0.0004786402994417,0.0004150182472211,0.0005282690965387737,0.0005248112838086791,0.00045609244625532285,0.00056274916,0.0004941229437001441,0.0005431272138276226,0.0004978506883403145,0.0005381064693878644,0.00052430824,0.0004706078895077392,0.00047864029944171856,0.00041501824722116576,0.0005282690965387737,0.0005248112838086791,0.00045609244625532285,0.00056274916,0.0004941229437001441,0.0005431272138276226,0.0004978506883403145,0.0005381064693878644,0.00052430824,0.0004706078895077392,P1 Distress
2007-06-14,0.0006286355049162,0.0005018140822287,0.0004514148284331,0.0005292332513642877,0.0005221643645573237,0.0004166358900928202,0.0005200168,0.00047929183009608477,0.0005490954896875445,0.0005302806812980815,0.0005178793139312216,0.0005537175,0.0004878269095072619,0.0005018140822287597,0.00045141482843314513,0.0005292332513642877,0.0005221643645573246,0.0004166358900928202,0.0005200168,0.0004792918300960849,0.0005490954896875445,0.0005302806812980823,0.0005178793139312216,0.0005537175,0.00048782690950726205,P1 Distress
2007-06-15,0.0004946939643344,0.0005260797050411,0.0004777535673276,0.0005188287577030298,0.0005251899657320427,0.00040073557089217516,0.00053867785,0.0004946426786089575,0.0005430554611767391,0.0005199063225742776,0.0004857922363138478,0.00053930783,0.0004993563795751585,0.0005260797050411327,0.000477753567327637,0.0005188287577030298,0.0005251899657320436,0.00040073557089217516,0.00053867785,0.0004946426786089575,0.0005430554611767391,0.0005199063225742785,0.0004857922363138478,0.00053930783,0.0004993563795751585,P1 Distress
2007-06-18,0.0004933007803386,0.0004886487117806,0.000459002939605,0.0005078739427531792,0.0005123326584092241,0.00041083988508579803,0.00055135804,0.0004789976634734134,0.0005297779208563132,0.0005258287573993903,0.0004722996198828398,0.0005701085,0.0004794339403477237,0.0004886487117806406,0.00045900293960500293,0.0005078739427531792,0.0005123326584092232,0.00041083988508579803,0.00055135804,0.0004789976634734135,0.0005297779208563132,0.0005258287573993911,0.0004722996198828398,0.0005701085,0.00047943394034772376,P1 Distress
2007-06-19,0.0004692783308037,0.0004631002660653,0.0004666492151577,0.0005127492737071509,0.0005248356427121114,0.0004190663814539567,0.0005456407,0.0004479837752517561,0.0005356963951178194,0.0005006755631775489,0.0004933600277182403,0.0005170373,0.00043034440808073694,0.00046310026606538146,0.000466649215157758,0.0005127492737071509,0.0005248356427121123,0.0004190663814539567,0.0005456407,0.0004479837752517561,0.0005356963951178194,0.0005006755631775489,0.0004933600277182403,0.0005170373,0.00043034440808073694,P1 Distress
2007-06-20,0.0006689488685979,0.0004396847410449,0.0004669423790217,0.0005036595749093923,0.0004602471393212772,0.00038273699928171727,0.00045733125,0.0004124825490300862,0.0005287421926771934,0.00043605031610658226,0.0004389629191204681,0.00041981434,0.00039982072410795985,0.00043968474104490694,0.00046694237902175406,0.0005036595749093923,0.0004602471393212789,0.00038273699928171727,0.00045733125,0.00041248254903008614,0.0005287421926771934,0.0004360503161065838,0.0004389629191204681,0.00041981434,0.00039982072410795985,P1 Distress
2007-06-21,0.0004322036187155,0.0005009339287006,0.0004861198090138,0.0005331563201694076,0.0005566685562496787,0.0005208738262683958,0.000649762,0.0004471699071987675,0.0005682386972354844,0.0005269248141185158,0.0005300306847378527,0.00057159475,0.0004485421963411039,0.0005009339287006545,0.00048611980901382894,0.0005331563201694076,0.0005566685562496796,0.0005208738262683958,0.000649762,0.0004471699071987675,0.0005682386972354844,0.0005269248141185148,0.0005300306847378527,0.00057159475,0.0004485421963411038,P1 Distress
2007-06-22,0.0003061640194194,0.0005065344596571,0.0004859700857009,0.0005694039348086971,0.000551876715440297,0.0005619992772698225,0.00062205526,0.0004468130296974446,0.0006279804815196267,0.0005315162318704143,0.0005583988991663203,0.00058444025,0.0004417399742129285,0.0005065344596571687,0.000485970085700901,0.0005694039348086971,0.000551876715440297,0.0005619992772698225,0.00062205526,0.00044681302969744454,0.0006279804815196267,0.0005315162318704124,0.0005583988991663203,0.00058444025,0.0004417399742129284,P1 Distress
2007-06-25,0.0003121127277264,0.000470417397586,0.0004607104327092,0.0005715682745904409,0.0005217531382462405,0.0005033542784318803,0.00057168317,0.0004390979590113683,0.0006694222702307046,0.0005495524723446516,0.0004915312782141533,0.0007140727,0.000451457843493073,0.0004704173975860104,0.0004607104327092899,0.0005715682745904409,0.0005217531382462414,0.0005033542784318803,0.00057168317,0.00043909795901136826,0.0006694222702307046,0.0005495524723446526,0.0004915312782141533,0.0007140727,0.00045145784349307313,P1 Distress
2007-06-26,0.0003262873817986,0.0004368679119322,0.0004434901533693,0.0005310554500423333,0.0005176364905985195,0.0004742549381507663,0.00050118676,0.00040770987696773104,0.000623929939600778,0.0005378992515970851,0.0004410368482778654,0.0006572044,0.0004204091955576083,0.0004368679119322062,0.00044349015336937194,0.0005310554500423333,0.0005176364905985204,0.0004742549381507663,0.00050118676,0.00040770987696773104,0.000623929939600778,0.000537899251597086,0.0004410368482778654,0.0006572044,0.0004204091955576083,P1 Distress
2007-06-27,0.0001031256330607,0.0004866976001619,0.0005002691471979,0.0005424881308544112,0.0005575393974591592,0.0006360423567121146,0.0006169499,0.00042106465851698564,0.0006473914834647656,0.0005621211059622113,0.000538193331754898,0.00071346754,0.0004356786362644747,0.00048669760016197954,0.0005002691471979647,0.0005424881308544112,0.0005575393974591592,0.0006360423567121146,0.0006169499,0.00042106465851698575,0.0006473914834647656,0.0005621211059622122,0.000538193331754898,0.00071346754,0.0004356786362644747,P1 Distress
2007-06-28,9.234071969877252e-05,0.0004613943065657,0.0004910584225327,0.0005310227226303347,0.0005241440878194155,0.0005012670317104522,0.00054593635,0.0004079568186699748,0.0006653104887992951,0.0005492787797107239,0.0004994604205060657,0.0006657356,0.000421508669581397,0.00046139430656576714,0.0004910584225327051,0.0005310227226303347,0.0005241440878194165,0.0005012670317104522,0.00054593635,0.0004079568186699748,0.0006653104887992951,0.0005492787797107239,0.0004994604205060657,0.0006657356,0.000421508669581397,P1 Distress
2007-06-29,0.0001973350541824,0.000428655676283,0.0004601853911933,0.0004916400117039718,0.0004803636075844783,0.0004607519990880421,0.0005067731,0.00040823882074643653,0.000632535410206118,0.0005176089928706673,0.000390439647134068,0.0006167521,0.0004188250977080178,0.0004286556762830727,0.00046018539119332936,0.0004916400117039718,0.0004803636075844766,0.0004607519990880421,0.0005067731,0.0004082388207464364,0.000632535410206118,0.0005176089928706683,0.000390439647134068,0.0006167521,0.0004188250977080177,P1 Distress
2007-07-02,0.0001936702478577,0.0003996306323129,0.0004756880281764,0.0004496403029775574,0.000481331352581497,0.0004562034581265242,0.00050818437,0.00039786904482237576,0.0005777750544464967,0.0004932040262880966,0.00044726089510290884,0.0005465311,0.00039391531979643087,0.0003996306323129228,0.0004756880281764448,0.0004496403029775574,0.0004813313525814961,0.0004562034581265242,0.00050818437,0.00039786904482237587,0.0005777750544464967,0.0004932040262880966,0.00044726089510290884,0.0005465311,0.00039391531979643076,P1 Distress
2007-07-03,0.0004323102052193,0.0003747875886749,0.0004795357222887,0.000420732754051786,0.0004847639792909685,0.00045597398510413637,0.00051923783,0.0003793069873323276,0.0005309613969037006,0.0004986260607229505,0.00044710646937298006,0.00055083126,0.00037591185771854694,0.0003747875886749147,0.00047953572228875974,0.000420732754051786,0.00048476397929096677,0.00045597398510413637,0.00051923783,0.0003793069873323277,0.0005309613969037006,0.0004986260607229496,0.00044710646937298006,0.00055083126,0.00037591185771854684,P1 Distress
2007-07-04,0.0005487349876086,0.0003552792281362,0.0004563592296303,0.00039047529602898674,0.0004098651514043894,0.0004285074032450877,0.0003712801,0.00037979095583300424,0.0004898606723602979,0.0004672178509840882,0.0003863791510728049,0.00049105944,0.00038658545099023046,0.0003552792281362507,0.00045635922963032,0.00039047529602898674,0.0004098651514043886,0.0004285074032450877,0.0003712801,0.00037979095583300424,0.0004898606723602979,0.0004672178509840873,0.0003863791510728049,0.00049105944,0.0003865854509902305,P1 Distress
2007-07-05,0.0005123324867926,0.0003498596217682,0.000413250059839,0.00037311594431182766,0.0004532420870209227,0.0004420960108242871,0.0005080123,0.00041838174721594234,0.0004791958354186136,0.0004978954810915821,0.00046863014132128073,0.00062966533,0.00042433681705429416,0.0003498596217682827,0.000413250059839019,0.00037311594431182766,0.00045324208702092353,0.0004420960108242871,0.0005080123,0.00041838174721594223,0.0004791958354186136,0.0004978954810915821,0.00046863014132128073,0.00062966533,0.00042433681705429416,P1 Distress
2007-07-06,0.0004100619219582,0.0003509429838037,0.0003820929466382,0.000351992166657094,0.0004325074056345314,0.0003618529909610734,0.0004750067,0.00044439294008262996,0.00044800270577153927,0.0004712706454724324,0.00042696015740802665,0.00052713545,0.00046051642264845254,0.0003509429838037994,0.00038209294663820673,0.000351992166657094,0.0004325074056345329,0.0003618529909610734,0.0004750067,0.00044439294008263,0.00044800270577153927,0.0004712706454724333,0.00042696015740802665,0.00052713545,0.00046051642264845254,P1 Distress
2007-07-09,0.0004424772478168,0.0003320450392197,0.00037144158105,0.0003464218421039288,0.0004430535527825125,0.0003695950135032197,0.0005169393,0.0004893754985380864,0.0004243017352218603,0.00045690928984884054,0.00041709076919496625,0.00053694204,0.00047506010968609763,0.0003320450392197283,0.0003714415810500033,0.0003464218421039288,0.0004430535527825125,0.0003695950135032197,0.0005169393,0.0004893754985380864,0.0004243017352218603,0.0004569092898488414,0.00041709076919496625,0.00053694204,0.00047506010968609763,P1 Distress
2007-07-10,0.0002059820842704,0.0003932648698535,0.0004145011533891,0.0003738651847761933,0.0005472076208754816,0.0004722823427210243,0.0005615992,0.0004247784789957883,0.000464755254318983,0.0005534246182494118,0.0005631726439990535,0.0006021516,0.00043147777481243593,0.00039326486985358087,0.0004145011533891217,0.0003738651847761933,0.0005472076208754816,0.0004722823427210243,0.0005615992,0.0004247784789957883,0.000464755254318983,0.0005534246182494108,0.0005631726439990535,0.0006021516,0.00043147777481243593,P1 Distress
2007-07-11,8.586116316133623e-05,0.0004155536306936,0.0004199015954735,0.0004163970483603521,0.0005519997172834946,0.0005033748199318228,0.00062892016,0.0004169502266659412,0.0005255081565705344,0.0005521956362559575,0.0006174003033807172,0.0006447186,0.00042750859805292115,0.00041555363069369474,0.0004199015954735766,0.0004163970483603521,0.0005519997172834946,0.0005033748199318228,0.00062892016,0.0004169502266659412,0.0005255081565705344,0.0005521956362559575,0.0006174003033807172,0.0006447186,0.00042750859805292104,P1 Distress
2007-07-12,0.0001228856796752,0.0003911706632756,0.0004058229938896,0.0004375335620559687,0.0005351179066815771,0.0004453286728341177,0.0005516847,0.0004212919183750495,0.0005643323991275898,0.0005508690910731698,0.00059495660590877,0.0006141572,0.00042206706202189715,0.0003911706632756216,0.00040582299388963527,0.0004375335620559687,0.0005351179066815791,0.0004453286728341177,0.0005516847,0.0004212919183750495,0.0005643323991275898,0.0005508690910731698,0.00059495660590877,0.0006141572,0.00042206706202189715,P1 Distress
2007-07-13,0.000360073501258,0.0003676653709163,0.0003977924520065,0.0004430443061086248,0.0005220713500040447,0.000450727515799708,0.00057038706,0.0004271353212757122,0.0005673312963561016,0.0005411327449038015,0.0005763034526216978,0.00059764803,0.00042699547479520305,0.0003676653709163546,0.00039779245200659974,0.0004430443061086248,0.0005220713500040447,0.000450727515799708,0.00057038706,0.00042713532127571223,0.0005673312963561016,0.0005411327449038015,0.0005763034526216978,0.00059764803,0.000426995474795203,P1 Distress
2007-07-16,0.0003258756857173,0.0003506969702444,0.000386420092092,0.00043820544561153345,0.0005252631256503514,0.0004221918224978223,0.0005306795,0.0004297534916621635,0.0005510284197350973,0.0005273989180782865,0.0005609750706195899,0.0005623885,0.0004236023626033219,0.0003506969702444417,0.0003864200920920406,0.00043820544561153345,0.0005252631256503523,0.0004221918224978223,0.0005306795,0.00042975349166216357,0.0005510284197350973,0.0005273989180782874,0.0005609750706195899,0.0005623885,0.0004236023626033219,P1 Distress
2007-07-17,0.0007400284407414,0.000336719302542,0.0003503121738108,0.00043975562038759753,0.0005233899831307263,0.00039766554273059246,0.0005839273,0.0004681331783997986,0.0005331466210740111,0.0005182152473443599,0.0005459892290880972,0.00061898504,0.0004709582306778546,0.0003367193025420427,0.0003503121738108669,0.00043975562038759753,0.0005233899831307272,0.00039766554273059246,0.0005839273,0.0004681331783997987,0.0005331466210740111,0.000518215247344359,0.0005459892290880972,0.00061898504,0.0004709582306778546,P1 Distress
2007-07-18,0.000869200253645,0.0003269279773585,0.0003426746725101,0.0004499212097758818,0.0005091090569437929,0.00040337032608460003,0.00057974906,0.0004679081790019613,0.0005392920936083738,0.0004959413613211789,0.000474231305436054,0.00059005746,0.0004661301027859963,0.00032692797735850584,0.0003426746725101063,0.0004499212097758818,0.0005091090569437929,0.00040337032608460003,0.00057974906,0.0004679081790019613,0.0005392920936083738,0.0004959413613211789,0.000474231305436054,0.00059005746,0.0004661301027859964,P1 Distress
2007-07-19,0.0016296992284974,0.0003158352630451,0.0003504041067611,0.00044388039217286966,0.0004263983981935039,0.0003712330394501226,0.00049147743,0.0004081640453989331,0.0005282794600821391,0.0004132642853722774,0.0004289115788261417,0.00047022494,0.0004027884402148368,0.00031583526304515335,0.00035040410676116194,0.00044388039217286966,0.00042639839819350544,0.0003712330394501226,0.00049147743,0.0004081640453989331,0.0005282794600821391,0.00041326428537227816,0.0004289115788261417,0.00047022494,0.0004027884402148368,P1 Distress
2007-07-20,0.0015923345043346,0.000374899900498,0.000387280166457,0.0004734105756157052,0.0005412850906116317,0.00046254711596792705,0.0006084607,0.00044220572403560283,0.0005443335742377152,0.0005165116386471223,0.000575885779404078,0.00055261765,0.0004439653639402425,0.0003748999004980112,0.00038728016645703716,0.0004734105756157052,0.0005412850906116326,0.00046254711596792705,0.0006084607,0.0004422057240356027,0.0005443335742377152,0.0005165116386471232,0.000575885779404078,0.00055261765,0.00044396536394024263,P1 Distress
2007-07-23,0.0017399244110896,0.00035267164285,0.0003447199119107,0.00047135545869429605,0.000499473545699994,0.00038799347074296517,0.0005749851,0.000461629876005816,0.0005263118649709995,0.0004863981938936607,0.0005278801023169679,0.000575002,0.0004501102890278934,0.00035267164285004255,0.00034471991191073194,0.00047135545869429605,0.000499473545699994,0.00038799347074296517,0.0005749851,0.00046162987600581603,0.0005263118649709995,0.00048639819389366157,0.0005278801023169679,0.000575002,0.0004501102890278934,P1 Distress
2007-07-24,0.0026472894049131,0.0004640853728196,0.0004004521513601,0.0005097358975151651,0.0005597723902163615,0.0005338776228287442,0.00062077283,0.00046979418881187753,0.0005846267834320877,0.0005636547865242727,0.000513567183199334,0.0006376217,0.00047915153336881237,0.00046408537281969123,0.00040045215136011886,0.0005097358975151651,0.0005597723902163615,0.0005338776228287442,0.00062077283,0.00046979418881187753,0.0005846267834320877,0.0005636547865242718,0.000513567183199334,0.0006376217,0.0004791515333688125,P1 Distress
2007-07-25,0.0025849172248466,0.0004817947943237,0.0004146438450676,0.0005577678865901744,0.0005559236055482236,0.0005412939599793391,0.00062590867,0.0004465086016826723,0.0006491627637858981,0.0005479916478425084,0.0005558124972489339,0.0006094865,0.0004507644457824672,0.0004817947943237108,0.00041464384506769466,0.0005577678865901744,0.0005559236055482236,0.0005412939599793391,0.00062590867,0.0004465086016826723,0.0006491627637858981,0.0005479916478425084,0.0005558124972489339,0.0006094865,0.0004507644457824673,P1 Distress
2007-07-26,0.0023943770362422,0.0006881594866282,0.0004996919188475,0.0006340669457083395,0.0005575393974591592,0.0008534482707294812,0.0006809074,0.0006108134119095374,0.0007693177699260428,0.000559776398136238,0.00046683985355608067,0.0005362097,0.0006254304647614684,0.0006881594866282545,0.0004996919188475994,0.0006340669457083395,0.0005575393974591592,0.0008534482707294812,0.0006809074,0.0006108134119095376,0.0007693177699260428,0.0005597763981362359,0.00046683985355608067,0.0005362097,0.0006254304647614687,P1 Distress
2007-07-27,0.0023245670187258,0.0006975341867477,0.0004907105532431,0.0006751901304630215,0.0005575393974591592,0.0007463006054534415,0.00068992877,0.0006191344373068542,0.0008527929874011939,0.0005675763632183553,0.0004383672061932931,0.0005212734,0.0006452582838432039,0.0006975341867477833,0.0004907105532431092,0.0006751901304630215,0.0005575393974591592,0.0007463006054534415,0.00068992877,0.0006191344373068543,0.0008527929874011939,0.0005675763632183563,0.0004383672061932931,0.0005212734,0.000645258283843204,P1 Distress
2007-07-30,0.0023819513750352,0.0006899400686741,0.0004987968262424,0.000712731984978008,0.0005575393974591592,0.00081267557011242,0.00072331884,0.000611422647761416,0.0009222858610302599,0.0005661897389778044,0.00042917950619349664,0.00054364756,0.000635182517605309,0.0006899400686741347,0.0004987968262424378,0.000712731984978008,0.0005575393974591592,0.00081267557011242,0.00072331884,0.0006114226477614161,0.0009222858610302599,0.0005661897389778044,0.00042917950619349664,0.00054364756,0.000635182517605309,P1 Distress
2007-07-31,0.0013545429228103,0.0009789296311354,0.0006096055156849,0.0006983684736248682,0.0005417891023486611,0.0006861064181941108,0.000672553,0.0008463668917380443,0.0009010387316140466,0.0005547807458264546,0.0004249965766454472,0.0005371244,0.0008733257646206429,0.0009789296311354114,0.0006096055156849159,0.0006983684736248682,0.0005417891023486621,0.0006861064181941108,0.000672553,0.0008463668917380443,0.0009010387316140466,0.0005547807458264546,0.0004249965766454472,0.0005371244,0.0008733257646206429,P1 Distress
2007-08-01,0.002220560595484,0.0009242312764679,0.0006031154051332,0.0007025699724377437,0.000547754487100489,0.0007316943592241739,0.00060517713,0.0007927276850999608,0.0008907489407442775,0.0005572118641715788,0.0004620131902675296,0.00052850007,0.0008289534111449896,0.0009242312764679034,0.0006031154051332925,0.0007025699724377437,0.00054775448710049,0.0007316943592241739,0.00060517713,0.0007927276850999608,0.0008907489407442775,0.0005572118641715797,0.0004620131902675296,0.00052850007,0.00082895341114499,P1 Distress
2007-08-02,0.00208770449504,0.000996704817326,0.0006456121450549,0.0006774531953187871,0.0005417891023486611,0.0005644992274395441,0.00050455047,0.00086173503323437,0.0008605640758402991,0.0005434183769940946,0.00047673686560253156,0.00040867293,0.0008867128992474921,0.000996704817326049,0.0006456121450549862,0.0006774531953187871,0.0005417891023486621,0.0005644992274395441,0.00050455047,0.00086173503323437,0.0008605640758402991,0.0005434183769940946,0.00047673686560253156,0.00040867293,0.0008867128992474923,P1 Distress
2007-08-03,0.0036841935270381,0.0009530532357951,0.0006441455419809,0.0006842599996742933,0.0005574599042597278,0.0006153049078923844,0.00057170005,0.0008244386820486308,0.0008417335320960291,0.0005670421425737049,0.00047752446535272673,0.00051643414,0.0008500569061432714,0.000953053235795171,0.0006441455419809134,0.0006842599996742933,0.0005574599042597278,0.0006153049078923844,0.00057170005,0.0008244386820486308,0.0008417335320960291,0.0005670421425737049,0.00047752446535272673,0.00051643414,0.0008500569061432715,P1 Distress
2007-08-06,0.003868717632643,0.0009363160351155,0.0006559146788615,0.0007054324503873722,0.0005575393974591592,0.0006507797181533494,0.0005453083,0.0008100504121218486,0.0008768973936921335,0.0005670421425737049,0.0004683237786151831,0.00045553298,0.0008351284923959446,0.0009363160351155956,0.0006559146788615776,0.0007054324503873722,0.0005575393974591592,0.0006507797181533494,0.0005453083,0.0008100504121218488,0.0008768973936921335,0.0005670421425737049,0.0004683237786151831,0.00045553298,0.0008351284923959447,P1 Distress
2007-08-07,0.0036630884185702,0.0009285582320533,0.000655910088853,0.0006926112205637087,0.0005417891023486611,0.0006081689459913602,0.00050455047,0.0008028165862639488,0.0008516151997156887,0.0005547807458264546,0.00045681336773448905,0.0004784153,0.0008283882745097954,0.0009285582320533383,0.0006559100888530779,0.0006926112205637087,0.0005417891023486621,0.0006081689459913602,0.00050455047,0.0008028165862639488,0.0008516151997156887,0.0005547807458264546,0.00045681336773448905,0.0004784153,0.0008283882745097954,P1 Distress
2007-08-08,0.0027425878237765,0.001091369767364,0.0007225421231937,0.0006583945822429808,0.000538930938876957,0.0005741116800122479,0.00046623792,0.0009434631522946002,0.0007979768811456299,0.0005544142570512389,0.00046543327108618417,0.00043894033,0.0009745792974635477,0.001091369767364092,0.0007225421231937454,0.0006583945822429808,0.0005389309388769579,0.0005741116800122479,0.00046623792,0.0009434631522946004,0.0007979768811456299,0.000554414257051238,0.00046543327108618417,0.00043894033,0.0009745792974635479,P1 Distress
2007-08-09,0.0037704772524935,0.0011410014309446,0.0007287265543516,0.0006752225390005715,0.0005575393974591592,0.0008372693436583976,0.0004994723,0.0009871332378220416,0.0007872746024932478,0.0005670421425737049,0.00047332228988812515,0.0004851677,0.0010176935661780078,0.0011410014309446766,0.0007287265543516754,0.0006752225390005715,0.0005575393974591592,0.0008372693436583976,0.0004994723,0.0009871332378220419,0.0007872746024932478,0.0005670421425737049,0.00047332228988812515,0.0004851677,0.001017693566178008,P1 Distress
2007-08-10,0.0020787255874687,0.0015436463239137,0.0008242587661474,0.00073429792112445,0.0005575393974591592,0.001327642077236654,0.0004994723,0.0013354800024356845,0.0008928898381962251,0.0005670421425737049,0.0004294720139193356,0.00043793433,0.0013768246819819917,0.0015436463239137947,0.0008242587661474503,0.00073429792112445,0.0005575393974591592,0.001327642077236654,0.0004994723,0.0013354800024356847,0.0008928898381962251,0.0005670421425737049,0.0004294720139193356,0.00043793433,0.001376824681981992,P1 Distress
2007-08-13,0.0017160310572086,0.0014939827399527,0.0008338188672423,0.0007345341486970963,0.0005417891023486611,0.0008446019486281717,0.00046826366,0.0012916735664212065,0.0008845555770565072,0.0005547807458264546,0.0004254510453830653,0.00041359276,0.00133281655514499,0.0014939827399527228,0.0008338188672423191,0.0007345341486970963,0.0005417891023486621,0.0008446019486281717,0.00046826366,0.0012916735664212065,0.0008845555770565072,0.0005547807458264546,0.0004254510453830653,0.00041359276,0.00133281655514499,P1 Distress
2007-08-14,0.0016329483179395,0.0013902913669391,0.0008289486106654,0.0007469631250707212,0.0005547054338598549,0.001009594028224014,0.0005090604,0.001196031549821505,0.0009165040883960352,0.000566052838015859,0.0004287418564666701,0.00046104728,0.0012403999466254873,0.0013902913669391588,0.0008289486106654897,0.0007469631250707212,0.0005547054338598549,0.001009594028224014,0.0005090604,0.0011960315498215051,0.0009165040883960352,0.000566052838015858,0.0004287418564666701,0.00046104728,0.0012403999466254873,P1 Distress
2007-08-15,0.0018167377909227,0.0012756373180276,0.0008145751772451,0.0007504639875302779,0.0005512510410638056,0.0010466309788905515,0.00046498305,0.001119878523446348,0.0009468478402913453,0.00056859037535723,0.0004277858591261303,0.00043976074,0.0011496350057066302,0.0012756373180276015,0.0008145751772451598,0.0007504639875302779,0.0005512510410638056,0.0010466309788905515,0.00046498305,0.001119878523446348,0.0009468478402913453,0.000568590375357229,0.0004277858591261303,0.00043976074,0.0011496350057066307,P1 Distress
2007-08-16,0.0003326185580007,0.0016015324833946,0.0009056929959681,0.0007939570817394723,0.0005575393974591592,0.0016711260223474076,0.0004994723,0.0013855600027614717,0.0010183339591369332,0.0005670421425737049,0.00042766106563190955,0.00043793433,0.0014284550923186908,0.0016015324833946636,0.0009056929959681265,0.0007939570817394723,0.0005575393974591592,0.0016711260223474076,0.0004994723,0.0013855600027614721,0.0010183339591369332,0.0005670421425737049,0.00042766106563190955,0.00043793433,0.001428455092318691,P1 Distress
2007-08-17,0.0003036229539713,0.001457195200497,0.0008650199596884,0.0007877961904384594,0.000530292749838656,0.0008903744083165924,0.00046187738,0.0012605525332446447,0.001040513850945481,0.0005540735683451358,0.0004272295922444046,0.00047416927,0.0013058190976911696,0.0014571952004970889,0.0008650199596884557,0.0007877961904384594,0.000530292749838656,0.0008903744083165924,0.00046187738,0.0012605525332446447,0.001040513850945481,0.000554073568345134,0.0004272295922444046,0.00047416927,0.0013058190976911698,P1 Distress
2007-08-20,0.0003796487816236,0.0013258798826878,0.0008570625701899,0.000766205617032757,0.0005308699757821003,0.0009008157528428302,0.0004516968,0.0011532371700822748,0.0009926818701787717,0.0005551991962604851,0.00042693103140475073,0.00046525794,0.0011891522613837345,0.0013258798826878528,0.0008570625701899645,0.000766205617032757,0.0005308699757821013,0.0009008157528428302,0.0004516968,0.001153237170082275,0.0009926818701787717,0.0005551991962604851,0.00042693103140475073,0.00046525794,0.001189152261383735,P1 Distress
2007-08-21,0.0010437958541483,0.0012066810290785,0.0008458944382522,0.0007352571383094275,0.0005316108930190948,0.0008163927910973627,0.0004516968,0.0010466169939617159,0.00093354311440115,0.0005465752418643317,0.00043265748787741693,0.00048847275,0.0010923135460649829,0.0012066810290785003,0.0008458944382522428,0.0007352571383094275,0.0005316108930190957,0.0008163927910973627,0.0004516968,0.001046616993961716,0.00093354311440115,0.0005465752418643317,0.00043265748787741693,0.00048847275,0.0010923135460649833,P1 Distress
2007-08-22,0.0009225792215698,0.0011478784793756,0.0008709471481622,0.0007020265082412925,0.0005417891023486611,0.0007796841276926597,0.00050455047,0.0009924373619739498,0.0008735146958785255,0.0005536406102307075,0.00042951062519238183,0.00047079794,0.0010256879509966724,0.0011478784793756474,0.0008709471481622265,0.0007020265082412925,0.0005417891023486621,0.0007796841276926597,0.00050455047,0.0009924373619739498,0.0008735146958785255,0.0005536406102307066,0.00042951062519238183,0.00047079794,0.0010256879509966726,P1 Distress
2007-08-23,0.000922299570115,0.0010476594818025,0.000793722852111,0.0006679569254430884,0.0004115174800876729,0.0006152319622935274,0.00026371173,0.0009306419080579534,0.0008085621343441936,0.00047376812150981594,0.0004401683271422425,0.00036176696,0.0009753022580146534,0.0010476594818025309,0.0007937228521110749,0.0006679569254430884,0.00041151748008767217,0.0006152319622935274,0.00026371173,0.0009306419080579533,0.0008085621343441936,0.0004737681215098143,0.0004401683271422425,0.00036176696,0.0009753022580146535,P1 Distress
2007-08-24,0.0010114262472765,0.0009586547503382,0.0007803396731086,0.0006436815369321768,0.00042796949403862153,0.000640689847567104,0.0003503275,0.0008975209261835415,0.0007583831144817381,0.0004815034944798574,0.00044913096627641457,0.00053483027,0.0009222687150471985,0.0009586547503382414,0.0007803396731086076,0.0006436815369321768,0.00042796949403862077,0.000640689847567104,0.0003503275,0.0008975209261835415,0.0007583831144817381,0.0004815034944798574,0.00044913096627641457,0.00053483027,0.0009222687150471985,P1 Distress
2007-08-27,0.0009274873147601,0.0008966800350071,0.0007743783308672,0.0006118692539443479,0.0004366386453041226,0.0005930821063489572,0.00033850857,0.0007952559829772077,0.0007006714924957632,0.0004588213429661272,0.0004662287827273896,0.0004570582,0.0008381681408131966,0.0008966800350071606,0.0007743783308672599,0.0006118692539443479,0.0004366386453041249,0.0005930821063489572,0.00033850857,0.0007952559829772077,0.0007006714924957632,0.00045882134296612804,0.0004662287827273896,0.0004570582,0.0008381681408131967,P1 Distress
2007-08-28,0.0003213023074274,0.0010260080166838,0.0008319198174207,0.0006411340996023893,0.0005575393974591592,0.0008768441171066235,0.0005381777,0.0008876471037393365,0.0007192045434208461,0.0005439650022210671,0.000443544213087135,0.0005210741,0.0009254090583105234,0.0010260080166838304,0.0008319198174207026,0.0006411340996023893,0.0005575393974591592,0.0008768441171066235,0.0005381777,0.0008876471037393368,0.0007192045434208461,0.0005439650022210671,0.000443544213087135,0.0005210741,0.0009254090583105235,P1 Distress
2007-08-29,0.0007637903591296,0.000955667683091,0.0008153988044252,0.0006370466728612726,0.0005316166742033241,0.0007031560672098336,0.00041320614,0.0008191583646735368,0.0007567698831442994,0.0005531561619433366,0.0004449976221070356,0.0005489444,0.0008507897538724623,0.0009556676830910812,0.000815398804425216,0.0006370466728612726,0.0005316166742033241,0.0007031560672098336,0.00041320614,0.0008191583646735368,0.0007567698831442994,0.0005531561619433366,0.0004449976221070356,0.0005489444,0.0008507897538724623,P1 Distress
2007-08-30,0.0007416800370612,0.0008752791135337,0.0007558711320253,0.0006254120837405144,0.0005314629750775889,0.0006683782887662466,0.00041109463,0.0007595793595882898,0.000757838278474912,0.0005512857357147577,0.00045252259519054574,0.0005648955,0.0007861793471928976,0.0008752791135337355,0.0007558711320253623,0.0006254120837405144,0.0005314629750775899,0.0006683782887662466,0.00041109463,0.0007595793595882898,0.000757838278474912,0.0005512857357147567,0.00045252259519054574,0.0005648955,0.0007861793471928978,P1 Distress
2007-08-31,0.0008522628986689,0.000820198528991,0.0007659606238825,0.0006045880424173165,0.0005288121745325667,0.0006463569257776216,0.00045205274,0.0007029521902829735,0.0007332993940738035,0.0005527907463700327,0.00046152395663322417,0.00050293043,0.0007308946805958024,0.0008201985289910961,0.0007659606238825982,0.0006045880424173165,0.0005288121745325677,0.0006463569257776216,0.00045205274,0.0007029521902829735,0.0007332993940738035,0.0005527907463700317,0.00046152395663322417,0.00050293043,0.0007308946805958028,P1 Distress
2007-09-03,0.0011232209675944,0.0007531412295277,0.0007306298209285,0.0005854659389295285,0.0005279732317202504,0.0006325332586390139,0.00038306945,0.0006549131513947643,0.0007053668187190924,0.0005428838905734535,0.00047031524271113836,0.00048298357,0.0006740822319096798,0.0007531412295277407,0.0007306298209285482,0.0005854659389295285,0.0005279732317202504,0.0006325332586390139,0.00038306945,0.0006549131513947643,0.0007053668187190924,0.0005428838905734535,0.00047031524271113836,0.00048298357,0.00067408223190968,P1 Distress
2007-09-04,0.0012319426279638,0.0007063752326944,0.000708110143577,0.0005621442403407251,0.0004088963465484419,0.0005434537510807424,0.00025399926,0.0006200120796781365,0.0006735000317017437,0.00046517166785684286,0.0004894367415423169,0.00031679156,0.0006521837102204717,0.0007063752326944302,0.0007081101435770917,0.0005621442403407251,0.0004088963465484419,0.0005434537510807424,0.00025399926,0.0006200120796781365,0.0006735000317017437,0.00046517166785684373,0.0004894367415423169,0.00031679156,0.0006521837102204717,P1 Distress
2007-09-05,0.0007334526776613,0.0008135557782488,0.0007542887269358,0.0005917326613273193,0.0005590351475909576,0.0007697258654545196,0.00048807054,0.0007142425873167523,0.000686389142161138,0.0005476594153352283,0.0004526898768170844,0.0005024975,0.0007446631681374396,0.0008135557782488474,0.0007542887269358511,0.0005917326613273193,0.0005590351475909586,0.0007697258654545196,0.00048807054,0.0007142425873167523,0.000686389142161138,0.0005476594153352273,0.0004526898768170844,0.0005024975,0.0007446631681374397,P1 Distress
2007-09-06,0.0007315674025731,0.0007459962023859,0.0007122353494244,0.0005934875227048226,0.0005298221100202227,0.0006375227046681976,0.00041868773,0.0006686384930104761,0.0007226219537569774,0.0005609051709161077,0.00044318572195964156,0.00056604797,0.0006880544451714055,0.0007459962023859578,0.0007122353494244372,0.0005934875227048226,0.0005298221100202227,0.0006375227046681976,0.00041868773,0.0006686384930104765,0.0007226219537569774,0.0005609051709161066,0.00044318572195964156,0.00056604797,0.0006880544451714056,P1 Distress
2007-09-07,0.001786372003494,0.0007510765594262,0.0007052544447418,0.0006195974262346523,0.0005575393974591592,0.0007789500894544911,0.0004608953,0.0006497911535000082,0.0007621869072262884,0.0005563320486665267,0.00046060409530124984,0.0006265908,0.000670832494707918,0.0007510765594262786,0.0007052544447418345,0.0006195974262346523,0.0005575393974591592,0.0007789500894544911,0.0004608953,0.0006497911535000084,0.0007621869072262884,0.0005563320486665267,0.00046060409530124984,0.0006265908,0.0006708324947079182,P1 Distress
2007-09-10,0.0032022505170048,0.0007804926245094,0.0007048652729567,0.0006491626987875429,0.0005575393974591592,0.0008882656953435509,0.0005060902,0.0006752403552117981,0.0008362128398797094,0.0005670421425737049,0.00044905179761239595,0.0004760496,0.0006961448959402626,0.0007804926245094674,0.0007048652729567191,0.0006491626987875429,0.0005575393974591592,0.0008882656953435509,0.0005060902,0.0006752403552117984,0.0008362128398797094,0.0005670421425737049,0.00044905179761239595,0.0004760496,0.0006961448959402627,P1 Distress
2007-09-11,0.0032141963917786,0.0007577364199472,0.0006253059588793,0.0006343340675409443,0.0005417891023486611,0.0006828511033072785,0.00043937852,0.0006551267814455741,0.0008237117622027845,0.0005486947812908612,0.0004497645240559867,0.00044896101,0.0006758438124738484,0.0007577364199472237,0.0006253059588793368,0.0006343340675409443,0.0005417891023486621,0.0006828511033072785,0.00043937852,0.0006551267814455741,0.0008237117622027845,0.0005486947812908602,0.0004497645240559867,0.00044896101,0.0006758438124738484,P1 Distress
2007-09-12,0.0052359296474003,0.0007106991553227,0.0005882605093261,0.0006421255316609748,0.0005483311547856559,0.0006363310903474276,0.0005788176,0.0006206190810767558,0.0008280990776239578,0.0005590605802267383,0.000521673070178507,0.0005570995,0.0006424414561431023,0.0007106991553227776,0.0005882605093261298,0.0006421255316609748,0.0005483311547856559,0.0006363310903474276,0.0005788176,0.0006206190810767558,0.0008280990776239578,0.0005590605802267373,0.000521673070178507,0.0005570995,0.0006424414561431026,P1 Distress
2007-09-13,0.0057057698014369,0.0006525721258437,0.0005600654318265,0.000610582613936458,0.0005229041855384308,0.0005851331713159708,0.00052276056,0.0005729955236251225,0.0007958993701011671,0.0005537949665037212,0.0004271618737455465,0.00062354625,0.0005936522603194334,0.000652572125843735,0.0005600654318265706,0.000610582613936458,0.0005229041855384326,0.0005851331713159708,0.00052276056,0.0005729955236251223,0.0007958993701011671,0.0005537949665037221,0.0004271618737455465,0.00062354625,0.0005936522603194334,P1 Distress
2007-09-14,0.0045335993889067,0.0009728861002572,0.0006846822166652,0.0006503002536637967,0.0005575393974591592,0.0009820762974668846,0.0004994723,0.0008416888709629624,0.0008421356330164658,0.0005670421425737049,0.0004782600682983871,0.0005162746,0.0008677464357218423,0.0009728861002572002,0.0006846822166652899,0.0006503002536637967,0.0005575393974591592,0.0009820762974668846,0.0004994723,0.0008416888709629626,0.0008421356330164658,0.0005670421425737049,0.0004782600682983871,0.0005162746,0.0008677464357218424,P1 Distress
2007-09-17,0.0029412229251502,0.001386785107486,0.0007110701680321,0.0007026197128154715,0.0005575393974591592,0.001224286902565641,0.0004994723,0.001199772091593876,0.0009287189502136183,0.0005670421425737049,0.00043321796794218334,0.00043793433,0.0012369154352344265,0.0013867851074860578,0.0007110701680321248,0.0007026197128154715,0.0005575393974591592,0.001224286902565641,0.0004994723,0.0011997720915938764,0.0009287189502136183,0.0005670421425737049,0.00043321796794218334,0.00043793433,0.0012369154352344265,P1 Distress
2007-09-18,0.0032683735210169,0.0013043086143353,0.0007091731348794,0.0007105498914525926,0.0005417891023486611,0.0008757647239834254,0.00046826366,0.0011276843530640132,0.0009421146250965841,0.000546593420524814,0.00043131053910179545,0.00044574338,0.0011732140564897297,0.0013043086143353071,0.0007091731348794008,0.0007105498914525926,0.0005417891023486621,0.0008757647239834254,0.00046826366,0.0011276843530640132,0.0009421146250965841,0.000546593420524815,0.00043131053910179545,0.00044574338,0.0011732140564897303,P1 Distress
2007-09-19,0.0012045404642561,0.0017246813924088,0.0008323229463239,0.0006673741613303915,0.0005417891023486611,0.0008853969848976617,0.00046826366,0.0014911319291035115,0.0008527711408307006,0.0005547807458264546,0.000424099767843256,0.00041359276,0.0015386281585996052,0.001724681392408867,0.0008323229463239288,0.0006673741613303915,0.0005417891023486621,0.0008853969848976617,0.00046826366,0.0014911319291035115,0.0008527711408307006,0.0005547807458264546,0.000424099767843256,0.00041359276,0.0015386281585996052,P1 Distress
2007-09-20,0.0012632831098822,0.0017056716208885,0.0008460025668626,0.0006847649530750189,0.0005575393974591592,0.0012887712962210288,0.0004994723,0.001475655598779431,0.0008444553837506896,0.0005589834186974364,0.00042782778235667866,0.00045895606,0.0015340968949617633,0.0017056716208885198,0.0008460025668626161,0.0006847649530750189,0.0005575393974591592,0.0012887712962210288,0.0004994723,0.0014756555987794314,0.0008444553837506896,0.0005589834186974374,0.00042782778235667866,0.00045895606,0.0015340968949617642,P1 Distress
2007-09-21,0.0013063042133902,0.0015630260797578,0.0008242028513526,0.0006764959589573209,0.0005307362694034099,0.0008125257902916698,0.00045401682,0.0013397605779607413,0.0008494883820810851,0.0005527251822065234,0.0004245605191797796,0.0004347862,0.001391494760388022,0.0015630260797578255,0.0008242028513526269,0.0006764959589573209,0.0005307362694034099,0.0008125257902916698,0.00045401682,0.0013397605779607413,0.0008494883820810851,0.0005527251822065243,0.0004245605191797796,0.0004347862,0.001391494760388022,P1 Distress
2007-09-24,0.0013502816443312,0.0014554197745374,0.0008168514126918,0.0006889679790971052,0.0005574599042597278,0.0007191691780893518,0.00057170005,0.001257943278576005,0.00084430163680759,0.0005589834186974364,0.0004434789913653288,0.0004825163,0.0013081006182613854,0.0014554197745374445,0.0008168514126918127,0.0006889679790971052,0.0005574599042597278,0.0007191691780893518,0.00057170005,0.001257943278576005,0.00084430163680759,0.0005589834186974374,0.0004434789913653288,0.0004825163,0.0013081006182613859,P1 Distress
2007-09-25,0.0018597680109928,0.0014810205619234,0.0008501792867849,0.0007263363835582832,0.0005575393974591592,0.00098701436408879,0.0004994723,0.0012812995522381617,0.0008962044398571247,0.0005670421425737049,0.00043897520454581646,0.0004463223,0.0013209668773149108,0.0014810205619234513,0.0008501792867849635,0.0007263363835582832,0.0005575393974591592,0.00098701436408879,0.0004994723,0.001281299552238162,0.0008962044398571247,0.0005670421425737049,0.00043897520454581646,0.0004463223,0.0013209668773149108,P1 Distress
2007-09-26,0.0020769903865519,0.0013424920411682,0.0007815810249538,0.0007134922989521121,0.0005230359948008326,0.000859171007585995,0.0004444908,0.0011825332664274339,0.000906498377302932,0.0005540272504627567,0.0004266404415997946,0.00062644324,0.0012209807334184939,0.0013424920411682071,0.0007815810249538103,0.0007134922989521121,0.0005230359948008326,0.000859171007585995,0.0004444908,0.0011825332664274339,0.000906498377302932,0.0005540272504627557,0.0004266404415997946,0.00062644324,0.001220980733418494,P1 Distress
2007-09-27,0.0015754071897059,0.0013494441950715,0.0008117012337766,0.0006730815815345225,0.0005417891023486611,0.0007093029814649143,0.00050455047,0.0011667078537933183,0.0008311244694295722,0.0005547807458264546,0.0004350603603018609,0.00041359276,0.0012038703763690224,0.0013494441950715804,0.0008117012337766705,0.0006730815815345225,0.0005417891023486621,0.0007093029814649143,0.00050455047,0.0011667078537933183,0.0008311244694295722,0.0005547807458264546,0.0004350603603018609,0.00041359276,0.0012038703763690224,P1 Distress
2007-09-28,0.0015045023943732,0.0012541862380644,0.0008063869740943,0.0006434152472884058,0.0005417118548046157,0.0007067652094238452,0.00050988345,0.0010842285447649448,0.0007678388812889219,0.000546593420524814,0.00045042202846784323,0.0004897317,0.0011281294225776633,0.0012541862380644286,0.0008063869740943252,0.0006434152472884058,0.0005417118548046157,0.0007067652094238452,0.00050988345,0.0010842285447649448,0.0007678388812889219,0.000546593420524815,0.00045042202846784323,0.0004897317,0.001128129422577664,P1 Distress
2007-10-01,0.0013622890164589,0.0011750999948047,0.0008136743965502,0.0006169809211793156,0.0005429036223374052,0.0006493241700775467,0.00051963265,0.0010281710685949336,0.000707153261469897,0.0005583658749896585,0.0004427386714265271,0.0004423265,0.0010647071970377269,0.0011750999948047913,0.0008136743965502764,0.0006169809211793156,0.0005429036223374062,0.0006493241700775467,0.00051963265,0.0010281710685949336,0.000707153261469897,0.0005583658749896585,0.0004427386714265271,0.0004423265,0.0010647071970377267,P1 Distress
2007-10-02,0.0003650579389068,0.001333671925398,0.0008706411885678,0.0005774870032998692,0.0004582910869749056,0.0005458483709140819,0.00042497012,0.0011662871946123484,0.0006295330444368171,0.0004965031912798116,0.0004395903517657405,0.00034059712,0.0012118001066528247,0.0013336719253980078,0.0008706411885678363,0.0005774870032998692,0.00045829108697490817,0.0005458483709140819,0.00042497012,0.0011662871946123484,0.0006295330444368171,0.0004965031912798106,0.0004395903517657405,0.00034059712,0.0012118001066528247,P1 Distress
2007-10-03,0.0002291902154153,0.0012611972160405,0.000872149509548,0.0005517377692028887,0.0004582910869749056,0.0005436574374326269,0.00042497012,0.0011029085451505626,0.0005842568832747539,0.0004935893747138038,0.0004449575905667364,0.0003633935,0.0011476428661181012,0.0012611972160405753,0.0008721495095480783,0.0005517377692028887,0.00045829108697490817,0.0005436574374326269,0.00042497012,0.0011029085451505626,0.0005842568832747539,0.0004935893747138038,0.0004449575905667364,0.0003633935,0.0011476428661181012,P1 Distress
2007-10-04,0.000457967565647,0.0011498264582607,0.000849421345208,0.0005346249076505562,0.00044507204327452293,0.0005505296427880105,0.0004174824,0.0010135646603209503,0.000557586454092579,0.00048401488653522376,0.00045196362478765715,0.00038143108,0.0010463968190471422,0.0011498264582607005,0.0008494213452080198,0.0005346249076505562,0.00044507204327452445,0.0005505296427880105,0.0004174824,0.0010135646603209503,0.000557586454092579,0.0004840148865352229,0.00045196362478765715,0.00038143108,0.0010463968190471422,P1 Distress
2007-10-05,0.0007961033585285,0.0010580566225181,0.0008350434628683,0.0005145856435680685,0.00044484018094847187,0.0005359916207726049,0.00045195795,0.0009283347290578155,0.0005255919594407568,0.0004856083475268142,0.0004671981318110786,0.00038068608,0.0009631071021918568,0.001058056622518113,0.0008350434628683772,0.0005145856435680685,0.0004448401809484742,0.0005359916207726049,0.00045195795,0.0009283347290578155,0.0005255919594407568,0.0004856083475268133,0.0004671981318110786,0.00038068608,0.0009631071021918568,P1 Distress
2007-10-08,0.0009042487777979,0.0009711448145511,0.0008252143356114,0.0005159720770579847,0.0004723374231919126,0.0005771730675252171,0.00047002645,0.0008795549566226603,0.000505990737382035,0.0005040329303188807,0.00047194309608671953,0.00045516077,0.0008934285214623628,0.0009711448145511071,0.0008252143356114997,0.0005159720770579847,0.0004723374231919143,0.0005771730675252171,0.00047002645,0.0008795549566226603,0.000505990737382035,0.0005040329303188807,0.00047194309608671953,0.00045516077,0.0008934285214623629,P1 Distress
2007-10-09,0.0008932961412103,0.0009009542173543,0.0007862365938847,0.0005214655039338285,0.0004654030402840572,0.000668285959025961,0.00036944024,0.0008245733646232017,0.0004866746599631555,0.0004840268180456591,0.0004653550207836079,0.0004967934,0.000861113334499187,0.000900954217354365,0.0007862365938847884,0.0005214655039338285,0.0004654030402840581,0.000668285959025961,0.00036944024,0.0008245733646232017,0.0004866746599631555,0.0004840268180456591,0.0004653550207836079,0.0004967934,0.0008611133344991872,P1 Distress
2007-10-10,0.0009445312966089,0.0008516214675265,0.0007697209449546,0.0005385192277054014,0.0005140319403557764,0.000750678910467331,0.00036179225,0.000775662730387062,0.0004967104405883438,0.0005334222383832982,0.00046594983332085954,0.00051618053,0.0008159461162034132,0.0008516214675265825,0.0007697209449546611,0.0005385192277054014,0.0005140319403557773,0.000750678910467331,0.00036179225,0.0007756627303870621,0.0004967104405883438,0.0005334222383832972,0.00046594983332085954,0.00051618053,0.0008159461162034132,P1 Distress
2007-10-11,0.0008518228062997,0.000860005664168,0.000797506987693,0.0005801343165761716,0.0005521832441114339,0.0008787219659542166,0.0004596465,0.000761446624773646,0.000558364408548653,0.0005751990263089333,0.00045500650233243063,0.000595848,0.0008169482993103104,0.0008600056641680686,0.0007975069876930972,0.0005801343165761716,0.0005521832441114339,0.0008787219659542166,0.0004596465,0.000761446624773646,0.000558364408548653,0.0005751990263089333,0.00045500650233243063,0.000595848,0.0008169482993103107,P1 Distress
2007-10-12,0.0005749449484559,0.0009103261512993,0.0008293373825013,0.0006316770340130298,0.0005575393974591592,0.0010545869966605236,0.00045486848,0.0007875653586711214,0.0006556231849125047,0.0005670421425737049,0.00044835908410971985,0.0005504102,0.0008119473316820563,0.000910326151299352,0.0008293373825013333,0.0006316770340130298,0.0005575393974591592,0.0010545869966605236,0.00045486848,0.0007875653586711216,0.0006556231849125047,0.0005670421425737049,0.00044835908410971985,0.0005504102,0.0008119473316820564,P1 Distress
2007-10-15,0.0008128077960692,0.0008732971192566,0.0008310651690671,0.0006764222150656159,0.0005574599042597278,0.0010398943725465854,0.0004832016,0.0007554456550752323,0.0007611880986129387,0.0005670421425737049,0.0004349847468265234,0.00048001856,0.0007789466026529107,0.0008732971192566916,0.0008310651690671529,0.0006764222150656159,0.0005574599042597278,0.0010398943725465854,0.0004832016,0.0007554456550752323,0.0007611880986129387,0.0005670421425737049,0.0004349847468265234,0.00048001856,0.000778946602652911,P1 Distress
2007-10-16,0.0010380324400243,0.000809578287751,0.0007752174578161,0.0006832418781593374,0.0005510835263212489,0.000921299159866924,0.00041960794,0.0007152925688877845,0.0007927967513315402,0.0005613822603133518,0.000442538631800373,0.00044342672,0.0007356640632314263,0.0008095782877510377,0.0007752174578161862,0.0006832418781593374,0.0005510835263212489,0.000921299159866924,0.00041960794,0.0007152925688877845,0.0007927967513315402,0.0005613822603133518,0.000442538631800373,0.00044342672,0.0007356640632314264,P1 Distress
2007-10-17,0.000909931886354,0.0007700925747973,0.0007178009885855,0.0006638522664555392,0.0005417118548046157,0.0007450373072983494,0.00041095703,0.0006657355394007924,0.0007736895380463784,0.0005538841548566771,0.0004488019295613699,0.00047017378,0.0006881169821663729,0.0007700925747973987,0.000717800988585558,0.0006638522664555392,0.0005417118548046157,0.0007450373072983494,0.00041095703,0.0006657355394007924,0.0007736895380463784,0.0005538841548566771,0.0004488019295613699,0.00047017378,0.000688116982166373,P1 Distress
2007-10-18,0.0007609184501909,0.0007591439717,0.0007144944416724,0.0006804669534299691,0.0005575393974591592,0.000817513185822502,0.000415317,0.000656770645885065,0.0008263376965920745,0.0005670421425737049,0.0004699838116626277,0.00048064292,0.0006774642305952811,0.0007591439717000136,0.0007144944416724139,0.0006804669534299691,0.0005575393974591592,0.000817513185822502,0.000415317,0.0006567706458850653,0.0008263376965920745,0.0005670421425737049,0.0004699838116626277,0.00048064292,0.0006774642305952813,P1 Distress
2007-10-19,0.0007501517971935,0.0007374622768058,0.0006078555657743,0.0007027239268612262,0.0005551893871892086,0.0006973102223291982,0.0004828718,0.0006387428824507889,0.0008672929887918148,0.00055856648881513,0.0005131547726362956,0.00065000664,0.0006637432088018689,0.0007374622768058976,0.0006078555657743571,0.0007027239268612262,0.0005551893871892086,0.0006973102223291982,0.0004828718,0.000638742882450789,0.0008672929887918148,0.00055856648881513,0.0005131547726362956,0.00065000664,0.0006637432088018693,P1 Distress
2007-10-22,0.0003875503441762,0.0007892990078164,0.0006139192188584,0.0007282151931188363,0.0005575393974591592,0.0007703524240756868,0.0004426895,0.0006828591656984331,0.0009239566400932821,0.0005769630035658536,0.0004913671176090033,0.000595848,0.0007339570096169575,0.0007892990078164733,0.0006139192188584715,0.0007282151931188363,0.0005575393974591592,0.0007703524240756868,0.0004426895,0.0006828591656984332,0.0009239566400932821,0.0005769630035658536,0.0004913671176090033,0.000595848,0.0007339570096169575,P1 Distress
2007-10-23,0.0001504922151883,0.0007822890564169,0.0006268760923278,0.0007197653984684907,0.0005417891023486611,0.0006266663709680632,0.00046826366,0.0006763545979830924,0.0009195774820830099,0.0005574756388537757,0.0004921402853584078,0.00057749415,0.0007242698304735708,0.0007822890564169814,0.0006268760923278933,0.0007197653984684907,0.0005417891023486621,0.0006266663709680632,0.00046826366,0.0006763545979830924,0.0009195774820830099,0.0005574756388537767,0.0004921402853584078,0.00057749415,0.0007242698304735708,P1 Distress
2007-10-24,0.0002383441690687,0.0007194925396026,0.0006016546342139,0.0007014708312717069,0.0005403154159798048,0.0006434681539214403,0.00038409696,0.0006460805840269066,0.0009152516472082357,0.0005689231703830191,0.0004765100849238012,0.0005777008,0.0006881866794839185,0.0007194925396026881,0.0006016546342139347,0.0007014708312717069,0.0005403154159798058,0.0006434681539214403,0.00038409696,0.0006460805840269067,0.0009152516472082357,0.0005689231703830201,0.0004765100849238012,0.0005777008,0.0006881866794839185,P1 Distress
2007-10-25,0.0006703477459259,0.000661558974556,0.000572911901842,0.0006730130992353135,0.0005293042972483027,0.0005475232079719411,0.000534312,0.0005751417491411254,0.0008746115251454821,0.000551905893058323,0.0005531570673492091,0.00070667185,0.0006168427255314077,0.0006615589745560719,0.0005729119018420103,0.0006730130992353135,0.0005293042972483027,0.0005475232079719411,0.000534312,0.0005751417491411254,0.0008746115251454821,0.000551905893058323,0.0005531570673492091,0.00070667185,0.0006168427255314077,P1 Distress
2007-10-26,0.0008443524970127,0.0006324512755133,0.0005874976868146,0.0006494719301442435,0.000544669210988452,0.0005064741026281164,0.00058953563,0.0005566700031560217,0.0008261132146636565,0.0005600401117603766,0.0005801339273729485,0.0008257172,0.0005743045285514881,0.0006324512755133022,0.0005874976868146546,0.0006494719301442435,0.0005446692109884528,0.0005064741026281164,0.00058953563,0.0005566700031560216,0.0008261132146636565,0.0005600401117603756,0.0005801339273729485,0.0008257172,0.000574304528551488,P1 Distress
2007-10-29,0.0012753872254005,0.0005817895986026,0.0005224315996434,0.0006098360453808335,0.00042356010841685765,0.0004300969827598868,0.00044829884,0.00052927660201523,0.0007590120909669936,0.0004818384934822336,0.0004836977686401477,0.0006682096,0.0005723342032983175,0.0005817895986026762,0.0005224315996434498,0.0006098360453808335,0.0004235601084168584,0.0004300969827598868,0.00044829884,0.00052927660201523,0.0007590120909669936,0.00048183849348223273,0.0004836977686401477,0.0006682096,0.0005723342032983175,P1 Distress
2007-10-30,0.0012997864789667,0.0005441315225714,0.0005111649180667,0.0005877349415120577,0.0004592702612964617,0.0004897145550593086,0.00052713807,0.0005528080214643053,0.0007122931353209319,0.000498673331601646,0.000531884224517374,0.00069554744,0.0005785364644729093,0.0005441315225714893,0.000511164918066723,0.0005877349415120577,0.00045927026129646245,0.0004897145550593086,0.00052713807,0.0005528080214643053,0.0007122931353209319,0.000498673331601646,0.000531884224517374,0.00069554744,0.0005785364644729093,P1 Distress
2007-10-31,0.0021387504548344,0.0005222570217661,0.0005216057106627,0.0005599811056042066,0.0004186858182029559,0.00044958266823175256,0.00046725455,0.0004671898523433321,0.0006503620566663601,0.000480715744466635,0.0004992178497515696,0.0007044393,0.0004884538681810374,0.0005222570217661682,0.0005216057106627855,0.0005599811056042066,0.00041868581820295517,0.00044958266823175256,0.00046725455,0.00046718985234333205,0.0006503620566663601,0.00048071574446663325,0.0004992178497515696,0.0007044393,0.0004884538681810376,P1 Distress
2007-11-01,0.0020815528556505,0.0006207241346716,0.0005064683075403,0.0005855664575432137,0.0005552763308298732,0.0005713302097171044,0.0005629349,0.0005369502515500006,0.0007001332093070403,0.0005673500430429956,0.0004929724634551738,0.00056529266,0.0005555631366319531,0.0006207241346716916,0.0005064683075403417,0.0005855664575432137,0.0005552763308298742,0.0005713302097171044,0.0005629349,0.0005369502515500007,0.0007001332093070403,0.0005673500430429946,0.0004929724634551738,0.00056529266,0.0005555631366319532,P1 Distress
2007-11-02,0.0019239686985714,0.0006623506163842,0.000514058032841,0.000625546992756918,0.0005575393974591592,0.0006358459538316858,0.0006216775,0.0005730302265996924,0.0007736577245462862,0.0005670421425737049,0.0004888441142180685,0.0005790074,0.0005907704780792373,0.0006623506163842416,0.0005140580328410067,0.000625546992756918,0.0005575393974591592,0.0006358459538316858,0.0006216775,0.0005730302265996927,0.0007736577245462862,0.0005670421425737049,0.0004888441142180685,0.0005790074,0.0005907704780792373,P1 Distress
2007-11-05,0.0015104021361577,0.0007420166757707,0.0005514511214413,0.0006757496040563465,0.0005575393974591592,0.000798186933239379,0.00069354457,0.0006419530281088971,0.0008668002535872294,0.0005670421425737049,0.0004630184180926186,0.00056228717,0.0006618270375905346,0.0007420166757707412,0.00055145112144138,0.0006757496040563465,0.0005575393974591592,0.000798186933239379,0.00069354457,0.0006419530281088973,0.0008668002535872294,0.0005670421425737049,0.0004630184180926186,0.00056228717,0.0006618270375905346,P1 Distress
2007-11-06,0.0014979965496918,0.0006960651186573,0.0005415202787788,0.0006993239047579144,0.0005500558944198656,0.0007206808363797177,0.00065428694,0.0006089837079658491,0.0009443577254350622,0.0005677340566097033,0.0004322424458569944,0.0005603744,0.0006248425767646703,0.0006960651186573786,0.0005415202787788332,0.0006993239047579144,0.0005500558944198665,0.0007206808363797177,0.00065428694,0.0006089837079658491,0.0009443577254350622,0.0005677340566097013,0.0004322424458569944,0.0005603744,0.0006248425767646705,P1 Distress
2007-11-07,0.0011606824312509,0.0009171270661234,0.0006225512702512,0.0007464636097440551,0.0005575393974591592,0.001202175429485642,0.0006806399,0.0007934491453942269,0.0010353788453978494,0.0005670421425737049,0.00043146353290073205,0.00056228717,0.0008180132725940242,0.0009171270661234225,0.0006225512702512236,0.0007464636097440551,0.0005575393974591592,0.001202175429485642,0.0006806399,0.0007934491453942271,0.0010353788453978494,0.0005670421425737049,0.00043146353290073205,0.00056228717,0.0008180132725940243,P1 Distress
2007-11-08,0.0008078905869121,0.0009579953059669,0.0006388424236501,0.0007819598822565018,0.0005575393974591592,0.0011242306625582567,0.0004994723,0.0008288061544449974,0.001106223166810778,0.0005670421425737049,0.00043008131844959836,0.00043793433,0.0008544648874840839,0.0009579953059669743,0.0006388424236501516,0.0007819598822565018,0.0005575393974591592,0.0011242306625582567,0.0004994723,0.0008288061544449977,0.001106223166810778,0.0005670421425737049,0.00043008131844959836,0.00043793433,0.000854464887484084,P1 Distress
2007-11-09,0.0006813444355981,0.000902254693943,0.0006349788696541,0.0007734373721222878,0.0005417118548046157,0.0008323891959187037,0.00047321306,0.0007799880624834074,0.0010935538479571129,0.0005547807458264546,0.0004260028330020638,0.00044315276,0.0008049497478516687,0.0009022546939430624,0.0006349788696541584,0.0007734373721222878,0.0005417118548046157,0.0008323891959187037,0.00047321306,0.0007799880624834075,0.0010935538479571129,0.0005547807458264546,0.0004260028330020638,0.00044315276,0.0008049497478516687,P1 Distress
2007-11-12,0.0015179656771041,0.0008261252544396,0.0006076005780185,0.0007486742790418786,0.0005295912410010136,0.0006921688447742126,0.00065103633,0.0007185227800045899,0.0010455549133927427,0.0005555264943539826,0.0004256924522565036,0.0005663287,0.0007413675126398479,0.0008261252544396237,0.000607600578018513,0.0007486742790418786,0.0005295912410010144,0.0006921688447742126,0.00065103633,0.0007185227800045899,0.0010455549133927427,0.0005555264943539817,0.0004256924522565036,0.0005663287,0.0007413675126398482,P1 Distress
2007-11-13,0.0017902378105487,0.0007601579504592,0.0005875341841462,0.0007176056115388533,0.0005308699757821003,0.0006316804120863685,0.00066338,0.0006611778450292618,0.0009914801612658686,0.0005477773050981512,0.00043997791092824536,0.0005517619,0.0006825605509405036,0.0007601579504592826,0.0005875341841462067,0.0007176056115388533,0.0005308699757821013,0.0006316804120863685,0.00066338,0.000661177845029262,0.0009914801612658686,0.0005477773050981512,0.00043997791092824536,0.0005517619,0.0006825605509405036,P1 Distress
2007-11-14,0.002723349792659,0.0008772777754729,0.0006223382530265,0.0007367370038729949,0.0005575393974591592,0.0007832063506455713,0.0004860992,0.0007589736765316696,0.001039420366013193,0.0005670421425737049,0.000456324660717986,0.00043793433,0.000782470489200563,0.0008772777754729966,0.0006223382530265014,0.0007367370038729949,0.0005575393974591592,0.0007832063506455713,0.0004860992,0.0007589736765316698,0.001039420366013193,0.0005670421425737049,0.000456324660717986,0.00043793433,0.0007824704892005632,P1 Distress
2007-11-15,0.0027601150287144,0.0008156341933439,0.0006030878135591,0.000741180367535224,0.0005512510410638056,0.0006139836052567019,0.00040868824,0.0007160430344941051,0.0010395138152775004,0.0005638718987907934,0.0004498046065675042,0.00040204934,0.0007348083270087235,0.0008156341933439764,0.0006030878135591105,0.000741180367535224,0.0005512510410638056,0.0006139836052567019,0.00040868824,0.000716043034494105,0.0010395138152775004,0.0005638718987907944,0.0004498046065675042,0.00040204934,0.0007348083270087237,P1 Distress
2007-11-16,0.0046427187321649,0.0007484797670608,0.0005825509784385,0.0007241219709117165,0.0005353019850023957,0.0006015382577327751,0.0005926027,0.0006696571551474926,0.0009998514357808922,0.0005609793063694284,0.0004324216148042609,0.0005439053,0.0006865466416971371,0.0007484797670608145,0.00058255097843854,0.0007241219709117165,0.0005353019850023967,0.0006015382577327751,0.0005926027,0.0006696571551474928,0.0009998514357808922,0.0005609793063694284,0.0004324216148042609,0.0005439053,0.0006865466416971371,P1 Distress
2007-11-19,0.0038067698474647,0.0009417844804348,0.0006617714436654,0.0007504255787736649,0.0005575393974591592,0.000969645698305961,0.0004994723,0.0008147814176994132,0.0010305053036095409,0.0005670421425737049,0.00044797422185642393,0.00043793433,0.000840005963595742,0.0009417844804348096,0.0006617714436654926,0.0007504255787736649,0.0005575393974591592,0.000969645698305961,0.0004994723,0.0008147814176994135,0.0010305053036095409,0.0005670421425737049,0.00044797422185642393,0.00043793433,0.0008400059635957422,P1 Distress
2007-11-20,0.0035576598873654,0.0009542633259552,0.0006703805853498,0.0007740069396460756,0.0005575393974591592,0.001015372504852575,0.0005060902,0.0008255774455121913,0.0010720978594944042,0.0005670421425737049,0.00043337037457044707,0.00043793433,0.0008511362220293293,0.0009542633259552753,0.0006703805853498211,0.0007740069396460756,0.0005575393974591592,0.001015372504852575,0.0005060902,0.0008255774455121916,0.0010720978594944042,0.0005670421425737049,0.00043337037457044707,0.00043793433,0.0008511362220293294,P1 Distress
2007-11-21,0.0036104715890038,0.0013189588911392,0.0007481245198762,0.0008151744146800103,0.0005575393974591592,0.0014390090561396003,0.0004994723,0.001141092487225425,0.0011234053506928893,0.0005670421425737049,0.00042918438248825183,0.00050657196,0.001176419188584479,0.0013189588911392222,0.0007481245198762554,0.0008151744146800103,0.0005575393974591592,0.0014390090561396003,0.0004994723,0.0011410924872254252,0.0011234053506928893,0.0005670421425737049,0.00042918438248825183,0.00050657196,0.0011764191885844791,P1 Distress
2007-11-22,0.0035808215422735,0.0012234574466206,0.0007242110620932,0.0008276148612761571,0.0005453023988074128,0.001132192022886854,0.00040701882,0.0010511850098380185,0.0011575466215080477,0.0005637964779823865,0.0004279454354288099,0.0004544967,0.0010894452161810569,0.0012234574466206314,0.0007242110620932438,0.0008276148612761571,0.0005453023988074137,0.001132192022886854,0.00040701882,0.0010511850098380185,0.0011575466215080477,0.0005637964779823844,0.0004279454354288099,0.0004544967,0.0010894452161810573,P1 Distress
2007-11-23,0.0029265993357803,0.0016041263962639,0.0008424908857277,0.000780954998434486,0.0005417891023486611,0.0010939617963566179,0.00046826366,0.0013869020088667474,0.0010497573353902378,0.0005547807458264546,0.0004271254426595486,0.00041359276,0.0014310782583427625,0.0016041263962639693,0.0008424908857277381,0.000780954998434486,0.0005417891023486621,0.0010939617963566179,0.00046826366,0.0013869020088667474,0.0010497573353902378,0.0005547807458264546,0.0004271254426595486,0.00041359276,0.0014310782583427625,P1 Distress
2007-11-26,0.0034195211124429,0.0014612606492002,0.0008105434046219,0.0007563862238529163,0.0005505475334848227,0.0009313770157432776,0.00046075424,0.0012969219682312375,0.0010145156286865441,0.0005641874123415029,0.0004277813476462722,0.00043008485,0.0013191994016812515,0.0014612606492002515,0.00081054340462192,0.0007563862238529163,0.0005505475334848227,0.0009313770157432776,0.00046075424,0.0012969219682312377,0.0010145156286865441,0.0005641874123415029,0.0004277813476462722,0.00043008485,0.001319199401681252,P1 Distress
2007-11-27,0.0039179565170522,0.0013347471608161,0.000811792577134,0.0007276516888705078,0.0005301643809419331,0.0007833217660097765,0.00046187738,0.001153873746760419,0.0009408591514185784,0.0005536337330652776,0.0004265531114072781,0.00042800666,0.0011926703342988356,0.001334747160816198,0.0008117925771340372,0.0007276516888705078,0.000530164380941934,0.0007833217660097765,0.00046187738,0.001153873746760419,0.0009408591514185784,0.0005536337330652776,0.0004265531114072781,0.00042800666,0.0011926703342988359,P1 Distress
2007-11-28,0.0024993088631654,0.0016220386863847,0.0008965680575565,0.0006745466650891118,0.0005282166851573781,0.0006045082957983352,0.00053367694,0.0014407005543955957,0.0008357167632897627,0.0005548716372422874,0.0004285919302358327,0.00042428647,0.0014811169795860373,0.001622038686384742,0.0008965680575565019,0.0006745466650891118,0.000528216685157379,0.0006045082957983352,0.00053367694,0.0014407005543955957,0.0008357167632897627,0.0005548716372422885,0.0004285919302358327,0.00042428647,0.001481116979586037,P1 Distress
2007-11-29,0.0029942031769693,0.0014768868164816,0.0008753433533128,0.000639251574856129,0.0004568262172028363,0.0005590603290921687,0.0004769691,0.0013014037110284829,0.0007706888106024553,0.0004935686621709275,0.0004306035828826861,0.00040045366,0.0013539111930954567,0.001476886816481666,0.0008753433533128913,0.000639251574856129,0.0004568262172028378,0.0005590603290921687,0.0004769691,0.0013014037110284829,0.0007706888106024553,0.0004935686621709275,0.0004306035828826861,0.00040045366,0.001353911193095457,P1 Distress
2007-11-30,0.0019833643018552,0.0016561101065493,0.0009321216953157,0.0005928017245639692,0.0004706912374567372,0.0005899595435344496,0.00048356396,0.0014559190323188255,0.000690686026648542,0.0005046831549036023,0.00043012288037859523,0.0003853157,0.0015109026076666706,0.001656110106549373,0.0009321216953157772,0.0005928017245639692,0.0004706912374567389,0.0005899595435344496,0.00048356396,0.0014559190323188255,0.000690686026648542,0.0005046831549036023,0.00043012288037859523,0.0003853157,0.0015109026076666706,P1 Distress
2007-12-03,0.0017860600793187,0.0016562934688245,0.0009339610123514,0.0006090870500280013,0.0005590351475909576,0.0008175480345799562,0.0005774607,0.001455229106687566,0.0007139492413002269,0.0005707065078881107,0.0004314080529304609,0.0004540228,0.0015018514861772398,0.0016562934688245374,0.0009339610123514461,0.0006090870500280013,0.0005590351475909586,0.0008175480345799562,0.0005774607,0.001455229106687566,0.0007139492413002269,0.0005707065078881107,0.0004314080529304609,0.0004540228,0.0015018514861772398,P1 Distress
2007-12-04,0.0012960282423823,0.0016678129484189,0.0009484446657143,0.0006546909337540707,0.0005575393974591592,0.0010002246245472857,0.0004994723,0.001442902305995531,0.0007859382731635138,0.0005670421425737049,0.00043199277451687194,0.00043793433,0.001487572636774884,0.0016678129484189001,0.0009484446657143775,0.0006546909337540707,0.0005575393974591592,0.0010002246245472857,0.0004994723,0.0014429023059955312,0.0007859382731635138,0.0005670421425737049,0.00043199277451687194,0.00043793433,0.001487572636774884,P1 Distress
2007-12-05,0.0011367702517973,0.0015466589616125,0.0009161670335268,0.0006565048484907431,0.0005417891023486611,0.0008294824172210524,0.00047321306,0.0013372165846083648,0.0007887880721462546,0.0005547807458264546,0.00042804515981129777,0.00048172224,0.001379810230783406,0.001546658961612569,0.0009161670335268392,0.0006565048484907431,0.0005417891023486621,0.0008294824172210524,0.00047321306,0.0013372165846083648,0.0007887880721462546,0.0005547807458264546,0.00042804515981129777,0.00048172224,0.001379810230783406,P1 Distress
2007-12-06,0.0021257815095824,0.0015349720199021,0.0009473788460439,0.0006366512465116916,0.0005417891023486611,0.0008292276671287298,0.00046826366,0.0013271122418499618,0.0007464425619424341,0.0005547807458264546,0.0004273871557928861,0.00041359276,0.0013693840397879737,0.001534972019902176,0.0009473788460439771,0.0006366512465116916,0.0005417891023486621,0.0008292276671287298,0.00046826366,0.0013271122418499618,0.0007464425619424341,0.0005547807458264546,0.0004273871557928861,0.00041359276,0.0013693840397879737,P1 Distress
2007-12-07,0.00200472802491,0.0014423618093274,0.0009030387090946,0.0006102889170095375,0.0005417891023486611,0.0008166164629860046,0.00046826366,0.00124704293597306,0.0007075075251565062,0.0005486947812908612,0.00043168491343527614,0.00045696582,0.0012864780925409807,0.0014423618093274413,0.0009030387090946846,0.0006102889170095375,0.0005417891023486621,0.0008166164629860046,0.00046826366,0.00124704293597306,0.0007075075251565062,0.0005486947812908602,0.00043168491343527614,0.00045696582,0.0012864780925409807,P1 Distress
2007-12-10,0.0024261583292019,0.0013832144565547,0.0008992204419149,0.0005846487311148596,0.0005429036223374052,0.0006733366027940565,0.00051419775,0.0012093288083113946,0.0006687049113471568,0.0005583658749896585,0.0004519473724223947,0.00046610617,0.0012539385870873785,0.0013832144565547118,0.000899220441914971,0.0005846487311148596,0.0005429036223374062,0.0006733366027940565,0.00051419775,0.0012093288083113946,0.0006687049113471568,0.0005583658749896585,0.0004519473724223947,0.00046610617,0.0012539385870873785,P1 Distress
2007-12-11,0.0024696067555119,0.0012771102037265,0.0008766151893948,0.000591086377324001,0.00047657969676581776,0.000645004867625828,0.0004950172,0.0011427622692172055,0.0006961334679110273,0.0005161929457779335,0.00045544545370167737,0.00045610592,0.0011694593885318886,0.001277110203726547,0.0008766151893948765,0.000591086377324001,0.0004765796967658203,0.000645004867625828,0.0004950172,0.0011427622692172055,0.0006961334679110273,0.0005161929457779326,0.00045544545370167737,0.00045610592,0.0011694593885318888,P1 Distress
2007-12-12,0.0024676117925499,0.0011620171766265,0.0008540026150843,0.0005860965374975171,0.00046913047364994745,0.0006245023554336211,0.00048351512,0.0010642968347593918,0.0006911243250726606,0.0005038958304595506,0.00045344684529658683,0.0004971294,0.0010866343026125782,0.0011620171766265595,0.0008540026150843989,0.0005860965374975171,0.00046913047364994994,0.0006245023554336211,0.00048351512,0.0010642968347593916,0.0006911243250726606,0.0005038958304595516,0.00045344684529658683,0.0004971294,0.0010866343026125784,P1 Distress
2007-12-13,0.0009540582431104,0.001504995351269,0.0009643681013637,0.0006446533071568783,0.0005575393974591592,0.0012140111103669125,0.0004994723,0.001302041254037083,0.0007791091138183941,0.0005670421425737049,0.00043453875354968374,0.00049898145,0.0013423507145352215,0.0015049953512690244,0.000964368101363797,0.0006446533071568783,0.0005575393974591592,0.0012140111103669125,0.0004994723,0.0013020412540370833,0.0007791091138183941,0.0005670421425737049,0.00043453875354968374,0.00049898145,0.0013423507145352218,P1 Distress
2007-12-14,0.0011793298451266,0.001385286853922,0.0009277861029771,0.0006474894660429976,0.0005316166742033241,0.0008538141766124042,0.00045401682,0.001187409947977077,0.0007864651739054989,0.0005512361463103078,0.00043069975367174783,0.00046686025,0.0012350849920175781,0.0013852868539220736,0.0009277861029771693,0.0006474894660429976,0.0005316166742033241,0.0008538141766124042,0.00045401682,0.001187409947977077,0.0007864651739054989,0.0005512361463103078,0.00043069975367174783,0.00046686025,0.0012350849920175781,P1 Distress
2007-12-17,0.0005221459022507,0.0014784342662581,0.0009709026986735,0.0006921718470409235,0.0005575393974591592,0.0013636853502478285,0.0004994723,0.0012790620279504498,0.0008718302500501211,0.0005670421425737049,0.0004340516473997607,0.00043793433,0.0013186600822597714,0.0014784342662581512,0.0009709026986735652,0.0006921718470409235,0.0005575393974591592,0.0013636853502478285,0.0004994723,0.00127906202795045,0.0008718302500501211,0.0005670421425737049,0.0004340516473997607,0.00043793433,0.0013186600822597716,P1 Distress
2007-12-18,0.0005722735955459,0.0013760966627475,0.0009618124258146,0.0007223367944313368,0.0005516093826811497,0.0012144324918832966,0.0005090604,0.0011811833442719126,0.0009208766589311253,0.0005578462908070398,0.0004296339086763753,0.0004965727,0.001233464583270088,0.0013760966627475043,0.0009618124258146563,0.0007223367944313368,0.0005516093826811507,0.0012144324918832966,0.0005090604,0.0011811833442719126,0.0009208766589311253,0.0005578462908070407,0.0004296339086763753,0.0004965727,0.0012334645832700883,P1 Distress
2007-12-19,0.0006270344789015,0.0012497122203632,0.0009031733214859,0.0007034515522188545,0.0005258635086453629,0.0010638885092173211,0.00045002977,0.001112816447665501,0.0009270290484227024,0.000554158458803544,0.00042720929731439224,0.0004817117,0.001141143082117287,0.0012497122203632789,0.0009031733214859162,0.0007034515522188545,0.0005258635086453629,0.0010638885092173211,0.00045002977,0.0011128164476655012,0.0009270290484227024,0.0005541584588035429,0.00042720929731439224,0.0004817117,0.0011411430821172872,P1 Distress
2007-12-20,0.0006190374712158,0.0011417575206941,0.0008802250257282,0.0006866469649434266,0.0005485252218480572,0.0008571572595543416,0.00045458396,0.0010123471448870742,0.0009065433365143402,0.0005582819560487822,0.000443600332438731,0.0005180002,0.0010372135127037396,0.0011417575206941677,0.000880225025728291,0.0006866469649434266,0.0005485252218480582,0.0008571572595543416,0.00045458396,0.0010123471448870742,0.0009065433365143402,0.0005582819560487833,0.000443600332438731,0.0005180002,0.0010372135127037399,P1 Distress
2007-12-21,0.000301695389927,0.0011165188140622,0.0008638924626276,0.0006476663398136475,0.0005417891023486611,0.0007755575607167343,0.00046826366,0.0009653242972417059,0.0008385680632543573,0.0005547807458264546,0.00044265747652664296,0.0004495895,0.0009960722568722884,0.0011165188140622021,0.000863892462627602,0.0006476663398136475,0.0005417891023486621,0.0007755575607167343,0.00046826366,0.0009653242972417059,0.0008385680632543573,0.0005547807458264546,0.00044265747652664296,0.0004495895,0.0009960722568722884,P1 Distress
2007-12-24,0.0002394807705419,0.0010318603043165,0.0008313905519109,0.0006191224164962016,0.000508749095628482,0.0006501435389508966,0.00035383523,0.0009118656464064286,0.0007884789110291654,0.0005491706716769003,0.0004961492378617051,0.0005407225,0.0009511187014337957,0.0010318603043165107,0.000831390551910912,0.0006191224164962016,0.0005087490956284829,0.0006501435389508966,0.00035383523,0.0009118656464064286,0.0007884789110291654,0.0005491706716768994,0.0004961492378617051,0.0005407225,0.0009511187014337957,P1 Distress
2007-12-27,8.581803910104813e-05,0.0009910630363421,0.0007732739726313,0.0006291874334419042,0.0005416425103561559,0.0006940817748535063,0.00048956653,0.0008785300811506095,0.000795485699988871,0.0005559815834581525,0.0005071704973874798,0.0005893511,0.0009053172488500681,0.0009910630363421547,0.0007732739726313662,0.0006291874334419042,0.0005416425103561569,0.0006940817748535063,0.00048956653,0.0008785300811506095,0.000795485699988871,0.0005559815834581525,0.0005071704973874798,0.0005893511,0.0009053172488500681,P1 Distress
2007-12-28,0.0003175968419764,0.0009140266631257,0.0007718023750922,0.0006193419083181417,0.000518167796436993,0.0006159718114956755,0.00038811384,0.0008057754388972796,0.0007713456804545277,0.0005483632622282281,0.0005101294379942314,0.0005693451,0.0008341120168774498,0.0009140266631257543,0.0007718023750922032,0.0006193419083181417,0.000518167796436994,0.0006159718114956755,0.00038811384,0.0008057754388972796,0.0007713456804545277,0.0005483632622282272,0.0005101294379942314,0.0005693451,0.0008341120168774498,P1 Distress
2007-12-31,0.0003300789564429,0.0008377199061144,0.0007576152955876,0.0006072001988138069,0.0005214617104781071,0.000619216161304513,0.00043003287,0.0007694737713872643,0.0007398241098541689,0.0005543458132823447,0.0005155170657063175,0.000642265,0.0007904861537078089,0.0008377199061144761,0.0007576152955876235,0.0006072001988138069,0.0005214617104781081,0.000619216161304513,0.00043003287,0.0007694737713872642,0.0007398241098541689,0.0005543458132823447,0.0005155170657063175,0.000642265,0.0007904861537078089,P1 Distress
2008-01-02,0.0012422328054145,0.0009572327794313,0.0009607638675299,0.0012597278798590383,0.0008995777925478631,0.0009787391720795981,0.0005917649,0.0010508798695550638,0.0011094341194603746,0.000987056930836067,0.0011400733734828865,0.00081131584,0.0010502007447987555,0.0007664252123502392,0.0006770565855040633,0.0005862825839025729,0.00047657062320360504,0.0005970185117361029,0.00036542877,0.0006992785761825251,0.0006970076827241099,0.0005090501920639065,0.00046602489880042904,0.00048744713,0.0007320396352909896,P1 Distress
2008-01-03,0.0013027562960028,0.0008666010756233,0.0009428245849067,0.0012211751086048169,0.0008969465943703329,0.001006410453940588,0.00059677544,0.0009412967629194281,0.0010539861933331293,0.0009812070506146288,0.001122900350275555,0.000796047,0.0009524017998045054,0.0007040223421130882,0.0006738400985509801,0.0005617841546923484,0.00047473267644643555,0.0006062752722442255,0.00037337714,0.0006406797282907272,0.0006590761561663829,0.0005048448338782069,0.0004654349883268224,0.00050385843,0.0006687368987975249,P1 Distress
2008-01-04,0.0013313760206305,0.0007837081614245,0.0007407798373046,0.0012101275159929644,0.0008424348107985496,0.0008733724481411303,0.00064419943,0.0010314494876599322,0.0009709522833023815,0.0009499963369868453,0.0010782004462292613,0.00095162116,0.0010546726695801463,0.0006468428439435946,0.0005815745130330232,0.0005272211780563028,0.0004081115244577292,0.0005529512353774489,0.00032489852,0.0006401969691744563,0.0006029646550410988,0.00045542279429220436,0.00043373746981329093,0.00049753685,0.0006731925388518061,P1 Distress
2008-01-07,0.0011459293081379,0.0008476363468494,0.0008654944244913,0.001335837397077414,0.0010299918431510647,0.0011829770400938345,0.00081847253,0.000962599595917205,0.001133968865213022,0.0010593673035694576,0.0011399547797624535,0.0011648241,0.0009611503157544966,0.0006857697783739321,0.0006257425748773523,0.0005308085605568806,0.0005325906938140847,0.0006631997946477685,0.0004833196,0.0006284490693464768,0.0006054175591346739,0.0005398977903803962,0.0004836950134846568,0.00053290935,0.000654011535895128,P1 Distress
2008-01-08,0.0025571895987745,0.0007698863618776,0.0008009508999508,0.001194277349223657,0.0009085328618411206,0.0008829476376459683,0.0005754672,0.0008339289921194403,0.0010077897913452353,0.0010452430945608457,0.001326070357366162,0.00088425586,0.0008668306935043169,0.0006320921517658851,0.000587504450195517,0.000513754622444985,0.0004886694815470895,0.000534544461735876,0.00033462295,0.0005714063254605228,0.000573680643772175,0.0005445412538188075,0.000531094610464806,0.00058988365,0.0006159642145979038,P1 Distress
2008-01-09,0.0016398133121199,0.0011176125252751,0.0010210774154018,0.0015884054783807898,0.001340648510298185,0.0017819279357140171,0.0011637406,0.0012537068221416825,0.0015441716737301955,0.001325923030048336,0.0012522454226961699,0.0016195598,0.0012782392528937917,0.0008562342428767572,0.0006738185048852086,0.0005624266898203994,0.0005575393974591592,0.0008672554821306787,0.0004994723,0.0007407679408475866,0.0006480741852214194,0.0005670421425737049,0.0004989933845115593,0.00050657196,0.000763701128223409,P1 Distress
2008-01-10,0.0015716516954003,0.0010466674841836,0.0009578231406576,0.001677918634707112,0.0012498506834830055,0.0015602471161635149,0.0010450608,0.0011220276190989397,0.0020134252957466634,0.00129488276559104,0.0012505588416004592,0.0013261746,0.0011606746343300145,0.00080980071177295,0.0006391523293043084,0.0005968201052989129,0.0005453021364513916,0.0007580436052834425,0.00039554082,0.0006945235511456547,0.0007314292115175123,0.0005637964779823844,0.0004533451103430679,0.00046364256,0.0007207747206276247,P1 Distress
2008-01-11,0.0015930119509087,0.0009502365591251,0.0009320818445517,0.0014226754063999141,0.001230294771578972,0.0013881302264275894,0.0011390402,0.00102077018759618,0.0017313674270262656,0.0012812424591881857,0.0011808768126167146,0.0013472034,0.0010545376538962572,0.0007455437609111946,0.0006249412815690753,0.0006001907444395523,0.0005308699757821013,0.0006909283387021604,0.0004516968,0.0006484665679237395,0.0007566082491879667,0.0005517942521334067,0.00043997203786398203,0.0004683832,0.0006696505128410218,P1 Distress
2008-01-14,0.0033089757858624,0.0008913905867611,0.0009048871907188,0.0012420826791670662,0.0012381542642612264,0.0011200530966682428,0.00084333733,0.000945849710717364,0.0013806587388483025,0.0012940244075619104,0.0010856971179606994,0.0010683418,0.0009821979126792971,0.0007049545688833449,0.0006151927539245155,0.0005890337529532472,0.000532099176463038,0.0006005764544073282,0.00047610156,0.0006044490322587918,0.0007436954619027155,0.0005531561619433366,0.0004583154348710331,0.0004637452,0.000627953870692778,P1 Distress
2008-01-15,0.0032467518535411,0.001449869880486,0.0011542723803039,0.0016060726233329305,0.001340648510298185,0.002880400185953597,0.0035442954,0.0016264239343018962,0.0021255060941617826,0.001325923030048336,0.0011445490980822677,0.0028822022,0.0016582496624842425,0.0010673500478377397,0.0007196971584217705,0.0006388955554261622,0.0005575393974591592,0.0011765759879405974,0.0004994723,0.0009234140116189439,0.0008265898695879765,0.0005670421425737049,0.0004393503564434748,0.00043793433,0.0009520016777235091,P1 Distress
2008-01-16,0.0032453349714796,0.0013034193516506,0.0010511628905898,0.001534292832946193,0.0012342427548540332,0.0013477655761003498,0.0015332111,0.0014355630908755566,0.0019463477371137257,0.0012691189127861404,0.0010672212941930214,0.00095787365,0.001460530167112983,0.0009737704102146417,0.0006781569545806302,0.0006487284791704094,0.0005339442787082734,0.0007027959089170867,0.00047511674,0.0008712223781703922,0.0008472854239348201,0.000556456858117134,0.00043133643545821776,0.0004325017,0.0008932950048248608,P1 Distress
2008-01-17,0.005605326200713,0.0011717816709924,0.0008983536711002,0.0009765381405610052,0.0012303767042173611,0.0010423520228479987,0.0010974025,0.0012778636499954118,0.0015897948664632088,0.0012612578525154855,0.001149912938006751,0.0011547656,0.0013093354056896438,0.000888534252560146,0.000603038856179685,0.0006213864356018749,0.0005249178453979708,0.0005772846490949284,0.0006814547,0.0007747351256524657,0.0008045310561433513,0.0005450726798207567,0.00047687074443513073,0.00056533585,0.0008051292651484063,P1 Distress
2008-01-18,0.0056158618500125,0.0010688792549266,0.0009066234529863,0.0008888508791354596,0.0012305648317321438,0.0010550261688972867,0.0011393506,0.0011441673204151625,0.001380926354417627,0.0012595364302584397,0.0011999485715015051,0.0012210861,0.0011863021609890836,0.0008208916695395267,0.0006078543033443541,0.0006018561372704717,0.0005299297406685509,0.0005767458324516337,0.000701486,0.0007096515161993475,0.0007748674544116595,0.0005458590427979508,0.0004979643351663737,0.0005545023,0.0007393357065197389,P1 Distress
2008-01-21,0.0041136099301672,0.001777765587387,0.0011313157177659,0.0011864193808081495,0.001340648510298185,0.002984606266418017,0.0019115664,0.0019942482700138747,0.002067891105939701,0.001325923030048336,0.0011125627629156188,0.002593597,0.002033271554184135,0.0012818834894145843,0.0007017661013135688,0.0006440647204902434,0.0005575393974591592,0.0012035980492720475,0.0004994723,0.001109016838277559,0.0008305120261333339,0.0005670421425737049,0.0004347203375570215,0.00043793433,0.0011433505203292695,P1 Distress
2008-01-22,0.0028842135164154,0.0021413822745526,0.0012639219437618,0.0009682739020071208,0.0012933791578360534,0.0012291519854590964,0.00076816545,0.0023185487357199174,0.0016484705360825947,0.00131431733505994,0.001052413462055302,0.0009338699,0.0023851604483682946,0.0015174735537297976,0.0007642004018770993,0.0006215804814598909,0.0005417891023486621,0.0006595472278730686,0.00046826366,0.00131198334805264,0.0008045079184167911,0.0005547807458264546,0.00044554269943657766,0.0004495895,0.001353773253411065,P1 Distress
2008-01-23,0.002911349586514,0.0019164094277472,0.0011945020205554,0.000910820382273222,0.0012287534716048753,0.0011542842546597703,0.0007796904,0.0021032847041203076,0.001561403917664418,0.0012808772917548483,0.0010420837502523532,0.0009404374,0.0021479371045693076,0.0013765686061002534,0.0007275790240239431,0.0006032742226370475,0.0005270365915255853,0.0006534554923349281,0.00045002977,0.0012257767518373437,0.0007917570156971036,0.0005490767541836417,0.0004374234435910446,0.00045511912,0.0012590157231475898,P1 Distress
2008-01-24,0.0007282954882161,0.0026810549418327,0.0015807017078199,0.0007774647812040843,0.0012933791578360534,0.0012571692680250284,0.0006557516,0.0029028710191788226,0.0011566796526206197,0.00131431733505994,0.0009841912559487426,0.00086080097,0.0029862702625097167,0.0018712714148674593,0.0008879382536976828,0.0005493267278745805,0.0005417891023486621,0.000693764665136841,0.00046826366,0.0016178713164118593,0.0006947151293866525,0.0005547807458264546,0.0004287036630736523,0.00041359276,0.0016694045079689898,P1 Distress
2008-01-25,0.0013425130620023,0.0024274375035559,0.0015108421679511,0.0008337457098595565,0.0012514210480203747,0.0014623418425195483,0.00081506855,0.0026138416188537074,0.0011054967855011854,0.0012907544751361523,0.00106545164876157,0.0010775746,0.0026930876585800393,0.0017148030057300926,0.0008551012462655407,0.0005386343289379763,0.000546940754280514,0.0007799089094094222,0.0004741283,0.0014981908089885703,0.0006602998941370717,0.0005656570192182934,0.0004329675430041938,0.00044742782,0.0015361087334353398,P1 Distress
2008-01-28,0.0011281650299688,0.0023201461643014,0.0015070036888404,0.0009963706492496479,0.0012194178113283736,0.0012486237116607294,0.00093673414,0.0025945558952835805,0.0015324891555679207,0.001279092668008791,0.0010044711343020836,0.0011660273,0.002652115706203959,0.0016515780159939277,0.0008650763779965829,0.0005679707191766896,0.0005558474631212022,0.0007218250355102045,0.0005453083,0.0014292698242915677,0.000712561519366831,0.0005669463151797221,0.0004416055336881333,0.00042756114,0.001474519082779759,P1 Distress
2008-01-29,0.0028747903900749,0.0021216854246738,0.0014448284959652,0.0011099527691912758,0.0011733602056628527,0.001056195135769,0.00080514344,0.0022836763770838664,0.0013726508522480304,0.0012408056686404824,0.00095956110482025,0.00071049854,0.0023604084912907755,0.0015260352740593007,0.0008487784911736845,0.000565347552325831,0.0005398079217308206,0.0006318071520197923,0.0005056362,0.0013196201040703171,0.0007089783731949546,0.0005465010488664751,0.00045006114749186114,0.00042086904,0.0013729383555354567,P1 Distress
2008-01-30,0.0028862587827954,0.0019046170995042,0.0014256706381651,0.0010757837444871788,0.0011063281204569655,0.0010243160604680253,0.0007773701,0.0020352891098555414,0.00123209541582484,0.0012084828573994694,0.0009310573277552839,0.000661926,0.002091076778988405,0.0013874926684127318,0.0008387435448201007,0.0005597228043887896,0.0005280694152569314,0.0006235215032742363,0.00044974277,0.0012066768466509198,0.0006955971389753231,0.0005434907460809185,0.00044597029264526356,0.00041289796,0.0012397610563953311,P1 Distress
2008-01-31,0.0030253063780341,0.0017964677174413,0.0012784497906882,0.0012768269453248334,0.0013372510155971625,0.0016713185391900565,0.0015129257,0.002017973865836799,0.0014587298614398346,0.0013231583241420466,0.0010753595391436277,0.0015915163,0.002052959897298286,0.0013193897391995586,0.000815929940351578,0.0005854070164828426,0.0005575393974591592,0.0008689022278600458,0.0004608953,0.0011414652338577035,0.000738199410648433,0.0005670421425737049,0.0004549192564985332,0.00051084306,0.0011768034749553048,P1 Distress
2008-02-01,0.0025064024523014,0.0018728053505606,0.0014251266625495,0.0010719914979339903,0.0012314010945683551,0.0012805888957015234,0.0008694156,0.0020246181439632243,0.0012160550287698506,0.001291211516011231,0.0009632100031229906,0.000860042,0.0020860083240312583,0.0013672013259279257,0.0008665532306945596,0.0005733997092843182,0.0005417891023486621,0.0007171915946697996,0.00050034764,0.0011820603849365826,0.0007117091903101737,0.0005547807458264546,0.00044335343832591377,0.0004495895,0.0012197119234928946,P1 Distress
2008-02-04,0.0024607556807453,0.0017104251775036,0.0013868723077348,0.001024585344332529,0.0010604600463027783,0.0010095498994326202,0.00080295495,0.0018394034701611048,0.00116719601233743,0.0011792267721440317,0.0009621188933611141,0.00089808874,0.0018928576785126807,0.00126213217075643,0.0008531547017751641,0.0005616039435384668,0.0005173560242228251,0.0006267890148394179,0.0005117419,0.001111754041673157,0.0007034564396988134,0.0005473969258554343,0.00046870014384225534,0.0005980335,0.0011518910887179897,P1 Distress
2008-02-05,0.0011585646589956,0.0023765572636855,0.0017116419264622,0.0016778537653169671,0.001340648510298185,0.002914091876422899,0.0024731304,0.0026659562122922286,0.0018551822994741737,0.001325923030048336,0.001080872031173375,0.0023783825,0.0027181234215720575,0.001696346522885786,0.0009684036566581741,0.00062800762330181,0.0005575393974591592,0.0013110965196707406,0.0004994723,0.0014675880241605062,0.0008001682255140239,0.0005670421425737049,0.0004315867809818836,0.0004760496,0.001513022591847218,P1 Distress
2008-02-06,0.0011799019510788,0.002146576232416,0.0016412868764885,0.0015716947203173696,0.0012483728898792848,0.0020785877882722654,0.0018961712,0.002311365355413355,0.0019504747322455548,0.0012607552382692985,0.001135117903658813,0.0017880365,0.0023674141170925427,0.0015511036809480177,0.0009346629752035114,0.000654516468082525,0.000550476573434915,0.0009961209490659847,0.00046498305,0.0013558578372594246,0.0008402883202733673,0.0005578446744619037,0.00043113723074417214,0.00044838546,0.0013910022780971708,P1 Distress
2008-02-07,0.0009397420906213,0.0020747361396976,0.0017009864123451,0.0018343303649076327,0.001340648510298185,0.0025988136476785815,0.002748498,0.0023273816225729605,0.002253922255402505,0.0013261043660837627,0.001142980140828735,0.0029036412,0.002373270587416193,0.0015074281764744604,0.0009604593941988638,0.0006972655694892929,0.0005575393974591592,0.0011613306744939675,0.0004994723,0.0013041460039146613,0.0009076061700846993,0.0005670421425737049,0.0004327711590531614,0.0004851677,0.0013445206246615903,P1 Distress
2008-02-08,0.0008623276577034,0.0019109229882505,0.0016004445844171,0.0012990506012319602,0.0012913986982667769,0.0020662513972813886,0.001916876,0.002063243959978787,0.0018340963683159618,0.0013104553358554082,0.0011322290851277631,0.0019847546,0.002123395836494439,0.0014013917514680624,0.0009229580780973534,0.0006884854554475456,0.0005417891023486621,0.0009717444479960269,0.00047321306,0.0012116208796557415,0.000896623961885303,0.0005538841548566771,0.00042700094251082836,0.0005016093,0.0012522149861096262,P1 Distress
2008-02-11,0.0008723595199032,0.0017409898375806,0.0015829098719245,0.001289252610126839,0.0012508003536447086,0.0024335522035609895,0.0018836656,0.001872446412024689,0.0019856195516415897,0.0012938677964255774,0.001170469142061095,0.0019382029,0.001933996273623778,0.0012918748025261691,0.0009150880127227533,0.0006943546483327244,0.000546940754280514,0.0010957356826557763,0.00044783263,0.0011278597207289727,0.0009277765424309276,0.0005657561710968495,0.00042934710508874295,0.00046905098,0.001155403312270488,P1 Distress
2008-02-12,0.0002939950427398,0.0017855963421666,0.0015395903317572,0.0011049165627141633,0.0012350088885766108,0.0014033675673323152,0.0009448173,0.0019303398247248154,0.0015971759842906875,0.001291211516011231,0.0009611257544131315,0.0009358152,0.0019888713111612553,0.0013180939835620818,0.000924465198349105,0.0006713121236975475,0.0005417891023486621,0.0007745105149371941,0.00050034764,0.0011396029626686626,0.0008968228347466049,0.0005547807458264546,0.00043744862108198695,0.0004784153,0.0011759021276136995,P1 Distress
2008-02-13,0.0002337517573803,0.0016322820088267,0.0015120213284817,0.0011888132275528075,0.0012225946363293222,0.0015280487124241279,0.000946651,0.0017576257440726907,0.0017594189154521167,0.0012822467322778739,0.0009811995305769512,0.00094140973,0.0018132370760767238,0.0012188954693504548,0.0009094196227725839,0.0006709964846851185,0.000546940754280514,0.0008350562404443386,0.0005108696,0.0010649258154998198,0.0009205617002727909,0.0005659888285355732,0.0004390637266560568,0.00047722878,0.0010901333936114747,P1 Distress
2008-02-14,0.0001854015864737,0.0015073786596211,0.0013849221371592,0.0013844097295249407,0.001127845651418491,0.001306045631333244,0.0007551745,0.0016201322378521393,0.0019327609773071945,0.001243579767811456,0.0009878566276880591,0.0008445671,0.0016703270706003746,0.0011373385810521087,0.0008582161879315543,0.0006740156109555021,0.0005440562627281862,0.0007534891540769672,0.00041271187,0.0009780017278770389,0.0009393276378923855,0.000564727639102868,0.00046050138261287,0.00047019843,0.0010204269140355231,P1 Distress
2008-02-15,0.0003374871252132,0.0013937967009403,0.0013782824546606,0.0015247062866191388,0.0012225196448402379,0.0014978211058815196,0.0007463237,0.0014960856438527579,0.0022124861472473173,0.0012815518859287775,0.0009983379305688836,0.0008124028,0.0015462332402508697,0.0010624750015030741,0.0008578987785533315,0.000691079463692827,0.0005453021364513916,0.0008185706853182399,0.0003602182,0.000911229022547827,0.0009894130007473579,0.00056411358419414,0.0004469157371019533,0.00043920372,0.0009456710907373567,P1 Distress
2008-02-18,0.0007579248414628,0.0012716571717597,0.0013820651402169,0.0013917567586414366,0.0011044720041700842,0.001239788884475958,0.00077064784,0.0013514453939483249,0.0018393308272672728,0.0012395081654815866,0.0009476697258861304,0.00082453236,0.0014001206381118346,0.000980403026816423,0.0008591792156217471,0.0006824331368880302,0.0005268074038352745,0.0007163788446953706,0.00035317178,0.0008426910746381983,0.0009703046429648662,0.0005524197647809213,0.00044471271964976664,0.00041853794,0.0008743279405572115,P1 Distress
2008-02-19,0.0015473045171196,0.0011424514348986,0.0012126272112074,0.001333263618804923,0.0009371455441564099,0.001338494882759063,0.0007651423,0.001245011816702319,0.001613841746471811,0.00108990201202876,0.0009672324110012955,0.000859773,0.0012772277305771102,0.0008938193665621556,0.0008092891341916197,0.0006590003167557435,0.0004899411003042967,0.0007643661172338806,0.00036039238,0.0008087049554730678,0.0009263856060642738,0.0005303081308524751,0.00045252441648931596,0.00046109877,0.0008460145919323224,P1 Distress
2008-02-20,0.001613388936287,0.0010290487092482,0.0010524526870933,0.0012718585159470883,0.0009154852097009816,0.0011045877834921284,0.00058769644,0.0011355200191379546,0.001374118597294156,0.0011084055473099435,0.0010801279105417554,0.00081568124,0.0011665751971824453,0.000817259846366725,0.0007318074542951744,0.0006175031308161602,0.0004794745692690032,0.0006745072759757304,0.0003754238,0.0007580351459519252,0.00084035920974824,0.0005403752896219354,0.00045284314405878094,0.000494119,0.0007832791642552005,P1 Distress
2008-02-21,0.0021378760629878,0.0009481112301015,0.0009655125911987,0.0013279058854538564,0.0009253558252087647,0.0011352155427398116,0.0006750864,0.001277441589241498,0.001325121418103693,0.0010710891819996065,0.0011487170181123279,0.0008472762,0.0012955610363239154,0.0007617771379527075,0.000693562661123422,0.0006046337239127023,0.0005171746843991496,0.0006681085019207983,0.00042958526,0.0007825433455663794,0.0007974792869117533,0.0005489903694487208,0.0005105790967649306,0.00059806654,0.0007942795056567673,P1 Distress
2008-02-22,0.0021655564884596,0.0009678837152981,0.0010568624189348,0.0015573554113749155,0.0010441303925860495,0.0013388217285551336,0.0010808804,0.0010966617021500545,0.0015326365244997258,0.0011604613493234998,0.0010984468869237416,0.001315831,0.0011354235166263322,0.0007720166028990135,0.0007271110003505524,0.0006244013275481526,0.0005360577481458484,0.0007462059290939348,0.0004879556,0.0006985493703514098,0.000813746253557657,0.0005645411761670686,0.0004748636951082025,0.000628118,0.0007475787487737903,P1 Distress
2008-02-25,0.0020623110471824,0.0010599819242249,0.00097885874082,0.0013086733259065498,0.0011624479705407461,0.0009919856261840212,0.00083218416,0.0011589106473515896,0.0012848043314690545,0.0012610666513999081,0.0010543200734822698,0.0008585129,0.001184853058948124,0.0008268760592194804,0.0006647855509282166,0.0006048276389155366,0.0005443355610370693,0.0005717224965988414,0.00042056423,0.0007268255222317389,0.0007652871361183555,0.000558505525887534,0.0004845265688440812,0.0004567941,0.0007500351671677626,P1 Distress
2008-02-26,0.0014667260712784,0.0012671613682275,0.0011279551188283,0.0011552345525298697,0.0011635679635227235,0.0009516451375718736,0.00073936203,0.0013854262681180093,0.001082174750103918,0.0012620665217969193,0.0010336266209895293,0.0008417616,0.0014158724998834667,0.0009568276800285624,0.00072079003722177,0.000567624763101382,0.0005443355610370693,0.0005641180428571997,0.00052533543,0.0008410532273470363,0.000702864882676964,0.000558505525887534,0.0004928418602194211,0.0004573464,0.0008679104938875439,P1 Distress
2008-02-27,0.0021777207436257,0.0011747217117463,0.0010860377250353,0.0012669467420370261,0.0011812672549289655,0.001079476713740096,0.00066710036,0.0012579167365574775,0.0011391149110584883,0.0012572507800692227,0.001145732934476207,0.0007753665,0.0013005865781053818,0.0008968686203018827,0.000697637233414012,0.0005625379502998003,0.0005459834204335328,0.0006235574790268368,0.00043855965,0.000772908195064017,0.0006932195206712317,0.000561441085021672,0.0005172854018741786,0.00046057615,0.0008000661585656849,P1 Distress
2008-02-28,0.002593182142373,0.0013176249289735,0.0011784531384905,0.0016332797848559674,0.001340648510298185,0.0016708179911058933,0.0014684413,0.0014780752050638488,0.001490911480804137,0.001325923030048336,0.0012388936417853515,0.0014608761,0.0015069980576592388,0.0009898752228819383,0.0007357556205297419,0.0006064298332153104,0.0005575393974591592,0.0008368720939228592,0.0004994723,0.0008563869486072899,0.0007533310183874271,0.0005670421425737049,0.00048182313664960936,0.0004851677,0.0008828995462450171,P1 Distress
2008-02-29,0.0023475965448254,0.0013086565179654,0.0011956482524795,0.0018862853425086975,0.001340648510298185,0.001609181523752291,0.0020415052,0.001468014689625494,0.001896123825009577,0.001325923030048336,0.0012111268770992629,0.0015449718,0.0014967406788921032,0.0009847522091551975,0.0007430937557437099,0.000653943722373364,0.0005575393974591592,0.0008075434251602894,0.0005060902,0.0008519547919155166,0.0008263336359900555,0.0005670421425737049,0.00046171243401566886,0.0004851677,0.0008783301758938957,P1 Distress
2008-03-03,0.0020463082334022,0.0013569790156665,0.0012130391174083,0.0021094260210365195,0.001340648510298185,0.002222450044158771,0.0032614341,0.0015222215311387842,0.0022975944308287954,0.001325923030048336,0.0012903506797508212,0.0029369441,0.0015520082353685965,0.0010168477495392696,0.0007530247076217557,0.0006984889803341198,0.0005575393974591592,0.0009918247556461948,0.0004994723,0.0008797221319378214,0.0008989365787790303,0.0005670421425737049,0.0004522397162654258,0.0005921636,0.0009069571557258433,P1 Distress
2008-03-04,0.0019180326617845,0.001315731260053,0.0011218635344086,0.0021672043350486,0.001340648510298185,0.0026155905829957937,0.0037834183,0.0014759509396401985,0.0026342458300408164,0.001325923030048336,0.0012514765016126872,0.0030293218,0.001504832224786577,0.000990745219293505,0.0007184806511109028,0.0007359680755488015,0.0005575393974591592,0.0010727017046137728,0.0005060902,0.0008571396228383225,0.0009764292715675318,0.0005670421425737049,0.00043481946362715633,0.0005291335,0.0008836755222662885,P1 Distress
2008-03-05,0.0014246049831198,0.0014879662862541,0.0012458319236653,0.0016250796448629187,0.0012933791578360534,0.0020453492839899415,0.0025084678,0.001611072620141642,0.001989817728257417,0.00131431733505994,0.00118477060270974,0.0020333899,0.0016573586027372252,0.001099673658193705,0.0007673565590416566,0.0007186524259113543,0.0005417891023486621,0.0009005984713975349,0.00046826366,0.0009507602450771733,0.0009600362925780935,0.0005547807458264546,0.0004257182894384192,0.0004712467,0.0009810443037272332,P1 Distress
2008-03-06,0.0014010000736142,0.0017800883110325,0.0011767560043727,0.0018659603355825234,0.001340648510298185,0.00286958329366741,0.0035442954,0.0019968538371621424,0.0024139239273144666,0.001325923030048336,0.001187852194196651,0.0029747935,0.0020359281068535037,0.0012915503091060951,0.0007297572728696421,0.0007417304332588794,0.0005575393974591592,0.0011643129191707235,0.0004994723,0.0011173800521725866,0.0010016510912666371,0.0005670421425737049,0.00044485513306619865,0.0004760496,0.0011519726481712198,P1 Distress
2008-03-07,0.0015236267331001,0.00160301731497,0.0011234944742136,0.0017207487318368724,0.0012420786987281237,0.0017840655495796665,0.0022591425,0.0017506925595138334,0.002129048682952557,0.001289798277221609,0.0012269348723302144,0.0019284162,0.0017890788930426949,0.0011790245741181312,0.0007045727516605839,0.0007456054956392205,0.0005460862115842329,0.0008339343359884665,0.00044985302,0.0010453902336763348,0.0010003819472961847,0.000567150975212799,0.0004320446140837764,0.00048166854,0.001065399395625055,P1 Distress
2008-03-10,0.0036941253499177,0.0014800774762741,0.0011000717727348,0.0016927236321431023,0.0012538470765683346,0.0016425632794018611,0.0018730528,0.001591643235928891,0.0019531930680046325,0.0012634887856489902,0.0012897987410602856,0.0013863513,0.0016348281873698933,0.0011007326207158644,0.0006981182875490011,0.0007486930317437006,0.0005456255486155988,0.0007952822427921104,0.00039554082,0.0009431280097617547,0.0009888401644343903,0.0005537565269004056,0.0004567290396031779,0.00049844204,0.0009811067690784693,P1 Distress
2008-03-11,0.0045471296987363,0.0013496245815628,0.0010828558876341,0.001495783963608908,0.0012293557717334331,0.0012445634459649112,0.0013278286,0.0014383491079168786,0.0016558945878108438,0.0012912162925095298,0.001095047414938629,0.0010541998,0.0014950341779570075,0.0010155586653799041,0.0006914050666932996,0.0007335241949910821,0.0005295875625696028,0.0006578553725976149,0.0004430709,0.0008722301074165152,0.0009525985292207029,0.0005516052636400654,0.0004488026278839669,0.00057728885,0.00090480348733979,P1 Distress
2008-03-12,0.0043617901962249,0.0013176709114653,0.0010866867429891,0.00135772577856333,0.0012933791578360534,0.001296657131080404,0.0013734327,0.001426687921245295,0.0014156659542519134,0.0013157427467070284,0.001102771988555191,0.0011682502,0.0014820734652030592,0.0009929275328209133,0.0007022077876675422,0.0007029393085493977,0.0005417891023486621,0.000677218459755868,0.00046826366,0.0008584692535050201,0.0008938831430993597,0.0005547807458264546,0.0004566627094730924,0.0006015031,0.0008858136164577526,P1 Distress
2008-03-13,0.0062405821568753,0.0016184346833035,0.0011319138107721,0.0017312358292332236,0.001340648510298185,0.0018834643687749206,0.0020783416,0.0018155152682712914,0.001877855570563069,0.001325923030048336,0.0011707478405601143,0.0016056035,0.0018510411199390501,0.0011890730958942723,0.0007256454573014623,0.0007339892076411028,0.0005575393974591592,0.0009079238528442893,0.0004994723,0.0010287222639023181,0.0009481274170800453,0.0005670421425737049,0.0004705463160651082,0.0005086914,0.0010605701330322352,P1 Distress
2008-03-14,0.0068354282854756,0.0015192177012407,0.0011308853313288,0.0018514788295253873,0.001337168393992212,0.001707747631528115,0.0025988566,0.0016994567338688379,0.0020632464733778147,0.0013092486100463561,0.0012041015754522195,0.0021040759,0.00172615383082397,0.0011264010750679696,0.0007215914723540681,0.0007538301583948663,0.0005575393974591592,0.0008254719755764827,0.0005305839,0.0009743932268509518,0.0009770055227253925,0.0005615676512762751,0.00044978032064541614,0.0005356317,0.0010043855244934792,P1 Distress
2008-03-17,0.0048556184452653,0.002367429249787,0.0014781958031239,0.002415528337442436,0.001340648510298185,0.0044002675406152525,0.002248208,0.0026557166587453675,0.00304147062044048,0.001325923030048336,0.0010382421750344435,0.0028298304,0.0027076835012936097,0.0016789776769163918,0.0008574039792353347,0.0008058847932907749,0.0005575393974591592,0.0016130120367635135,0.0004994723,0.0014525614302457158,0.0010614830035841239,0.0005670421425737049,0.0004279255690448353,0.00043793433,0.001497530794628038,P1 Distress
2008-03-18,0.0039479329358829,0.0024813014287433,0.0015768345191662,0.001789558360157356,0.0012933791578360534,0.0027162917066170917,0.001198008,0.0026865909739328597,0.0023797760293885442,0.00131431733505994,0.0010942172598950725,0.0017883441,0.002763776509523412,0.001754973335624787,0.0008928521462295017,0.0007843341707443319,0.0005417891023486621,0.0011001824668333026,0.00046826366,0.0015173218583986615,0.0010310651005911234,0.0005547807458264546,0.0004266359430386918,0.00041359276,0.0015656523017345974,P1 Distress
2008-03-19,0.004084071255132,0.0022683200200023,0.0015459062101581,0.001761389735682202,0.0012789882856901146,0.00342191004063795,0.0010994253,0.002493682288540893,0.0021289297442902847,0.001291890370037182,0.001092180080623846,0.0016978887,0.0025549207960004496,0.001622518806546946,0.0008792266148571548,0.0007836561484610442,0.0005486631223444301,0.0013033863263706956,0.00048691386,0.0013916598694437054,0.0010219880596787898,0.0005601556526029088,0.0004276553867174374,0.0004317076,0.001444403045549287,P1 Distress
2008-03-20,0.0012683182343931,0.0031867994563682,0.0018982321663351,0.0013787589088928064,0.0012933791578360534,0.002192476701987822,0.001198008,0.00345045811687181,0.0015047241740295504,0.00131431733505994,0.001041153656315689,0.0017883441,0.0035495894920486016,0.002216578352442791,0.0010171732769746974,0.0007259615033953616,0.0005417891023486621,0.0009938276806219933,0.00046826366,0.001916418168152615,0.0009055141112705876,0.0005547807458264546,0.0004267804813582531,0.00041359276,0.0019774608132388776,P1 Distress
2008-03-25,0.0019250917195752,0.003130124692344,0.0019558520863407,0.0013009529900571888,0.0012933791578360534,0.0018614100158726172,0.0011535572,0.0033890943874541344,0.0012663629073417055,0.00131431733505994,0.001036474499907619,0.0014581674,0.003486462787780309,0.0021861486253361186,0.001035821814026241,0.0006782521018067337,0.0005417891023486621,0.0009112737718535589,0.00046826366,0.0018901091131106917,0.0008245760494709025,0.0005547807458264546,0.0004268192506340428,0.00042151453,0.0019503137499082795,P1 Distress
2008-03-26,0.0021320695239093,0.0029244822096799,0.0018957752221731,0.0015189151262131357,0.0012090064063445098,0.0015083086112319915,0.0010729948,0.0032634178749505805,0.0015260609227663831,0.001273908314336365,0.0009877363919360595,0.0011734875,0.0033222850720224777,0.0020613225036741276,0.0010241794088051142,0.000682932738852879,0.0005558474631212022,0.0008377998097043891,0.0005141021,0.001783123250812399,0.0008475834508780919,0.0005666675539062162,0.0004297528891994048,0.00042756114,0.0018403365375396388,P1 Distress
2008-03-27,0.0034205778506035,0.0026131264816747,0.0017990702331163,0.0014521136065903956,0.00110982124952809,0.001239012298885512,0.0007237592,0.0028152856097123334,0.0014435609301044236,0.001210725324980385,0.0009433306751036766,0.00066955545,0.0028745220844819713,0.0018646417557069467,0.0009895769392664437,0.0006683941578485465,0.0005273687702875302,0.0007261947121934475,0.0004466809,0.0016208676931653433,0.0008282277618365341,0.0005419681357338238,0.0004296465102110199,0.00040211802,0.0016679374071087013,P1 Distress
2008-03-28,0.0032091614849039,0.0024484552987912,0.0018254802202401,0.0016566105119545534,0.0012814501432901828,0.0016122092897634301,0.0010861389,0.0027414568570730212,0.0017499702621364417,0.0013012304568447435,0.0009976618595384959,0.0012265629,0.002800354864580801,0.0017620512748015248,0.001001652220854304,0.0006871368379960553,0.0005575393974591592,0.0008673218064784447,0.0005453083,0.0015244322512927876,0.0008700363558551373,0.0005670421425737049,0.0004301045938016836,0.00043793433,0.0015716266404298808,P1 Distress
2008-03-31,0.0032282401115845,0.0021906219484363,0.0015400920501524,0.0015264998465881513,0.0011761862899589903,0.0014864058601844411,0.0009332864,0.0023669206581096096,0.0015947846680162813,0.0012366923506252799,0.0009722707669701343,0.00085531914,0.002428492224889944,0.001596476932208765,0.0009186415693940485,0.000678499697321258,0.0005293042972483027,0.0008059577369045681,0.0004737947,0.0013879345161482391,0.0008616664116582096,0.0005425145182901407,0.00042973626392608195,0.00047436147,0.0014269813992119093,P1 Distress
2008-04-01,0.0019282842647806,0.0025163288209466,0.001760541605047,0.0012837171969366135,0.0012350088885766108,0.0015136223379272533,0.0009448173,0.002719405207925865,0.0012469152341109072,0.001291211516011231,0.0009696081078711745,0.0008003586,0.00280279147265527,0.0018048795137147926,0.0010048577957489405,0.000633427853212344,0.0005417891023486621,0.0008120115409429256,0.00050034764,0.0015604699412486744,0.0007829544281066093,0.0005547807458264546,0.00042833220547787464,0.00041359276,0.00161017475743879,P1 Distress
2008-04-02,0.0016675841332075,0.002432275024214,0.0017572678111951,0.0012107836683891416,0.0011081931062647628,0.0011453573380450614,0.0008736178,0.0026590324293527933,0.0010698573586847824,0.0012114078709221788,0.0009214298735057969,0.0008792751,0.002719466443179679,0.0017510714574868647,0.0009985448822818176,0.0005923610974545299,0.0005301456709041484,0.0006907505134487777,0.00052780006,0.0015445616652604995,0.0007180281819211103,0.000556192156345864,0.00043493898951447833,0.00045895253,0.0015962745620859136,P1 Distress
2008-04-03,0.0003903958123351,0.0027627989348835,0.0019339477804466,0.0016037581452737,0.001340648510298185,0.002694333145436951,0.001574119,0.0030992314371355557,0.0016379644563741397,0.001325923030048336,0.0010595696623496354,0.0018117065,0.003159876939954472,0.0019692072070661877,0.0010556247077098712,0.0006315141719943825,0.0005575393974591592,0.0012576922915616207,0.0004994723,0.0017036524526041525,0.0007877880821682102,0.0005670421425737049,0.0004315648399533813,0.00043793433,0.0017563952601211009,P1 Distress
2008-04-04,0.0006671588966379,0.0024724703005538,0.0018359663039445,0.0014172631604380894,0.001232698620045761,0.0014370838326571308,0.00093172566,0.002663604003260324,0.0015473272618502405,0.0012893549999868058,0.000964457721417762,0.0008710907,0.0027488328721972898,0.001783879277781016,0.0010136340094069928,0.0006346238312153337,0.0005314629750775899,0.0008047439922933064,0.00048669984,0.0015480751893293065,0.0007902795827572572,0.0005549312810399045,0.0004285896467886868,0.00044201355,0.0016007743907003537,P1 Distress
2008-04-07,0.0009600948557044,0.0022182938374677,0.0018305064354873,0.001289431325058246,0.0012296941273811563,0.0014067977999415284,0.00093172566,0.002376700193441719,0.0013697217474241282,0.0012582499946666075,0.0009629347791373648,0.0008056695,0.002453323564066774,0.001620020156637552,0.0010114076522067532,0.0006241862517423747,0.0005306436893783448,0.0007944042404682022,0.00049766945,0.0014008995128703535,0.0007727825888528687,0.0005437629901067135,0.0004318065394901522,0.00042291536,0.001446006148544058,P1 Distress
2008-04-08,0.0009027967997995,0.0020291612830584,0.0017047649803274,0.0014123774292299832,0.001263494618139332,0.0018529928240713506,0.0010437703,0.0022073370601514743,0.0014863615343802018,0.0012946493028651285,0.0010466928217749258,0.00087243086,0.0022639267293964598,0.0014978626930037178,0.0009781055146388766,0.0006361713866127933,0.0005462681281825242,0.000950570660969819,0.0004011326,0.0012833963797949774,0.0007974366239097176,0.0005641555952432838,0.0004334485392564381,0.00043468998,0.001335327945393429,P1 Distress
2008-04-09,0.0013674795897085,0.0019222715968659,0.0016383658959191,0.0015973974300955475,0.001340648510298185,0.00234191516443806,0.0026399877,0.002156351114986526,0.0017003361619120842,0.001324582151831924,0.001150888559270815,0.002364049,0.002197617265430066,0.0014282648952847045,0.0009549832769877851,0.0006580004048568434,0.0005575393974591592,0.0011014232675333683,0.0005060902,0.0012356581791336163,0.0008334434374000157,0.0005670421425737049,0.00043653036526328774,0.0005046644,0.001275114600259281,P1 Distress
2008-04-10,0.0013414477176959,0.0017362131269036,0.0013994410336045,0.001585385102705069,0.0010356779954007213,0.0015844918853701337,0.0008657927,0.0018906700140257113,0.001823132574761275,0.0011693373473448457,0.0009820022066026,0.000986723,0.0019827220140168638,0.0013061846843626015,0.0008944290805816427,0.000671137131244909,0.0005389328028902382,0.0008664849758411636,0.0004149852,0.0011864432633274951,0.0008727950266498216,0.0005713499887206482,0.00043763325960893763,0.0005935912,0.0012602422663196024,P1 Distress
2008-04-11,0.0015860909330354,0.0016994566386973,0.0015179042682423,0.0017790916208062716,0.001274131926990317,0.0022311813985737674,0.0015592513,0.0019097417198544629,0.0020881773962731468,0.001293825817317699,0.001061938720826014,0.0017599285,0.001993424257252744,0.0012807720778556379,0.0009339234937767718,0.0006997425006432467,0.0005573635248687214,0.001082551345326646,0.00046058075,0.001108055304609869,0.0009267296758482604,0.0005769630035658536,0.0004389485306466992,0.000595848,0.00119097025962865,P1 Distress
2008-04-14,0.0012733367668835,0.0016789825131448,0.0015914622785277,0.001987250446353478,0.001340648510298185,0.002863577547453061,0.002748498,0.0018834361492754354,0.0024015183117345124,0.001330781560991089,0.0011080597307489707,0.0031765357,0.001951680536112757,0.0012659199596512368,0.0009547126926720696,0.0007348318710812677,0.0005575393974591592,0.0012564067513435356,0.0004994723,0.001095206048566879,0.000988992210644342,0.0005670421425737049,0.0004341999331514057,0.00062994193,0.0011291121669906594,P1 Distress
2008-04-15,0.001603149140763,0.001522209575403,0.0015351889138483,0.001867197769010585,0.001246632526849336,0.0023688421551612327,0.001713097,0.0016488140786285331,0.0024297352282117626,0.0012940015579165078,0.0010785470137195576,0.0017215469,0.0017169830078688337,0.0011619895039457157,0.0009291795997642484,0.0007450245598474556,0.0005510835263212489,0.0010943293745489034,0.00041960794,0.001026661003479843,0.001027137997698014,0.0005693478384016204,0.0004292079173714707,0.0005944784,0.0010483434833839446,P1 Distress
2008-04-16,0.0009372839475024,0.0016325884727287,0.0016191929304472,0.0014268924832385242,0.0012933791578360534,0.0017278263646701214,0.0011574273,0.0017676600690958062,0.0018709079512412776,0.0013157427467070284,0.0010253505602064216,0.0012067807,0.0018352381281950228,0.0012282364790667038,0.0009547057708483653,0.0007101972532667555,0.0005417891023486621,0.0008826303742133793,0.00046826366,0.0010619136024121129,0.0009886353853394223,0.0005547807458264546,0.0004311943765272985,0.0006015031,0.0010957381696289873,P1 Distress
2008-04-17,0.0010098480283911,0.001463030101493,0.001474664507564,0.001243388118690353,0.0012303767042173611,0.0014324785389203838,0.0010374829,0.0016028401407577621,0.0015466242398353535,0.001262536895152002,0.000980358771856485,0.0011163079,0.0016550868487789586,0.001116174487845403,0.0008815518394329916,0.0006511212872602575,0.0005230359948008326,0.0008209098487900901,0.000431961,0.000983181592545035,0.0009086855989711938,0.000542061946759109,0.00042753543486596175,0.00061231555,0.0010123204639520074,P1 Distress
2008-04-18,0.0006654971922687,0.0015236850695097,0.0014995332781001,0.0010776426132678763,0.0011635679635227235,0.0011008170472822788,0.000699847,0.0016624600027985402,0.001261884265331168,0.0012637739338774599,0.0009901952199710543,0.0008417616,0.0016977600069650594,0.0011508687024906052,0.000894916675331582,0.0005900868213434381,0.0005426226844027043,0.0006645323706511929,0.00051419775,0.0010061915344439533,0.0008067416532226252,0.0005583658749896585,0.00047188987674712306,0.00049847673,0.0010427522728317022,P1 Distress
2008-04-21,0.0010684748356136,0.0013762492589798,0.0013568335231757,0.0011479409782710575,0.0010429229420457794,0.0009141285055571388,0.00067884685,0.0015093406784972615,0.0013190841632675701,0.00117600211287612,0.0010278378995720876,0.00080034643,0.0015483034047524028,0.0010535164058131281,0.0008336876899120576,0.0005647427074726818,0.0004779719218376582,0.0005997207264054753,0.00046685012,0.0009557458516357465,0.0007857618563379066,0.0005212410325081324,0.0004873657054775612,0.00050191034,0.0009717388367351875,P1 Distress
2008-04-22,0.0007102059476061,0.001406580715962,0.0014444810521846,0.0014306479985744687,0.0012080092589027377,0.0013086528195801984,0.0008700435,0.0015932036057057849,0.0016062369315960224,0.0012737541548483848,0.0010582890709014124,0.0011643473,0.0016121873438034603,0.001071705810681476,0.0008690264690840909,0.00058390730250098,0.0005590351475909586,0.0007623098103479715,0.0005774607,0.0009416069789955169,0.0008181488452273743,0.0005707065078881107,0.0004654417094919219,0.00054017414,0.0009717740212180165,P1 Distress
2008-04-23,0.0007073773404111,0.0012660231000957,0.0011117466692571,0.0013105049012105193,0.001108047536063933,0.001013961037465554,0.00073033705,0.0013821014141822195,0.0014866772481767678,0.001229204703237505,0.0010633867116608318,0.00082206464,0.0014097832996217577,0.0009779524758986012,0.0007246529460789221,0.0005816382660817513,0.000530873455670063,0.0006060512289684569,0.0004922824,0.0008628374377308102,0.0008088518676537222,0.0005526804675026481,0.00048604449271254756,0.0005845384,0.0008911353075083195,P1 Distress
2008-04-24,0.0010861333500525,0.0011764518254282,0.0010729894860984,0.0014029122794316125,0.001186548589665852,0.0012266879612192198,0.0008185365,0.001263546830336951,0.0015496344999240599,0.001247763283451296,0.0011101654108293217,0.00081836083,0.0013003444614421683,0.000917605981599603,0.0007040458807251419,0.0005926975949432921,0.0005453023988074137,0.0006786919373141351,0.00043855965,0.0007883998380650647,0.0008211866232643869,0.0005583533218560576,0.0004920435683095214,0.0005456349,0.0008168631640316618,P1 Distress
2008-04-25,0.0010579377288148,0.0011307120194361,0.001032245032277,0.0012098565915322555,0.0011636716595661446,0.001152919127384029,0.0006959103,0.0012245099280310207,0.0013629574654624276,0.001231150565131224,0.0011309444394110603,0.00091263326,0.001288738679180983,0.0008838162328554955,0.000695341743917108,0.0005749686838781698,0.000541618198098065,0.0006421746334766947,0.00039440478,0.0007641333698336697,0.0007920395929310192,0.0005574964698581938,0.0005044149312962939,0.0005557904,0.000823375690386981,P1 Distress
2008-04-28,0.0007686743112025,0.0011768302656203,0.0011249221477336,0.001124380194072005,0.0011991290630241217,0.0010714500340734507,0.0007528381,0.0012708894733392108,0.001186690147447797,0.0012824536272240852,0.0010937065058342387,0.000928812,0.0013408713699794993,0.0009092511765735463,0.0007294048463504623,0.0005532448785219229,0.0005421354119607349,0.0006156466503717741,0.00050034764,0.0007863512992609827,0.0007529787443582842,0.0005643916881623355,0.0005057927428503117,0.0006006037,0.0008459918992037354,P1 Distress
2008-04-29,0.0007764040388295,0.0010579161282206,0.001014251907101,0.0011275979556571634,0.0010196925333866408,0.0007931959762836046,0.00067424664,0.0011764648183098237,0.0011289086447104075,0.0010756880412234348,0.0011882899809624713,0.0007839783,0.0011833794770439937,0.0008298690803289089,0.0006815493624721377,0.0005240617576412085,0.00045743723988814764,0.0005245245477114275,0.0003222361,0.000748344152218168,0.0007100953405223734,0.0004946997104063114,0.0004893159760587653,0.0004995985,0.0007876255862632257,P1 Distress
2008-04-30,0.0008248440294509,0.0009555146499345,0.001031895295827,0.0011154980263090382,0.0009984674082211464,0.0008101049001963108,0.0006340144,0.001047249315459912,0.001066006763678666,0.0010484918581887997,0.001239897086148047,0.00073534466,0.001048187573803746,0.0007605937343886742,0.0006919897196355916,0.0005041232175574445,0.00046269054110565136,0.0005268918354142939,0.00030611028,0.000675015597168613,0.000672471843342835,0.00047718831036553045,0.0005315384379059086,0.00045501886,0.0006991233654007125,P1 Distress
2008-05-02,0.0004522966470545,0.001034857701691,0.0010146082248503,0.0010178610887350672,0.001052239726560341,0.0006859300119262545,0.0006264307,0.0011278844886381978,0.000935859422995724,0.0011691836971020775,0.0011700796257997695,0.0009028046,0.0011759361102483556,0.0008075352613235928,0.0006736813132771001,0.0004768953408735547,0.00045829108697490817,0.00045851433505426334,0.00036526637,0.0007061841945863679,0.0006202466293297633,0.0005003390461615841,0.0005247751457874187,0.0004978197,0.0007405660230493672,P1 Distress
2008-05-06,0.0005922205589333,0.0010181659129753,0.0009734092633793,0.0011181796050971622,0.0011449645910185347,0.0009294025821848866,0.0009772277,0.0011578636027018197,0.0010561981341019873,0.0012179901271416212,0.0011744289966665747,0.0015290385,0.0011888470794289244,0.0007955750498531627,0.0006528163998120866,0.0004907643025590001,0.0005395663868993914,0.0005638720303063444,0.000612401,0.000709193253801028,0.0006336596819350932,0.0005642290461622076,0.0005261912323356391,0.0007082854,0.0007288799694208951,P1 Distress
2008-05-07,0.0004713011464787,0.0009618472940261,0.0008189775383589,0.0011253506462026663,0.001101849532076911,0.0007427525250342925,0.0010077474,0.00105824109161291,0.0009453030488315321,0.0012134010156031932,0.0012766923518086639,0.0011539087,0.0011070773262341026,0.0007562845000509708,0.0005791054931354782,0.00047686531139645575,0.0005275110207335102,0.00046646326330156373,0.0005882484,0.0006716597581872907,0.0006009353703649063,0.0005589408065070547,0.0005574558390588703,0.0007352119,0.000694118291223225,P1 Distress
2008-05-08,0.0004864236612067,0.0008686426468408,0.0008013023327012,0.0011050379971786087,0.001057734099008247,0.0007234451642988916,0.00101018,0.0009660632166152347,0.0008897077204566356,0.0011869264862254428,0.0012875852442992587,0.0011545185,0.0010027417249618674,0.000693667498353832,0.0005680577004841758,0.00047321337708361937,0.000508563352719949,0.0004633091682943883,0.000557762,0.0006211948430925482,0.0005827996869584469,0.0005498818165188368,0.0005220481832959073,0.000702559,0.0006391228698800609,P1 Distress
2008-05-09,0.0004239709469963,0.0008189725437511,0.0008215243575727,0.0012092799458722,0.0011239131721030194,0.0008931408550665237,0.00094867265,0.0008927230675562345,0.0010562329518559693,0.0012404725006158026,0.001309237821390844,0.0010867668,0.0009154592279314104,0.0006597248705856898,0.0005785397368123097,0.0004877284424535845,0.0005497288281840515,0.0005315429279652837,0.0006040447,0.0005885230271344856,0.0006123661415252757,0.000570842574739114,0.0005629860906490936,0.000670838,0.0006004622330307965,P1 Distress
2008-05-12,0.0003686351585853,0.0007660371652027,0.0007753343876546,0.0010866993488464172,0.0009983460575252435,0.0008641766700219944,0.0009464163,0.0008315634462980124,0.000971423858772054,0.0011627648268099657,0.0013300867651178368,0.0012156136,0.0008785465242496641,0.0006224117301672228,0.0005667663496127433,0.00048194297975637625,0.0005258316178223469,0.0005146668780392475,0.0005498594,0.0005549636239980218,0.0006022462342590008,0.0005578610154620299,0.0005613593429848523,0.0007002637,0.0005787887230034501,P1 Distress
2008-05-13,0.0005045123107507,0.0008433496756202,0.0008148229703795,0.0011735921635297744,0.0011380094841569005,0.0010902907118689163,0.0011959003,0.0009519323774154772,0.0013651876603855272,0.0012295443570546252,0.0012609291509262767,0.0015506672,0.0009699817189287966,0.0006713024827185714,0.0005832025322507764,0.0005107960437249567,0.0005526841505154435,0.0006137883229551192,0.00056320825,0.0005807985094190147,0.0006624421733095402,0.000565484996089822,0.0005135380736760654,0.0005606273,0.0006001810337365093,P1 Distress
2008-05-14,0.0012696123860588,0.0007629348198067,0.0007717946785742,0.0009808874057842156,0.0009995529105131455,0.0008967646659490805,0.0009311336,0.000840923019014016,0.0012723545339343178,0.0011379164450061757,0.0013022574158142682,0.0010223449,0.0008530898570171166,0.0006171912148187121,0.0005627739273579458,0.000518117128538299,0.0005167583406867844,0.000532443923793385,0.00049592636,0.0005493498558093265,0.000676252666990615,0.0005410694065935177,0.0005239678252412809,0.00049159786,0.000564486060719001,P1 Distress
2008-05-15,0.0012460726091571,0.0006967067024829,0.0007524934620282,0.00067827426812749,0.0010021747176262566,0.0008645228069200872,0.000944425,0.0008079051001183263,0.0011002704468361683,0.0011412278499458237,0.0013724497476335403,0.0010302822,0.0008233536683452389,0.000571882583884824,0.0005518454639949759,0.0005061875781650701,0.0005231785358628039,0.0005153174924864272,0.00051617925,0.0005164103586114033,0.0006570544028832824,0.0005421839286097494,0.0005670971571587901,0.00047987074,0.000527406233409381,P1 Distress
2008-05-16,0.0014182044165277,0.0006315722844279,0.0006871869935632,0.0006237408684742734,0.0009258776270521285,0.0007229783959205569,0.0009084668,0.0008566115592814508,0.0009797348447424328,0.0010440756309435322,0.0012599788918943072,0.0010170258,0.0008392889434198421,0.0005274575201469185,0.0005160348797589151,0.00047930998601123775,0.0005027738655154338,0.00046528663542838355,0.0004959741,0.0005199759314412186,0.0006177041962265844,0.0005379783123823599,0.0005025889594204129,0.00052306463,0.0005262891931757828,P1 Distress
2008-05-19,0.0014584915404039,0.000579728540278,0.0006970123905775,0.0005856302100465807,0.000872878782631204,0.0007513521329843164,0.0008463757,0.0007575941909580632,0.0008745832253406333,0.0010078435328580934,0.0014051370548901747,0.0010037257,0.0007715195365696404,0.0004912316393297669,0.0005261191385399385,0.0004589550685116855,0.00048800950113661546,0.000470836611802659,0.0005018659,0.0004766355741168768,0.0005812664623979445,0.000521570058292115,0.0005755848948070677,0.0004369952,0.00048772546199150755,P1 Distress
2008-05-20,0.0010109717712478,0.0007391169725321,0.0007085586220002,0.0007125656275239223,0.0011111520308718507,0.0009799292994463733,0.0012106412,0.0009478338296893509,0.0011288107461498915,0.0011528488893671133,0.0013129132742575023,0.0016342567,0.0009540950270556226,0.000593577258536225,0.0005275716506767397,0.0004892799524061097,0.0005543635836183896,0.0005643433604715738,0.0006205997,0.0005552923411558749,0.0006277048675431395,0.0005754548848673045,0.0005228176926288056,0.00079992873,0.0005809899255227425,P1 Distress
2008-05-21,0.0002424429961745,0.0010250909995346,0.0008733677669055,0.0011401909415955562,0.001340648510298185,0.0015435151608939933,0.0015880985,0.001153250958140523,0.0019511765790261597,0.001325923030048336,0.0012644767525584297,0.0018931094,0.0011758481115064464,0.0007793128580784009,0.00059735920798821,0.0005643200332033887,0.0005575393974591592,0.0007653896974165007,0.00066734175,0.0006742196845751206,0.000751162542230062,0.0005670421425737049,0.0004905446144217078,0.00062178937,0.0006950926267020943,P1 Distress
2008-05-22,0.0002553417360718,0.0009248981421766,0.0007638103561086,0.0011088332413700121,0.0012282373609537036,0.0010877205902923186,0.0014130854,0.0010215253243628887,0.0018085339449004777,0.0012609677391769928,0.001175735626516433,0.0014824743,0.001043813401299458,0.0007146499657172875,0.0005365363867777606,0.0005747067302347122,0.0005242044204402295,0.0005856812088956035,0.00062624365,0.000635277660643778,0.0007784931714113761,0.0005449496372410992,0.0004611745322547538,0.00056637573,0.0006570051497306298,P1 Distress
2008-05-23,8.430472687226878e-05,0.0009205405801655,0.0008260992145294,0.0012154159246765706,0.0013396820598681912,0.0015579437461261583,0.0022639595,0.0010371191459360473,0.0018477622329850269,0.0013031448400188865,0.0013931379818269325,0.0028940523,0.0010520940210314049,0.0007123159860257812,0.0005693002217178434,0.0006013217893256198,0.0005575393974591592,0.000736337876297164,0.0006979653,0.00061625758440624,0.0008086433948299896,0.0005626413334537899,0.00046809188093571984,0.00063566683,0.0006380232197406099,P1 Distress
2008-05-26,0.0005486235865654,0.0008506356911439,0.0007850832575429,0.0010273874627089424,0.0012308772039346372,0.001285676585467804,0.0017146565,0.0009355453129403043,0.001512495934723712,0.0012912162925095298,0.0012183684246106251,0.0019867125,0.0009682186673930509,0.0006659983452956647,0.0005465100293811924,0.0005908958012177184,0.0005297443392956544,0.0006336874164339413,0.00069858227,0.0005761503537517272,0.0007853760193100802,0.0005527849351213754,0.00044658236542569583,0.00064103847,0.0005947272808586634,P1 Distress
2008-05-27,0.0006090284112537,0.0007700651666421,0.0007309601668173,0.0009012428999325018,0.0012282373609537036,0.0009858502693312642,0.0012580809,0.0008674124811068783,0.0013220366219573293,0.0012680611968009028,0.0011768619292393762,0.0012884744,0.0008883244817351807,0.0006131224600511876,0.0005231107121685921,0.0005740391123791341,0.0005258635086453629,0.0005500906091084167,0.00064076873,0.0005459598992956635,0.00075786082090376,0.0005503278142904585,0.00046607669114443585,0.00061420404,0.0005627686657248935,P1 Distress
2008-05-28,0.0007777350362987,0.0006970569653283,0.0006361821548687,0.0008111835297780433,0.0008978826390824847,0.0007660753080607507,0.0008946459,0.0007985454331156652,0.0011811104849654968,0.0009841508179947989,0.0013443426827717151,0.0011254051,0.0008008483133341453,0.0005645643219650609,0.0004980223334691016,0.0005444491116689514,0.00047416397489995324,0.0004732017680334459,0.0005546764,0.0005197874425839689,0.0007055522420998927,0.0005114281685347976,0.000547243386234344,0.00067166,0.0005444224565753053,P1 Distress
2008-05-29,0.0018231065144852,0.0006416564362324,0.0006254054589535,0.000791816291917166,0.000917306105735459,0.0008215764178099126,0.00086910266,0.0007863698132356256,0.0011106282479039237,0.000996793848476448,0.0013609503648822003,0.0010891932,0.0007819098519558101,0.0005275370740442193,0.0004910638225987152,0.0005279450961219831,0.0005106394399701583,0.0004910106566734044,0.0005723716,0.0004952282131017626,0.0006640560485065367,0.0005326534405040987,0.0005918988410234725,0.00068990496,0.0005152456325464908,P1 Distress
2008-05-30,0.0026860006291864,0.0005826705088174,0.0005108588247695,0.0007370150306538699,0.0008507195531754678,0.0006963969042400386,0.0008412416,0.0009020860244971704,0.0010073812953006482,0.0009390491357595123,0.001249496803217177,0.0010784123,0.0009160233477527554,0.0004876546479878836,0.00043856505989102733,0.0004990008571590741,0.00041959265414340095,0.0004388958186786907,0.000509411,0.0004862518631080926,0.000608918437287248,0.0004551920559368854,0.0004760241507728841,0.0006241156,0.000502621550184451,P1 Distress
2008-06-03,0.0021580123484016,0.0007773441697359,0.0007068040838399,0.0008920747276851308,0.0011519331435613823,0.0011383664110069947,0.0011945701,0.0008935076228487454,0.0015154854852031372,0.001235593598286186,0.0012014511776188264,0.0013897653,0.0009121799759589581,0.0006135563233853368,0.0005249217517021732,0.000529608085399203,0.0005522949954259069,0.0006127761710493555,0.00058887934,0.0005317441236417098,0.0006665723104024457,0.0005648906163115876,0.0004898816330211091,0.0005511003,0.0005488034267905505,P1 Distress
2008-06-04,0.0025038146379982,0.0007370783887492,0.0007074648239102,0.0009693450270278299,0.0011690485409633436,0.0010601605222962031,0.0009594394,0.000815083911932728,0.0016966067760227194,0.0012261537743226752,0.0012930269428765696,0.0010129142,0.0008392820280263383,0.0005873663066551796,0.0005222169708164387,0.0005521754269802862,0.0005447130813848183,0.0005715046479559206,0.00058113236,0.000513255656032782,0.0007084932213675843,0.0005605000434013232,0.0005315845838917045,0.00056297396,0.0005276147175061763,P1 Distress
2008-06-05,0.0024144894722241,0.000729487486916,0.0006959395935595,0.0008479615651857429,0.001276179812846661,0.0009451819646137122,0.000962592,0.000819160144411451,0.0015538668387784476,0.001294937495653274,0.0012141121340091974,0.0011309513,0.0008366033123715707,0.0005806680906468817,0.0005112369807817806,0.0005454658632849071,0.0005417891023486621,0.0005143377021201558,0.0005695103,0.0005020363378338527,0.0007287314827418243,0.0005486947812908602,0.0005136907272176547,0.00054965634,0.0005179121998544457,P1 Distress
2008-06-06,0.0014288411122662,0.0011432092060805,0.0008836126099613,0.0010719251629934048,0.001340648510298185,0.0019856423172579943,0.0021257915,0.0012840842890406905,0.0022513672267033646,0.001325923030048336,0.0012036978218548733,0.0026134942,0.0013075147678055076,0.0008500890742659769,0.0005943997792239544,0.0005909568744768281,0.0005575393974591592,0.0008845340926670663,0.00069354457,0.0007354514705757662,0.0008132984037542842,0.0005670421425737049,0.0004649806244770247,0.00056228717,0.0007582200671233433,P1 Distress
2008-06-09,0.0006602128906629,0.0014246854151355,0.0010075124006207,0.0014844204085119861,0.001340648510298185,0.0030128266543712353,0.002897426,0.0015981726975736786,0.0029348095697624066,0.001325923030048336,0.0011147800349946937,0.0026392308,0.0016294456079070222,0.0010357768080232449,0.0006471257873299607,0.0006568134400253389,0.0005575393974591592,0.0011490308578806243,0.0004994723,0.0008960985380346471,0.0009215517808525283,0.0005670421425737049,0.0004339650391260322,0.00043793433,0.0009238405535117685,P1 Distress
2008-06-10,0.0007353958436054,0.0012782952947466,0.0009141175372381,0.0012494311528044727,0.0012303767042173611,0.0015483347020126793,0.0017841461,0.0014004517118758034,0.002601573761146505,0.0012922912353254374,0.0010387644653531228,0.0015722308,0.0014358694400938737,0.0009435489497419242,0.000601155112600003,0.0006530439160120693,0.0005230359948008326,0.0007447987423471809,0.0004216051,0.0008311244963519983,0.000950400374187815,0.0005540272504627557,0.0004257036695935021,0.00044166128,0.0008574121393834554,P1 Distress
2008-06-11,0.0009112201825486,0.0013409181458661,0.0010336401630439,0.00135707155187606,0.001340648510298185,0.002474466821633469,0.0031487169,0.0015042048915763862,0.002939697741608253,0.001325923030048336,0.0012156677061603283,0.0027262766,0.001533639047702731,0.00098700882301671,0.0006613136737010567,0.0006780996990649755,0.0005575393974591592,0.0010092128598453553,0.0004994723,0.000853907093189832,0.0010017968415685279,0.0005670421425737049,0.00043584431770646943,0.00043793433,0.0008803429178115882,P1 Distress
2008-06-12,0.0008281852273262,0.0012313026936534,0.0010176491830169,0.0011620331656342902,0.0012310835219014728,0.0020070840450044625,0.0021545019,0.0013035357666685487,0.0022552683807869345,0.0012910397271883149,0.0011504743418624976,0.0017229021,0.001358005331500591,0.0009169503844713216,0.0006535418903007392,0.0006719196978575324,0.0005286734750386553,0.0008547819423233038,0.0004430709,0.0007851493012327683,0.0009796403821461883,0.0005519155129274738,0.00042497995109733655,0.00042226695,0.0008163214114286041,P1 Distress
2008-06-13,0.000772617091994,0.0011302279458871,0.0009401586690951,0.0011363208671447342,0.0012286631573194982,0.0013071109378029924,0.0014029555,0.001203784833933621,0.0017669424243219524,0.0012910397271883149,0.0010895865572579982,0.0011703277,0.001250237812106597,0.0008517637142392818,0.0006278279574252515,0.0006478373569014024,0.0005286133671152508,0.0006598466003341003,0.0004430709,0.0007305499712919737,0.0009238558332136263,0.0005516052636400654,0.00043233978601828747,0.00043035482,0.0007586293155310345,P1 Distress
2008-06-16,0.0008505862214711,0.0010670276776787,0.0008828972300583,0.001139893173039107,0.0011479484053092577,0.0012167907532164548,0.00093419285,0.001172956229043267,0.0018520501869191907,0.0012420830206024574,0.0010488478264457288,0.00082339766,0.0012062891988623662,0.0008117940429080811,0.0006168552675518694,0.0006560605032963666,0.0005484900497238337,0.0006493617291468034,0.0004366175,0.0006962885035354133,0.0009396812729562285,0.0005653816532131709,0.0004606170784974545,0.00045800107,0.0007225489135508403,P1 Distress
2008-06-17,0.0011650448447297,0.0009849971296026,0.0008956484069761,0.0010062959422655836,0.001159474365644202,0.0010943856766542387,0.0010039503,0.0010456659565678825,0.0016342675478023434,0.0012541714532988907,0.0010095168640445438,0.0008248493,0.0010883475028204738,0.0007579032993513074,0.0006209039000523392,0.0006440737991119041,0.0005283601109867796,0.0005965539441513363,0.00037900967,0.0006499810831338997,0.0009152601943901203,0.0005500073711005595,0.0004509981872324107,0.000423461,0.0006760301488107579,P1 Distress
2008-06-18,0.0011446906310324,0.0011591566576992,0.000989150546758,0.0016392155360617333,0.0013253959517098483,0.0015624278279917512,0.0016714756,0.0013003098809496938,0.0022510550942540296,0.0013211312782413674,0.0010679064001788156,0.0012267758,0.001325754236477877,0.0008718062736429698,0.0006654147867654253,0.0006809624840512414,0.0005575393974591592,0.000782751429126558,0.00045486848,0.0007542400266248928,0.000982077166149692,0.0005670421425737049,0.0004479998269229032,0.00041485054,0.0007775902918066481,P1 Distress
2008-06-19,0.0023565248013801,0.0010422855550027,0.0009233832393616,0.0014667052887865678,0.0012152078820137674,0.001161727600060142,0.0010351436,0.001141888416366454,0.00217107766632258,0.0012866009095091498,0.0009713101912856207,0.00074131554,0.0011719021979298676,0.0007963817088996123,0.0006298836368991726,0.0006648027035014853,0.0005230359948008326,0.0006363165974346681,0.0003664275,0.0007014923252197697,0.0009843197403896435,0.0005540272504627557,0.00042444796919421105,0.0004047296,0.0007236798313221938,P1 Distress
2008-06-20,0.0024907358366094,0.0009504888607881,0.0009026566616576,0.0010059316095729536,0.001245824677049203,0.0012738353036223953,0.0013194493,0.0010380225842543263,0.002285491273255531,0.0012932442545901506,0.0010084023504509428,0.00092266744,0.0010619036155547002,0.000736864541112779,0.0006226638201201079,0.0006460220476044731,0.000550287301918559,0.0006650746655002726,0.00041960794,0.000653994077992057,0.000994137186930441,0.0005696102141742424,0.00043393407236324644,0.00041420653,0.0006651864904620137,P1 Distress
2008-06-23,0.0025854300518571,0.00094381941744,0.0008648632446511,0.001443031321765498,0.0013383925481661066,0.0013924831498062893,0.002222505,0.0010587505201974793,0.002563975735587143,0.0013248725694239838,0.0010961494129745075,0.0016415121,0.001077570048450467,0.0007325933526707961,0.0006015148443817188,0.0006508111071832665,0.0005575393974591592,0.0006993577379362883,0.00064170384,0.0006338004744043936,0.0010232222309225643,0.0005670421425737049,0.00045106663291770573,0.0005599919,0.0006534220916976178,P1 Distress
2008-06-24,0.0028769219587328,0.0010360264422494,0.0009402539649765,0.0015335480714612527,0.001340648510298185,0.0019931498638167287,0.0031487169,0.0011621858105496305,0.002801767057667029,0.001325923030048336,0.0011917988530137805,0.0027803618,0.0011849273657640207,0.0007927590817661903,0.0006337885336350681,0.0006879564046581889,0.0005575393974591592,0.0008843822701681293,0.0004994723,0.0006858526360907183,0.0010751999965439725,0.0005670421425737049,0.0004450655341217442,0.0004463223,0.0007070857188800104,P1 Distress
2008-06-25,0.003693924923849,0.001151578398195,0.0009828186115846,0.0014240218347578893,0.0012933791578360534,0.0011942064913545724,0.0013236026,0.0012468538060423692,0.002112963401060467,0.00131431733505994,0.001002339315523674,0.0008794663,0.0012826758123530716,0.0008654829363399447,0.0006562586146313536,0.0006676466072421804,0.0005417891023486621,0.0006278167316478068,0.00050455047,0.0007482826950827363,0.0010313517194543737,0.0005547807458264546,0.00043911912588086673,0.00041359276,0.0007721173443984228,P1 Distress
2008-06-26,0.0025556958458987,0.0015854844192835,0.00118462578102,0.0018259152168181073,0.001340648510298185,0.0028095382195968406,0.0035442954,0.0017785525733667734,0.002760705751767205,0.001325923030048336,0.0011214739390625575,0.0028822022,0.001813355142096973,0.0011492603625192566,0.0007363673167657834,0.0007107732749746843,0.0005575393974591592,0.0011550045710676381,0.0004994723,0.0009942784224336123,0.0010864540231440355,0.0005670421425737049,0.0004353342878206192,0.00043793433,0.001025059956174553,P1 Distress
2008-06-27,0.0026039203873694,0.0014748430198931,0.0011869376154068,0.0015444344020447962,0.0012913986982667769,0.0018480917830492026,0.002471884,0.0015924037606022568,0.0022682209017007684,0.00131431733505994,0.001132950298523179,0.0018575754,0.0016392529024652006,0.0010792568847848936,0.0007345961917412367,0.0007120018057624204,0.0005417891023486621,0.0008373472147519531,0.00047321306,0.0009331082295494654,0.0010617863268861396,0.0005547807458264546,0.00042598950787153144,0.00044315276,0.0009628300279700923,P1 Distress
2008-06-30,0.0023361145519536,0.0014528348452625,0.0012233644387265,0.0016970899681142087,0.001340648510298185,0.0023524157969644823,0.0037834183,0.0016297499497890326,0.0026652397880724973,0.001325923030048336,0.0011463465504386514,0.002935033,0.0016616407611656134,0.0010678609489149597,0.000751028670693198,0.0007351914451029008,0.0005575393974591592,0.0010054147171968885,0.0005060902,0.0009238560158276025,0.001098962162311108,0.0005670421425737049,0.00043146023789644337,0.00043793433,0.0009524573657929007,P1 Distress
2008-07-01,0.0034086029685504,0.0016183223078018,0.0013119215187907,0.0020488503522298777,0.001340648510298185,0.0029864711325922654,0.0035442954,0.0018153892085413452,0.0030787856400185222,0.001325923030048336,0.0010875739487126834,0.0028822022,0.0018509125934828,0.001178128254532745,0.0007895536940515505,0.0007735791119829006,0.0005575393974591592,0.0011926370564016903,0.0004994723,0.0010192533742080187,0.0011455340929860836,0.0005670421425737049,0.0004301759927678605,0.00043793433,0.0010508080991430723,P1 Distress
2008-07-02,0.0027483803707322,0.0020735579708952,0.001485374176632,0.0025110292690173315,0.001340648510298185,0.005973675450260478,0.002248208,0.0023260599853939553,0.0033054231480338556,0.0013213423152788491,0.0009961648751671708,0.002691434,0.0023705738591461743,0.001477364883634614,0.000860234641165999,0.0008230350947332546,0.0005575393974591592,0.0018835217746923788,0.0004994723,0.0012781368554633577,0.0011854889560501641,0.0005665563926100138,0.00042740898782899205,0.0004463223,0.0013198152836781274,P1 Distress
2008-07-03,0.0031163157073672,0.0018783819375827,0.0013597222999619,0.002068351354883146,0.0012286631573194982,0.002491408635923025,0.0018806545,0.0019977097998592325,0.0025826340518876434,0.0012910397271883149,0.0010704310997481205,0.001821441,0.0020778322925829843,0.0013543164605783783,0.0008137060659409091,0.0008136723581147426,0.0005283601109867796,0.0010306312367773188,0.0004430709,0.0011615848795336631,0.0011443423541844674,0.0005516052636400654,0.00042734065478119873,0.00042226695,0.0012062314375749037,P1 Distress
2008-07-04,0.0064856454937868,0.0017799933681749,0.0013856110095149,0.0020197882763494943,0.001340648510298185,0.0035394010589172705,0.0029339336,0.001996747332890136,0.002967719433733149,0.001325923030048336,0.0010487596670808385,0.002935033,0.0020358195185147675,0.001294101758338083,0.0008256055946667841,0.0008203458763583942,0.0005575393974591592,0.001312837575913572,0.0005060902,0.0011195874291952653,0.0011704645180446323,0.0005670421425737049,0.00042771021570356654,0.00045553298,0.0011542483626422123,P1 Distress
2008-07-07,0.0068426633038742,0.0015952387494373,0.0012979571231382,0.0017414793892627511,0.0012282373609537036,0.0024126442031349527,0.0017845322,0.0017495094586126732,0.0027679822858273874,0.001291603198340678,0.001025744325494336,0.001781305,0.001793579505304878,0.001176142819101819,0.0007851166080081957,0.0007931853270820027,0.0005236115059175514,0.001028369661881554,0.00043157683,0.0010418190701565388,0.0011592670976089381,0.000553993181493145,0.0004274389830806805,0.00043092814,0.0010716538236121217,P1 Distress
2008-07-08,0.0061544852066511,0.0022170509928385,0.0014957870539938,0.0018214935462331973,0.001340648510298185,0.004790179458512695,0.002248208,0.0024870264889642686,0.0036710881502582437,0.001325923030048336,0.0009993732636295709,0.0028298304,0.002535692416309986,0.0015821002186339151,0.0008677364007634503,0.0008189589931589742,0.0005575393974591592,0.0016722538955502699,0.0004994723,0.0013687482495846062,0.001207689580631758,0.0005670421425737049,0.00042743217767676257,0.00043793433,0.001411122869687815,P1 Distress
2008-07-09,0.0058693238119203,0.0022644170994313,0.0014414243201667,0.0015713632179399357,0.0012933791578360534,0.001857001876169215,0.0017503544,0.002451762800794627,0.002669235825109365,0.00131431733505994,0.0010095073631758986,0.0014161539,0.002522201742470702,0.0016144012350948905,0.0008500208723611708,0.0007852891174750014,0.0005417891023486621,0.0008641842999674025,0.00046826366,0.0013957854700756493,0.0011204820923836343,0.0005547807458264546,0.00042699575806552225,0.00041359276,0.0014402446797003021,P1 Distress
2008-07-10,0.0079167185617031,0.0022322563107956,0.001493227438056,0.0017684110474695106,0.001340648510298185,0.003116607211950116,0.002248208,0.002504083394130006,0.0027472645413965198,0.0013121498314981614,0.0010224101252755153,0.002691434,0.0025472798069213283,0.001598620631056275,0.0008686431806609474,0.0007998444302903327,0.0005575393974591592,0.0012444149274861997,0.0004994723,0.0013830408243021835,0.0011197459788899354,0.0005618007935375395,0.000427732734418518,0.00043320924,0.0014261116153546486,P1 Distress
2008-07-11,0.0064755211283352,0.0035742559452799,0.0019174434841706,0.0024405715152300304,0.001340648510298185,0.009204390859267355,0.001692703,0.004009501469728596,0.0038211432016976034,0.001325923030048336,0.000986390144825183,0.0028298304,0.004087959060785304,0.0024746139538208297,0.0010236889708308704,0.00084530600758406,0.0005575393974591592,0.0026704359284508896,0.0004994723,0.0021409032612450794,0.0011862528270400316,0.0005670421425737049,0.00042737141019258596,0.00043793433,0.0022071827705708543,P1 Distress
2008-07-14,0.0072306336730981,0.0033226583724897,0.0019155994351746,0.0019358470090887127,0.0012933791578360534,0.004950844833963096,0.001198008,0.0035975572695794377,0.0030210429880566754,0.00131431733505994,0.0009877325599626319,0.0017883441,0.003700914791198623,0.0023199217289486193,0.0010188369057504182,0.0008301630133231033,0.0005417891023486621,0.0016206908870091412,0.00046826366,0.0020057671975139027,0.001141089387223728,0.0005547807458264546,0.00042737149269849356,0.00041359276,0.002069655829545364,P1 Distress
2008-07-15,0.0070761427639865,0.0034488495308974,0.0019936134016166,0.0021869088764519644,0.001340648510298185,0.006590559918585942,0.001692703,0.003868824022316379,0.00372494301376241,0.001325923030048336,0.0009873411035537542,0.0028298304,0.003944528848790433,0.0024111979118935545,0.0010557276037726551,0.000852484677397588,0.0005575393974591592,0.002075151671897394,0.0004994723,0.002086039103234602,0.0011867801771086608,0.0005670421425737049,0.0004273723300833805,0.00043793433,0.0021506200914088924,P1 Distress
2008-07-16,0.0091020396041692,0.0032421318351868,0.0019971225424851,0.0017526907400133962,0.0012933791578360534,0.00472596677475819,0.001198008,0.0035103683993463124,0.0027413872544235,0.00131431733505994,0.000987629404249383,0.0017883441,0.0036112209919637347,0.002282902889437262,0.0010583166418324642,0.0008258568645578175,0.0005417891023486621,0.001590655116385338,0.00046826366,0.0019737613013427577,0.0011118788021040559,0.0005547807458264546,0.00042737153470104165,0.00041359276,0.0020366304666455527,P1 Distress
2008-07-17,0.0082253525638493,0.0039087580646419,0.0022762552989389,0.0014033728493968978,0.0012933791578360534,0.0036735838534967067,0.001198008,0.004232147700439872,0.0017497606936099797,0.00131431733505994,0.0009875717621175043,0.0017883441,0.004353736952442227,0.002716379955644809,0.0011577093775185935,0.0007617206480646021,0.0005417891023486621,0.001383778426605285,0.00046826366,0.0023485386351744875,0.000955996128017577,0.0005547807458264546,0.0004273710387738016,0.00041359276,0.0024233453828669963,P1 Distress
2008-07-18,0.0063648273963346,0.0043502162976196,0.0023430688997895,0.0012878890882276023,0.0012463663999486255,0.0016541548603063265,0.0007416798,0.004701293708864427,0.0013530359831942806,0.001296370786314635,0.0009848205811971095,0.000785816,0.004845451453593119,0.0030077933775665222,0.001192774617467326,0.0006909742857878715,0.0005417891023486621,0.000869882163889547,0.00050034764,0.0026004900158233288,0.000835180613112611,0.0005547807458264546,0.0004273674580907536,0.00041359276,0.0026833220363730484,P1 Distress
2008-07-21,0.0081823902177855,0.0043206543100078,0.0024358281331004,0.0012297676655885887,0.0012463663999486255,0.001653951632473933,0.0007416798,0.004669345967218347,0.0011002630447275912,0.001296370786314635,0.0009848782870342805,0.000785816,0.004812524084918805,0.002996953044802559,0.0012227560983519843,0.0006373569895840309,0.0005417891023486621,0.0008785939914236957,0.00050034764,0.002591117637610402,0.0007357501334641812,0.0005547807458264546,0.0004273669596323306,0.00041359276,0.0026736511247990977,P1 Distress
2008-07-22,0.0073264654287754,0.0042669067708946,0.0024890684435402,0.001577042752611274,0.0012707984869762187,0.0022663448275987296,0.0010174919,0.004777793664150877,0.0016695593238905183,0.0012984207923241113,0.0009873089815148274,0.0012044846,0.004880159804627168,0.0029738420399756183,0.0012439755499549087,0.0006611673256915635,0.0005575393974591592,0.001140260603389702,0.0005381777,0.0025728086241416596,0.0007939030445609874,0.0005670421425737049,0.00042738317884975536,0.00043793433,0.002652459347406035,P1 Distress
2008-07-23,0.0058728068044461,0.004806611104319,0.0027299643982111,0.001247253459233335,0.0012247432607683897,0.0016764608666496128,0.0007416798,0.005194820176605653,0.0012830682652791147,0.001288423484755056,0.0009855329879679923,0.000785816,0.0053538029304482735,0.0033279542471194327,0.0013230187563795556,0.0006223489544508521,0.0005417891023486621,0.0008985259387265095,0.00050034764,0.0028772959796037464,0.0007255674677741475,0.0005547807458264546,0.0004273700649800645,0.00041359276,0.002968944952781867,P1 Distress
2008-07-24,0.0045141936009322,0.0050071092641392,0.0027751345835855,0.0016273562185371154,0.001340648510298185,0.004494664769391476,0.001692703,0.00561683669580787,0.0018741000827350474,0.001325923030048336,0.000987951913004394,0.0028298304,0.005726746488793139,0.003471142709488601,0.001344560137114475,0.0006643986476827812,0.0005575393974591592,0.0017991117442775514,0.0004994723,0.0030030464895411655,0.0007861089531654326,0.0005670421425737049,0.0004273746693305916,0.00043793433,0.003096016803245823,P1 Distress
2008-07-25,0.0086900452210452,0.0045893224781473,0.0026498567942361,0.0018865261840163364,0.001340648510298185,0.004564224346202214,0.0018069063,0.005148175033601023,0.0026388676336712735,0.001325923030048336,0.000987412149611738,0.002881702,0.00524891409418602,0.0032120524227426187,0.001309023809668007,0.0007076721906993236,0.0005575393974591592,0.0017271814061411207,0.0005060902,0.0027788954703508984,0.0008791277732193252,0.0005670421425737049,0.0004273724503594669,0.00043793433,0.0028649263674851108,P1 Distress
2008-07-28,0.0057595150950603,0.0053894647282439,0.0028792522365627,0.0024866575577098217,0.001340648510298185,0.014364955396300822,0.001692703,0.006045752481011025,0.003716774572447932,0.001325923030048336,0.0009862327971089614,0.0028298304,0.006164055262383331,0.00374072764177287,0.0013839263957769838,0.0007754357172076276,0.0005575393974591592,0.0037520581964344897,0.0004994723,0.0032362769131467515,0.0010020373193494064,0.0005670421425737049,0.0004273713970365375,0.00043793433,0.0033364677296719943,P1 Distress
2008-07-29,0.0116032194831991,0.0048297550845075,0.0027540822852518,0.002397205067922699,0.0012508003536447086,0.006572436070990511,0.0011600833,0.005194434443977685,0.0033173067065188216,0.0012938677964255774,0.0009863206266999705,0.001800764,0.005365182572767473,0.0033889439044662963,0.0013390363342916049,0.0008005818824588227,0.0005465776660092407,0.0021302367786366814,0.00045809385,0.002958687109759682,0.0010404660620002512,0.0005657561710968495,0.0004273714083494797,0.00043976074,0.003030941546860863,P1 Distress
2008-07-30,0.0109540239396678,0.0047611866410069,0.0028034332020954,0.0025924054751173637,0.001340648510298185,0.013845177670497427,0.001692703,0.005340967498418519,0.00278697210798544,0.001325923030048336,0.000986234165914025,0.0028298304,0.005445479105909327,0.0033526903412306984,0.0013724508493156591,0.0008361209611406687,0.0005575393974591592,0.0035069920808072034,0.0004994723,0.002900567853989146,0.0010383335961176945,0.0005670421425737049,0.00042737139712635346,0.00043793433,0.002990365565828172,P1 Distress
2008-07-31,0.0115344044048289,0.0043645986676602,0.0026777351557501,0.0025620049661087387,0.001340648510298185,0.00849400086330029,0.0018069063,0.004896086077962377,0.0026155228505034653,0.001297210445449194,0.0009862812577750761,0.0026372797,0.004971572937152121,0.003101724910431252,0.001337319918380388,0.0008530093610321385,0.0005575393974591592,0.002533836667594496,0.0005060902,0.0026834460243685193,0.0010453708047596971,0.0005589834186974374,0.0004273714025613635,0.00044222438,0.0027863628071737763,P1 Distress
2008-08-01,0.0080966186291629,0.0058472902436186,0.0031118155473641,0.0029126853626482495,0.001340648510298185,0.028629773868709997,0.001692703,0.006559328482527736,0.002974299877006369,0.0012953603112827083,0.0009862306065155926,0.0025011266,0.00664290219351034,0.004068352593524031,0.001465644852599101,0.0008929812917780292,0.0005575393974591592,0.005902136480461071,0.0004994723,0.0035197204484853977,0.0010894091437290202,0.0005566249952683352,0.00042737139698799127,0.00043807048,0.0036283160506110925,P1 Distress
2008-08-04,0.0095734408431128,0.0052059853049103,0.0026926720043434,0.0024025767509615885,0.0012303767042173611,0.006613200412839388,0.0010330958,0.005703479518562085,0.0023034879323380964,0.0012786925147426288,0.0009862332908458884,0.0017865995,0.005834844500175714,0.003662512064514714,0.0013190684995231868,0.0008524757677547681,0.0005230359948008326,0.0021976778795014507,0.0004216051,0.0032254625333568584,0.0010307118988805083,0.0005483567536260058,0.0004273713974757504,0.00046188655,0.0033308052501228513,P1 Distress
2008-08-05,0.0043368833674354,0.0070828987077512,0.0035483346593105,0.0015913364311284633,0.0012933791578360534,0.006520086833454934,0.001198008,0.007668899681874769,0.0014657395727808349,0.00131431733505994,0.0009862443947268964,0.0017883441,0.00788922653292095,0.004877414097364853,0.0016025176057307205,0.0007520208091925251,0.0005417891023486621,0.002123341621060968,0.00046826366,0.0042169341676970735,0.0008594260734658844,0.0005547807458264546,0.0004273713971206499,0.00041359276,0.004351253921093593,P1 Distress
2008-08-06,0.0054111833863983,0.0064382546728512,0.0034710103078986,0.0013962992091809449,0.0012933791578360534,0.004173538184496309,0.001198008,0.006970921263976936,0.0011913169068635896,0.00131431733505994,0.0009863089222334395,0.0017883441,0.007171195253036008,0.004473957050021603,0.0015756110088614257,0.0006892227055913554,0.0005417891023486621,0.0016401010645166044,0.00046826366,0.0038681116617181113,0.0007609418780827246,0.0005547807458264546,0.0004273713983412051,0.00042151453,0.003991320558003992,P1 Distress
2008-08-07,0.0050711079042757,0.0061135422264119,0.0034593236704195,0.0016739078381837874,0.001340648510298185,0.0064435223521210365,0.001692703,0.006858002593355594,0.0015894358310524891,0.001325923030048336,0.0009863805030535403,0.0028298304,0.006992199417324275,0.0042759898699831385,0.0015694969733185914,0.0007006056202078065,0.0005575393974591592,0.0022675622385320746,0.0004994723,0.0036993570829757954,0.0007949160966518479,0.0005670421425737049,0.00042737145499440496,0.00043793433,0.0038138842438797727,P1 Distress
2008-08-08,0.0046139353139888,0.0058424431738729,0.0033631290309356,0.0013385822387079365,0.0012179539555465652,0.002053871217210883,0.0007416798,0.0063173375839913155,0.0013558749096165465,0.0012875183139596275,0.0009861881947746721,0.000785816,0.006507555678293106,0.0041054748412744525,0.001557665139320893,0.0006677357266985479,0.0005417891023486621,0.0010650673433101605,0.00050034764,0.0035495278414323047,0.0007617860598499434,0.0005547807458264546,0.00042737138788326415,0.00041359276,0.0036625890573240474,P1 Distress
2008-08-11,0.0033204826404135,0.0057964082021683,0.0034871451176743,0.001184569959658189,0.0012179539555465652,0.00198140394879865,0.0007416798,0.006267560727242773,0.0010858963174162752,0.0012875183139596275,0.0009861330110675294,0.000785816,0.006456280016279663,0.004078215663800641,0.0015914402189643327,0.0006172358914333712,0.0005417891023486621,0.0010485552108039475,0.00050034764,0.003525959992859689,0.0006907356272377616,0.0005547807458264546,0.0004273713470261587,0.00041359276,0.0036382705146493968,P1 Distress
2008-08-12,0.0049214003194121,0.0054671556708601,0.0030554334337372,0.0014726008048071041,0.001340648510298185,0.0035847476618542044,0.0016298969,0.0061329040318157365,0.0014718957831764755,0.001325923030048336,0.0009888752352069324,0.0022001679,0.006252912187480736,0.0038715073395952553,0.0014827491521876,0.0006360261248671993,0.0005575393974591592,0.0015988132698024479,0.0004994723,0.0033494204930333386,0.0007378977509841752,0.0005670421425737049,0.00042738780709676436,0.00043793433,0.0034531140838753825,P1 Distress
2008-08-13,0.0035599887049153,0.0055142855321649,0.0031997574681534,0.002067547183281954,0.001340648510298185,0.007074857908768154,0.001692703,0.006185773006803183,0.002450012377918591,0.001325923030048336,0.0009866901027304554,0.0028298304,0.006306815698170556,0.003906870382868572,0.0015237440575684993,0.000699790711244388,0.0005575393974591592,0.0024620070295142548,0.0004994723,0.0033800147012953987,0.0008522350142353497,0.0005670421425737049,0.00042737167210886716,0.00043793433,0.0034846554480171717,P1 Distress
2008-08-14,0.0035520313632923,0.0051006762740536,0.0031222684473114,0.0015975750068874407,0.0012933791578360534,0.0031224092665093385,0.001198008,0.005522678816884548,0.00195522640066263,0.00131431733505994,0.0009877007583581293,0.0017883441,0.005681344920698566,0.003639487132715125,0.0014979241970527373,0.0006972480266421332,0.0005417891023486621,0.0013890352222770447,0.00046826366,0.003146642326541872,0.0008450569549178176,0.0005547807458264546,0.0004273705826856017,0.00041359276,0.0032468706451544366,P1 Distress
2008-08-15,0.0043367994863259,0.0047555316503467,0.0031023682957805,0.0013559810732841928,0.0012933791578360534,0.0031569287377276583,0.001198008,0.005148978781890324,0.0016076797981468855,0.0012837823393719269,0.0009878498189739775,0.0016075531,0.005269342717234502,0.003414034735761488,0.0014962668757831736,0.0006754327007977517,0.0005417891023486621,0.001399520356267904,0.00046826366,0.002951719792403004,0.0008344445190281789,0.0005434183769940946,0.0004273714455207456,0.00040867293,0.003037277021295277,P1 Distress
2008-08-18,0.0042331270016851,0.004327191278049,0.0028586428060604,0.0015244764172323388,0.0013396820598681912,0.00441991698428344,0.0023998902,0.0048541235028359475,0.0018240221851929333,0.001325923030048336,0.0009884930246570993,0.0029388706,0.004943030945709701,0.0031355852982325296,0.0014224412555313712,0.0006894018036867988,0.0005575393974591592,0.0017576955002969433,0.00051143946,0.0027127402157145477,0.0008776658153983659,0.0005670421425737049,0.0004273748329022698,0.00046923402,0.0027967230344063607,P1 Distress
2008-08-19,0.0020060613384524,0.0048658139567077,0.0030376078126679,0.002159733987171769,0.001340648510298185,0.008779765679810151,0.001692703,0.005458335527596808,0.002886498310938168,0.001325923030048336,0.0009863135222296954,0.0028298304,0.0055651437829142645,0.0034833769801239996,0.0014703623170176537,0.0007520991408019401,0.0005575393974591592,0.0028146896287870983,0.0004994723,0.003013630924281719,0.0009860579086602207,0.0005670421425737049,0.0004273714103616313,0.00043793433,0.0031069289179679028,P1 Distress
2008-08-20,0.0019927984889746,0.0043720660424097,0.0028079440055705,0.002170171479739956,0.001249277904863631,0.0040236132910282975,0.0014349153,0.004692669738481881,0.0030615835625012536,0.0012945584145912625,0.0009864842828869076,0.0017785255,0.004847566856272113,0.0031630369960079247,0.0013981803120814752,0.000777861809882233,0.0005452000269862117,0.0016189930741272096,0.00040701882,0.0027204448446282044,0.0010479717048200604,0.0005637964779823844,0.00042737151454891667,0.00042611526,0.0028174717009212397,P1 Distress
2008-08-21,0.0021751309407658,0.0041238494949554,0.0028276141095685,0.002316916534757535,0.001340648510298185,0.006206203566290818,0.002248208,0.0046260203141854795,0.003242461300744533,0.001325923030048336,0.0009865898292661327,0.0028298304,0.004716541894678866,0.0029999826731054733,0.0014080582289238345,0.0008068347966775552,0.0005575393974591592,0.002155654457567722,0.0004994723,0.0025954240978127378,0.0011005254538051037,0.0005670421425737049,0.0004273716208218702,0.0004463223,0.0026757749659763355,P1 Distress
2008-08-22,0.0008414895445843,0.0042108900553882,0.0028423237768138,0.0016832711379531774,0.0012933791578360534,0.004894020202187718,0.001198008,0.004559276468381032,0.0023398258718464226,0.00131431733505994,0.0009864839611905241,0.0017883441,0.004690264102722048,0.0030488220827875065,0.0014038477206228441,0.0007742031584167973,0.0005417891023486621,0.001756613863218741,0.00046826366,0.0026359627777108657,0.0010588577328748828,0.0005547807458264546,0.0004273714132557206,0.00041359276,0.0027199246932125927,P1 Distress
2008-08-25,0.0007773934883382,0.0037950235085737,0.0026862365875911,0.0016522627263473855,0.0012527631616059316,0.004606525204467013,0.0010803652,0.0040735353910870695,0.002094988122185416,0.0012646777153501592,0.0009870637152584194,0.0016002228,0.004193879987101203,0.0027764348083493266,0.0013426368047439428,0.0007637330596777459,0.0005453021364513916,0.0017438823374014585,0.00039554082,0.002381202355820887,0.0010328892679097724,0.0005563956224969366,0.00042737213380806513,0.00042564457,0.0024902155594631495,P1 Distress
2008-08-26,0.001525744711224,0.0033933161524786,0.00246996077236,0.0014946347757832299,0.0012290747997728139,0.002308448914944124,0.0011376339,0.0036356297888882486,0.0019739873557909587,0.0012874565363660895,0.00098695116936233,0.0010858055,0.0037724325817702175,0.0025102151949632674,0.0012956371126964946,0.0007410689282880885,0.0005306436893783448,0.0011362431476282541,0.00049766945,0.0021714716888449346,0.0010131026373024778,0.0005545947158153901,0.00042737263912521356,0.0005045711,0.0022506482243371474,P1 Distress
2008-08-27,0.0017955316417131,0.0030440623167054,0.0023201210941374,0.0013987332003726738,0.0011684439540795182,0.0018505303211122403,0.0009332864,0.003252549670155963,0.0017000484225712328,0.0012328072926190083,0.0009832129976510091,0.00085238443,0.0033562084763601356,0.0022762775557887663,0.0012359052356412598,0.0007108644970097438,0.0005304584906211831,0.000987088701700601,0.0004935239,0.0019680823553837757,0.000964758325562045,0.000542019229120916,0.00042748334526908273,0.00054600753,0.0020258909086057603,P1 Distress
2008-08-28,0.0014226153723091,0.0029780901439084,0.0024214029234862,0.0012854913336596816,0.0010857875347011488,0.0013899838394849625,0.0008974488,0.0032576118568356004,0.001338290379854203,0.0011872252230577765,0.0009775592724561308,0.0007216783,0.00333416517021297,0.002223383529034998,0.0012751958778585172,0.0006703007708746006,0.00047871381022143885,0.000825963332687288,0.0004845777,0.0019608316569969435,0.0008610429799037917,0.0005112617528462374,0.00042744347072415015,0.00035779784,0.0020305659550308437,P1 Distress
2008-08-29,0.0028090939020888,0.0026579982805457,0.0019728958929384,0.001232131517024925,0.0010355535615416025,0.0012940436384972255,0.00076275185,0.0029559150824009623,0.0012480045286315093,0.001167907662948839,0.0009789484409214086,0.0006619468,0.0030008860733999857,0.002008430201381251,0.001121155990327829,0.0006071913980338541,0.0004574094347956819,0.0008310374973282203,0.00035192238,0.001808009958088471,0.0007739739537588622,0.0005028713509456559,0.00042737268412233243,0.00034813953,0.00186433601258135,P1 Distress
2008-09-01,0.0069938777787438,0.0023840445115549,0.0020631244232831,0.0012657915905110706,0.001024112915162475,0.0013293219874804315,0.0008128004,0.0026069866844867055,0.00118888425023773,0.0011419380212638144,0.0009504243832001077,0.00066877186,0.00267026344191968,0.0018226621568097467,0.0011709099308691924,0.0005736347307252405,0.00047137496067582127,0.0008306422000238496,0.00039194687,0.001650764654508893,0.0007128338613699091,0.0005054556313673936,0.00042899568710667076,0.00038964243,0.0016840066938868397,P1 Distress
2008-09-02,0.0062144251717149,0.0024393610828116,0.0020574075998612,0.0011059548365598326,0.001065586434236585,0.001071482289103283,0.000868126,0.0026575186590387084,0.000985340220573324,0.0011735630805602508,0.0009354720139474426,0.00070959656,0.0027217139986522713,0.0018472434232279528,0.0011417619033215467,0.0005217178244146702,0.0004706912374567389,0.0007005332151263161,0.00048356396,0.0016239480977548015,0.0006272911380352976,0.0005044380192538167,0.00043226407824541017,0.0003853157,0.0016827456196099272,P1 Distress
2008-09-03,0.0071750335487769,0.0023357118251687,0.0020959114997332,0.001333679658691909,0.0012080092589027377,0.0016454084143548106,0.001248453,0.0026510711356649325,0.0011616491928332165,0.0012720332590668495,0.0009766886522113982,0.0011654114,0.002680116436585094,0.0017735583304042241,0.0011498711646719304,0.0005392350732989768,0.0005605096340916397,0.0009470288004493088,0.00058996875,0.0015654483966196168,0.0006432209502532551,0.000570849245257674,0.0004312100257730742,0.0004540228,0.0016099819956163683,P1 Distress
2008-09-04,0.0072917371997795,0.0022296699266948,0.0016859581076618,0.0016133378023320104,0.001340648510298185,0.001957576042128482,0.0016391486,0.0025011820599748253,0.0016898860808455493,0.001325923030048336,0.0010313825067460268,0.0015810155,0.0025501249823559366,0.0016983734656681566,0.000982446347675143,0.0005808515446418794,0.0005575393974591592,0.0009979183174960555,0.0005453083,0.0014693416263360836,0.0007156917543846791,0.0005670421425737049,0.00043431322053279686,0.0004760496,0.0015148304832071104,P1 Distress
2008-09-05,0.0059716136748392,0.0026194515046129,0.0019001728343647,0.0021627782705333537,0.001340648510298185,0.004034644583843925,0.002748498,0.0029384282542770355,0.0027043829612978234,0.001325923030048336,0.001036963908315898,0.0028822022,0.0029959271737971097,0.001945722800370194,0.001049606805374739,0.0006546001187497234,0.0005575393974591592,0.0016051697753847053,0.0004994723,0.001683335003570848,0.0008368328704855194,0.0005670421425737049,0.00042826850234437713,0.00043793433,0.001735448809966141,P1 Distress
2008-09-08,0.0028334766807808,0.0040722141086151,0.0023539326769798,0.0013674280623075612,0.0012933791578360534,0.0024928084180210596,0.001198008,0.004409127219045047,0.001670561977903762,0.00131431733505994,0.0010076611072775976,0.0017883441,0.004535801077920813,0.002876943930468282,0.0011940795330948532,0.0006146787346933342,0.0005417891023486621,0.0011299555960339342,0.00046826366,0.0024873596780505005,0.0007639590930511943,0.0005547807458264546,0.00042716865113389915,0.00041359276,0.0025665882183306646,P1 Distress
2008-09-09,0.0042474972820634,0.0036338121452201,0.0021360626334012,0.0012947538586702296,0.0012370107782686548,0.0024634096212853784,0.0012270182,0.0040212109864505565,0.0014773151223873105,0.0012604076865736498,0.001010421109498398,0.0017569452,0.004086930667514844,0.0025972315379733358,0.001107526201611994,0.0005965691024830205,0.0005403154159798058,0.0011471752485391657,0.0004917846,0.0023322283089044064,0.0007276345942296025,0.0005550584679594946,0.00042760059441220147,0.00043852985,0.0024016316780609928,P1 Distress
2008-09-10,0.0052946726018708,0.0038228247818141,0.0022494738432579,0.0017721852136163084,0.001340648510298185,0.004759469155976483,0.001692703,0.004288339116128418,0.002464438245741702,0.001325923030048336,0.0009976083053432159,0.0028298304,0.004372252979042767,0.0027232732276619613,0.0011510689537113815,0.0006450078607473722,0.0005575393974591592,0.0017884999480105594,0.0004994723,0.002356029927561395,0.0008176512662818839,0.0005670421425737049,0.0004274374172402327,0.00043793433,0.002428969471529764,P1 Distress
2008-09-11,0.0056645343701203,0.0036029620986115,0.0022140284520526,0.0020540714498725465,0.001340648510298185,0.00415623271148696,0.001692703,0.004041703238638142,0.00320581150992945,0.001325923030048336,0.0010030548867030295,0.0028298304,0.0041207909512287815,0.002584143443398755,0.0011353819574097506,0.0006873444292095298,0.0005575393974591592,0.0015956739812036994,0.0004994723,0.0022356623007622656,0.0009120172992754143,0.0005670421425737049,0.0004274329202729503,0.00043793433,0.0023048754235572115,P1 Distress
2008-09-12,0.0150714821027334,0.0032336971217265,0.0020389132207769,0.0016900311010930927,0.0012293557717334331,0.0019068096526281446,0.001115254,0.0034495452072150316,0.002615857196906978,0.0012606888450985782,0.0010072289684149207,0.0013308286,0.003582383073141351,0.002344755630226774,0.001072793332510252,0.0006856447304259622,0.0005293729273270387,0.0009540685513552387,0.0004430709,0.0020150723240369463,0.0009250571295897032,0.0005442444312293349,0.0004275745472880262,0.00041863055,0.0021023135771440866,P1 Distress
2008-09-15,0.0155716685459234,0.0033684094876671,0.0019788695452458,0.0020349861145043486,0.001340648510298185,0.004761301831686568,0.002748498,0.003778588606471899,0.003295459128237989,0.001325923030048336,0.0010107701557783275,0.0028822022,0.0038525277138388245,0.0024325269174302585,0.0010820698516057087,0.000732402335783422,0.0005575393974591592,0.0017775686915203284,0.0004994723,0.0021044918147947785,0.0010126978668243418,0.0005670421425737049,0.0004276159972324499,0.00043793433,0.0021696440743058354,P1 Distress
2008-09-16,0.0179152830785922,0.003644983007918,0.0021265094670693,0.0024776120376597223,0.001340648510298185,0.008352239601815466,0.001692703,0.004088841132567087,0.00385638981469966,0.001325923030048336,0.000987569530687545,0.0028298304,0.004168851235542934,0.002613191490568543,0.001125577550145569,0.0007880924502495506,0.0005575393974591592,0.002516961001149811,0.0004994723,0.0022607931131148674,0.0011034221511056373,0.0005670421425737049,0.00042737284973976605,0.00043793433,0.0023307842523395328,P1 Distress
2008-09-17,0.0156699406226161,0.0042911260819007,0.002335663117417,0.002831569582083031,0.001340648510298185,0.01175027139105298,0.001692703,0.004813666563216504,0.004377606946824487,0.001325923030048336,0.0009862652642017905,0.0028298304,0.0049078599898935,0.0030352520994457984,0.0011993858664438653,0.0008400042459579154,0.0005575393974591592,0.003191342084707916,0.0004994723,0.0026259373137257325,0.0011801065172070042,0.0005670421425737049,0.0004273714012499325,0.00043793433,0.0027072328303539644,P1 Distress
2008-09-18,0.0150693910179447,0.0041837496471454,0.0022255788644122,0.002911274286749674,0.001340648510298185,0.009957169136892065,0.001692703,0.004693214648312544,0.00447711374370899,0.001325923030048336,0.000986333876116781,0.0028298304,0.004785051081943676,0.0029711586108874723,0.0011518304505573698,0.0008675612900585009,0.0005575393974591592,0.002746416807700944,0.0004994723,0.0025704870652264755,0.001226298225489408,0.0005670421425737049,0.00042737141761386256,0.00043793433,0.0026500659161234467,P1 Distress
2008-09-19,0.0057145012524392,0.0076816159016934,0.003185855012604,0.001782444013713709,0.0012933791578360534,0.007854475842809778,0.001198008,0.008317151518814344,0.0022698363562599793,0.00131431733505994,0.0009862379099530166,0.0017883441,0.008556102591305927,0.005231649781504568,0.001461374270628646,0.0007795852722599177,0.0005417891023486621,0.002341065058284872,0.00046826366,0.004523200670816702,0.0010256220340923623,0.0005547807458264546,0.00042737139674456305,0.00041359276,0.00466727576767762,P1 Distress
2008-09-22,0.0236501816035985,0.0075382000748822,0.0032211314042358,0.0020422653602249277,0.001340648510298185,0.012937167174634561,0.001692703,0.008456144367406597,0.003265046177559934,0.001325923030048336,0.0009862325402584596,0.0028298304,0.008621613496599703,0.005163550437603331,0.0014696343043384714,0.0007881604142592833,0.0005575393974591592,0.0034923810613418102,0.0004994723,0.004467226879732055,0.0010491209059946018,0.0005670421425737049,0.0004273713971050521,0.00043793433,0.004605526265320995,P1 Distress
2008-09-23,0.0256294858378708,0.0083699455554899,0.0034462850727104,0.0026343210468293492,0.001340648510298185,0.0245964305713167,0.001692703,0.009389173444784413,0.004080189547642773,0.001325923030048336,0.0009862306069294152,0.0028298304,0.00957290000930947,0.005725042680916568,0.0015402019918154329,0.000838150659593531,0.0005575393974591592,0.005385766294051958,0.0004994723,0.004952999851721107,0.0011250470173532054,0.0005670421425737049,0.000427371396987992,0.00043793433,0.0051063381205748775,P1 Distress
2008-09-24,0.0261760057169028,0.0074755043953396,0.0033027220937198,0.0022656287149503034,0.0012314073639470256,0.006780494711758546,0.001158229,0.007919834614509033,0.0034715908269057046,0.0012822584446694587,0.000986238189841915,0.0017008828,0.008217713338702729,0.005166094438991459,0.00149406061286206,0.0008292027312989392,0.0005300971287777656,0.0021831806198492573,0.00045401682,0.004423527714877679,0.001113891587500038,0.000548857220266162,0.00042737139724546483,0.00043758404,0.004605952688339556,P1 Distress
2008-09-25,0.0283640682318015,0.0067170216771334,0.0033177628812937,0.0018247785557224678,0.001292109716665919,0.00470772683320497,0.001198008,0.007272751952042211,0.0027020142935913973,0.00131431733505994,0.000986270951861833,0.0018238223,0.0074725097808333914,0.004687893211176177,0.0015024447475233624,0.0008030903081182013,0.0005417891023486621,0.0017465551275070424,0.00047321306,0.004053077442697438,0.0010639015961340717,0.0005547807458264546,0.000427371397438789,0.00044315276,0.004182177955285573,P1 Distress
2008-09-26,0.0292122096789999,0.0060388927778351,0.0030121001191483,0.0018000963409402254,0.0013370006730126398,0.006741498398689238,0.0018019975,0.0067505464373685525,0.002876332426618448,0.0013251389582612017,0.000986312356216322,0.0028270695,0.006886245232376114,0.004257907737742565,0.0014488326321037978,0.0007986842092755544,0.0005574599042597278,0.002241344875756589,0.0005305839,0.003680179775757348,0.0010798040471767221,0.0005670421425737049,0.00042737140974498275,0.00046615687,0.0037950945386226015,P1 Distress
2008-09-29,0.0206019853609634,0.0138261179096823,0.0047149344830759,0.002537945282093993,0.001340648510298185,0.11845559077492251,0.001692703,0.015509756695717105,0.004141958831942062,0.001325923030048336,0.00098623060591517,0.0028298304,0.015813250323892275,0.009313603175245285,0.0019387164725725267,0.0008558932014733499,0.0005575393974591592,0.017188563530523483,0.0004994723,0.00805762991073348,0.0011675159437245293,0.0005670421425737049,0.00042737139698799127,0.00043793433,0.00830708338510556,P1 Distress
2008-09-30,0.0203525475577484,0.0146719158862632,0.0050049736714866,0.001646603021443565,0.0012933791578360534,0.013299361090159145,0.001198008,0.01588579135679627,0.0022660040878759898,0.00131431733505994,0.0009862306059931732,0.0017883441,0.01634218882334442,0.009901104209436264,0.002020805862081889,0.0007866551593763193,0.0005417891023486621,0.0033966821533338858,0.00046826366,0.008560336236625644,0.0010005676602026334,0.0005547807458264546,0.00042737139698799127,0.00041359276,0.008833004057978608,P2 Panic and guarantee
2008-10-01,0.0256570842549536,0.0132905682341308,0.0049593953614398,0.0014110855355790306,0.0012933791578360534,0.012967514696330874,0.001198008,0.014390158423573138,0.0017278884540429247,0.00131431733505994,0.0009862306060616393,0.0017883441,0.014803586480144935,0.009050539404353,0.0020013873020882644,0.0007317536488480158,0.0005417891023486621,0.0033802839047923916,0.00046826366,0.007824951519069251,0.0008810736706209188,0.0005547807458264546,0.00042737139698799127,0.00041359276,0.008074195523500815,P2 Panic and guarantee
2008-10-02,0.0233168722967425,0.0127822991034924,0.0051306351586042,0.0012316341647237515,0.0012933791578360534,0.013128287652868512,0.001198008,0.01383983783660859,0.0012659594652174868,0.00131431733505994,0.0009862306060144483,0.0017883441,0.014237455228414702,0.008751542430955259,0.0020498150648126574,0.0006634210032362376,0.0005417891023486621,0.0034004830714913815,0.00046826366,0.007566443521185668,0.000749976330927061,0.0005547807458264546,0.00042737139698799127,0.00041359276,0.0078074534083306165,P2 Panic and guarantee
2008-10-03,0.0255293396818997,0.011748285671293,0.0051407064711615,0.0011757854130466266,0.0012933791578360534,0.010949034334116144,0.001198008,0.012720275690030093,0.0009906534071899165,0.00131431733505994,0.000986230606716735,0.0017883441,0.01308572815433179,0.008107432117737252,0.002048991817818517,0.00060817673144726,0.0005417891023486621,0.003072187769169057,0.00046826366,0.007009556053081913,0.0006404397387607386,0.0005547807458264546,0.000427371396987992,0.00041359276,0.007232827700925355,P2 Panic and guarantee
2008-10-06,0.0152417902627563,0.0151891725955155,0.005563649806527,0.0018765111180706266,0.001340648510298185,0.02395439344101351,0.001692703,0.017038793745619923,0.0021052346399852706,0.001325923030048336,0.00098623060591517,0.0028298304,0.01737220744352884,0.010361958664595241,0.0022110290009077584,0.000678524739891471,0.0005575393974591592,0.006237083598325146,0.0004994723,0.008964610849165546,0.0007422855457809647,0.0005670421425737049,0.00042737139698799127,0.00043793433,0.00924214324361557,P2 Panic and guarantee
2008-10-07,0.0104765266659984,0.0159143423412396,0.0057095822235747,0.002629491676499756,0.001340648510298185,0.05154916202158252,0.001692703,0.017852269111065758,0.003505179249158609,0.001325923030048336,0.00098623060591517,0.0028298304,0.01820160082722176,0.010872095456752738,0.0022550101967043702,0.0007624401073656938,0.0005575393974591592,0.009306221919580552,0.0004994723,0.009405953839382178,0.0008797202259071029,0.0005670421425737049,0.00042737139698799127,0.00043793433,0.009697149624124258,P2 Panic and guarantee
2008-10-08,0.0088783132379878,0.0167521331600796,0.0059211615038927,0.00308071931747487,0.001340648510298185,0.16553586747610655,0.001692703,0.018792079681682644,0.004273758086231717,0.001325923030048336,0.00098623060591517,0.0028298304,0.019159801532865887,0.01145514747535452,0.0022978644919194554,0.0008370591048526025,0.0005575393974591592,0.018726146609963364,0.0004994723,0.009910379172542836,0.0010127483505807298,0.0005670421425737049,0.00042737139698799127,0.00043793433,0.010217191292772178,P2 Panic and guarantee
2008-10-09,0.0102040446893383,0.0149075844251322,0.0056258422409264,0.0028821726148767586,0.001246632526849336,0.08505782535693639,0.0011725078,0.016147471068163027,0.0042745802569036555,0.0012927764782814303,0.00098623060591517,0.001794889,0.016604622596784562,0.01029678828532987,0.002208217544664412,0.000852844714601682,0.0005510835263212489,0.010855665353780483,0.00046075424,0.009097595940186835,0.001097767385202742,0.0005693478384016204,0.00042737139698799127,0.000431508,0.009289731845300728,P2 Panic and guarantee
2008-10-10,0.0070325026085347,0.0146606051180962,0.0059732691517115,0.0030859948415133567,0.001340648510298185,0.3222283381534333,0.001692703,0.01644586136752262,0.004604452980283049,0.001325923030048336,0.00098623060591517,0.0028298304,0.016767672614005524,0.010162546252186246,0.0023125499898548904,0.0008904066351684414,0.0005575393974591592,0.026804592101138117,0.0004994723,0.00879208992589184,0.0011775563953099703,0.0005670421425737049,0.00042737139698799127,0.00043793433,0.009064281302674226,P2 Panic and guarantee
2008-10-13,0.0069181972216631,0.0132660930670309,0.005613859894987,0.0025267113281704796,0.0012933791578360534,0.04563497147503433,0.001198008,0.014363658312681946,0.0041395037756723025,0.00131431733505994,0.00098623060591517,0.0017883441,0.014776325023268368,0.009275634343218505,0.0022472014855869273,0.0008666815166586555,0.0005417891023486621,0.007318857587232987,0.00046826366,0.008019565000666081,0.0011998246227798623,0.0005547807458264546,0.00042737139698799127,0.00041359276,0.008275007924458531,P2 Panic and guarantee
2008-10-14,0.0083964735167829,0.0120795871991478,0.005447046085447,0.0019254210337633314,0.0012933791578360534,0.017514970930651342,0.001198008,0.013078987325817018,0.0032706883637108803,0.001297788864881793,0.00098623060591517,0.0017008828,0.013403244245522972,0.008513913042792564,0.0022287544070357726,0.0008239524717377625,0.0005417891023486621,0.004106481301524494,0.00046826366,0.007360992955334882,0.0011737971409039793,0.0005484670779064478,0.00042737139698799127,0.00040413794,0.007590260398452305,P2 Panic and guarantee
2008-10-15,0.0085042657681014,0.0126543406624535,0.005564399593921,0.0024115393184853994,0.001340648510298185,0.03162269682881859,0.001692703,0.014195289386468355,0.004081608489898471,0.001325923030048336,0.00098623060591517,0.0028298304,0.014473061627736683,0.008891874504362192,0.002283477627664713,0.0008575981406478124,0.0005575393974591592,0.006769757154352121,0.0004994723,0.007692772885070908,0.0012232482012445312,0.0005670421425737049,0.00042737139698799127,0.00043793433,0.007930930872592772,P2 Panic and guarantee
2008-10-16,0.0071831695158813,0.0118633262880017,0.0055859627956529,0.0028139225934402335,0.001340648510298185,0.03532799125340398,0.001692703,0.013307951337516088,0.004422354187989563,0.001325923030048336,0.00098623060591517,0.0028298304,0.013568360221693923,0.00838602559722683,0.0022755991530312315,0.0008876399839864194,0.0005575393974591592,0.006805632321582315,0.0004994723,0.00725513954298487,0.0012699614847558824,0.0005670421425737049,0.00042737139698799127,0.00043793433,0.007479748985972689,P2 Panic and guarantee
2008-10-17,0.0076853386150995,0.0105541449491903,0.0050853374736367,0.002523921077179482,0.0012370107782686548,0.011231270159592613,0.0011560065,0.011603243516980078,0.0036180146804000875,0.001292093814149247,0.0009862306059151736,0.001794889,0.011814614317321564,0.007537288451008453,0.0021397266906603165,0.000873724274803841,0.0005410048180773453,0.0032337012324787084,0.00044490685,0.0067242091440930015,0.001229908248757345,0.0005656297262124812,0.00042737139698799127,0.00044006237,0.006841862114464005,P2 Panic and guarantee
2008-10-20,0.0082523278527435,0.0095728836701705,0.005237052555128,0.001943007770270609,0.0012933791578360534,0.01090743445915519,0.001198008,0.010364892618392862,0.0028352406373214783,0.00131431733505994,0.0009862306059152733,0.0018238223,0.010662675122633945,0.006892074422680133,0.0021974028830927077,0.0008352014228024965,0.0005417891023486621,0.0031264209276070146,0.00046826366,0.005958777241205169,0.0011637105162867261,0.0005547807458264546,0.00042737139698799127,0.00042151453,0.006148578992371838,P2 Panic and guarantee
2008-10-21,0.0063678626126944,0.0094122781865342,0.0051129858703661,0.00150941688160706,0.0012933791578360534,0.010567710908999628,0.001198008,0.010190999500167493,0.0019360244008890359,0.00131431733505994,0.0009862306059152802,0.0017883441,0.010483786069561789,0.006772139698832112,0.00214393284667673,0.0007677575429012862,0.0005417891023486621,0.0030028369841895858,0.00046826366,0.005855083598469096,0.0010286750768362615,0.0005547807458264546,0.00042737139698799127,0.00041359276,0.006041582451376697,P2 Panic and guarantee
2008-10-22,0.005677080122651,0.0103324190115634,0.0052647094546061,0.001988822671646838,0.001340648510298185,0.02178793090620719,0.001692703,0.011590621893606656,0.0032144248416467146,0.001325923030048336,0.00098623060591517,0.0028298304,0.01181742621815603,0.007360658094558071,0.0021925880157916545,0.0008025198051782034,0.0005575393974591592,0.005395953972353167,0.0004994723,0.006368046577615933,0.001091367773212971,0.0005670421425737049,0.00042737139698799127,0.00043793433,0.006565192805644284,P2 Panic and guarantee
2008-10-23,0.0067534310535867,0.0092089854892678,0.0048397312056205,0.0019314895619562359,0.0012475814572618753,0.006961081008166841,0.0011677851,0.009949420834042232,0.003049797804654947,0.0012619149760955829,0.000986230605919173,0.0016265988,0.010188812312877526,0.006627525453036019,0.0020611871484649204,0.0008035388870297098,0.0005511755307991312,0.0024121370248901784,0.00046498305,0.005814738349961941,0.0010866315014761189,0.0005585641872005269,0.00042737139698799127,0.00043783078,0.005962127206734514,P2 Panic and guarantee
2008-10-24,0.014249685038669,0.0084296178908999,0.0049938298619731,0.0021169403175558058,0.001340648510298185,0.01130968504416561,0.001692703,0.009456112220348192,0.0035874758126366014,0.001325923030048336,0.0009862306059159076,0.0028298304,0.009641148637262297,0.006112755212057033,0.0021103480929963283,0.0008247457631960095,0.0005575393974591592,0.00331347885744457,0.0004994723,0.005288427937812108,0.001135788291315303,0.0005670421425737049,0.00042737139698799127,0.00043793433,0.005452150612800729,P2 Panic and guarantee
2008-10-27,0.0131986021722842,0.0079785219933852,0.0050926295135025,0.0024483287599799592,0.001340648510298185,0.02031362423375689,0.001692703,0.008950085318032375,0.004098892050564163,0.001325923030048336,0.0009862306059151772,0.0028298304,0.00912521984263759,0.005807994203626351,0.002137532334817177,0.0008562262217478242,0.0005575393974591592,0.004792574752820909,0.0004994723,0.005024765059874248,0.00119895451024061,0.0005670421425737049,0.00042737139698799127,0.00043793433,0.005180325083848465,P2 Panic and guarantee
2008-10-28,0.0131435084094802,0.0072521272157358,0.0049270055380088,0.002500582029766076,0.001340648510298185,0.022981878769561953,0.001692703,0.008135235745652338,0.003743145631955002,0.0012953603112827083,0.00098623060591517,0.0025011266,0.008237399941074681,0.005322797278422376,0.0021033267085859104,0.000872270640362238,0.0005575393974591592,0.005026100381390038,0.0004994723,0.004604998704838782,0.0012147780817263836,0.0005566249952683352,0.00042737139698799127,0.00042102637,0.004747078911053797,P2 Panic and guarantee
2008-10-29,0.0094088412048323,0.0080010877051324,0.004320061074568,0.0016929710709450356,0.0012933791578360534,0.006153581632513423,0.001198008,0.008663054702362658,0.0022816865795510814,0.00131431733505994,0.0009862306076611409,0.0017883441,0.008911943544594294,0.005784953941866244,0.0019147229496305907,0.0008042414466137738,0.0005417891023486621,0.002140835851749711,0.00046826366,0.005001578592473731,0.0010691094054829716,0.0005547807458264546,0.00042737139698799354,0.00041359276,0.005160891205955023,P2 Panic and guarantee
2008-10-30,0.0159477386429761,0.0075618266847066,0.004143925825991,0.0014187475997493072,0.0012933791578360534,0.005397825434273349,0.001198008,0.008187451585785934,0.0016682064310498158,0.00131431733505994,0.0009862306088549504,0.0017883441,0.0084226763899717,0.005486142007421347,0.0018403370722846427,0.0007441364768457356,0.0005417891023486621,0.0019589038665612994,0.00046826366,0.00474323057630731,0.0009427504701042231,0.0005547807458264546,0.0004273713969879958,0.00041359276,0.00489431416831424,P2 Panic and guarantee
2008-10-31,0.0080094589559126,0.0100625041984977,0.0048833848408105,0.001186171550864358,0.0012933791578360534,0.003921767258042841,0.00097545586,0.010895021717912345,0.0012019769339188789,0.00131431733505994,0.000986230606077655,0.0011638703,0.011208034787161487,0.007086150191711217,0.00202976784467888,0.0006504415485895861,0.0005417891023486621,0.001623636331622798,0.00046826366,0.006126572045011437,0.0007723510994185923,0.0005547807458264546,0.00042737139698799127,0.00041359276,0.0063217184745089005,P2 Panic and guarantee
2008-11-03,0.0080959636921637,0.0089513436399196,0.0044330166451465,0.0012244701081663197,0.0010863409786475127,0.002417350815840747,0.00073510624,0.009955048735150508,0.0013793998793720532,0.001222844145945656,0.0009862306058030731,0.00081771874,0.010134701721622012,0.006369491028732608,0.0018776158358622414,0.0005973832505725936,0.0005251773642946358,0.0012453813342820812,0.00052017905,0.00583150380907782,0.0007441071917873793,0.0005643443894341717,0.00042737139698799127,0.00044323943,0.00594613247646212,P2 Panic and guarantee
2008-11-04,0.0080580948467009,0.0080609088493286,0.0045751002043878,0.0011775649444849554,0.001054879101127127,0.00195500968811574,0.0006989639,0.008779588345390131,0.0011416920726368238,0.0011664600380746435,0.0009862306057195637,0.0006998303,0.008993948707171117,0.005788126034752355,0.001931679775161565,0.0005585190108515286,0.0004599068537073462,0.0010696718056306222,0.00044615555,0.005079683333072805,0.0006727506712876574,0.0004965031912798106,0.00042737139698799127,0.00036034524,0.0052693894233784505,P2 Panic and guarantee
2008-11-05,0.0088690217347736,0.0071866876043114,0.0038424563787167,0.0012541259911109284,0.0010426539772814634,0.0017967766918725824,0.0007233638,0.007878311922763849,0.0010742432830064355,0.0011645517729244354,0.0009862301769193553,0.0007041457,0.008011991997358636,0.005214337166070447,0.00170925746449533,0.0005422843046818886,0.00048066029416940975,0.0010295354610354956,0.00047704685,0.004712796402222966,0.0006341192290262828,0.000517070041689444,0.0004273713970057223,0.00042337217,0.004828834492792441,P2 Panic and guarantee
2008-11-06,0.001644954031399,0.0097407164656864,0.0043482570749565,0.002019352203961987,0.001340648510298185,0.013607399819051989,0.001692703,0.010926866341777973,0.0023569402965646783,0.001325923030048336,0.0009862306059360158,0.0028298304,0.011140682352932234,0.0068621023283873,0.0018492171539840128,0.000627664359694702,0.0005575393974591592,0.004144727481221307,0.0004994723,0.005936722869908099,0.0007543080799705764,0.0005670421425737049,0.00042737139698799127,0.00043793433,0.0061205158912666525,P2 Panic and guarantee
2008-11-07,0.0015774821050852,0.0086847311187983,0.0036303847693651,0.0017027531113807822,0.0012293557717334331,0.005055194375783528,0.001158229,0.009255666670472264,0.0028766376062191053,0.0012910397271883149,0.0009862422881529787,0.0017883441,0.009626106390241081,0.006180356828813802,0.0016484054638119488,0.0006453920601381646,0.0005295875625696028,0.0019056264882647942,0.0004430709,0.005311370548755632,0.0008473135622311149,0.0005517399520421652,0.0004273713971942091,0.00042226695,0.005506337154459839,P2 Panic and guarantee
2008-11-10,0.0030395510857804,0.007754771217369,0.0036448931134097,0.0013969248494578636,0.0012303576572838162,0.004930287906522718,0.001158229,0.008215700542321375,0.0027025772147427087,0.0012916836711301673,0.000986248212183533,0.0017883441,0.00854272802395875,0.005574120151897858,0.001653115121697911,0.0006431539994199286,0.0005292960902616738,0.0018775015533362906,0.00045401682,0.004772904419221578,0.0009057968860429002,0.0005526412818362777,0.0004273713972850256,0.00042661498,0.004962398955199085,P2 Panic and guarantee
2008-11-11,0.0051122107683639,0.0070111547747833,0.0035184401065951,0.0015164983810473053,0.001340648510298185,0.006513471824146148,0.0018069063,0.00786491952572988,0.0030557729612117933,0.001325923030048336,0.0009862988415218533,0.002881702,0.00801881961642754,0.005085555328267691,0.0016106616532257304,0.0006621396035747485,0.0005575393974591592,0.002287938169200767,0.0005060902,0.0043997496945816115,0.0009824736713426462,0.0005670421425737049,0.00042737141030331006,0.00045553298,0.004535960076522692,P2 Panic and guarantee
2008-11-12,0.0044718382100287,0.0066226717860634,0.0036007567186704,0.0019284922017750999,0.001340648510298185,0.010803071689962031,0.001692703,0.007429130052876454,0.0036792342545197885,0.001325923030048336,0.0009862345830715733,0.0028298304,0.007574502651439221,0.004824545676776109,0.0016350258991278258,0.0007129876708557503,0.0005575393974591592,0.0031732362798925873,0.0004994723,0.004173938143962986,0.0010697824136301957,0.0005670421425737049,0.0004273713972488575,0.00043793433,0.004303157701495498,P2 Panic and guarantee
2008-11-13,0.0060356498549525,0.0060951665851345,0.0030261961832297,0.0021921762304479534,0.001340648510298185,0.004866457101912542,0.002748498,0.0068373893071676664,0.0037228790254330278,0.001325923030048336,0.0009862785385719593,0.0028822022,0.006971182772067826,0.00447178738199466,0.0015281772082275306,0.0007571984137955854,0.0005575393974591592,0.0019386480685643262,0.0004994723,0.00386875058831909,0.001134611635397608,0.0005670421425737049,0.00042737143869269535,0.00043793433,0.003988521946203083,P2 Panic and guarantee
2008-11-14,0.0060537373828676,0.0054265007524718,0.0026411609574701,0.0017753923106092581,0.0012279170401837307,0.0032772449138876152,0.0016958505,0.005925148434623119,0.003525146348669755,0.001291603198340678,0.0009863448893429106,0.0017590459,0.006071903953650051,0.004024480150638931,0.0013703327655933983,0.0007341644992932382,0.0005229041855384326,0.00149662033991366,0.0004216051,0.0035337229708558874,0.0011546960737067549,0.0005537949665037221,0.00042737128495821383,0.00043336092,0.003659165173624902,P2 Panic and guarantee
2008-11-17,0.0080588117037445,0.0055303442521111,0.0030392854365507,0.0021892355478143133,0.001340648510298185,0.008404908769091966,0.002748498,0.006203787234718552,0.003962612446560305,0.001325923030048336,0.0009862902481469478,0.0028822022,0.006325182426998485,0.00407789681668598,0.001498482014209314,0.0007695070802476823,0.0005575393974591592,0.002782274434606696,0.0004994723,0.0035279775984387953,0.0011915113699768152,0.0005670421425737049,0.00042737141996352035,0.00043793433,0.003637199079095917,P2 Panic and guarantee
2008-11-18,0.0057586346092555,0.0059506611253536,0.0033289332636281,0.0026717501641496133,0.001340648510298185,0.014812093163838665,0.001692703,0.006675287078831029,0.004175190710732899,0.001325923030048336,0.0009862313533679377,0.0028298304,0.006805908540818547,0.004338830867552891,0.0015746632352867092,0.0008220699285293035,0.0005575393974591592,0.003977366352541442,0.0004994723,0.003753723743451968,0.0012381874522431715,0.0005670421425737049,0.000427371397006234,0.00043793433,0.0038699340236473547,P2 Panic and guarantee
2008-11-19,0.0055727762112815,0.0053938273947089,0.0032073431607526,0.002643575522338804,0.001340648510298185,0.00874499576631422,0.0018069063,0.006050646399597484,0.0032222661875515165,0.001325923030048336,0.000986236668956994,0.002881702,0.006169044944761379,0.00396815978903291,0.0015353661279770756,0.0008432095032344132,0.0005575393974591592,0.0026922156674858188,0.0005060902,0.0034330390081107743,0.0011853337184425613,0.0005670421425737049,0.0004273713973449571,0.00045553298,0.0035393213166451157,P2 Panic and guarantee
2008-11-20,0.00401925452959,0.0056934216613323,0.0033522232343527,0.0028530970079169576,0.001340648510298185,0.017288794774896452,0.001692703,0.006386722962311152,0.00384900035490569,0.001325923030048336,0.000986230650652692,0.0028298304,0.006511697825683234,0.004152149008880179,0.0015726437799448078,0.0008797340088319077,0.0005575393974591592,0.004268603215271851,0.0004994723,0.003592216612438417,0.0012212537191418572,0.0005670421425737049,0.0004273713969882866,0.00043793433,0.003703426847283802,P2 Panic and guarantee
2008-11-21,0.004030515096118,0.0050731512530722,0.0029953382605523,0.0024626175597132773,0.0012317764246367253,0.00925905193047388,0.0011775207,0.005490589296643101,0.0025178233395450546,0.0012921145230128741,0.00098623172634716,0.0017892893,0.005658463706400208,0.0037398041329554815,0.0014371700614778903,0.0008612450848651812,0.0005295912410010144,0.0026773651697739507,0.0004516968,0.0032526961835909023,0.0010850882174126208,0.0005551892313958043,0.00042737139702952136,0.00043370656,0.0033561124937284666,P2 Panic and guarantee
2008-11-24,0.0006339429007329,0.0059808065924267,0.0034131991065828,0.0017171612089349811,0.0012933791578360534,0.005689340077520594,0.001198008,0.006475626387798228,0.0017131186806335374,0.00131431733505994,0.0009862596377786421,0.0017883441,0.0066616705961932395,0.004310665223987894,0.0015773115659625052,0.000788249434575401,0.0005417891023486621,0.001982115782015554,0.00046826366,0.003726932162343797,0.0009368102970987339,0.0005547807458264546,0.00042737139674920154,0.00041359276,0.003845644143385929,P2 Panic and guarantee
2008-11-25,0.000647122849075,0.0053240680992796,0.0030560182830934,0.0015311983400262046,0.0012303767042173611,0.002734346741243646,0.0010308847,0.005832846537432666,0.001760930659986868,0.0012921145230128741,0.000986300051325138,0.0013808233,0.0059798054443601905,0.0038793832292222845,0.001457986841726454,0.0007279360160201648,0.0005230359948008326,0.0013196971411654197,0.0004216051,0.003417152266902151,0.000883027058914065,0.0005540272504627557,0.0004273713286582852,0.00043336092,0.003525233402003737,P2 Panic and guarantee
2008-11-26,0.0008507938360954,0.004742397435463,0.0030596814167415,0.0013973470539688775,0.0012303767042173611,0.0022029402888749418,0.0008719203,0.005171729040169234,0.0012878628997295555,0.0012921145230128741,0.0009861924434333388,0.00093732344,0.005295136148505036,0.0034935670707093363,0.001464587988258221,0.000680699607923053,0.0005249178453979708,0.001148827602899924,0.00043879857,0.003044764162369014,0.0007607584469942547,0.0005542975382503705,0.0004273707545163182,0.00043370656,0.0031457480615605204,P2 Panic and guarantee
2008-11-27,0.0004996500847269,0.0043914694066599,0.0030624108738622,0.0012571306332153994,0.001052239726560341,0.0012597772336743484,0.0006634916,0.004786233139113947,0.0009614617129896901,0.0011649257229442874,0.0009857887024914348,0.00066457374,0.0048997763565953424,0.003253672093676785,0.0014892391716615156,0.0006326197349894311,0.00045829108697490817,0.0008122290351477763,0.00042497012,0.002845314523052831,0.0006378933087563409,0.0004965031912798106,0.0004273718187795486,0.00034059712,0.0029563493952639045,P2 Panic and guarantee
2008-11-28,0.0005440474771907,0.0039207007054458,0.0028019971978206,0.0012639538141966556,0.0010017954037327011,0.0011877401462990712,0.0006553934,0.004244059023394589,0.0010227587195048454,0.0011543234335942294,0.0009854110482944447,0.00066492555,0.004380423080423731,0.002936632988779941,0.0013881531140572886,0.000599379253674854,0.00044507204327452445,0.0007780247899793721,0.0004174824,0.0025903552151187873,0.0006180550949788782,0.00049324119961193,0.00042737245956131096,0.00035479243,0.0026805019585750493,P2 Panic and guarantee
2008-12-01,0.0036063634444698,0.0035745765489447,0.0023278748535418,0.0014518269205754566,0.0010819913383748787,0.001950415493253469,0.0012046639,0.0040722464240027624,0.0013509728542960683,0.0011820290875373307,0.000985772846565116,0.0011807627,0.004116680930317987,0.002700231389763438,0.0012969099411681844,0.0006055283374071804,0.00053880038806384,0.0010821332105311098,0.0004950176,0.0024074442781487713,0.0006600695168455849,0.0005643127205120987,0.00042737379019034495,0.00043244933,0.002473398029630131,P2 Panic and guarantee
2008-12-02,0.0039383060061493,0.0031901364488609,0.0018950381781261,0.001383323624307575,0.001001170082504828,0.0015312328671065072,0.00082165,0.0035140159465952775,0.0019196054715118836,0.0011640764838522519,0.0009855336649760222,0.0007765091,0.003609393252579476,0.0024372557432340855,0.0011050422479937285,0.0005959163702719157,0.0005110974923339157,0.0008734126888245889,0.00037674728,0.0021775652331032474,0.0007442051736214,0.0005541284688345008,0.0004273719506192029,0.0003892172,0.0022360342544658525,P2 Panic and guarantee
2008-12-03,0.0037510577789312,0.0029505522497076,0.0020006792334562,0.001583703099605207,0.001239466894042439,0.0021981721607687915,0.0013170632,0.003301237381967566,0.002568237095612701,0.001289945571103754,0.0009861174732972626,0.001227502,0.0033740712096367166,0.0022686864359830533,0.0011421837671508673,0.0006174578642413655,0.0005578957746022439,0.0011086740911687547,0.0004608953,0.00196331328724957,0.000847958185861755,0.0005669463151797221,0.0004273732753537258,0.00042130033,0.0020254698296449784,P2 Panic and guarantee
2008-12-04,0.0042072804801538,0.0026611690789551,0.0018763276968761,0.001422705854899273,0.0010352682264214567,0.001982096114995646,0.00084437313,0.002834305118049533,0.0026442760800142054,0.0011977266921745534,0.0009858736597542711,0.00078641716,0.002946404605680406,0.0020662940848016984,0.0011095196303603947,0.0006116975864092775,0.0005232150752163995,0.0010139636612500483,0.0003779827,0.0017985654355805012,0.0009269172027106757,0.0005498141326719144,0.00042737128708740665,0.00036335055,0.0018653859390681394,P2 Panic and guarantee
2008-12-05,0.0055346844949654,0.0024160294452359,0.0018925189226804,0.0014563961143762747,0.001153242542557567,0.0024135551041276535,0.00095649116,0.002617298434799718,0.002779659922139195,0.001238520535335615,0.0009861140556626877,0.00088702707,0.0026946651317975344,0.0018937485427198964,0.0011129940860044975,0.0006217275001967303,0.0005400865391118952,0.0011643048201106661,0.0003649753,0.0016294676155956013,0.0009953456749686995,0.0005617522001546352,0.00042737249967832067,0.00038092904,0.001689467778361172,P2 Panic and guarantee
2008-12-08,0.0023188836708705,0.0034811838774874,0.0020382764463954,0.001195289340082889,0.0011635679635227235,0.0013247016466666612,0.0007921061,0.0037982448437145068,0.00174375815024677,0.0012637739338774599,0.0009834718845144607,0.0007648016,0.0038831892459393258,0.0025651787346219757,0.0010974440049403267,0.0005630533757688964,0.0005429036223374062,0.0007583674737235147,0.00051419775,0.0022444409602362485,0.0008792101400053093,0.0005583658749896585,0.00042737298129284535,0.00042072855,0.0023241973215171784,P2 Panic and guarantee
2008-12-09,0.002207723859594,0.0032351127643047,0.0020398204765069,0.0011617459629951342,0.0011635679635227235,0.001292927110285584,0.0007327028,0.003529761945446002,0.0017156557588356518,0.0012637739338774599,0.0009810012580839308,0.0007648016,0.003608701964004311,0.002397969038489587,0.0010922684683450626,0.000531431349492347,0.0005429036223374062,0.0007549025679407228,0.00051419775,0.002098138370914536,0.0008673745366229097,0.0005583658749896585,0.00042737753611756695,0.00042072855,0.0021726958597916004,P2 Panic and guarantee
2008-12-10,0.0025609186077763,0.0029017740774178,0.0019841799082584,0.001249795603118641,0.0010734677999136273,0.001179364771615898,0.0007727135,0.003190175514374703,0.0018117324544638905,0.0011956653242036436,0.0009791186081565997,0.00079378486,0.0032612118498504907,0.0021753563118206776,0.0010691273357802675,0.0005257004805887593,0.0005321507748108317,0.00072817312485133,0.0005130241,0.0019769453107426867,0.00088326818005595,0.0005665898949314775,0.00042741312273088386,0.00045715147,0.0020103312315271145,P2 Panic and guarantee
2008-12-11,0.0033340339845091,0.0028425278648684,0.0020783777920194,0.0015645043417469241,0.001340648510298185,0.001997794956837823,0.0011728322,0.0031886691458079346,0.0025648934698355268,0.001325923030048336,0.0009878659123561237,0.001367186,0.003251064758266427,0.002130354432981465,0.0011055712531087409,0.0005634046378461859,0.0005575393974591592,0.0010328945928774127,0.0005381777,0.001843068388964622,0.0009619722550254734,0.0005670421425737049,0.00042743596976043427,0.00043793433,0.0019001273279114377,P2 Panic and guarantee
2008-12-12,0.0026031177700084,0.0031702020333036,0.0021927280121093,0.0020842910712310253,0.001340648510298185,0.003402417978530261,0.001692703,0.0035562449657958167,0.003342647031664742,0.001325923030048336,0.000990126505492115,0.0028298304,0.0036258332713072178,0.0023372334264876293,0.0011403991885254507,0.0006325248172716885,0.0005575393974591592,0.0014693213186575671,0.0004994723,0.00202204899771638,0.00105178939276615,0.0005670421425737049,0.00042740176294777147,0.00043793433,0.0020846489375769854,P2 Panic and guarantee
2008-12-15,0.0026013619031295,0.0028287839270808,0.0019008363708239,0.0018062810315701218,0.0012303767042173611,0.0023409530680486607,0.0019881192,0.003104204617089757,0.002518010042990804,0.0012921145230128741,0.0009908601118677274,0.0019026033,0.003180120659173914,0.0021104542317491514,0.0010529192927827878,0.000646376247102147,0.0005253306228348605,0.0011073675171581925,0.000448617,0.001858896454419627,0.0010124149688310322,0.0005542975382503705,0.00042732872405190604,0.00043370656,0.0019194137239441735,P2 Panic and guarantee
2008-12-16,0.0024896103064283,0.0026396329674367,0.0019645153756732,0.0018977516547122257,0.001340648510298185,0.0035715345762616113,0.0029339336,0.002961067261133921,0.0029977030728701734,0.001325923030048336,0.000994047592135532,0.002935033,0.003019009178855971,0.0019822103496517684,0.001085243317045069,0.0006842334348208122,0.0005575393974591592,0.0014593716327660437,0.0005060902,0.0017149020741157913,0.0010572658051755143,0.0005670421425737049,0.00042740917416787735,0.00043793433,0.00176799315490944,P2 Panic and guarantee
2008-12-17,0.0021320728930129,0.0025010605726318,0.0019198623966078,0.0014757743392544078,0.0012933791578360534,0.002626444602724435,0.0019452454,0.0027079848831970386,0.00277944215904967,0.00131431733505994,0.000998301018666821,0.001821441,0.0027857850640242324,0.0018838598609227264,0.0010605924230266976,0.0006649041419960133,0.0005417891023486621,0.0011643996689060987,0.00046826366,0.0016287550853986564,0.0010758086468893315,0.0005547807458264546,0.00042727250103933564,0.00041359276,0.001680634951840477,P2 Panic and guarantee
2008-12-18,0.0008335432562259,0.0028286140580218,0.0019165736578266,0.0017829227303641465,0.001340648510298185,0.00425123552625588,0.002248208,0.003173061022087805,0.0034732376260033213,0.001325923030048336,0.0009942729575833985,0.0028298304,0.0032351512160803757,0.002091329126002726,0.0010494257151235154,0.0007009690826115164,0.0005575393974591592,0.0016691821066467571,0.0004994723,0.001809305786578552,0.0011405172779305618,0.0005670421425737049,0.00042746280675009363,0.00043793433,0.0018653194803897196,P2 Panic and guarantee
2008-12-19,0.0001664801481523,0.0028352589020179,0.0018953046821678,0.0021167378454816613,0.001340648510298185,0.0034359695392666583,0.002748498,0.0031805150243127186,0.003925259082217459,0.001325923030048336,0.0009965902892978215,0.0028822022,0.003242751077600444,0.0020925661540359356,0.001050036355117575,0.0007477844606038113,0.0005575393974591592,0.0014423870948618214,0.0004994723,0.0018103759968820467,0.0012042071766383499,0.0005670421425737049,0.00042753670273551107,0.00043793433,0.0018664228229767108,P2 Panic and guarantee
2008-12-22,0.0001724832953983,0.0025309695393583,0.0016780141648922,0.0018098618836697943,0.0012303767042173611,0.0022825493545168057,0.0018411838,0.0027755448368665288,0.0023744760240259504,0.0012921145230128741,0.0009894279288462666,0.0018553525,0.0028481252519283757,0.0018908911765580993,0.0009526054529717837,0.0007400363849037201,0.0005249879414979572,0.0010707696910475955,0.00045478818,0.0016674732397186519,0.0010576873787263386,0.0005542975382503705,0.00042729899902676014,0.00043951333,0.0017224718962427492,P2 Panic and guarantee
2008-12-23,0.0010745734356411,0.0023235606162601,0.0017254794788928,0.001788251036030927,0.001337168393992212,0.002540974506195508,0.0027774402,0.0025992263864689563,0.0021226763120042913,0.001325635059435624,0.0009967443099366568,0.002867441,0.0026495930304618344,0.0017516597716201623,0.0009776450743841628,0.0007529274858058762,0.0005574599042597278,0.0011554297913297755,0.0005305839,0.0015152732494604364,0.0010007753076714428,0.0005670421425737049,0.00042742812145358394,0.0004750854,0.0015624114611401132,P2 Panic and guarantee
2008-12-24,0.0021744464475243,0.0020900112436268,0.0014011793605748,0.0016800795033418757,0.0012476689946709619,0.002333350747058971,0.0019038395,0.002275745528902182,0.0018755683636756861,0.0012722003565888446,0.0009966387329342432,0.0017387009,0.002315679918384277,0.0015944225538138486,0.0008376455468221099,0.0007515173670887308,0.00055057867394342,0.0010399908072834356,0.00046075424,0.001415730367529238,0.0009548056385441349,0.0005641874123415029,0.00042734130292210344,0.00043008485,0.0014388569649911047,P2 Panic and guarantee
2008-12-29,0.0043278093834889,0.0018723123865508,0.0012767449269178,0.0015170931145723383,0.0012305907775630603,0.0014941976011872968,0.0011035084,0.002026796140150707,0.0020160472056795836,0.0012910908471298712,0.0009806454134814859,0.0009558752,0.002089569377134857,0.0014461950447129752,0.000809128028894682,0.0007329448729447378,0.0005293042972483027,0.0007921483698956549,0.00038248862,0.0012572834465341385,0.0009583866903877823,0.0005548103548845307,0.0004272198389427045,0.00039744,0.0012978201759710156,P2 Panic and guarantee
2008-12-30,0.0043245124465678,0.0016757526927759,0.0010778596671545,0.0014244736865731409,0.000909431224480224,0.0012126217241469842,0.0008753625,0.0022150597511650352,0.0017798392105939716,0.0010682288083083318,0.0009747396487164172,0.00077606866,0.0022764439010091756,0.0013113572274257692,0.0007561191175359767,0.0007001962491991621,0.00048095085748873785,0.0007106145290795467,0.00039674595,0.001319434391996911,0.0009249437914399331,0.0005292814416290836,0.0004280992240193705,0.00037161226,0.001336866178751265,P2 Panic and guarantee
2008-12-31,0.0043699884730695,0.0015085285804457,0.0010628406724459,0.0014203353191672343,0.0009376757968876779,0.0013021729834815207,0.0008491967,0.0020507559772706555,0.001583802858983812,0.0010989257503596244,0.0009765211687740625,0.0010000577,0.002086176311037522,0.0011955605150463817,0.0007476910517467693,0.0006736119279863555,0.0005125804274020728,0.0007386134086164948,0.000411428,0.0012348101748786717,0.0008809707067447657,0.0005545871844771275,0.0004306397822295478,0.0004482427,0.0012419112900530734,P2 Panic and guarantee
2009-01-02,0.0036308035018824,0.0021378311618261,0.0020719009890743,0.0041270621298706445,0.0042116468817924085,0.00125294823231891,0.005526479,0.0023324082652937104,0.00757330897628985,0.004657621068109096,0.006324307065300379,0.0044059847,0.002382250017562814,0.001348792219438278,0.000861636900889474,0.000622149592300432,0.00047790007017209943,0.0006077684321209863,0.0004907866,0.0011881651689268403,0.0007996214482971309,0.000508808286252613,0.00042990171543518923,0.00041885136,0.0012318214673428694,P2 Panic and guarantee
2009-01-05,0.0027908857072497,0.0024525470496425,0.0024656321674394,0.0034409405002001473,0.004321503733822597,0.0010769648609586973,0.0054360223,0.0026236440342337916,0.007210802934322025,0.004717786498613094,0.0059665472593942006,0.004301737,0.002705601117946814,0.0015117569207314697,0.0009195153868556479,0.0005666278012777883,0.0004612690034980384,0.000570234402517731,0.00047364287,0.001326919616735744,0.0007113391818478478,0.0004987255171124372,0.0004295715348656778,0.00038090398,0.0013762346050230445,P2 Panic and guarantee
2009-01-06,0.0006224306893316,0.0032540174665575,0.0031253947467981,0.002821988295877162,0.004321503733822597,0.0010783659022720446,0.0051420494,0.0034810274137943155,0.006445252579063254,0.00469021991809578,0.005743505458441842,0.0042768884,0.003552544827083152,0.0019386702948635108,0.001022279809707843,0.0005133894910521003,0.0004612690034980384,0.0005771092634907749,0.00047364287,0.0017016357652211483,0.000628293582705392,0.0004987255171124372,0.0004293946091548562,0.00042198636,0.0017648770850213398,P2 Panic and guarantee
2009-01-07,0.0037827304003148,0.0029094599875233,0.0027846379961089,0.0020563587845277053,0.003927023021828062,0.0009159343127401332,0.0040263548,0.003076524777727429,0.005639931749766605,0.004525329413971658,0.004392562030158211,0.003991937,0.003058774195473162,0.0017530751346467419,0.000938370417640276,0.00046019351417940865,0.0004415254384067309,0.000556202577721206,0.0004264483,0.0015754901947569431,0.0005512824262727876,0.00048486731628971647,0.00042855089117086934,0.00044036002,0.0016280072632991703,P2 Panic and guarantee
2009-01-08,0.003767967484817,0.0026231986645467,0.0029882377617115,0.001669980513404745,0.0039238915400084465,0.0009218130098661749,0.0035849446,0.0025829082115222932,0.005460367772077689,0.0045991865564527015,0.005703581611996713,0.003048367,0.002769017156175154,0.001597089854623804,0.0009891197929777634,0.0004278874980044436,0.0004447455567760236,0.0005494854153601903,0.00042689187,0.001400149149383187,0.000486121605646117,0.0004927123445347177,0.0004306238239437593,0.00035479243,0.0014514238783782003,P2 Panic and guarantee
2009-01-09,0.003572957464166,0.0024759955741766,0.0029806825051708,0.0013308057762295561,0.0038331482313627473,0.0008844139361387408,0.003649188,0.0024930237058586333,0.005237924038138767,0.004488752567013545,0.0058657892660559,0.0030147769,0.0026391134390786088,0.0015145985843149129,0.0010008545892879726,0.00039970160910423236,0.00045829108697490817,0.0005575409255992906,0.00042497012,0.0013245063498935918,0.00043785722251994447,0.0004965031912798106,0.0004317081992178781,0.00034059712,0.0013761935683404996,P2 Panic and guarantee
2009-01-12,0.00924452729972,0.0023763663881549,0.0023991037895013,0.0014289268216617812,0.0043668221722347154,0.0012379491146092031,0.006027656,0.0030685039691814714,0.005421429034801234,0.004712850408449698,0.0071572034211892874,0.004839235,0.0030271492376059013,0.001461846818620749,0.0008887979022320727,0.00042197604110021423,0.0005446400776683748,0.0006975115974786052,0.0005932909,0.001294232081893644,0.0004312870907143603,0.0005669602140273407,0.0004333499250163479,0.00043865285,0.0013340297593226365,P2 Panic and guarantee
2009-01-13,0.0096129410456041,0.002128201037843,0.0017461970629046,0.0012883835614905382,0.0026395082558468247,0.0011973777314489107,0.0032523074,0.0022743251557229274,0.005049525963867859,0.003333860144171465,0.005407446092469507,0.0032666847,0.0023488483215968583,0.0013262014493345311,0.0007934045725173403,0.00041984885532818427,0.0005110475554682729,0.0006622300817171454,0.0003569527,0.001187945799287387,0.0003989268741886601,0.0005550842804920736,0.0004303287955240271,0.00039025903,0.0012298699907216896,P2 Panic and guarantee
2009-01-14,0.0067551174197075,0.0035738972438774,0.0030418682773549,0.0016971602122835823,0.005321485778869798,0.003938448980007279,0.0068560587,0.004875628052629802,0.0053989426522230224,0.004999032084107693,0.004421105146591586,0.006115946,0.004733931223118395,0.002114901966636048,0.0010140126894963503,0.0004984128652034372,0.0005575393974591592,0.001689064837263345,0.0004994723,0.0018296997439110757,0.0004940881205353437,0.0005670421425737049,0.0004273873300202015,0.00043793433,0.001886344807438792,P2 Panic and guarantee
2009-01-15,0.0070895537126763,0.0032217521895252,0.0028428678201019,0.001739959398130041,0.004976006432135137,0.002977865579035853,0.006056189,0.003646956588891329,0.004003153067781996,0.004898946228174221,0.007281151889125556,0.005619479,0.003731363930807388,0.0019266063751425613,0.000967324282561223,0.0005371674679837438,0.000550476573434915,0.0011442569208407103,0.00046498305,0.0016850253643461658,0.0005479883335826419,0.0005575223784065975,0.00042747582740004396,0.0004124851,0.0017267874820630492,P2 Panic and guarantee
2009-01-16,0.0073627127739686,0.0029366592631455,0.0026297761966978,0.0018355570486574535,0.004994965227901946,0.0027214306471586487,0.0055310614,0.0033036103467561336,0.004088222919937379,0.004953374144540534,0.004947524828414495,0.0053950935,0.003506816099680077,0.001773767674446232,0.0009255404265458236,0.0005648946069659964,0.0005470948522389436,0.0012087949571906662,0.00043008252,0.0015202713169699446,0.0006497178572552158,0.0005649411482475481,0.000427372938737695,0.0004357334,0.0015787673206759958,P2 Panic and guarantee
2009-01-19,0.0015687568293677,0.0057390066239575,0.0042572043697036,0.0031295525084843504,0.005321485778869798,0.012134223636445821,0.0049844133,0.007829341410957348,0.004608568679355135,0.004999032084107693,0.003978520557745134,0.00508471,0.007601802959886075,0.0033017463611325726,0.0011838446297760927,0.0006613264314218905,0.0005575393974591592,0.003937034038293334,0.0004994723,0.002856493854905579,0.0007377015281589876,0.0005670421425737049,0.00042737139698799127,0.00043793433,0.0029449270945210515,P2 Panic and guarantee
2009-01-20,0.0013358629335692,0.0053317130587179,0.0041983351066996,0.004259892749388024,0.005321485778869798,0.011837450118391886,0.0050512543,0.007273698146244092,0.004697385440317517,0.004999032084107693,0.003979495571609295,0.00508471,0.007062307950966608,0.0030899326860742587,0.0011668530646895324,0.0007162064211055157,0.0005575393974591592,0.002839497757966489,0.0004994723,0.0026732440243578755,0.0008317522358700945,0.0005670421425737049,0.00042737139698830406,0.00043793433,0.0027560040936472543,P2 Panic and guarantee
2009-01-21,0.0031852805611823,0.0049330921483962,0.0039549807644293,0.0054282302039759135,0.005321485778869798,0.008898183225158288,0.005089452,0.006730438372239062,0.00512217339606401,0.004999032084107693,0.00398672856929506,0.00508471,0.006534300611977566,0.0028805092072026694,0.0011486470569322344,0.0007613121781714277,0.0005575393974591592,0.002106215973849212,0.0005060902,0.002492062063347266,0.0008425528018583247,0.0005670421425737049,0.00042737139705411676,0.00043793433,0.0025692129807931927,P2 Panic and guarantee
2009-01-22,0.0052207688146001,0.004577726842363,0.0038403962558696,0.00570107774945996,0.005260502141325036,0.005971826355609583,0.005870336,0.005275309754937962,0.005154273550279245,0.004996542803226631,0.003998523160945572,0.005781811,0.005362322404483862,0.0026882381121633757,0.0011248222919409934,0.000749141967088662,0.0005417891023486621,0.0016567634520000343,0.00046826366,0.0023242076476983667,0.0008741554136754195,0.0005547807458264546,0.0004273713968097046,0.00041359276,0.0023982393934326466,P2 Panic and guarantee
2009-01-23,0.0049060815387593,0.0042556359572346,0.0038113942196779,0.005716476912231566,0.005260502141325036,0.004488483781432613,0.005870336,0.004904136627574673,0.005254459408009099,0.004996542803226631,0.003999507334021649,0.005781811,0.004985027028617178,0.0025129869752019206,0.0011169072424389434,0.0007234229711220344,0.0005417891023486621,0.0014930129378604,0.00046826366,0.0021726883194994762,0.0007330139148248163,0.0005547807458264546,0.0004273713961981577,0.00041359276,0.0022418938009409954,P2 Panic and guarantee
2009-01-26,0.0047757264604803,0.003870524562619,0.0029944621109067,0.00562786112478666,0.004888111627343534,0.0021019522742313345,0.0055857766,0.004298361593136809,0.005151999839323347,0.004924759075036225,0.0040829387255314886,0.0055051683,0.00446127894760347,0.002303510311212957,0.0010559063532460803,0.0007028791326174817,0.0005417891023486621,0.0008812558989631911,0.00050988345,0.0019915781483972293,0.0006202797460377359,0.0005547807458264546,0.00042737127471378895,0.00043482432,0.0020550148242201058,P2 Panic and guarantee
2009-01-27,0.0046410931620676,0.0035166096399805,0.0029180915653222,0.005404515802544919,0.004098251620716644,0.0015966758651949305,0.005378387,0.003804638689056798,0.005100148675279212,0.0047011442714455075,0.004069545789209307,0.005153513,0.003939216680516331,0.00211003337862414,0.0010491751523425841,0.0006776417474650919,0.0005306976987813696,0.0007554872805257484,0.0005333788,0.0018574510590170343,0.0005310026021765827,0.0005561114757481005,0.00042737147649806644,0.00043831285,0.0019222099008567109,P2 Panic and guarantee
2009-01-28,0.0034767177950064,0.0041939330999639,0.0037327829940032,0.004790257976280005,0.004317152612340403,0.0012822000163225024,0.004940401,0.004449243913967059,0.004848059468567096,0.004717786498613094,0.004016478038207672,0.0035247945,0.0046101966689444124,0.0024704886303921064,0.0011631377378166696,0.0006260754590858493,0.00045829108697490817,0.0006448085271732716,0.00042497012,0.0021604258132687662,0.00046374818239932865,0.0004965031912798106,0.0004273714384304542,0.00034059712,0.002244733752568364,P2 Panic and guarantee
2009-01-29,0.0010782903581106,0.005025539562202,0.0043939303933398,0.00532478231481509,0.005213983346139366,0.0036962047069826094,0.0048099463,0.0067857081013519595,0.005936250350020145,0.0049883563016867956,0.003988685361528972,0.0048814546,0.006636259209115924,0.002928809183740974,0.0012489382655874524,0.0006727335786152777,0.0005575393974591592,0.0014999642561420224,0.0004994723,0.002533848612368077,0.0005436515469967051,0.0005670421425737049,0.00042737140069014004,0.00043793433,0.002612293185634728,P2 Panic and guarantee
2009-01-30,0.0020052137543135,0.0045205994063671,0.0042061248255891,0.0055317481390047656,0.004976006432135137,0.0034659762506663474,0.0043437295,0.005087170363345739,0.005738340067739945,0.004948027154193597,0.004062225686312709,0.0049996246,0.005386473655207302,0.0026591165999555323,0.001214326055146983,0.0006981165638092794,0.000547819561159958,0.0011266182288293815,0.00046498305,0.0023233878528578504,0.0006345406966767921,0.0005667092959015751,0.0004273713874150391,0.000431496,0.002385309393173628,P2 Panic and guarantee
2009-02-02,0.0020156735430456,0.0040475474039022,0.0041701517227873,0.0054070845037290744,0.004947740024782124,0.0032912698667667576,0.0042895265,0.004421783960054517,0.005371290210888908,0.0049379782919084245,0.004083426191744813,0.00503614,0.004592309118378765,0.002403352425554297,0.0012090417362943078,0.0006939772177601449,0.0005308699757821013,0.0010623715295448866,0.0004516968,0.002090412100029672,0.0006618280039039626,0.0005551991962604851,0.00042737134699457593,0.00042800666,0.0021555134888661814,P2 Panic and guarantee
2009-02-03,0.0021952368944163,0.0036186205181143,0.0038964734121255,0.0050112182515815685,0.004957287492038253,0.0032976710323878887,0.004436443,0.004145827953457118,0.005316572447961262,0.0049379782919084245,0.004038472961161335,0.0049408562,0.0041983101966582325,0.002170871552804724,0.0011567269100616544,0.0006715903906659114,0.0005276795641708967,0.001061605897201952,0.00046466652,0.0019330702943978573,0.0007422480498212501,0.0005540636541967791,0.0004273713596567244,0.00043332993,0.0019848854669042354,P2 Panic and guarantee
2009-02-04,0.0014422473574131,0.0037063440877069,0.0039404816319545,0.004488584631484781,0.005260502141325036,0.0034354769392545633,0.0050251377,0.004271140195631252,0.004935113090579224,0.004996542803226631,0.004136023286418773,0.004864587,0.004341589750684582,0.002213263557114878,0.0011953511213984723,0.0006257555505403131,0.0005417891023486621,0.0010835388990637052,0.00046826366,0.0019135522491639544,0.0007186984866247674,0.0005547807458264546,0.00042737131009816564,0.00041359276,0.0019745036076622598,P2 Panic and guarantee
2009-02-05,0.0018406967614357,0.0033223452050314,0.0029101560971396,0.00415336582533017,0.003926890324804583,0.0022163776592065837,0.004088423,0.0036166539779702556,0.005037161234417298,0.004617510760345995,0.0041274434695829755,0.004017589,0.0037827174983432613,0.0020049778213450183,0.0010580777825342066,0.0006034242660407397,0.00047777366837675647,0.0007947610123358926,0.0004546698,0.0018202359281026877,0.000765238065781482,0.0005233176514649769,0.00042737160792256777,0.00040838929,0.0018501788813463213,P2 Panic and guarantee
2009-02-06,0.000905631595504,0.0034366195680982,0.0034645456650285,0.0037694708162331015,0.0043238095176252106,0.002040644042987945,0.0043977182,0.00370348845198695,0.004945883750987324,0.004717786498613094,0.004117474979890605,0.0039382647,0.0037989583790783463,0.0020614860014341574,0.0011413069249084735,0.000566741517209966,0.0004731066073848188,0.0007183439338453963,0.0004907866,0.0018140362165422969,0.0007103117739150073,0.0005057409120245945,0.0004273715210573493,0.0003853157,0.0018807352016738318,P2 Panic and guarantee
2009-02-09,0.0025166582533174,0.0030858621627786,0.0033646428675049,0.0033659297195666057,0.004017566103328919,0.0020058982194802446,0.00405058,0.003212011715663816,0.005080888474144488,0.004663177493074046,0.004127041009072281,0.0038963433,0.0033463254882358045,0.0018698470778058737,0.0011159676619897688,0.0005411898104105105,0.00045873507751823276,0.0007134710147420437,0.0004840932,0.0016483922264578373,0.0006657674606024986,0.000501670233856535,0.0004273715773701614,0.00040137468,0.0017085037755652911,P2 Panic and guarantee
2009-02-10,0.0030950175845179,0.0028654589392311,0.0034441531448726,0.003387540470506027,0.00428522289048564,0.0026601969747666186,0.004828972,0.0036690245917293533,0.00536616264368751,0.004669733872859455,0.004162569994612202,0.0042389645,0.0035190072192602785,0.0017504144526292226,0.00112850304949705,0.0005560038556049289,0.000544819732306681,0.0008854030773869553,0.0005995618,0.0015497126732748133,0.000680568279323832,0.0005622359641350679,0.00042737167376796217,0.00045910184,0.001603830166821134,P2 Panic and guarantee
2009-02-11,0.0029148445390639,0.0026982929482816,0.0032283952448456,0.0033927505583686004,0.0047130583536710395,0.003177907428937252,0.0049895253,0.003557090115633014,0.005531519636793571,0.004862734628104871,0.004131178977971593,0.004495493,0.003517435716178855,0.0016594333017305744,0.0011126625047055728,0.0005896419664850599,0.0005575393974591592,0.001046192968945473,0.0005453083,0.0014356526851423803,0.0007792048584052706,0.0005670421425737049,0.00042737159740075697,0.00043793433,0.0014800985773300215,P2 Panic and guarantee
2009-02-12,0.0025074641869565,0.002643948109261,0.0034226689186114,0.004042461180260352,0.005213983346139366,0.004424899750338515,0.0048627565,0.0035748154804681924,0.00566519264272679,0.0049883563016867956,0.004064412905259197,0.004628366,0.0034913514800429236,0.001629769875060261,0.0011374629094911646,0.0006448247138515776,0.0005575393974591592,0.0012566563965501953,0.0004994723,0.0014099894794532167,0.0008931568485016021,0.0005670421425737049,0.0004273714652318225,0.00043793433,0.001453640873023571,P2 Panic and guarantee
2009-02-13,0.0044074116500811,0.0023932249620264,0.0026436959542411,0.0035377917988494724,0.004755051965506892,0.0031361043943506435,0.00552075,0.0027289982401519724,0.005121104035702904,0.004855759059847454,0.0040898767505969,0.005706671,0.0028677058936969523,0.0014918387704886166,0.0010090389457719057,0.0006641023467893889,0.000550476573434915,0.001124996262058847,0.00042345913,0.001305201886702444,0.0009707919172605488,0.0005677340566097013,0.0004273713684218222,0.00040875166,0.0013387278323828472,P2 Panic and guarantee
2009-02-16,0.0029244205522912,0.0030243767782629,0.003432279161183,0.004362943004176089,0.005321485778869798,0.006975131741512234,0.0051689236,0.004125954177077262,0.0056518810693048475,0.004999032084107693,0.003988146423203572,0.0048210835,0.004006044573783003,0.00183559172918501,0.0011197329176049987,0.00072600217935973,0.0005575393974591592,0.00206444085266952,0.0004994723,0.001588055507914272,0.001038175903280408,0.0005670421425737049,0.00042737139998280335,0.00043793433,0.0016372195882125283,P2 Panic and guarantee
2009-02-17,0.0022225459123429,0.0031197015782034,0.0036140252758092,0.005169242395868099,0.005321485778869798,0.008651407168113434,0.0053776293,0.004255999401376149,0.00596410262049041,0.004999032084107693,0.003989964694657643,0.0048210835,0.004132310388377675,0.0018889384977382037,0.0011405596968864064,0.0007764276186420786,0.0005575393974591592,0.0021002770543490992,0.0004994723,0.0016342082706900887,0.001017123677257003,0.0005670421425737049,0.0004273713984617664,0.00043793433,0.0016848011789630528,P2 Panic and guarantee
2009-02-18,0.0022494075370942,0.0028250432199608,0.0026425923585093,0.005084373661823826,0.004978998875488029,0.004209513883605752,0.0059062443,0.003171742414686342,0.006286321306581573,0.004948027154193597,0.004208737449193659,0.005543741,0.0033596801519699356,0.0017285359208914126,0.0009393988385616959,0.0007841551289119363,0.0005465776660092407,0.001399576352868162,0.00045809385,0.0015090827974927508,0.0010445250607232822,0.0005657561710968495,0.0004273714648228972,0.000431496,0.001545936281496597,P2 Panic and guarantee
2009-02-19,0.0022481569390312,0.0025306003554691,0.0024603934348735,0.005201544340736974,0.004959454790740644,0.0029548980070219248,0.0060631647,0.002954086104993202,0.006287314851527406,0.004888997043488026,0.004244882518692513,0.00593043,0.002894412167646021,0.001566795240219734,0.0009037498383660463,0.0007695376275743902,0.0005353019850023967,0.0011289819171876794,0.0004708111,0.0014017955988099944,0.001036490186113761,0.0005566658607932139,0.000427370559991953,0.0004325017,0.0014364029243055143,P2 Panic and guarantee
2009-02-20,0.0004451500577393,0.0032986778065449,0.0031249897176781,0.006058937509798192,0.005321485778869798,0.006482636500054287,0.00635027,0.004500164652951478,0.00719573567057327,0.004999032084107693,0.004004782098543545,0.0059198826,0.004369379642954951,0.0019855299510201144,0.0010209178768902435,0.000806047514810828,0.0005575393974591592,0.0022518498689989975,0.0004994723,0.0017177740151652437,0.0011056504953432813,0.0005670421425737049,0.00042737141991703594,0.00043793433,0.0017709540074230467,P2 Panic and guarantee
2009-02-23,0.0023916436626428,0.0030474722403284,0.0028353890746623,0.0066226971540203905,0.00521218100914105,0.004669181569616183,0.0068998723,0.004058123425057134,0.007084248825173917,0.004990296012283269,0.004392821695981938,0.0058683828,0.004000871624814273,0.001849910333365176,0.0009825575266320104,0.0008236095192247709,0.0005575393974591592,0.0014273446092441906,0.0005223922,0.0016004431962397432,0.001163914542629587,0.0005670421425737049,0.00042737252596119563,0.00046041544,0.0016499907828452466,P2 Panic and guarantee
2009-02-24,0.0024066855745011,0.0027623597078534,0.0026461485123287,0.00689165828193809,0.004978998875488029,0.0039048807998903943,0.0045030224,0.0031013661625116052,0.006760968011401423,0.004948027154193597,0.004638678776040981,0.0046642837,0.00328900906756164,0.0016944868670501687,0.0009559918805131037,0.0008251825884149647,0.000546940754280514,0.0011762221004818245,0.00044783263,0.0014799733422698547,0.0012058374816705224,0.0005657561710968495,0.0004273721505199502,0.000431496,0.0015154841126711642,P2 Panic and guarantee
2009-02-25,0.0040796488091911,0.0025037497074472,0.0026482143160476,0.006840138484752296,0.004949689700976496,0.003504024504461282,0.004399023,0.002707505309117878,0.006474983114661835,0.00494331442314566,0.004969022717411201,0.0047758003,0.0028184793135585186,0.0015506898163670446,0.0009561612234678355,0.0008029940096782506,0.0005283601109867796,0.0010385456846651402,0.0004430709,0.0013277959706089572,0.0012062019907428793,0.0005519155129274738,0.00042736435460861104,0.00043035482,0.0013805123167209923,P2 Panic and guarantee
2009-02-26,0.0042807312386495,0.0022432004429077,0.0025385653382312,0.0065315237804984645,0.004953881642111743,0.0034661355621123115,0.0046669664,0.002601860760312775,0.006361272196042056,0.0049379782919084245,0.004619264092193119,0.004962889,0.002622667565963072,0.0014067362478255975,0.0009270653631396341,0.0007693137217796379,0.0005313102291030187,0.0010365127962074815,0.0004715876,0.001258288120369594,0.0012019320443499848,0.0005606007680743868,0.0004273658552570182,0.00043971167,0.0012890875486685075,P2 Panic and guarantee
2009-02-27,0.0053787267193484,0.0020671979895152,0.0018154177559801,0.006308914679907937,0.00254348518752457,0.002300229627747338,0.0024697802,0.002086732988182111,0.005900469464093228,0.0032249580446478323,0.004289576471635321,0.002867007,0.0022730985914364626,0.0013065584654659954,0.0008356929054876685,0.0007336269700624048,0.000538691975190404,0.0007589386396102721,0.0004148716,0.0011732816782235697,0.0011946064084310563,0.0005569443607727786,0.00042737098649276535,0.00038630798,0.0012085553480264866,P2 Panic and guarantee
2009-03-02,0.0035612820005868,0.0029754778346653,0.002368864614906,0.0067216615352651025,0.0053126988625564735,0.0036311456991849856,0.0049759974,0.004054345596775813,0.006206954169856077,0.004999032084107693,0.004138100317087892,0.0046822294,0.003941273759157384,0.0018011368874253936,0.0008924067896609551,0.000765594271746028,0.0005575393974591592,0.0012905135148757495,0.0004994723,0.001558247026888392,0.0011069700146983676,0.0005670421425737049,0.0004273737094860739,0.00043793433,0.0016064882763741095,P2 Panic and guarantee
2009-03-03,0.0047490552539807,0.0027068044307005,0.0023028990071089,0.006878180804192805,0.00499033518228397,0.003130103516246515,0.0042715603,0.0030250351818492116,0.006581996689253693,0.004953374144540534,0.0046936229504165785,0.004579328,0.003223365055830569,0.0016555412620331495,0.0008729280129729921,0.0007775349684667725,0.0005453023988074137,0.0009511011236069932,0.00040701882,0.0014224280236509006,0.0011235765307745112,0.0005637964779823844,0.0004273712987545429,0.00041810703,0.0014742004416207785,P2 Panic and guarantee
2009-03-04,0.0033726060857759,0.003273978498217,0.0028715166752196,0.006445902873481482,0.005260502141325036,0.003079266281315884,0.004757714,0.003772888008360453,0.005185810045307319,0.004996542803226631,0.00449906051176194,0.005130593,0.003835119232174392,0.0019561304217229313,0.0009731315256244317,0.0007319117142389823,0.0005417891023486621,0.0009055895325677856,0.00046826366,0.0016912390556077202,0.0011246093955329683,0.0005547807458264546,0.0004273687447823315,0.00041359276,0.0017451091906038872,P2 Panic and guarantee
2009-03-05,0.0036662184099972,0.0030451705840248,0.0028700909366303,0.006516349636165572,0.005298088377433476,0.004053156760688804,0.005202399,0.004141851276765149,0.005565887196633962,0.004999032084107693,0.004198200738179353,0.005253113,0.004037921533534467,0.0018343992385761276,0.0009674043241713499,0.0007329943374088444,0.0005575393974591592,0.001139059319326988,0.0005060902,0.0015870238290014384,0.001129176704067723,0.0005670421425737049,0.0004273717002813758,0.00045553298,0.0016361559698966578,P2 Panic and guarantee
2009-03-06,0.0025795761680575,0.0033889284659974,0.0030664149110337,0.007002800582397534,0.005321485778869798,0.00820290659513995,0.0049844133,0.004623287568068547,0.0047759875650751,0.004999032084107693,0.0039963139936533805,0.00508471,0.004488924326401359,0.0020246855523365632,0.0009962018893615047,0.0007737953683986869,0.0005575393974591592,0.0018370533005956744,0.0004994723,0.001751649341223664,0.0009373271232339109,0.0005670421425737049,0.00042737140759474074,0.00043793433,0.0018058780683916549,P2 Panic and guarantee
2009-03-09,0.0037677496391854,0.0031980103951538,0.0028840714368907,0.007303461947984209,0.005321485778869798,0.006264977781163487,0.00560481,0.00436318869197699,0.005551332371271913,0.004999032084107693,0.004108743737432371,0.004980755,0.004236037084561268,0.0019235346246188648,0.0009817815714494014,0.0008025568341576844,0.0005575393974591592,0.0013055338714740754,0.0005060902,0.0016641389840245447,0.0008243836201027733,0.0005670421425737049,0.00042737145024181465,0.00043793433,0.0017156585072592818,P2 Panic and guarantee
2009-03-10,0.0025315860468379,0.0034663278123216,0.0031039426112014,0.0069898810380427685,0.005260502141325036,0.005335901159698788,0.0048328075,0.00399454872512966,0.005802869587313725,0.004996542803226631,0.004141386385874025,0.005130593,0.004060436091836114,0.0020641247338843262,0.0010114662566081685,0.0007692850419215907,0.0005417891023486621,0.001047757626031089,0.00046826366,0.0017846092095006147,0.0007027354598911857,0.0005547807458264546,0.00042737136064168585,0.00041359276,0.001841453414175545,P3 Relief
2009-03-11,0.0022984307612184,0.0033109739889279,0.0029639101736993,0.00713057852508515,0.005321485778869798,0.008211574447528104,0.005562745,0.004516939508991214,0.006149191696564867,0.004999032084107693,0.004065901585755136,0.0048210835,0.0043856669835626895,0.001983004840274969,0.0010022126708239352,0.0007792578168899034,0.0005575393974591592,0.0015020187250702937,0.0004994723,0.0017155894247886559,0.0006563079164047186,0.0005670421425737049,0.0004273714164802012,0.00043793433,0.001768701785042314,P3 Relief
2009-03-12,0.0018305077860869,0.0031910371639551,0.0030598574428285,0.006762602988508662,0.005260502141325036,0.005953014216382446,0.0051879887,0.003677307550026842,0.0059414647033025885,0.004996542803226631,0.00417753720616025,0.004864587,0.0037379622391327224,0.0019152483641970862,0.0010173724264625629,0.0007513286570412288,0.0005417891023486621,0.0011320142825948394,0.00046826366,0.001655893082970368,0.000574836990870962,0.0005547807458264546,0.00042737135743917435,0.00041359276,0.0017086373615648445,P3 Relief
2009-03-13,0.0021792072494162,0.0029172756849696,0.0028529715270821,0.006329521393179258,0.004874338642039732,0.0037119268810233345,0.004471264,0.0032155220363118096,0.005466008738584442,0.004928513668900622,0.004336989150877661,0.0045730243,0.0033520308040422757,0.0017652739897094374,0.0009938120677063904,0.0007216613585086795,0.0005417891023486621,0.0008564838599244048,0.00050988345,0.0015262276390627758,0.0004975919948078442,0.0005547807458264546,0.0004273711157381676,0.00043482432,0.0015748417534770442,P3 Relief
2009-03-16,0.0007601231825803,0.0033272359527113,0.003259327072588,0.005561930704623283,0.004345096425272874,0.0027071081128209,0.0047137477,0.003679583975760337,0.004984023304018614,0.004726518260838783,0.0042147681951293075,0.004315099,0.0037603616361850532,0.001982103569419554,0.0010577285848777864,0.0006698150846830998,0.000537918403784257,0.0007364927072508072,0.0005200714,0.001746412155424101,0.0004325044248715738,0.0005591133226249325,0.00042737136142712376,0.00041691097,0.0018056676942930824,P3 Relief
2009-03-17,0.0008667291112473,0.0029920068938703,0.0029482609140623,0.005177970112198985,0.004080726735940459,0.0028617155248944134,0.004192246,0.003230277702896567,0.004988223946566628,0.004712384318931437,0.004269230635992233,0.004150287,0.003412530850098373,0.0018020007260893679,0.0010131933603109156,0.000651044510032438,0.0005498266195385412,0.0008115782997298561,0.00048035756,0.0015993002423198603,0.00047104814963883486,0.0005704039297993359,0.00042737136029814436,0.00043510352,0.0016397365744323985,P3 Relief
2009-03-18,0.0008073816991397,0.0027376909046087,0.0027361989218052,0.004304335632445007,0.004132683968596098,0.0017168568016429615,0.0055196867,0.002884386249727285,0.004373087396870439,0.004706505555487101,0.004337329440742576,0.004835855,0.0029984401494494908,0.0016625768880911898,0.0009751748046802714,0.0006238577816840213,0.0004731066073848188,0.0006311612684730807,0.0004959741,0.001465842330480617,0.0004732245866955918,0.0005062681945390073,0.00042737392312754526,0.00040509566,0.0015171708454082664,P3 Relief
2009-03-19,0.0008979295619118,0.0024693791802632,0.002499738393485,0.00371069258244352,0.004042265581207296,0.0015788277375127788,0.005225753,0.002656063387554193,0.004038055426816913,0.0046748974463692835,0.004276811597814306,0.004828581,0.0028072716071716485,0.0015171141925618297,0.000933017913188441,0.0006146043266724262,0.0004825268697870836,0.0006742872627383443,0.00047318687,0.0013736486786665111,0.00043476535862221595,0.0005233433275643052,0.0004273746650216381,0.00040302213,0.0014006551395463408,P3 Relief
2009-03-20,0.0004510710319683,0.0024416840752878,0.0027022212589629,0.003256198578611215,0.004327062617254002,0.0014870086187972872,0.0057502277,0.002675881980263375,0.0037598720266062134,0.004717786498613094,0.004248327657461464,0.0049161776,0.0027346016209885216,0.0014979541539110817,0.0009722711651848643,0.0005898255584919645,0.00048174221497119217,0.0006453799073216214,0.0004868154,0.0013239425501607315,0.0003900647230491024,0.000514539853143044,0.00042737325577358936,0.00038375784,0.0013674181723736698,P3 Relief
2009-03-23,0.0006902133744578,0.0022106164054739,0.0022594644873352,0.0030025621068034028,0.003916081106020742,0.001517728080744602,0.0052150344,0.002321417952465273,0.0033621446455571642,0.004576901880198316,0.004344972787637441,0.00485563,0.0024244419426329507,0.0013706362805406616,0.0009256428394343753,0.0005731066380092063,0.00046796872424276345,0.0006892719027159599,0.0003687591,0.0012096283432756281,0.0003640081572190358,0.0005116287009524725,0.0004273791998967247,0.00035904345,0.001248065077747521,P3 Relief
2009-03-24,0.0014528619211347,0.0020577338666092,0.0020867398202685,0.0024419342910445467,0.004041471791127215,0.0013256997039083054,0.0059717344,0.0025874707672602633,0.0027231570176758173,0.004614935362599502,0.004369189255148504,0.005103835,0.0026024170943287177,0.0012876223938420015,0.0008747209988700223,0.0005787913877787501,0.0005443822013241621,0.0007388920506231576,0.0005257193,0.0011398571537663547,0.00034548378042724176,0.0005669602140273407,0.00042739643675085876,0.00044231003,0.001175038704654538,P3 Relief
2009-03-25,0.0030485600174529,0.0018775697530059,0.0020451714452065,0.002176504058648405,0.00380740040028892,0.001156609994651799,0.004254795,0.0019113640809692084,0.0030459763732866734,0.004518972939391831,0.004265319354581893,0.0046650153,0.002020895912158748,0.001186886874269379,0.0008671632200641195,0.0005728144810030467,0.0005170699094438208,0.0006677785021949842,0.00039980464,0.0010361735630716466,0.00040285156768701824,0.0005535905772001099,0.00042738317266619025,0.0003875919,0.0010783721835051956,P3 Relief
2009-03-26,0.0040670254215267,0.0017325733461603,0.0020938530880159,0.0019498656065809166,0.00383964910943656,0.0010349926372548405,0.004175263,0.0017970791748278326,0.002633507263365412,0.004528783234634772,0.004355324899858116,0.004495827,0.001898115711864786,0.001104813786587927,0.0008745768603694902,0.0005611764629836481,0.0004815817832629168,0.0006330185112075359,0.00038760414,0.0009762069799966588,0.00042618520946263613,0.000514539853143044,0.0004274080449760562,0.00037680214,0.0010078303274972458,P3 Relief
2009-03-27,0.0042234929144385,0.0015868743357174,0.0018632860856774,0.0019431245851856058,0.0024704293204892026,0.001235970437512631,0.0025741332,0.001541939004313327,0.002576639212597587,0.003177905777987537,0.004476628145836998,0.0031730728,0.001746133077270382,0.0010245014889869357,0.000847593631048171,0.0005702765900498748,0.000531497451722467,0.0007465224897969542,0.00041495313,0.0009360493982794432,0.00047783348428966923,0.000565128974573352,0.0004274416132417025,0.0004038717,0.000957629493141182,P3 Relief
2009-03-30,0.0040803430641473,0.0015963507612559,0.0020622019830394,0.00228648470400912,0.0038692410917422738,0.0017269674063120103,0.004708731,0.0020908034843139262,0.0032827838841921085,0.003918613156364589,0.004366534207255273,0.0043152426,0.002083237396073492,0.0010292766552474617,0.0008814282051084053,0.0006098585500203754,0.0005575393974591592,0.0009321185339000373,0.0004565965,0.0008904749545036569,0.0005938186700564319,0.0005670421425737049,0.000427391723889292,0.00041485054,0.000918042871335672,P3 Relief
2009-03-31,0.0033347730465955,0.0018574435906224,0.0024464917537032,0.0021772366683107986,0.004345511666605357,0.0014045389061696138,0.005584999,0.002066181896501722,0.0030359944856849677,0.004750200059820738,0.0044882881779049555,0.0049747024,0.002109409484447605,0.0011647552235484289,0.0009376965597401923,0.0005962658999861358,0.0005398937541191835,0.0007165047121924419,0.0004881865,0.0010078423323981818,0.0005775537327979371,0.0005550819884311358,0.00042738101691139173,0.00041155817,0.0010469949830771404,P3 Relief
2009-04-01,0.0019192784301355,0.0024805254743118,0.0026913667333497,0.0014257800106061602,0.003201286585313391,0.0009879873865565024,0.0031478452,0.0024993421237225854,0.003347312004199233,0.003994457962722123,0.0043439483941441264,0.004140581,0.0026779032830862777,0.0014964753131549056,0.0009515234276191,0.0005491563587453701,0.0005398937541191835,0.0006543851606612072,0.0004580724,0.001294873926722193,0.0005178434853650469,0.0005550819884311358,0.00042738938512599763,0.0004043488,0.0013451771784278531,P3 Relief
2009-04-02,0.0014909269689849,0.0027661821198202,0.0029822828496388,0.0011517250413444705,0.0030169696148449185,0.0009302933396426644,0.0023299165,0.002776314850591152,0.003463546296427961,0.0038558581381738753,0.004221009098203013,0.0040656314,0.002988504661486837,0.0016485768581003435,0.0009959420377869954,0.0005122719161352656,0.0005398937541191835,0.0006558050351093376,0.00042396056,0.0014264847344867338,0.0004556678321333332,0.0005550819884311358,0.0004273789446686911,0.0004043488,0.0014819008017750844,P3 Relief
2009-04-03,0.0015766517485494,0.0025951593310658,0.0026965288676644,0.0012754855059411735,0.0034749963592098777,0.0011432764400867103,0.003163671,0.0031311325226343373,0.003138032489712197,0.004116421331898127,0.004228833249832464,0.0044206004,0.0032192779891482863,0.0015600805106816833,0.0009314290494642351,0.0005293061243219991,0.0005575393974591592,0.0007548346038220016,0.0005453083,0.0013496979793419246,0.00041310904011915945,0.0005670421425737049,0.0004273817623854147,0.00045553298,0.00139148282848861,P3 Relief
2009-04-06,0.0024971093068145,0.0024172328524312,0.0026688238894197,0.0012996316776259496,0.003313493338099113,0.0010674285080503124,0.0031115557,0.0028124667415876303,0.0026963778317791965,0.004073093762348116,0.004296359939206302,0.0042239283,0.00293208599786901,0.0014667088840886876,0.0009271399986888606,0.0005588300250748396,0.0005578957746022439,0.0007155563027202743,0.00057170005,0.0012692847257274387,0.0003823452857345897,0.0005669463151797221,0.00042739157815749643,0.00045511522,0.0013094690154069762,P3 Relief
2009-04-07,0.0036511089030443,0.0022513182081483,0.0024036282861641,0.001388192653080414,0.003391369372379253,0.0010248872809516547,0.003022225,0.0027178368000195115,0.002434427279630589,0.00398317801562173,0.00442097259023993,0.004628474,0.002801792571377967,0.0013789568319392102,0.0008794919202788512,0.0005886521150218377,0.0005575393974591592,0.0007594134165230618,0.00049648713,0.0011929994874782751,0.00036487390046857626,0.0005670421425737049,0.00042741356739475105,0.0004659084,0.0012299331603290399,P3 Relief
2009-04-08,0.0035191326222724,0.0021348582893558,0.0022129240058009,0.0014349321358783052,0.003407862208749838,0.0008876073623642758,0.0026642114,0.002269562301542457,0.0025605197405723598,0.00398466387474661,0.004417480368213459,0.004459752,0.0024186217624369752,0.0013138549166479103,0.0008648470689393076,0.000588258656286332,0.0005417891023486621,0.0007045130292277537,0.00045294428,0.0011359379332590864,0.00039831750724730376,0.0005547807458264546,0.0004273971291694799,0.00041337233,0.0011721203579784264,P3 Relief
2009-04-09,0.0037020657969181,0.0022468847837283,0.0020627697940181,0.0013997068250326359,0.0034009971411749092,0.0008939012447760682,0.0027705883,0.0024215319350325104,0.0023838334050647852,0.003981628315642818,0.0044901631405033235,0.004372293,0.0025535168597122077,0.001371221791393634,0.0008418313954758147,0.0005726030895471977,0.0005417891023486621,0.0007048369688796448,0.00045294428,0.0011855364150324384,0.00045620052333958876,0.0005547807458264546,0.00042742341104501364,0.00041337233,0.0012232986737201793,P3 Relief
2009-04-14,0.0034238154877352,0.0021442747813132,0.0020510220027358,0.001267338736850047,0.002709648312523888,0.0006647367170389194,0.0023131345,0.002255081201630122,0.002053136943758706,0.003516528606917845,0.0045030448354871295,0.0037059074,0.002346215210662098,0.0013140650702713277,0.0008350770306265142,0.0005494253289252675,0.0005370743465259427,0.0006131793674397485,0.00042611663,0.001187806855861473,0.0005052692373896167,0.0005534179155198568,0.00042770435420886693,0.000386427,0.0012238513229024133,P3 Relief
2009-04-15,0.0029494344989198,0.0025049496570805,0.00232679690739,0.0016184044585127357,0.0035507416840403856,0.0011787872274644194,0.0030765017,0.003192101087004565,0.002702249407131288,0.0040065915934205665,0.0043855608717033225,0.004589449,0.0031952361482975758,0.0015139831124138326,0.0008794757061357299,0.0006003592427027411,0.0005575393974591592,0.0009608880678153094,0.00043376168,0.001309816982900368,0.0006273031538439895,0.0005670421425737049,0.00042747227186039143,0.0004377009,0.001350367169592463,P3 Relief
2009-04-16,0.0017799148896794,0.0028692139782383,0.0026708226616416,0.0016217504137082852,0.0032701367007868676,0.0009088487940911447,0.002588311,0.003014722431966669,0.0019430437824683976,0.003924535989958958,0.004785957849795316,0.0043248814,0.00319839938055022,0.0017080373518262061,0.000936306479636797,0.0005906297899969731,0.0005417891023486621,0.0006709342976451136,0.00043452185,0.0014767417579963505,0.0007135319919895574,0.0005547807458264546,0.0004275131328110807,0.00041337233,0.001523779625052439,P3 Relief
2009-04-17,0.0016475104593827,0.0026230568066418,0.0023738795390115,0.0016084460340817584,0.003136545983049744,0.0008826128697799057,0.0024517558,0.002678346433481872,0.0020135195265530343,0.003910543576906443,0.0047697434549795565,0.0043248814,0.0028931459588105416,0.0015755781572875417,0.0008697347807899788,0.0005822330659051129,0.0005417118548046157,0.0006425647813518428,0.00043911464,0.001362067897727601,0.0008111833319089254,0.0005547807458264546,0.00042751492780191634,0.0004345926,0.0014056097140882134,P3 Relief
2009-04-20,0.0007663260036134,0.0028321506099147,0.002585319671226,0.0020077678674661065,0.004058863518264053,0.0016595532870981177,0.0035810608,0.003571874796851286,0.002204157463916566,0.00426348722223638,0.004688514637823904,0.0050299237,0.003588095688988864,0.0016941251878987299,0.0009163682104317944,0.000629602049308948,0.0005575393974591592,0.0010960147103338369,0.0004883551,0.0014656662442761072,0.0008758455060828915,0.0005670421425737049,0.00042753076867635984,0.00043793433,0.001511041316220963,P3 Relief
2009-04-21,0.0009130305540447,0.0025373883281499,0.0024395214005552,0.0021766806099939055,0.0037084095617662257,0.0014419729833371892,0.0029890426,0.002541746632419603,0.0020796389813034022,0.004204962688680008,0.005039034375538872,0.0047426024,0.002733333257585683,0.0015355062516276255,0.000883717930219812,0.0006398154077814245,0.0005293042972483027,0.0008519697422566101,0.00043354376,0.0013349282306552605,0.0008812461208528614,0.0005542975382503705,0.00042728469627795846,0.00043370656,0.0013779683459553484,P3 Relief
2009-04-22,0.0020413708407697,0.0025555559703077,0.0025603029080006,0.0020815924914742885,0.003085224050850077,0.0010133002422141452,0.0027133247,0.002572413292285691,0.001970571171044532,0.003925309063444178,0.005264747109713916,0.0040656314,0.002770048291247972,0.001543030046662713,0.000923182414024391,0.0006197836565294162,0.0005417891023486621,0.0006712376364661072,0.0004300542,0.0013340790828219196,0.0008423068299791746,0.0005547807458264546,0.0004276774144229993,0.00040634777,0.0013765727918270934,P3 Relief
2009-04-23,0.0041679372362649,0.0023660270197093,0.0022797175266067,0.002247171120623663,0.0038015944402718183,0.0013087244736105165,0.0036314265,0.0028417277435655703,0.0023880951097192933,0.004223972121827587,0.005472778405932487,0.0047138003,0.002936236370598565,0.0014426539841616392,0.0008842911483241795,0.0006328979823853923,0.0005574599042597278,0.0008329740197561557,0.0005305839,0.001247967799366507,0.0009082331955234484,0.0005670421425737049,0.0004277461533369309,0.00046615687,0.0012867465702359466,P3 Relief
2009-04-24,0.0050949746097308,0.0021176803155837,0.0021466129586932,0.0021235895937929865,0.003600542613867244,0.0012211327980347973,0.003072028,0.0021871144099954603,0.002172098509873305,0.0041489089592211545,0.00506138523842859,0.004290544,0.0022524957037162543,0.0013080861470173113,0.0008508590181023788,0.0006182991072974033,0.0005230359948008326,0.0007533761159572605,0.0004444908,0.0011522268562983943,0.0009164838125932546,0.0005510096018662703,0.000427539595902575,0.0004362719,0.0011914483451569602,P3 Relief
2009-04-27,0.0051457405212412,0.0018991002423306,0.0019312634497561,0.0018544606830167107,0.002691899579223624,0.0008563621673508305,0.002453352,0.001871838010923873,0.0020828504077908677,0.0037694518647465028,0.005094134101796635,0.0038631854,0.0019964618715243338,0.0011886622147136822,0.0008374077441381199,0.0005936223516865285,0.00046279415886884103,0.000616417329990296,0.00030892156,0.0010576263237261536,0.0009252378177726621,0.0005102315506314173,0.00042900492765704886,0.00036470068,0.0010903435346737507,P3 Relief
2009-04-28,0.0061953143741553,0.0017973059545276,0.0020443131724595,0.0019311410649370572,0.0032250248675830045,0.001136202889441449,0.0033739076,0.002120045397125157,0.002616149040104334,0.004008444609336168,0.0053886118430659805,0.0041410946,0.002194653455549337,0.0011339657367830734,0.0008611082410932614,0.0006049239100775624,0.0005559358458836711,0.0007627785094814721,0.00047974553,0.000989377603175419,0.0009833242976200888,0.0005673500430429946,0.00042839582973999886,0.00043941318,0.0010236309891054403,P3 Relief
2009-04-29,0.0055296566334419,0.0024540181036365,0.0026157033912629,0.001658896238535948,0.0033284668170261503,0.00107986714062388,0.003178621,0.0024872105744531896,0.002526377502627678,0.004070008047632789,0.0052537164230431355,0.004140581,0.0026519628001814653,0.00148347656572701,0.0009581023404114258,0.000565886023737585,0.0005398937541191835,0.000684788265475455,0.0004881865,0.0012899196643311878,0.0009045802758678485,0.0005550819884311358,0.00042772368333314823,0.00041155817,0.001338103938713314,P3 Relief
2009-04-30,0.0041119544145134,0.0033001767321821,0.0032910087936725,0.0012849071186206468,0.003266404692516298,0.0009064463528298455,0.0028940502,0.0033369252001664365,0.0028356131739519894,0.00403528890182593,0.004530949151346709,0.004161878,0.003546542796940667,0.001937510646703788,0.0010580897928397408,0.0005140050700356391,0.000528216685157379,0.000624090748378569,0.0005217983,0.001720903876266372,0.0007601740562504429,0.0005548716372422885,0.000427476946827984,0.00042428647,0.0017691809332598285,P3 Relief
2009-05-05,0.0032012170695792,0.0033931995111412,0.0034690287878604,0.0009977170990602578,0.0029634191007102246,0.0007975568709873435,0.0023409212,0.0034218477194259654,0.0030282335317536775,0.003833677174876298,0.0043956131718941235,0.0040865424,0.0036671220343830017,0.0019882679605769064,0.0010787436813585818,0.00047247494332785785,0.000528216685157379,0.0006157040334695573,0.0004634663,0.0017659867037293955,0.0006374961869639914,0.0005548716372422885,0.0004274529067954352,0.0004168541,0.0018155284834426245,P3 Relief
2009-05-06,0.0052439009216551,0.0030730493882314,0.0032574987224045,0.0009650089955240551,0.0027820190475520722,0.0009238408394078708,0.00221076,0.003002464310260236,0.002964204518213385,0.0037934244030466825,0.004356710296708458,0.0040217633,0.003344826780265765,0.001819949451998961,0.0010333248717638672,0.0004738372464781951,0.0005440662069572238,0.0006875443499392568,0.00043431966,0.0016252890717253256,0.0005454945673638399,0.0005701621845532032,0.0004274222958369457,0.00043478908,0.0016583183034069777,P3 Relief
2009-05-07,0.00469066453273,0.0034008909552815,0.0033652610826938,0.0012909299665416173,0.005030493636510953,0.0016638438339344078,0.00498802,0.004473270028625328,0.002826483700474146,0.004896753150711391,0.004312697240939935,0.005311425,0.00440034020280542,0.0020047039025776537,0.001046322358855818,0.0005378795035361528,0.0005575393974591592,0.0010344583622785915,0.0004994723,0.0017343622896139148,0.0005232851446048874,0.0005670421425737049,0.00042741343303625575,0.00043793433,0.00178805583272239,P3 Relief
2009-05-08,0.0044378232603909,0.003552901074956,0.0032911555200865,0.0013542063094240367,0.0049697134613750915,0.0014503817378208612,0.0046060514,0.00393373888401623,0.0027113304922692077,0.004892704144046039,0.004945797829923791,0.0051476806,0.003996619991098388,0.002086147384583617,0.0010390006173922766,0.0005410138278840873,0.0005417891023486621,0.0007817093129468429,0.00046826366,0.0018036496408323059,0.0005190242568924254,0.0005547807458264546,0.0004273473135535203,0.00042151453,0.0018611003302042531,P3 Relief
2009-05-11,0.0036148547666266,0.0036339127445304,0.0032369923449718,0.0016194364579939502,0.005321485778869798,0.0024973514234252147,0.0061185146,0.004957503170633757,0.003282198396361089,0.004999032084107693,0.00465285757609808,0.006062376,0.004813426864158191,0.002137139275287353,0.0010468656308483392,0.0005901117572012082,0.0005575393974591592,0.0013128841456684333,0.0004994723,0.0018489382706070824,0.0006117235209093144,0.0005670421425737049,0.0004274561816512756,0.00043793433,0.0019061789332600108,P3 Relief
2009-05-12,0.0050395386485596,0.0032528499503683,0.0029839519105855,0.0017277390604289507,0.004849839256920054,0.0020102581083833787,0.004767841,0.0034631777551500285,0.003089866532157893,0.004870216372834061,0.005191255374923385,0.0054797344,0.0036211775863483966,0.0019331248223367267,0.00100582940802454,0.0006029494139960645,0.0005295912410010144,0.0010317228771158878,0.0004516968,0.0016813361097203652,0.000700327046662299,0.0005548103548845307,0.00042726805678208426,0.00043370656,0.0017347925553132548,P3 Relief
2009-05-13,0.0029544892925125,0.0040275659439722,0.0036843391153654,0.0024799812460609585,0.005321485778869798,0.004688183507789171,0.00635027,0.005494537800125205,0.004450430734644459,0.004999032084107693,0.004134975134868022,0.0059198826,0.005334854047077555,0.002360346496118009,0.0011190087646857278,0.0006708215261810275,0.0005575393974591592,0.0021366617249585075,0.0004994723,0.002042045185838031,0.0008336872588719898,0.0005670421425737049,0.00042737250189329697,0.00043793433,0.002105264181010981,P3 Relief
2009-05-14,0.0025484742960562,0.0039086979089748,0.0036433978999066,0.002832016214620598,0.005260502141325036,0.002698348059805295,0.0059463945,0.0045043299695174755,0.004053112577552458,0.004996542803226631,0.005148770592498316,0.005973302,0.004578625831425841,0.0022959540498777658,0.0011172880785095933,0.0006733440532518585,0.0005417891023486621,0.0011171438799284549,0.00046826366,0.001985045125781489,0.0008222065287758374,0.0005547807458264546,0.0004273393223538877,0.00041359276,0.002048273708721768,P3 Relief
2009-05-15,0.0017704800590323,0.0038807490565365,0.0036357093958141,0.0028380882910554587,0.005260502141325036,0.0027099849513596342,0.0059463945,0.004472122094521012,0.003870384816234157,0.004996542803226631,0.005231222091476875,0.005973302,0.004545886709418324,0.002280145883318419,0.0011199134205664163,0.0006496344803470607,0.0005417891023486621,0.0011239899443015726,0.00046826366,0.0019713776379770864,0.000782948198993616,0.0005547807458264546,0.00042733607282878446,0.00041359276,0.002034170877722895,P3 Relief
2009-05-18,0.0017553818946513,0.0034730970267693,0.0033617199910774,0.00274242676435828,0.004821403465171437,0.001964790190542602,0.005573758,0.0037729530084070605,0.003807056411353776,0.00490764328480735,0.005136400238528084,0.0055119107,0.0039299572446711934,0.002061461377478175,0.00107515307403768,0.0006306720630348855,0.0005295912410010144,0.0008876695069405436,0.0004516968,0.0017929568813659378,0.0007053920235348116,0.0005555264943539817,0.00042731477367894197,0.00043370656,0.0018499622007812663,P3 Relief
2009-05-19,0.0003159984147681,0.0038017537041729,0.0037409020286597,0.002232742197756797,0.005019283965695956,0.001582765148211249,0.0046060514,0.0042308258137493705,0.003930993139859377,0.004897703658055495,0.0048217731412700734,0.0052479156,0.00436807560727739,0.0022364013043584957,0.0011318784262131446,0.0005821951086250346,0.0005417891023486621,0.0008621555682340763,0.00046826366,0.0019335567751212368,0.0005953536488936368,0.0005547807458264546,0.0004273434134914362,0.00041359276,0.0019951453271081147,P3 Relief
2009-05-20,0.0006438080975432,0.0034032307227275,0.0031308251182108,0.0020178662324050094,0.003923069084660863,0.0009610479461795067,0.003928844,0.003410006691156195,0.0036575727370515843,0.004601381798265085,0.00442895638880175,0.0031901675,0.003611947813847237,0.0020225160974075462,0.001041547179977118,0.0005593485625986071,0.0004449227555857001,0.0005936701994800622,0.0004174824,0.0017852614006893886,0.0005091492194922023,0.0004936233424838207,0.0004274507466712777,0.0003595173,0.0018464784692215832,P3 Relief
2009-05-21,0.0008357211111856,0.0031870997742391,0.0031489968618149,0.002128733802685606,0.004365669498591406,0.0013822289916980651,0.006129217,0.004102414628499976,0.0036676047403074773,0.004720136902921521,0.004905248221628009,0.0051620323,0.00405518095081577,0.0019086048098043464,0.0010581319919558965,0.0005796642966836786,0.0005446400776683748,0.0007918955041065355,0.0005932909,0.0016901745287794094,0.0005205870113733334,0.0005663766627834573,0.0004275112969840684,0.00043865285,0.0017417253180244938,P3 Relief
2009-05-22,0.0009306161832728,0.0028760763052114,0.0028122599749329,0.0021006015123367803,0.003940483616108818,0.001201166177839357,0.004195212,0.003019529360287178,0.0034973138911169356,0.004625901468971729,0.005082682608850243,0.0045838943,0.0032396754611522427,0.0017411309136220006,0.0010062878046959334,0.0005911047395032499,0.0005538577610837852,0.0007594728956897281,0.0005216549,0.0015541725903666943,0.0005213356251162425,0.0005718402947312807,0.0004276018044179771,0.00044734796,0.0015902741621104492,P3 Relief
2009-05-25,0.0021165718424212,0.0025759749251755,0.0027413380762202,0.002045067358180848,0.003960168215581594,0.0011993305270701499,0.0045697577,0.0028173130941210405,0.003221396207303222,0.004584932145516783,0.004795086965333513,0.0047408976,0.002809896690920749,0.00157802306772773,0.0009878247900633424,0.0005903543003243545,0.0005355456625512012,0.0007394699862732832,0.0004908423,0.0014346120299786945,0.0005146252715757967,0.0005561843632119007,0.00042759589963508503,0.00043933024,0.0014756588624507887,P3 Relief
2009-05-26,0.0022591591136424,0.0023050110600733,0.0020374696914294,0.0018382564952339905,0.002424311633310439,0.0012682007471707451,0.0026816253,0.002322924701199266,0.0029933721994160126,0.0031715937409986855,0.004832481060711971,0.0031788808,0.0024322118162217973,0.0014294907563095443,0.000912414797261519,0.0005710013799556803,0.00049328164321327,0.0008054459814080123,0.00037735823,0.001313414972631504,0.0005024813154663831,0.0005353115953632981,0.00042782510044728125,0.00036952755,0.0013630226150676938,P3 Relief
2009-05-27,0.002018050646912,0.0022220278402204,0.0024045609261411,0.0015449485017770405,0.002377255426701674,0.0011693642650010179,0.0020250697,0.002196706809576292,0.0028641358468512257,0.003049294790278658,0.0053989919509581106,0.0029837014,0.002377595554843842,0.0013801867829175136,0.0009739701914832698,0.0005374087365672421,0.000540984650752502,0.0007733681792376319,0.00038481853,0.0012068813184356278,0.00045355064862873297,0.0005577512672996037,0.0004282604640048272,0.00036767498,0.0012517329573365418,P3 Relief
2009-05-28,0.0018764283270388,0.0022374072301699,0.0025638104834119,0.0017287191748285888,0.004287621890465155,0.0015502058085266352,0.0061003915,0.002902410486958647,0.0030307960879020035,0.004664140710697102,0.005190473020655837,0.004986049,0.0028742952342076366,0.001389238276254713,0.000997784868050572,0.0005662068051987751,0.0005575393974591592,0.0009664419982941072,0.00045486848,0.0012018944416311778,0.0005046785345562773,0.0005670421425737049,0.00042798167110612057,0.00041485054,0.0012391034903979877,P3 Relief
2009-05-29,0.0022531352831519,0.0020601012143869,0.0025936235431362,0.0017212707724017049,0.004035036262373589,0.001320164334281276,0.005217648,0.002207282458414879,0.002881097293896403,0.004662758663949687,0.005404936622711697,0.0049505415,0.002309505775213437,0.0012898445905033234,0.0009969091347431683,0.0005660391005954342,0.0005428262158866348,0.0007672661241254255,0.0005157319,0.0011284428143524547,0.00048652454376445453,0.0005583658749896585,0.0004277043407483106,0.0004423265,0.001168672304178848,P3 Relief
2009-06-02,0.0011668859020707,0.0024168625173605,0.0031499582675339,0.0014444841394497562,0.0038886189952753933,0.0011723089872478394,0.0045905565,0.0025297625545273833,0.0029475234985262785,0.004542190081554654,0.004999162461936458,0.004742713,0.002656902239909849,0.001476996891818917,0.001072478627406384,0.0005340241040796957,0.0005447468802483985,0.0007287088074295229,0.000528955,0.0013013018946515644,0.00043745491175520957,0.0005600401117603756,0.00042752595087904645,0.00041691097,0.0013427367114329655,P3 Relief
2009-06-03,0.0011550080494664,0.002225399107065,0.0028999300814169,0.001313807890496446,0.0037270626754841323,0.0011389845334296006,0.0044065095,0.0022689730534374243,0.002794338442427056,0.004531329016096828,0.0049803388943071205,0.004742713,0.0024237137918752213,0.0013713672604668645,0.0010120973103954457,0.0005167187094176504,0.0005447468802483985,0.000699022630260794,0.0005345459,0.0012082373525586587,0.00039873393927088564,0.0005600401117603756,0.0004275050614681811,0.00043831285,0.0012467088967387417,P3 Relief
2009-06-04,0.0011268056661484,0.0020365525093218,0.0025345054987046,0.0012432071678777161,0.0036378821061329868,0.0011156345929990122,0.0040973243,0.002046650933817908,0.002739574888808559,0.004445503250645077,0.005412713470795239,0.0045791822,0.0021225622613969914,0.0012670132164143719,0.0009369591374479098,0.0005055015431937068,0.0005423051804858793,0.0006684043814940415,0.0005169586,0.0011129785955638514,0.00039100080498838337,0.00055349424042396,0.0004278211465403917,0.00042020687,0.001152462475873787,P3 Relief
2009-06-05,0.0008486264549246,0.0019611722757291,0.002437840894274,0.0011574805290810804,0.003845806803321202,0.0008928796521353876,0.0036454136,0.0019779210272656456,0.0027803793863663906,0.004506057098924977,0.0046221180635942554,0.003155015,0.0020914488133826807,0.0012229696326635433,0.0009198643339575745,0.0004915302722756208,0.00045829108697490817,0.0005570886669621453,0.00042497012,0.0010694787787105867,0.0003628390945042653,0.0004965031912798106,0.0004276082103341302,0.00034059712,0.0011112138623241812,P3 Relief
2009-06-08,0.0012734182853346,0.0020403446150252,0.0025887447433464,0.0012377949252221658,0.004432743699465768,0.0013784330740420736,0.006221323,0.0026541245740155347,0.0031753009581562243,0.004750641616640422,0.00504942140875516,0.005110676,0.0026114521750714194,0.001267677725381509,0.0009447985672704653,0.0005276419496977299,0.0005590351475909586,0.0008157429806400413,0.0005774607,0.0011137890468069505,0.00042088352009198184,0.0005707065078881107,0.00042772456753649787,0.00044549006,0.001149472428463516,P3 Relief
2009-06-09,0.0011766948694654,0.0018700264019422,0.0021509586035683,0.0010874951633132613,0.003004472323205017,0.00099166717465468,0.0027805038,0.001793780489810085,0.0029269767497817193,0.00395311910631598,0.0054300776321820725,0.0038899886,0.0019126999445643544,0.0011732089526798777,0.0008749999436043333,0.0005296430417502369,0.0005333874631955753,0.0006678577651264232,0.00048745653,0.0010180222928109026,0.000451196883436169,0.0005485958296354324,0.000428717553944073,0.0004328793,0.0010673142600564707,P3 Relief
2009-06-10,0.0023661170382305,0.0017324787014187,0.0020201599675702,0.0011223188329654373,0.0030884421415046893,0.0009804665111291491,0.0029601965,0.001719595508950947,0.0029790657403927353,0.004029538034409465,0.005727698149042651,0.0040792497,0.0018495201709948924,0.0010960670490504775,0.0008423539022293561,0.0005316693036607328,0.0005428262158866348,0.0006497247305612449,0.0005080666,0.0009589131858644052,0.00046092880166551467,0.0005583658749896585,0.00042877246233001125,0.00045079854,0.0009930988687935514,P3 Relief
2009-06-11,0.0023075055596495,0.0015843411429501,0.0018924795770348,0.0009788473085727497,0.002714094052177725,0.0007905674910567224,0.0024023897,0.0015681796951785422,0.0024699099223948443,0.003766136103803863,0.004922909771353596,0.0040425207,0.0016936662759167197,0.0010133902881617406,0.0008095650630665057,0.0005169816170498642,0.0005296393449173981,0.0006212426401763485,0.00043677035,0.000878995252723909,0.0004215648036471467,0.0005554821262533782,0.00042830577408395766,0.00042932344,0.0009157564128737142,P3 Relief
2009-06-12,0.0025114040412141,0.0014288813326108,0.0017926103254827,0.000955739786693129,0.0026837461621800397,0.0007948996979280984,0.0024397485,0.001452968891023346,0.002218667040704783,0.0037362147293740723,0.005175265669307497,0.004041869,0.0015416835969379041,0.0009270419839267559,0.0007953256978700753,0.0005126444168679021,0.0005327497214773463,0.0006316878218219393,0.00036112074,0.0008160275832526781,0.0003956074359589744,0.0005585173829985549,0.0004294600948910327,0.00040408163,0.0008444375834145573,P3 Relief
2009-06-15,0.0032073307724189,0.0017905312460964,0.0017920873924802,0.0011391402802352457,0.003056991141489008,0.0008649611881550347,0.0028572364,0.0022420776298435847,0.0028306766276425268,0.003722578430227584,0.004453287563062563,0.0044677076,0.0022436635396433356,0.001125086565564798,0.0007791437939670249,0.0005520259139039997,0.0005575393974591592,0.0008050632418016202,0.00048313203,0.0009743590911270607,0.00047723565216829236,0.0005670421425737049,0.0004277050709792284,0.0004377009,0.001004590719594274,P3 Relief
2009-06-16,0.0032890092038716,0.0016058249433871,0.0015908653648952,0.0012477882859402508,0.002686187632057192,0.0007376170682822678,0.002409792,0.0016911804790711669,0.0024672023832820154,0.00366585229749075,0.004741990651246358,0.0040735994,0.0017603612646674425,0.0010237837896951126,0.0007225832680828296,0.0005668519988041782,0.0005253306228348605,0.0006066105621381305,0.00042786845,0.0009018322799923127,0.0005030904201239271,0.0005542975382503705,0.00042817733740413395,0.0004334754,0.0009313823858098726,P3 Relief
2009-06-17,0.0027776296067768,0.0021516088795533,0.0019537031934644,0.0017895835438777922,0.003659224028311062,0.001634129259910506,0.0034683223,0.0027069371471666586,0.0037825645548114307,0.004042091161549589,0.004445687805017916,0.005417051,0.002722651755371417,0.0013227638106250111,0.0007918007042788394,0.0006312850933885679,0.0005575393974591592,0.001112683126264706,0.00043376168,0.0011443842994789378,0.0006217072790020957,0.0005670421425737049,0.0004274669887972481,0.00043026285,0.0011798129109545788,P3 Relief
2009-06-18,0.0031429615678396,0.0019413249815711,0.0018725988046686,0.0022225454402221402,0.003415022467029119,0.0015190152922326856,0.0029239662,0.001995591825471364,0.003597596650638259,0.004033061506788063,0.004951022477483455,0.004664731,0.0021756400998476752,0.0012092548756026035,0.000768406326444411,0.0006591224649904424,0.0005505300148438132,0.0008839338729727094,0.00039602316,0.0010731756698585638,0.0006301981215031782,0.0005692644009181828,0.00042729787218977693,0.00042959498,0.0010912017333059697,P3 Relief
2009-06-19,0.0029300969741253,0.0018407352606766,0.0017214641735627,0.0024071769444272565,0.0036246878819427794,0.001469641603972083,0.002997648,0.001947964642223193,0.003607635807488102,0.004085282693083613,0.005266038863451828,0.005684973,0.002109220014326224,0.0011521873546498898,0.0007277002938573718,0.000653779547358614,0.0005417891023486621,0.0008070047626300741,0.0004024776,0.000996162746574391,0.0006220085675189115,0.0005547807458264546,0.0004271963084179395,0.00042267708,0.0010278929868725798,P3 Relief
2009-06-22,0.0014434917285244,0.0025222442939224,0.0021258407070477,0.003246976816326675,0.005321485778869798,0.0026262079509355505,0.008586451,0.0034409285426717194,0.004669160526548044,0.0049913150580140776,0.004593620841555589,0.007108987,0.0033409273408144717,0.0015257876809425695,0.0008192495760760306,0.0007069321578472916,0.0005575393974591592,0.0013268064323096586,0.0004994723,0.0013200296624262969,0.0007370648110699956,0.0005670421425737049,0.0004274449189053364,0.00043793433,0.001360896020054339,P3 Relief
2009-06-23,0.001398794217706,0.0023114805058851,0.002048409741709,0.0038235532424857775,0.00490616248619741,0.0023986241526203116,0.005520795,0.002524812256095959,0.0045793892625066055,0.004870577341261889,0.00544441061722737,0.0053309496,0.002666768578472927,0.0014134619411121181,0.0007964871054732499,0.0007289942225774561,0.0005462681281825242,0.0010900469019745542,0.0004011326,0.0012110802590079405,0.0008097780740499276,0.0005648553935668662,0.00042737987187170556,0.00043468998,0.0012580720428021954,P3 Relief
2009-06-24,0.0006169151777295,0.0024545255849278,0.0021724405233864,0.0039073892875221075,0.005124981445176623,0.001552486920210107,0.0050597084,0.002738922649848209,0.0047916369643411965,0.004927977226573805,0.00580513123120947,0.0055064643,0.0028185181564807267,0.0014875217388008195,0.0008369902561130805,0.0007067921139301402,0.0005417891023486621,0.0007807605943074054,0.00046826366,0.0012860874882307752,0.0007490415526808767,0.0005547807458264546,0.0004271994750295022,0.00041359276,0.001327052546587341,P3 Relief
2009-06-25,0.0003245067694658,0.0024128690077126,0.0022661824892902,0.004447524810055073,0.005321485778869798,0.002230643087928646,0.0076070516,0.0032917151833278977,0.0053074276628177295,0.004999032084107693,0.005616645152543169,0.0069144904,0.003196050460732714,0.0014680768793138628,0.0008519860455929123,0.000728824364439903,0.0005575393974591592,0.0010556373552506931,0.0004994723,0.0012701013723084792,0.0008227201869902351,0.0005670421425737049,0.00042759769885111504,0.00043793433,0.00130942201667129,P3 Relief
2009-06-26,0.0004157433020003,0.0021716308046079,0.0021785965066274,0.004683117724156684,0.004969399592122165,0.0022114170193939125,0.006051527,0.002453136552225507,0.005015575459056387,0.0049428686894200675,0.005690426409046193,0.006054099,0.0025416345624526175,0.001338093574964297,0.0008316567572941939,0.0007318610671358092,0.0005501799189756071,0.0009594507542043762,0.00045458396,0.0011864298554243487,0.0008925246949465423,0.000568637542260356,0.00042730100475492263,0.00043725446,0.0012072064100241385,P3 Relief
2009-06-29,0.0015650336350408,0.0020065315484332,0.0019611063676969,0.004619590837116496,0.004606174495789262,0.001472083482662199,0.0054238862,0.0022030067984545104,0.004682453572218188,0.004844736823777693,0.006412282524271959,0.005446583,0.002236487174109571,0.0012466759138955383,0.0008158357757276295,0.0007124972748358438,0.0005417891023486621,0.0006979305121054118,0.0005056362,0.001077856042650014,0.0008961470626810472,0.0005547807458264546,0.00042763506173507077,0.00044315276,0.0011121884159070437,P3 Relief
2009-06-30,0.0018925702636482,0.0018262318035882,0.0018690137521826,0.004512156653540158,0.004096947128442025,0.0013107017470129112,0.004354881,0.001971308239576395,0.004807256018509296,0.004662533461011157,0.005837198077646892,0.0048327735,0.0020427962518753534,0.001149004121022982,0.0007921651347074594,0.0007024596785422124,0.0005500558944198665,0.000702201143000423,0.0004968424,0.0010052576566949617,0.0008908284171699508,0.0005604558160288314,0.00042843547886544774,0.0004332531,0.0010376207403530976,P3 Relief
2009-07-01,0.0018859736422913,0.001657617503998,0.0016260521348805,0.004522164460412149,0.0031801963675646863,0.0014782936458799713,0.0037532828,0.001780053561657937,0.004758058396896037,0.003484083032810393,0.006171291510973252,0.0038744386,0.0018720547371607675,0.0010570099887880324,0.0007635289874157833,0.0006990284455011387,0.0005499511801400588,0.0007670512408197968,0.00041316,0.0009340621494341411,0.0008827701441498483,0.0005606807176399747,0.0004290834346231594,0.0004001231,0.0009607038028389881,P3 Relief
2009-07-02,0.0018831307221836,0.0015434742788648,0.001348544727616,0.004691409817533471,0.0025400649604604615,0.0014624009146843395,0.003401202,0.0015591394708615726,0.004940601022193461,0.0032258700698697593,0.00597608111612155,0.0034732202,0.0017551171773663645,0.0009946290707680717,0.0007080069939448998,0.0007066978838899077,0.0005221818205948987,0.0007365268750410037,0.00036278798,0.0008797664590249485,0.0009369315656806703,0.0005510640477221238,0.00042918934794930664,0.00038758482,0.000915801442304869,P3 Relief
2009-07-03,0.0023686267531775,0.0014289619326432,0.0013981278664425,0.004566918583889616,0.002508200135166408,0.0013362536194922899,0.003485329,0.001426858732980706,0.004643493654664703,0.0032032048427021106,0.0065501748877949476,0.0033043216,0.001508702668952252,0.0009293530401760776,0.0007132876854516265,0.000690142561646261,0.0005323289215556562,0.0006477148408615257,0.00040122174,0.0008340521424092051,0.0009487646415671279,0.0005495624254462127,0.0004304690984868464,0.000362552,0.0008617139472635961,P3 Relief
2009-07-06,0.0012377183914523,0.0019788427558018,0.0019536764959756,0.005184980380077341,0.00530636684806931,0.002852466333615082,0.008136141,0.002712594385445847,0.004963957066037946,0.004995223768568399,0.005368384439189647,0.007089607,0.0026293608373855783,0.001229851191439632,0.0008120748427715698,0.000731777668102807,0.0005575393974591592,0.0011559774441515418,0.0004994723,0.0010640012849413892,0.0010196688134609315,0.0005670421425737049,0.00042803275206835547,0.00043793433,0.0010969413455057776,P3 Relief
2009-07-07,0.0009998707907001,0.0019425486617851,0.0020005419194032,0.005183494226111807,0.005229853852707009,0.002271507808998085,0.005960295,0.002232730190610811,0.004439758177401597,0.004996542803226631,0.007690281429974395,0.005630044,0.0022754901219735855,0.0012072126119606213,0.0008133352170178607,0.0007204974740292119,0.0005417891023486621,0.0008054322676429487,0.00046826366,0.0010437367033900142,0.0010493968999839404,0.0005547807458264546,0.00042722606060785777,0.00041359276,0.0010769822915436477,P3 Relief
2009-07-08,0.0012004473178825,0.001747624101433,0.0018708445336436,0.004754823107130688,0.0048116334494664095,0.001790895121835556,0.006381494,0.001889584831424922,0.004029370207577735,0.004904247549134278,0.007288059295558287,0.00610506,0.0019759152824404564,0.0011005467353789958,0.0007776732926390183,0.0006968172733125461,0.0005318947916417539,0.0007408517830612858,0.0004516968,0.0009552961480070486,0.0010626403982627705,0.0005549312810399045,0.0004272093531822591,0.00043370656,0.0009870559590069038,P3 Relief
2009-07-09,0.0011151810476039,0.0016220938772163,0.0018915840026211,0.004826608209535403,0.004847149770716309,0.001997694487489684,0.0062047234,0.0018050755785291941,0.00404372872098396,0.0049195382345270395,0.007591544828594157,0.005854846,0.001928107438195528,0.0010327757369454039,0.0007843971089875088,0.000699580983698824,0.0005470948522389436,0.0008066442715874226,0.00043008252,0.0008849012984480089,0.0011090539176241167,0.0005649411482475481,0.0004278837709910734,0.0004357334,0.0009192368349961707,P3 Relief
2009-07-10,0.0005761353585908,0.0017814228258311,0.0020732470269977,0.005320984362451102,0.005321485778869798,0.0032804836531514377,0.008541129,0.002430275553696129,0.004610614692101807,0.004999032084107693,0.005811210543679511,0.0072314194,0.002359646224083489,0.0011208379268195796,0.0008206941664118566,0.0007334236973964377,0.0005575393974591592,0.001137524267227335,0.0004994723,0.0009696888555688435,0.0011699115042084751,0.0005670421425737049,0.0004276875670424355,0.00043793433,0.0009997091291184283,P3 Relief
2009-07-13,0.0006213936131731,0.001667379653457,0.0018652697346651,0.005320617032274319,0.004755468295666252,0.002073479490547452,0.0058044842,0.0018560174591545722,0.004944064207853677,0.0048855796952145935,0.006056287663265594,0.005722787,0.0019142060461046532,0.0010564852079026775,0.0007984372906922628,0.0007254749061453016,0.0005417891023486621,0.0007250705471022093,0.00050988345,0.0009134202021678545,0.0010638790482150537,0.0005547807458264546,0.0004273259651167041,0.00043482432,0.000942514888360119,P3 Relief
2009-07-14,0.0004984766484282,0.0015514912377736,0.0018168572399173,0.0051644600268203975,0.0045773197767913915,0.002092968971863804,0.0058044842,0.0017139623303683105,0.005724457957758074,0.004820126955336499,0.005687579084518428,0.005722787,0.0017798264917012945,0.0009912211000739496,0.0007956332230081976,0.000705248367449753,0.0005417118548046157,0.0007379583423322287,0.00050988345,0.0008568984240586743,0.0009173142050828556,0.0005547807458264546,0.0004273294970680661,0.00043482432,0.0008842912683378094,P3 Relief
2009-07-15,0.0003157873523111,0.0014911094522218,0.0017692991720858,0.004386408268632269,0.004795063160310389,0.0016632702820316805,0.0067023817,0.0016906457695901166,0.004978446952506594,0.0048941324494031786,0.005499903636918858,0.0060410076,0.0017348289113442571,0.0009555493890950209,0.0007744118820844655,0.0006726716499059942,0.0005417891023486621,0.0006956873234084216,0.00050455047,0.0008261527086604955,0.0007604497469495134,0.0005547807458264546,0.0004273245887337767,0.00043021326,0.0008524677099581671,P3 Relief
2009-07-16,0.0015212786455386,0.0013384485837266,0.0016861438326517,0.004076159119494367,0.003962910653008449,0.00147787216658351,0.0064432267,0.0014971357992242312,0.004977343308037591,0.0046542659978200986,0.005287453802184825,0.00572449,0.0014853057862436933,0.0008715599726428451,0.0007512993662594954,0.0006460992045597231,0.0005231513689993553,0.0006421119547999031,0.00047413775,0.0007712220727484,0.0007037296885149637,0.0005545985184762473,0.0004274344603658915,0.0004457281,0.0007990415993498884,P3 Relief
2009-07-17,0.0015451818779821,0.0012219974711845,0.0013793745310792,0.0031520626081847636,0.002484823302194067,0.0008998231894101514,0.0027138253,0.0011754160820122176,0.004839017041388493,0.0032249770742012315,0.004986994556885522,0.0026894794,0.00129660606224029,0.0008062521689857223,0.000692738993785675,0.000612959964056848,0.000441740649330628,0.0005100520859838514,0.00026909309,0.0007075355855221812,0.0006941108091070402,0.0004914560403969027,0.00042856194478483093,0.00028550107,0.0007327664494095569,P3 Relief
2009-07-20,0.0014730881085842,0.0011901833193742,0.0014410931461309,0.0027891226767253084,0.0026839907375117485,0.0008798722606457237,0.0027048676,0.0011829164341614657,0.004565254222554149,0.003246101142715415,0.005160275523475618,0.0023073393,0.0012441784401557902,0.0007858465315601482,0.0007097359414349852,0.0005855060077384646,0.0004571442445968078,0.0005118132558821384,0.0002678817,0.0006873312029616508,0.0006700098517026323,0.000488335728667775,0.00043016204132915233,0.0002749974,0.0007166458435948111,P3 Relief
2009-07-21,0.001484269011739,0.001071990812798,0.0013237855161615,0.0024780171599650064,0.0024029983016324824,0.0008695506498662442,0.0026126995,0.0010494955724869852,0.004382010110468648,0.0031576904356458604,0.005006546385233337,0.0026894794,0.0011552840526724906,0.0007202310006832312,0.0006798563850313825,0.0005617740487560035,0.0004326300430861902,0.0005110049866661635,0.00025893337,0.000643638439353578,0.0006974901974692907,0.0004872061844885807,0.00042920202595897575,0.00028541044,0.0006659060068884502,P3 Relief
2009-07-22,0.0014434862489585,0.0009921112638561,0.0010313594968069,0.0018259436439232164,0.0016914455175608123,0.0007434465188543258,0.0014800065,0.0009259235061586718,0.0038526329943330447,0.0026792482027423042,0.005957033798085138,0.0030738611,0.0010689685770928078,0.0006763607916436319,0.0005997724374105429,0.0005487368966064167,0.0004559162039163901,0.0005252918989459799,0.00033010496,0.00062503923538236,0.0006980019392060449,0.0004962911718924523,0.0004472907483619679,0.00035584968,0.0006411974714730026,P3 Relief
2009-07-23,0.000443190511582,0.0014752621145897,0.0015634810612658,0.0014536463181633365,0.002960134780499436,0.0006675667416308056,0.0026764276,0.0015466372866119245,0.003944535453044684,0.003823025276522915,0.005387887752056897,0.0044998704,0.0016369226601301702,0.0009325146778522196,0.0007082840960833172,0.0005134815368042745,0.000479346000711213,0.0004789239694716973,0.00042621858,0.0008231310449893233,0.0006300111121456212,0.0005103856311599469,0.0004332635610758707,0.00038511032,0.0008517638288503962,P3 Relief
2009-07-24,0.0003741590934854,0.0013722735799862,0.0013984839781379,0.0014414090287670198,0.0027197647150452474,0.0007802393366111928,0.002297822,0.0013561138216811367,0.0040910377005539495,0.003746912042803435,0.00652090945857185,0.0044804444,0.0014989466462118832,0.0008782116877739636,0.0006580153447192248,0.0005179583151473066,0.0005311421794396518,0.0005309977225539614,0.0003856845,0.0007706666499964247,0.0006275334154049385,0.0005526203369768373,0.00044120918072823736,0.00040380043,0.0007990095768759515,P3 Relief
2009-07-27,0.0012445324483392,0.0013136500473745,0.0013503327908875,0.001356224520329688,0.0028755848856684705,0.0008438105251499693,0.0030338438,0.0015596334412136727,0.003621278481731779,0.0037861079988229128,0.0067043190055338965,0.005332485,0.0015957097573045351,0.0008478584918118046,0.0006461888380887364,0.0005369910853514078,0.0005578957746022439,0.0005887023765921991,0.00049648713,0.0007336520230803243,0.0006317509476939199,0.0005562380312268856,0.0004403649229687999,0.00045629387,0.0007574305676802135,P3 Relief
2009-07-28,0.0014773235707127,0.0011954587319627,0.0013299522954608,0.0014267198790071176,0.00274930866455741,0.0008560279838090762,0.0024137702,0.0012163816024357123,0.003220990331334019,0.0037783143315184425,0.006428093324953988,0.004669901,0.0013218046794177512,0.0007840375013250127,0.0006383445144067559,0.0005557319516039794,0.0005505300148438132,0.0005745482914841476,0.00042755352,0.0006961678365954413,0.0006278332211782995,0.0005604408749697673,0.00044306262298532986,0.00042871258,0.0007123989549475191,P3 Relief
2009-07-29,0.0015777019002181,0.0010746862001818,0.001230133126895,0.001257605895889506,0.0026582812610813846,0.0007592543374099571,0.0024653617,0.0011225550927757638,0.002869920494580615,0.0037501188574979175,0.0046469270152006276,0.004621382,0.0011790364304146857,0.0007178703191407653,0.0006047899351184395,0.0005326970413897598,0.0005208749542122128,0.0005156537566488691,0.00037386137,0.0006328464993068131,0.0006045439200303284,0.0005534322245091145,0.0004309190573081039,0.00042813813,0.0006575855109619002,P3 Relief
2009-07-30,0.0014038871497142,0.0010593816440899,0.0011289262752222,0.0010485550189910087,0.0018639357074076402,0.0007979299520612595,0.001506699,0.001038194380791046,0.0027186402875810215,0.002500842809434482,0.006065206222886266,0.0028884339,0.0011082280013513248,0.0007068715192345611,0.0006226251115807909,0.0005012680869972343,0.0005339566031845608,0.0005694944624482603,0.00034019892,0.0006244065413442807,0.000555034895616759,0.000553268231681627,0.00045173988251297166,0.00056228234,0.0006465926647966109,P3 Relief
2009-07-31,0.0014219582798172,0.0009604121971906,0.0010639418883935,0.0009249460048231482,0.0017239694763830455,0.000735582634713413,0.0015093065,0.0009525122418105487,0.002495937226608872,0.002697286485292011,0.005526446080226962,0.0032634463,0.0010851287821028901,0.0006528553189018915,0.0006039260041235172,0.0004816298160636244,0.0005164205019720137,0.0005559108887138341,0.0003593508,0.0006135710087050407,0.0004945237960978904,0.0005577908343230159,0.0004445102245001659,0.0004039333,0.000620746688080511,P3 Relief
2009-08-04,0.0004606332872185,0.0013465741003034,0.0015020694634935,0.0007448823869027291,0.002933794803594706,0.0006013303147926603,0.0026764276,0.0014235591770498611,0.0020009597725020047,0.0038020703298172615,0.005522037941350888,0.0044998704,0.0014988538409445424,0.0008573699569093293,0.0006992629361857995,0.0004411347624373491,0.00047790007017209943,0.00048165086376033845,0.00044058825,0.0007552661596077568,0.0004811641066824987,0.000508808286252613,0.0004400640215851119,0.00038511032,0.0007830166152764289,P3 Relief
2009-08-05,0.000450927744298,0.0013549156652457,0.0015489264958654,0.000788883234067431,0.0030689288834226543,0.0007995513405434439,0.0031181697,0.0017113799757212194,0.0019723887527483912,0.0038328348654303166,0.00614691427778024,0.0055152727,0.0017347833777726603,0.0008644752314864533,0.0007040956813184741,0.00045632039629650063,0.0005482336074771317,0.0006050749566655852,0.0005180073,0.0007653230408096212,0.00047888740524362256,0.0005685436537022387,0.0004368171206380822,0.00044121253,0.0007881309323641945,P3 Relief
2009-08-06,0.0007276855695662,0.0012581229572321,0.0013376596007677,0.0007156197014373494,0.0024220528259571365,0.0005618775730114438,0.0021085124,0.001265784913082628,0.0016620564159023376,0.0034368286162354262,0.005049746496612104,0.0043777293,0.00137646223615067,0.0008111934403221016,0.0006394818565401341,0.00044458090584365104,0.0005211175680218209,0.00048142502517399966,0.00044667715,0.0007455221791449942,0.00042877244966463713,0.0005538312322644712,0.0004331361112339674,0.0003961897,0.0007674389137828631,P3 Relief
2009-08-07,0.0006927268128712,0.0011428344636009,0.0012399996319513,0.0007132836877160734,0.0022893480985419316,0.0005559101196089266,0.0020964576,0.001187327308765099,0.0016724280254820528,0.0033715387741566696,0.005187640310491171,0.004316982,0.001270084371144678,0.0007481878200905763,0.0006136579319608788,0.0004443231632989761,0.0005197629102526524,0.0004737534808954198,0.00043380965,0.0006992998545481892,0.0004025147454450737,0.0005548700634084783,0.00043590926944477276,0.0003906761,0.0007170254802597104,P3 Relief
2009-08-10,0.0016870755901201,0.0010463115770834,0.0012394337944138,0.0007458125676963551,0.002425874401452096,0.000601113664737951,0.0021822385,0.001115737146843097,0.0016381204622912516,0.0034198306959685085,0.005507842257969623,0.004170643,0.001166129359616474,0.000696420502549416,0.0006127663036353816,0.0004561203637500971,0.0005519709984546953,0.0005044357219592524,0.0004307339,0.0006535272523697481,0.0004041444655574094,0.0005688076670868678,0.0004395444506197692,0.0003874137,0.0006580612970832363,P3 Relief
2009-08-11,0.0016476271057887,0.0009717885888456,0.0010386520475386,0.0007893440116573814,0.0016472018768459232,0.0006683394593873812,0.0013866907,0.0009456477864371847,0.0015868929448949846,0.0025466541454566964,0.005357249901266571,0.002963643,0.001098717583963831,0.0006564445048298088,0.0005887060966846949,0.00047029149913168966,0.0005408768770054826,0.0005795734339401061,0.00048279905,0.0006139721149464561,0.0004443187008400443,0.0005636357951329141,0.000438683612450979,0.00042333177,0.0006208631051208885,P3 Relief
2009-08-12,0.0014190846866623,0.0009841710476795,0.0009955902082274,0.0007584751148560715,0.0014776903665688504,0.0004630695154337482,0.001450401,0.0010164003001744274,0.0011725679800947489,0.0021946132047534483,0.0048858736631425285,0.0026323465,0.0011056754881278458,0.0006606045170664659,0.0005753602686418332,0.0004586631332641154,0.0004658879613197616,0.00046419023499014595,0.00045414933,0.0006279930167426008,0.0004532085042382531,0.0004903057446352014,0.000443395959915083,0.0003903461,0.000640732922277064,P3 Relief
2009-08-13,0.0015903811961116,0.0010593136520297,0.0011139985574189,0.0007250304523436808,0.0019213354472762782,0.00045844925607779513,0.0019768465,0.0011578116718046084,0.0009911924051018725,0.0026850211854087406,0.005193837946692272,0.0028253037,0.0012210227883962148,0.0006986215621492143,0.0005994576165268083,0.000449241536726884,0.00047208321518391315,0.00045712984283038444,0.0004743123,0.0006518767334073416,0.00045592901028878013,0.000496691770215213,0.00046070044163444096,0.00043823972,0.0006643059202005911,P3 Relief
2009-08-14,0.0018618007276752,0.0009530970992287,0.0010195156863522,0.0006763528946765122,0.0016665384054480857,0.00044191765367391605,0.0016671006,0.0010984230813292453,0.0008484859194970605,0.002527401203565273,0.004487948736567263,0.0025984067,0.0011157553112034963,0.0006410995957862128,0.0005644738741062848,0.0004336636719357771,0.0004540936747286473,0.000448624760726605,0.00044045926,0.0006190003834436451,0.00042743110895943174,0.0004922919909253442,0.0004504001517806437,0.00042848857,0.0006272067263474517,P3 Relief
2009-08-17,0.0008604084464665,0.0014111495533504,0.0014100825569733,0.0008460377176826162,0.003312045735935347,0.0008582379087947125,0.0029887962,0.0018333008429531482,0.0014528457895031156,0.0038048672627136525,0.005733066546289557,0.0057222983,0.0018417305803040014,0.0008931079834411939,0.0006599415326150368,0.0004824494244719369,0.0005575393974591592,0.000748797315920225,0.00048313203,0.0007905239123629417,0.0005118050640019414,0.0005670421425737049,0.0004351851511171093,0.0004377009,0.0008098202081241778,P3 Relief
2009-08-18,0.0010469186208403,0.00126765444625,0.0013403415271644,0.0009174442204017023,0.0026739482744706604,0.000684430997424597,0.002334545,0.0013604398886978544,0.0014572578036520542,0.0036238736062438846,0.005851616104925642,0.0047454205,0.0014153743215435726,0.0008157889544391756,0.0006363436449903291,0.000499805763318122,0.0005253306228348605,0.0005407390597888608,0.0004303258,0.0007355931230338805,0.0005597737973588918,0.0005536773369369963,0.00044738341144725933,0.000441778,0.0007555135977157655,P3 Relief
2009-08-19,0.0011393469011607,0.0011431356713663,0.0013146969991901,0.0009145104560539429,0.0026644979100806554,0.0006913857411381455,0.0022015197,0.0011908137829250078,0.0012668309739069226,0.003601360333015553,0.006215630057633458,0.0044948715,0.00125249328907646,0.000748113492600654,0.0006352952218319316,0.0004975982220453494,0.0005293042972483027,0.000545860987348931,0.00042533423,0.0006646544333154847,0.0005700092927838282,0.0005462077039570956,0.00045508925729669517,0.00041611373,0.0006838828791704921,P3 Relief
2009-08-20,0.0008584561296254,0.0012842892375868,0.0014457093808819,0.0008383536800402626,0.002974338924599279,0.000707673806649482,0.0024731425,0.0013721768814006442,0.001182552953801829,0.0037214755887310905,0.006449086974705297,0.004743242,0.0014740036342966837,0.0008217418489954627,0.0006721657467903396,0.00047587273674993424,0.0005417891023486621,0.0005566170628358212,0.0004491714,0.0007256116030971963,0.0005431106023761292,0.0005547807458264546,0.0004430474951161312,0.00041337233,0.0007456140854887569,P3 Relief
2009-08-21,0.0008317134498287,0.001276089894503,0.0015207713860456,0.0007782980252526027,0.0029864391250171156,0.0007053413558832178,0.0023781857,0.0013496898546223298,0.0009618518255027854,0.003674577119341,0.006635980056518312,0.004699423,0.00141672917384245,0.0008159555888750544,0.0006863830080391636,0.00045938685752555447,0.0005417891023486621,0.0005582728700171869,0.0004491714,0.0007205022399960724,0.0005213307166067836,0.0005434321676119763,0.00045579310036272314,0.0003998328,0.0007395715610982504,P3 Relief
2009-08-24,0.00085046414087,0.0011519924101061,0.0013128170756735,0.0007288059673228654,0.002418628082524639,0.0004889189016378311,0.0020070528,0.0011838668433157378,0.0009256609884784148,0.0033958423190796187,0.005336603261019862,0.0029706876,0.0012443936132196655,0.0007489377058481144,0.0006546479981656793,0.0004457491405302093,0.0004422195989385497,0.0004476309953712685,0.00028550552,0.0006788091202073415,0.0005007590174836435,0.0004923428836397481,0.0004846193357249468,0.00033625975,0.0006992599639654145,P3 Relief
2009-08-25,0.0010343383591872,0.0011202113810772,0.0012061629888468,0.0006941771279177741,0.0024080799726627702,0.0004773163462538894,0.0018476305,0.0011646075456851269,0.0008412892796402878,0.003353913932864936,0.005421059613376545,0.002953146,0.0012232333205408718,0.0007304227843861809,0.000615414688036497,0.00043510865017506035,0.0004548868722702077,0.0004173244591589319,0.00035173117,0.0006545604865254678,0.0004862935989063875,0.0004952152621085824,0.0004955108180918136,0.00036160243,0.0006765419196313859,P3 Relief
2009-08-26,0.0013479004148407,0.0010732503902252,0.0012212741397614,0.0007326852556294559,0.0024590612682165365,0.000558903481820176,0.0024876927,0.0012227903044265444,0.0008167270757920286,0.003460590100843832,0.0054826104172438885,0.0043897806,0.0012821918687009905,0.0007066696207145368,0.0006165493229229996,0.00044973763925136925,0.0004854985890540531,0.0004929876593761476,0.00046114012,0.000645482405323781,0.0004513920977645438,0.0005225175294876296,0.0004575561025355366,0.00038671127,0.000657742977328453,P3 Relief
2009-08-27,0.0010812768992904,0.00108592189586,0.0012011763311575,0.0007191039187781718,0.0024363752808236024,0.0005042118460280923,0.0022416848,0.0011629556153744725,0.0008462679744895096,0.003322750802578615,0.0051303568319073685,0.004030522,0.0012258114211087187,0.0007116800014689659,0.0006215928801299213,0.0004466019490220686,0.00047950949790335064,0.00046230754576592363,0.00034461374,0.0006619426808297497,0.00041179071847075927,0.000511891632083778,0.0004484675185901573,0.0003239884,0.0006760908752019169,P3 Relief
2009-08-28,0.0012376894674262,0.0010864981889533,0.0012324657643525,0.0007013127082249396,0.002214358375940102,0.0004920377610381406,0.0016004624,0.0011474091107375275,0.0009001437208762724,0.00304921125228972,0.004856185962781008,0.00267328,0.0012226206115210276,0.0007104475655482505,0.0006327598144186451,0.00044333031869221663,0.0004730520722316988,0.0004683502356545501,0.0003347046,0.0006589579863132413,0.0003771505012440337,0.0005046593168484514,0.00043842896143218244,0.0003190625,0.0006735874338566858,P3 Relief
2009-08-31,0.0012866724200575,0.0010031204907589,0.0012219844704298,0.0007630499553445182,0.0023410386613306163,0.0005563217755929115,0.0022387034,0.001072508959859018,0.001270154853116132,0.0033770120444388263,0.0050428572981295145,0.004259681,0.001154931265196511,0.0006665170138608197,0.0006271077548030171,0.00046761603010264067,0.0005375155490322206,0.000518591468053576,0.00038693528,0.0006423811317353252,0.0004203857705601138,0.0005665507903101425,0.00043906086543958855,0.0003771969,0.0006522089826723257,P3 Relief
2009-09-01,0.0015272551519829,0.0011147587859402,0.0013155426271944,0.0009485081620216459,0.0031950531641148027,0.000832343511453851,0.0030527173,0.0014586668599086258,0.0020154463899484266,0.0037731049407995635,0.005627068361572914,0.005610082,0.001475334507309071,0.0007295406607970351,0.0006505273166665123,0.0005150630569452708,0.0005575393974591592,0.00068775746460765,0.00048313203,0.0006311594491333526,0.000520563096420796,0.0005670421425737049,0.0004315242485488299,0.0004377009,0.0006506993038069152,P3 Relief
2009-09-02,0.0012102418331863,0.001238454217109,0.0014460027826113,0.001332443685881179,0.0035184739753924264,0.0010541600918397309,0.0033174434,0.0016291484584034393,0.0027356112335238736,0.00400985750165909,0.006593586433824067,0.0059712767,0.0016380521251252447,0.0007992969643995707,0.0006788771878486768,0.0005795235953038088,0.0005575393974591592,0.0007683327379551712,0.00043938146,0.0006915088614707742,0.0006389366112622094,0.0005670421425737049,0.0004317407895592037,0.0004377009,0.0007129170534532804,P3 Relief
2009-09-03,0.00122569672414,0.0011127206781801,0.0011549861810223,0.0014871651417483378,0.002835852887373341,0.0009223401046071518,0.0025881247,0.0012272446283963952,0.002527115203845228,0.003802389640471591,0.005420231575992433,0.0050729094,0.0012733713273192803,0.0007313050310005315,0.0005940134183242981,0.0005916854796799394,0.0005230359948008326,0.0006124823529520037,0.00038054533,0.0006441695746004951,0.0006968992244171846,0.0005510096018662703,0.00042794422381024647,0.00043603935,0.0006660969317481899,P3 Relief
2009-09-04,0.0012795861918932,0.0011857065908554,0.0012733970241332,0.0014056511104455845,0.0031822291469491186,0.0008511139850092045,0.0025973045,0.0012963928158303177,0.00237598121821585,0.0038508996272377752,0.0066108824584779,0.0053380923,0.0013917704426816063,0.0007683395144339904,0.0006305818310861952,0.0005696351917846061,0.0005417891023486621,0.0006133968534385068,0.00042036895,0.0006642940472409315,0.0006950009490237822,0.0005547807458264546,0.00043180077863394197,0.00041337233,0.0006854534509830359,P3 Relief
2009-09-07,0.0012168132414797,0.0011009675931894,0.0012607551233994,0.001348171958815174,0.002937804769823796,0.0007896112407300112,0.002416528,0.0011405424384731229,0.002271901172471445,0.0037448461005574712,0.006853574819432369,0.005090426,0.0012259168047114785,0.0007216523160438424,0.0006240213010150852,0.0005549745565530493,0.0005286734750386553,0.0005797004530973199,0.00040752298,0.0006179230864290595,0.0007048199819831423,0.0005416139256448202,0.0004457677816520705,0.0003939855,0.0006402308149722364,P3 Relief
2009-09-08,0.0007164821785517,0.0012800699651321,0.0014267316002806,0.001220300322976563,0.0029059264062392684,0.0006556033452942457,0.0025990624,0.0013690066819697063,0.0019952911834736605,0.0035883338730355705,0.006462069247296615,0.004494503,0.0013841400834049707,0.0008159318370882426,0.0006684230469591659,0.0005299825710013108,0.000538793069607411,0.0005088888809280755,0.00044274525,0.0007184761397116923,0.0007086667532076323,0.000559238165514756,0.0004735823293141187,0.0005044368,0.0007426476759372475,P3 Relief
2009-09-09,0.0008872870068064,0.0011932220610028,0.0013675344346641,0.001113762532496525,0.0025941974863598204,0.0005101346232379901,0.0019360693,0.0011809471683339057,0.0018234203583655402,0.0035904340515403132,0.005479359264185353,0.003086498,0.001283915326542791,0.0007686283639889164,0.0006589629690057791,0.0005122181992027312,0.00045271490809566583,0.00043591047891568745,0.00036989647,0.0006768071042330072,0.0007394317804941212,0.0004949557178540773,0.000466074548780765,0.00038169452,0.0007050243046360195,P3 Relief
2009-09-10,0.0018154471150962,0.0010771984273112,0.0013423805850726,0.0010180864695054142,0.00248411103087442,0.0004815310543141762,0.0020070528,0.0011075818086070449,0.0016422265640752356,0.003435277908314202,0.0050308700826090175,0.0028696754,0.0011675870065206647,0.000706034327238361,0.0006494260354735052,0.0004977740830283392,0.00044099758473165057,0.0004312957476219895,0.000348529,0.0006380139304420156,0.0006883832903143534,0.0004917729280557336,0.0004523430018919293,0.0003312199,0.0006586372816968452,P3 Relief
2009-09-11,0.0013780041756222,0.0011802074992668,0.0014303141088954,0.0009161040818628195,0.0026981885517859128,0.0004917844577904066,0.0020257575,0.0012309668991211393,0.0016788301012357857,0.003478027811684864,0.004854190267219232,0.0029663562,0.0012989294606432385,0.000759705943201514,0.0006765085044967285,0.00047820151111612006,0.0004548868722702077,0.00043802085698140425,0.00036140776,0.0006798113679840667,0.0006061218792247073,0.0004952152621085824,0.0004363219608871151,0.00031378897,0.0007030617147922424,P3 Relief
2009-09-14,0.0019731588208556,0.0010685233731026,0.0013210077883118,0.0008499494875896541,0.002459044525262235,0.0004807816806302051,0.0020070528,0.0010843700092064534,0.0016758435550834343,0.003435277908314202,0.004926121244166822,0.0029347804,0.0011578970132953637,0.0006995200410926028,0.0006435624242206161,0.0004663385095928489,0.000441741105289875,0.0004282538961936102,0.00035503996,0.0006304804341583188,0.0005532064686719505,0.0004919617320463847,0.0004412533468303745,0.0003312199,0.000651839256026858,P3 Relief
2009-09-15,0.001878584818146,0.001010238878943,0.0012530109409247,0.0008230204672407619,0.0021514802617510803,0.0004968060321366965,0.0017460206,0.001021761910765663,0.0017238935034645715,0.0029551568520738715,0.005056622149455469,0.0026901234,0.0010730974722190382,0.0006672060256100314,0.0006445687518740756,0.0004612548527641116,0.00045432659906204044,0.00044783233574032796,0.0002837858,0.0005964665041941278,0.0005271835188193016,0.0004909742271799676,0.0004448598982263551,0.0002892596,0.0006184186374928506,P3 Relief
2009-09-16,0.0016337258476951,0.0010333886208206,0.0011782046312213,0.0007102358541599521,0.002064979824563483,0.0003878360236828539,0.0013191275,0.0010634561502496367,0.001608401036727617,0.0028462594320784523,0.0046213634276072646,0.0018917762,0.0011064334729148548,0.0006782375843061725,0.0006129609150034035,0.00043754646304634966,0.0004234917093114541,0.0004131088434262603,0.0002530194,0.0006136415678346918,0.0004878675616906404,0.00045290864980952164,0.0004453644859373376,0.00026534765,0.0006331127885657767,P3 Relief
2009-09-17,0.0014035785356558,0.0013810349018031,0.001512176098437,0.0006523970242089774,0.0022606838468259335,0.00038930476197745025,0.0014462986,0.0013977054881098446,0.0017245108327264922,0.0029972647459556656,0.004220132968019759,0.0019812887,0.0014879268496452288,0.0008636700925398553,0.0006860752259317403,0.0004214400096757997,0.0004234917093114541,0.00041833856055264605,0.0003126104,0.0007814133010930914,0.0004290487979705538,0.0004610506902738846,0.0004282633761015965,0.00030384216,0.0008080822478799998,P3 Relief
2009-09-18,0.0013874214050407,0.0012537757672779,0.0013977761172765,0.0006530774484407428,0.002178875832025044,0.00042270896647718484,0.0016893956,0.001299379188424779,0.0018875768913601092,0.0030418581360221178,0.0043953513850575965,0.0026627283,0.0013828285497478414,0.0007972312248477691,0.0006612619249167572,0.0004247862580398705,0.0004622755782914847,0.00045465476517430914,0.00038513943,0.0007662507263225492,0.00043747507615657724,0.0004950514669434732,0.00043053403067031475,0.0003772102,0.0007752804203902102,P3 Relief
2009-09-21,0.0008112879008693,0.0014674565611719,0.0015397336869697,0.0008138557613487498,0.002833516447767129,0.0007152589413441121,0.0028727253,0.0018506370485376724,0.0023565691555261403,0.003559229591725557,0.004743983220712257,0.0051043434,0.001858353770096193,0.0009174843281300945,0.0006899261492745756,0.00047534499235812313,0.000554894016574226,0.0006627256323937793,0.00045826205,0.0008302819769758974,0.0005168238706676159,0.0005659113024773907,0.0004283477282613474,0.00040346477,0.0008479897486974262,P3 Relief
2009-09-22,0.000795848584316,0.0013237395346439,0.0014365557173261,0.0008945869368868533,0.002535794999706761,0.0006328699038236818,0.0022103197,0.0013435328039216505,0.002229919280987906,0.003500020921524216,0.004919083290539855,0.004383104,0.0014344996681789864,0.0008405656302034888,0.0006601066100583185,0.0004970384090557648,0.0005290742841434437,0.0005310086589668065,0.00042128033,0.0007622651719489066,0.0005777547646496281,0.0005532676599323096,0.0004292192244636476,0.00040722292,0.0007842668415708628,P3 Relief
2009-09-23,0.0007701267752903,0.0011991352866358,0.0014119883042844,0.0009239447017577977,0.00253383723533768,0.0006377355304921047,0.0022103197,0.001222006429272609,0.002092854139540094,0.0035054709703239836,0.0048790920020098895,0.0043201265,0.0013175974357004167,0.0007733936143784617,0.0006589470696457139,0.0005042576342835768,0.0005283369022313723,0.0005366077125667486,0.00042128033,0.0007038253088915921,0.0005827320426721597,0.0005535347719734122,0.00042894379201738157,0.00039431857,0.0007208868295167781,P3 Relief
2009-09-24,0.0002232417376816,0.0014693015446768,0.0015123746921873,0.0012015607882714398,0.0036006653400212606,0.00117735006022122,0.0034411019,0.001940299830811673,0.002506028184819193,0.0040192045570865845,0.005763493333645072,0.006307151,0.001943082432911438,0.0009237360952716678,0.000696791972073643,0.0005563130341754788,0.0005575393974591592,0.0008855850527055823,0.0004483856,0.0007991669229228374,0.000670850231446142,0.0005670421425737049,0.0004299916896273753,0.0004377009,0.0008239080648882667,P3 Relief
2009-09-25,0.0007268141875156,0.0013213151831362,0.0014124274544316,0.0012733996675087613,0.0032367823140099583,0.0009367972773124903,0.0028609089,0.0014776987164960846,0.0022817822061103493,0.00395728651182163,0.005344455818130179,0.0054459623,0.0015440606945485223,0.0008447002555536046,0.000663443912190403,0.0005642108762169439,0.0005313102291030187,0.0006868935323031892,0.00042335287,0.0007558603528937848,0.0006866476080600681,0.0005606007680743868,0.0004285714535269224,0.00043947733,0.0007740559635641488,P3 Relief
2009-09-28,0.0006844647103525,0.0012023062427739,0.0013011980438634,0.0012846248295539354,0.0026795228348658927,0.0007391024840482805,0.0024397485,0.0012221892863474248,0.0022541225906142115,0.003690126405714889,0.0061788397705230935,0.004441918,0.001292892650534141,0.0007798643062173512,0.0006540500057008298,0.0005595198682705777,0.0005304010713744676,0.0005705829632302826,0.0003593138,0.000674073342484273,0.0006849085016323358,0.0005484105943273968,0.00044382310344193696,0.0003830463,0.0006975841603278122,P3 Relief
2009-09-29,0.0010472557573212,0.001081711348998,0.0012372915193384,0.0012154809393321244,0.002660403207609269,0.0007278356261059731,0.0025871685,0.0011592922627168731,0.002388298950824293,0.003739497780793761,0.0056573174712468855,0.004742767,0.0012164707730107237,0.0007143507580484161,0.0006331717201223196,0.0005436521276234695,0.0005249178453979708,0.0005615633690916746,0.00034962958,0.0006249782747315688,0.0006503498043192511,0.0005542975382503705,0.00044054895079616974,0.0003972282,0.0006473611217516583,P3 Relief
2009-09-30,0.0010633184113752,0.0009737007761452,0.0012220658125511,0.001078770719200426,0.0025962919793795325,0.0006965488783779292,0.0024335193,0.0010610894967847829,0.0018319563475406287,0.0036055418008577333,0.005573965121013838,0.004250096,0.0010937556351007756,0.0006553760528305957,0.0006293301277945808,0.0005187108186800027,0.0005253306228348605,0.0005589888485592306,0.00035647475,0.0005787730455154889,0.0005936873537805352,0.0005542975382503705,0.00044479922873422753,0.00041025676,0.0005976522528008353,P3 Relief
2009-10-01,0.0011305401735577,0.0009757079962115,0.0010135053055743,0.0010833604952966516,0.001754989105942277,0.0006457917306326988,0.0016839842,0.0011442184449277902,0.0018048233930735278,0.0025958647630510675,0.005238810954333329,0.0034831578,0.0012243949439071972,0.0006576073691383559,0.0006070906340347284,0.0005226108846673095,0.0005088459879294779,0.0005967008227994657,0.0004187408,0.0006299135304882186,0.0006179186220431972,0.000550991991647424,0.00044924968483633644,0.0004578059,0.0006397163612327344,P3 Relief
2009-10-02,0.0006470956677811,0.0011593620914871,0.0012438503849492,0.0013286594150897192,0.00285251353318745,0.0008179508391075901,0.0032270686,0.0015047462179015188,0.0023407049623359742,0.0033366097220111192,0.005583229707443674,0.0056786635,0.0015281452993944635,0.0007593495673313553,0.0006422312480193408,0.000561359040632042,0.0005564027709674685,0.0007155084774516967,0.00039538278,0.0006722836074693171,0.000703825004243839,0.0005660519794229938,0.00043458523865005786,0.00041462944,0.0006885271511978374,P3 Relief
2009-10-05,0.0006872701059993,0.0010422762730876,0.0011560612607924,0.001367444542406401,0.0023240545641481113,0.0007219574972887776,0.0019775159,0.0011276470134479943,0.002126356097472814,0.003047366477857327,0.004890150301263886,0.0037491927,0.0011837585829099233,0.0006955536141156464,0.0006106877102766121,0.0005639914599078922,0.0005219697085966518,0.0005892677521281905,0.00032147643,0.000626870532267954,0.0007557375942039956,0.0005525036494101601,0.0004343841962584939,0.00040451388,0.0006436429053544139,P3 Relief
2009-10-06,0.0011071766740627,0.0011072226292999,0.0013070200958382,0.0012629860822052721,0.0030134281837022577,0.0007341561219394952,0.002524535,0.001219091838068827,0.0019839417988299717,0.0036892995103726396,0.005984465963597015,0.005015197,0.0013033818652608633,0.0007278775713867004,0.000647398938319993,0.0005406944999795004,0.0005406845851621723,0.0005792394993999638,0.0004437733,0.0006428755123226974,0.0007266565678286428,0.0005532550726260942,0.00043623326243505986,0.00041337233,0.0006604374908583439,P3 Relief
2009-10-07,0.0013001730565964,0.0010022067514357,0.0012648426125653,0.0011564292478265091,0.002791484283753885,0.0007214228442253776,0.0023853497,0.0010577210991110076,0.001997889368746264,0.003649428864220087,0.005713730366454086,0.0049228678,0.0011455988210414838,0.0006703382024854755,0.0006315107780909629,0.0005204760651889993,0.0005296912223378028,0.000573175849131907,0.00042807293,0.0005959697300616682,0.000751797611061516,0.0005536624348408743,0.00043553721833148863,0.0004334754,0.00061235355461636,P3 Relief
2009-10-08,0.0010667795429738,0.0010069163577435,0.0012375268681463,0.0010408067469255386,0.0026298956610920333,0.0006283480192400946,0.002232581,0.0010873049029027433,0.0017153403597766222,0.0035022970934169657,0.005937105967467605,0.0043746037,0.001119990414847786,0.0006707303471154751,0.0006225232961560704,0.0004975036532796207,0.000541796833037142,0.0005036300573522008,0.00045225848,0.0005995147400500467,0.0007512258827579614,0.0005451108751111,0.0004458429418870466,0.00039255017,0.0006156405558415996,P3 Relief
2009-10-09,0.0012946754371494,0.0009228110387161,0.0010970801702391,0.0010027061052971706,0.00181043073620552,0.0005520991145859295,0.0015363634,0.0009264225211387188,0.0015819168227524361,0.0026809071331647606,0.005365158063211598,0.0028623666,0.001025943016699985,0.0006256493396579893,0.0005959890242603766,0.0004935577231668189,0.00047457499401704203,0.0004663647384156157,0.00032597294,0.0005655058611689416,0.0007214031103630101,0.0005153745873291995,0.0004489572713700646,0.0003706117,0.0005786864515384896,P3 Relief
2009-10-12,0.0013238591981047,0.0008461969583892,0.0011176139438015,0.0009529598844762385,0.00195998219584161,0.0005425528310285345,0.0016724514,0.0008386355655691928,0.0015159021703818481,0.002877896834438772,0.005558896369513065,0.0030200053,0.0008925734977777189,0.0005829907465650462,0.00060112566711703,0.00048576136158411207,0.00045917043825388653,0.0004482065558309716,0.00031331778,0.0005146320094885974,0.0006993427251825706,0.0004919811618501996,0.00045456244146212417,0.00033818485,0.0005304427897501741,P3 Relief
2009-10-13,0.0005571100721423,0.0011941635895541,0.001296909491372,0.0011774547719522205,0.0031413892469615286,0.0010013471123899026,0.0029060533,0.0014969405435194794,0.0022869305988482734,0.0038606434503051694,0.005717957938516955,0.005790696,0.0015400879062667308,0.0007745691875429546,0.0006426901626922168,0.0005332398677384807,0.0005575393974591592,0.0007209242222703521,0.00046737492,0.0006701157152655124,0.0007937208990703779,0.0005670421425737049,0.0004321506163716598,0.00043026285,0.0006908616039767373,P3 Relief
2009-10-14,0.0004048722336337,0.0011679358588037,0.0013481062035879,0.0012564433719862952,0.0031247664056247362,0.0008868492411570842,0.0024389236,0.0012279069988142964,0.0020258860027413204,0.003862837090161399,0.007270039107290445,0.0050377054,0.001296937073860802,0.0007588068845833587,0.0006508424931432099,0.0005437007032990289,0.0005417891023486621,0.0005715450238720653,0.00043452185,0.0006560522880376569,0.0008272307896388606,0.0005489525181826043,0.0004386113524801392,0.00041301452,0.0006788242944848207,P3 Relief
2009-10-15,0.0008909470795261,0.001052260581024,0.001229374960799,0.001219137578244956,0.0028629243136083227,0.0008903476958490806,0.0024750496,0.0011268523594790147,0.0020110442565209026,0.003809854408964661,0.005625050215321889,0.0050173383,0.001212433215337156,0.000696563324742589,0.0006182751413121089,0.0005373024296819826,0.0005276795641708967,0.000581053378371316,0.00043480578,0.00062078446562229,0.0008607379620878094,0.0005548917558151034,0.000431400045485788,0.00042573916,0.0006368863317932238,P3 Relief
2009-10-16,0.0007708708029662,0.0010905956446258,0.0013239277072232,0.0013846904125102712,0.003745178980542154,0.0012085143870451277,0.0037741081,0.0014205068206315833,0.002400519874741311,0.004195099092614198,0.007917081464898699,0.006081357,0.001449171486748879,0.000719203706075734,0.0006438574135952975,0.0005639289885922694,0.0005575393974591592,0.0007222250917139707,0.00049482554,0.0006222164703547813,0.0009203249977992975,0.0005670421425737049,0.0004335701802618158,0.00043793433,0.0006414794623339455,P3 Relief
2009-10-19,0.0014905737329918,0.0010086186288984,0.0011517675968744,0.0014446592376335873,0.003207277782636938,0.0010951423853751525,0.003428569,0.0011454052141586357,0.002289596918617131,0.004020298752082506,0.008827228036950241,0.005548422,0.0012091775371867331,0.0006736068785267764,0.0005887556780263084,0.0005652421693820787,0.0005295875625696028,0.0005954742967805179,0.0006363691,0.0005779210059569835,0.0009382947503241368,0.0005402862479815663,0.00043887917669588436,0.0005117042,0.000598372544801409,P3 Relief
2009-10-20,0.0060183919154273,0.0009245199416235,0.0009970508793028,0.001461797774580187,0.002000382552426782,0.0009000378964623201,0.0021865822,0.0009686218276425623,0.00217835833591892,0.0029297865293640675,0.0070871391004175225,0.0034772204,0.0011010048396488288,0.0006283361733558562,0.0005668081990302217,0.0005686876087920396,0.0005501733490078759,0.0005406179373798293,0.0005915236,0.0005693202419470374,0.0009029108769539976,0.0005729980784343204,0.00048407589756547213,0.00057463197,0.0005785844197536358,P3 Relief
2009-10-21,0.0066827559380248,0.0008726169213406,0.0008674858813097,0.0014236985162528319,0.001720544309095642,0.000877656059651165,0.001833936,0.0008797759448453641,0.0023562667639844084,0.0027006408944691323,0.007013267255885172,0.0032864427,0.0010491575712811773,0.0006006227665885277,0.0005307766791801598,0.0005714283983893137,0.0005369892910422727,0.0005718808162588428,0.0005737543,0.0005385032916138061,0.0009045183527865116,0.0005609922371581362,0.0004993636494193291,0.0005754727,0.0005511326810545371,P3 Relief
2009-10-22,0.0067844010532581,0.0010578950800556,0.0010863780503933,0.0018276521903559707,0.0035414525272148456,0.0013478119796985905,0.0047514657,0.0015037983993636433,0.003167802151386957,0.004100387432154194,0.008842379153727573,0.0067056473,0.001505423320479399,0.0007030159024580727,0.0005830922156981268,0.0006177576519948098,0.0005575393974591592,0.0007662942247278388,0.00061354734,0.0006082116509347922,0.00098107577728409,0.0005670421425737049,0.00044643727549529855,0.0005326487,0.0006270410723850324,P3 Relief
2009-10-23,0.0066595004915932,0.0010299597944004,0.0010670120366974,0.0023078770615656365,0.003601598676367284,0.0013366893059341201,0.004914825,0.0014206310300247731,0.003407483999692111,0.004190024457616944,0.009751832140526252,0.007054478,0.0014016782753400187,0.0006888614930060589,0.0005808053363756047,0.0006546721047926897,0.0005574599042597278,0.000692331987963697,0.0006517657,0.0005958996203754822,0.0010202849153167755,0.0005566249952683352,0.00044983423570063265,0.0005355822,0.0006143746016937968,P3 Relief
2009-10-27,0.0063357209762313,0.0013581787370427,0.0012166594804457,0.00300222247176487,0.00405592598800149,0.0019164158178568518,0.0075609223,0.0019070235918906507,0.004582965778695441,0.004377419752588278,0.006038766438294503,0.007828418,0.0018999116259846135,0.0008696134581183085,0.0006065402341648262,0.0006988555141527218,0.0005575393974591592,0.0009661947789680801,0.00069354457,0.0007523429202496509,0.0010862980332465495,0.0005670421425737049,0.0004290501196003563,0.00056228717,0.0007756344535484827,P3 Relief
2009-10-28,0.0033136794671296,0.0036074334472654,0.0025315162745863,0.00459039095285882,0.005321485778869798,0.007318779456693792,0.0071976488,0.004921379243237646,0.005869444411388678,0.004999032084107693,0.003990443542541964,0.006751968,0.004778352780172258,0.0020971150935582845,0.0008797070625284082,0.0007798264202872543,0.0005575393974591592,0.0026749440807529055,0.0004994723,0.001814311495363968,0.001158838332195705,0.0005670421425737049,0.0004273713973620899,0.00043793433,0.0018704801592422705,P3 Relief
2009-10-29,0.0027862635235455,0.00356744378153,0.002663448111975,0.0052260195063979255,0.005260502141325036,0.00511293633614696,0.0062663755,0.004111073384008071,0.005932698123635746,0.004996542803226631,0.004383808812196217,0.005781811,0.004178882745777839,0.0020777961602710163,0.000900077759720778,0.0007771917532364216,0.0005417891023486621,0.0014603340638322591,0.00046826366,0.0017964293059493327,0.0010910596675126386,0.0005547807458264546,0.00042737083748542936,0.00041359276,0.001853650009847864,P3 Relief
2009-10-30,0.0022022051893547,0.0035137064844743,0.0027759098181051,0.006061379589530964,0.005321485778869798,0.006880360512296983,0.005232056,0.00479351384088038,0.006693463529605742,0.004999032084107693,0.00417680790533951,0.00508471,0.0046542034369406364,0.002056892243035875,0.0009224113752295086,0.0008041909659823515,0.0005575393974591592,0.0018769531011504994,0.0004994723,0.001779512842536912,0.0011326847673850185,0.0005670421425737049,0.0004273718568438126,0.00043793433,0.0018346041865398486,P3 Relief
2009-11-02,0.0023949388640401,0.0031413357164259,0.0026497261143989,0.006182713011967776,0.004950432323343073,0.005395853268706848,0.00451911,0.0035794770785634055,0.006093353873648034,0.0049379782919084245,0.004324461565859727,0.0050651426,0.0035917826618028187,0.001859043797099092,0.0008919080977890777,0.0007916676078704793,0.0005253306228348605,0.0013899509847702686,0.000448617,0.0016369186424707615,0.0011652927733785553,0.0005542975382503705,0.0004273713866400449,0.00043308572,0.0016907612228140513,P3 Relief
2009-11-03,0.0023685568051325,0.0030683398087541,0.0027961639298554,0.006559574509819201,0.005321485778869798,0.006011279766304869,0.005371773,0.0041859299878281115,0.006415371983357629,0.004999032084107693,0.004310639362383618,0.00508471,0.004064277351197627,0.0018248916899753734,0.0009302097077865262,0.0008047563656924034,0.0005575393974591592,0.0016164267863053134,0.0004994723,0.0015787984079112629,0.0011988039217473935,0.0005670421425737049,0.00042737297353232157,0.00043793433,0.0016276759007410027,P3 Relief
2009-11-04,0.0008474831174052,0.0034837532015238,0.0027261568574779,0.006194957027092105,0.005123391573929935,0.0024120717788119373,0.006367754,0.003971204382166047,0.006439809471619068,0.004965848022395967,0.005030171146528729,0.0056152865,0.004066600909258325,0.002047343824985149,0.0009541471886329427,0.000757452432275248,0.0005417891023486621,0.0008273465114531444,0.00046826366,0.0017701007042375113,0.0010174253028261216,0.0005547807458264546,0.0004273496787217625,0.00041359276,0.001826482777237724,P3 Relief
2009-11-05,0.0006573634626964,0.0032012931937354,0.0026356146777204,0.0059613896777430606,0.00509253419757565,0.0024091528670616993,0.0059960047,0.0036368594813109174,0.0073243520347686135,0.004958996083350848,0.005312837654162816,0.0056152865,0.0037375221099461985,0.0018960132757905378,0.0009419471677674332,0.0007249042716885431,0.0005417891023486621,0.0008380396715472837,0.00046826366,0.001639262733383264,0.0008891029822221082,0.0005547807458264546,0.00042733851312351675,0.00043021326,0.0016914772943282335,P3 Relief
2009-11-06,0.0008017998012962,0.0028629249447467,0.0024039646349343,0.005557833911126628,0.004063588354322323,0.0018362009893230175,0.0055577448,0.0031684849353963134,0.007662624561614385,0.004702814019581792,0.004743519363183392,0.0054042307,0.0031950232321370166,0.001714825017626233,0.0008984805750079924,0.0006912640145901402,0.0005283904346189842,0.0006862792545054563,0.0005032943,0.0015407601769764406,0.0007638340100492131,0.000559209858825277,0.0004273612369644704,0.0004365603,0.0015867506832720102,P3 Relief
2009-11-09,0.0007048480170391,0.0026476532931915,0.0025456625896139,0.0052151120847350975,0.004340028417922605,0.0018695100287967224,0.005748854,0.0029238887048674243,0.007804121467931161,0.004749055428062094,0.005139076784347943,0.0052985763,0.003001599614234817,0.0015977299863381223,0.0009304272314178065,0.0006588056116732108,0.0005447468802483985,0.000690655927622771,0.00052533543,0.001406755295722918,0.0006675514001100609,0.0005596973487052758,0.000427379018086556,0.00043366477,0.0014518543221312271,P3 Relief
2009-11-10,0.000651540211373,0.0026142677829996,0.0025913140690271,0.005431603652395098,0.004432743699465768,0.0023554219800657086,0.005048305,0.0034104527248190867,0.00784621411945052,0.004757986539750055,0.004719497577374182,0.0043673194,0.003351609504533147,0.0015829128549747248,0.0009423189015547828,0.0006779742583051042,0.0005609331750048914,0.0008345276490214008,0.00058996875,0.0014011040578956328,0.0007298281192833214,0.0005724177475314924,0.0004274020590059391,0.00044144777,0.0014401330644238674,P3 Relief
2009-11-11,0.0006495936521386,0.0023403389464363,0.0021249737099183,0.00517238760849139,0.003951054496845306,0.002136547448931167,0.004000889,0.002528645680298692,0.007598954345141108,0.004627194582061031,0.005089566898073829,0.0041196016,0.0025989418916172735,0.0014344009482988398,0.0008826907737558017,0.0006674100885792374,0.0005279752529413921,0.0007431317442055933,0.00039245296,0.0012782753509977375,0.0007018196695344999,0.0005595523233377442,0.00042738481414466287,0.00040062863,0.0013174295916620312,P3 Relief
2009-11-12,0.0008194690712951,0.0021023696588144,0.0020417032608124,0.004917162137388061,0.002772136672781882,0.0022975955729117713,0.0027074341,0.0022241764813308337,0.0074874191750800125,0.003390075022863056,0.005277728609786047,0.0028460766,0.002356560420056849,0.0013052730440948955,0.0008747129365702877,0.0006542822037115228,0.0005419787817826673,0.000793160649100459,0.00039030192,0.0011832489245691543,0.0007105121417143597,0.000569442247854291,0.00042741142658995687,0.00041214694,0.00120344255950707,P3 Relief
2009-11-13,0.0006779196471303,0.0019470813974616,0.0020793879747811,0.004389299750429685,0.004082728160520601,0.001866111511646228,0.0055717765,0.0021191365822396512,0.007234492656490635,0.0046102814996294515,0.005947631403073359,0.0049895165,0.0021250243202977437,0.0012184626273615223,0.0008771238407464164,0.0006246041721254395,0.0005415007924890728,0.0007410201698591625,0.00039495504,0.0010652881410662127,0.0006866316077681091,0.0005516327160376785,0.00042758207195040665,0.00038743994,0.0011032406241165452,P3 Relief
2009-11-16,0.000773137830675,0.0018062418662608,0.0020163744652953,0.004381274287539111,0.0037074612860585284,0.0023217201556266403,0.0037613828,0.0019668394034526994,0.00707156505289354,0.003945627118738978,0.005559913299900695,0.003963069,0.0021260606396297965,0.001142019700304966,0.0008669158917783062,0.0006287786948558119,0.0005488490713515027,0.0008834682515320011,0.00043929557,0.000979528237586911,0.0007590396019687354,0.0005653816532131709,0.0004274617463822191,0.00041341255,0.001016470989061498,P3 Relief
2009-11-17,0.00052231939243,0.0018358558059804,0.0020654481047506,0.004804405113631221,0.0032124312013572815,0.002747997595079359,0.0031906434,0.0023590525872629075,0.006964684137085009,0.0034752306025202994,0.005305875322977888,0.0031444686,0.0023596034516203076,0.0011587497585832322,0.000885670765047827,0.0006643444625816945,0.0005570079682224846,0.0009758751390651443,0.00044787873,0.00100248813892262,0.0008476516393996502,0.0005670421425737049,0.0004275095277457529,0.00040443518,0.0010335238345355357,P3 Relief
2009-11-18,0.000528217032739,0.0016459799778494,0.0019545794001732,0.004455093322363606,0.0029918994040599835,0.0022164941262697658,0.0037318517,0.0017858118336916214,0.006498698692102331,0.003438937887720605,0.005527177006026788,0.003774899,0.0018068700956143282,0.0010538543547564537,0.000851452579133271,0.0006565433857770684,0.0005248298940017651,0.0008093000287507595,0.00038071486,0.0009279360940509803,0.0008587597680649626,0.000553401728200899,0.0004274200640740787,0.0003917267,0.0009599923969615974,P3 Relief
2009-11-19,0.0011781453349718,0.0015806657760351,0.0021075089900933,0.004661200136207892,0.004816273480640289,0.0028989102607838105,0.005078775,0.002121604437987909,0.006683179976180691,0.004830447685703667,0.00594079130678396,0.004529436,0.0020379995909767133,0.0010180374422000223,0.0008834834979546458,0.0006744214216554895,0.0005575393974591592,0.0009874243075216936,0.00046576685,0.0008807513902160074,0.0008986496354289457,0.0005662171554106966,0.00042750165583540806,0.00044450045,0.0009094715804172899,P3 Relief
2009-11-20,0.0015367138908979,0.0014194252041778,0.0019871945371819,0.0044137088473920815,0.0035732546802510986,0.002634783402035207,0.003966144,0.0015280493815112196,0.006354810413912453,0.0037532829903840015,0.005316942542346974,0.0040561534,0.0015656845838077733,0.0009281138564489154,0.000858472157393347,0.0006621589153196453,0.0005249178453979708,0.0008874712967536213,0.00037409074,0.000809893855081152,0.0008881092151019245,0.0005450726798207567,0.00042745462006340315,0.00039401744,0.0008415122397770715,P3 Relief
2009-11-23,0.0015221719901852,0.0013603009355165,0.0021059101956901,0.0039765327064031075,0.004575463993992008,0.002272768043281681,0.0058644405,0.0015364575107501982,0.006139300300867136,0.004298484508528474,0.005979463087927281,0.004634627,0.0014525157527012435,0.0008919849588180242,0.0008863245079869319,0.0006356194609798032,0.0005417891023486621,0.000814224385564597,0.00040055995,0.0007711959195639772,0.000849790857254392,0.0005547807458264546,0.000427562965615745,0.0004667071,0.0007961844877684619,P3 Relief
2009-11-24,0.0016078287237719,0.0013024693531695,0.0019317402484985,0.0035456211933214826,0.0026914435324880658,0.002053564595383093,0.0036985963,0.0015576082717362518,0.005565904034211638,0.0030221111748048785,0.005572999542307481,0.003043564,0.0015311438965218036,0.0008599253393900126,0.0008600791559063935,0.0006376272799679934,0.000550766634685612,0.0008457650701609976,0.00046050426,0.0007565832400296404,0.0008769527596089708,0.0005657884686429235,0.0004278955367405696,0.0006232585,0.000784665725358728,P3 Relief
2009-11-25,0.0017609513733066,0.0011792118427506,0.0018769821567217,0.0031408242384167026,0.002632429079927001,0.0019151823450608626,0.0032815314,0.0012169506279847645,0.005227021751481031,0.003135583587291539,0.005660670873824773,0.00320622,0.0012746559907957946,0.000791298513003169,0.0008416742108368354,0.0006315975326730085,0.0005390560559261318,0.0007999341100933641,0.00040516682,0.0007139248812771204,0.0008511273417401786,0.0005668087000087678,0.00042778862290069144,0.00047267848,0.0007256330412833985,P3 Relief
2009-11-26,0.0010534195256711,0.0015115143933305,0.0022173237986657,0.0029963131576826387,0.005000642580768156,0.0024883413442029247,0.0061103427,0.002059615051837534,0.004237158941378713,0.004945242696311945,0.005374475882403291,0.0055717905,0.002003268613675434,0.0009725444686481104,0.0008934357428492575,0.0006669036102776295,0.0005575393974591592,0.0010714241868376869,0.0004994723,0.0008413933096189739,0.0009185104124370114,0.0005670421425737049,0.0004280287122406642,0.00043793433,0.000867441724192878,P3 Relief
2009-11-27,0.0012331952600995,0.0015241423682157,0.001634499109064,0.0024094777087668696,0.004100111169372698,0.0012725535028056017,0.0034052148,0.0016324643526122698,0.002763962435876095,0.0043642546694694475,0.007389431676567861,0.0057520936,0.0017320278528095284,0.000975514984112608,0.0007265855102911299,0.0006458363687209145,0.0005417891023486621,0.0006799662510327649,0.00046826366,0.0008434146425720643,0.0009004300705779195,0.0005547807458264546,0.0004289555125290121,0.00042151453,0.0008702794790376428,P3 Relief
2009-11-30,0.0011150267980123,0.001473877788941,0.0015278710150871,0.0027908049955793074,0.005123396453460696,0.0016758827761629708,0.0073613403,0.0019887502075962133,0.0033869923662698176,0.004922899450209128,0.007502256036085446,0.007729036,0.0019754334471512635,0.0009487951835768456,0.0006965704126153497,0.0006669561348388827,0.0005575393974591592,0.0008324089285379159,0.00051143946,0.0008208467020227446,0.0009651348835244598,0.0005670421425737049,0.0004288101532503398,0.00046041544,0.0008462590210315482,P3 Relief
2009-12-01,0.0018713486426009,0.0014206831519705,0.0014780805850358,0.0026303131728980965,0.0038395097148186943,0.0011730308371683026,0.0032126976,0.0015068642362854527,0.002592009420442165,0.004182906005680664,0.007300429677012382,0.005290571,0.0015851996732365473,0.0009168451367780528,0.0006802609348491251,0.0006497841224305633,0.0005417891023486621,0.0006514400067586897,0.00046826366,0.0007926896315519163,0.0009687702430829696,0.0005499768284495326,0.00042937994430194504,0.00042037843,0.0008198546843199211,P3 Relief
2009-12-02,0.0017466684976897,0.0013463907406734,0.0015239250947639,0.0026181230645521024,0.003746398542528537,0.001131071740453011,0.003175464,0.0014067461626019679,0.002282961899600225,0.004216632193345438,0.0073755663546550086,0.0055452455,0.0015324565091124904,0.0008738786574292206,0.0006891879831503962,0.0006358673225527014,0.0005417891023486621,0.0006353468042513098,0.00047321306,0.0007555415011666714,0.0009269980914025821,0.0005547807458264546,0.0004293283668271802,0.00043482432,0.0007796073613584051,P3 Relief
2009-12-03,0.0016795373878646,0.0012597944838307,0.0013450510001199,0.0023450888922793246,0.002695233789659058,0.0007249040403865999,0.0024537838,0.0012718668912098678,0.0021752026591273636,0.0037540856151029077,0.006452468344812727,0.0046739625,0.0013880856069598312,0.0008245322850651707,0.0006578957953782952,0.0006109756730553127,0.0005282470287999864,0.0005019143555080716,0.00046320737,0.0007316500084508603,0.000874459393035748,0.0005550825449358011,0.0004454726180065177,0.00045436845,0.0007523697578338164,P3 Relief
2009-12-04,0.0014416525378018,0.0013871830234519,0.0012193472835763,0.002152745025532413,0.0027011186820944705,0.0007058141891464275,0.0030486414,0.001514077673599467,0.0021377729793059055,0.0037358670342693733,0.0067923645060772395,0.004931164,0.0016014085003210005,0.0008896739843257621,0.0006141876531246339,0.0005852068160728419,0.0005286836018207691,0.0004684021804154586,0.00071584946,0.000790211610369345,0.0008650860746884385,0.0005550825449358011,0.00046271034317210436,0.00056053745,0.0008123796648881477,P3 Relief
2009-12-07,0.0013794426312017,0.0012860161441891,0.0011524262094231,0.0021395312887812776,0.002476361787450611,0.0007181913076207438,0.002908883,0.0013770581849071018,0.002313830666025923,0.003610755257581142,0.006767741571273194,0.0047097877,0.0014864414512937465,0.0008355005755855336,0.0005951182330752357,0.0005882597501196616,0.0004765796967658203,0.00047721866478430845,0.0006701109,0.0007459012719566398,0.0008909061659784533,0.0005170372845351119,0.00048656480462058347,0.0005827761,0.0007637321879697689,P3 Relief
2009-12-08,0.0004077687069226,0.0016852563943322,0.0014716497065803,0.0027062643967396475,0.004927493581263834,0.001396858196513266,0.006231298,0.0022422071811727252,0.003083510004531745,0.004860818434415331,0.00732210972915632,0.0070229317,0.002239107390578345,0.0010550548359351418,0.0006733707464619207,0.0006444781451916024,0.0005575393974591592,0.0007885802743575263,0.0005381777,0.0009127768537627342,0.000980612069851596,0.0005670421425737049,0.00044240314071662294,0.00043793433,0.000941035207648437,P3 Relief
2009-12-09,0.0003732205004648,0.0015378587608219,0.0013848034522812,0.003070785055836502,0.004612955853274196,0.0013845372818799106,0.005249844,0.0016930849704261668,0.0031676939064835645,0.00481067766090971,0.010658299547888758,0.006341181,0.0018461247561678796,0.0009760754950789892,0.00064858634599029,0.0006723765626376866,0.0005507227059166241,0.0006716162986538423,0.00046498305,0.0008532115718730425,0.0010333084601746247,0.0005680265825490198,0.0004360624564026563,0.000431496,0.0008764395560900666,P3 Relief
2009-12-10,0.0003522819542936,0.0013999173293273,0.0013082586057291,0.002896094197978394,0.0034640053895786606,0.0011574977248783936,0.00290169,0.0013963710940329325,0.0026514362520851905,0.004130331861674401,0.00898801435374966,0.0053224075,0.0015595347983690599,0.0009000545303675443,0.0006278148783239239,0.0006642490777765932,0.000530164380941934,0.0006156772335269696,0.00046187738,0.0007777477845640015,0.0010510290473391634,0.0005531357947058521,0.0004339024374635843,0.00042800666,0.000804248451792334,P3 Relief
2009-12-11,0.0001354082188568,0.001396651954112,0.0013540798935256,0.0028586626344667605,0.00375124207785332,0.0011856663994399743,0.0031123806,0.0014936447074083148,0.002321678722177709,0.004204576673898287,0.009573928535293246,0.0053158966,0.001612435155603983,0.00089552502186939,0.0006488085725772919,0.0006467825321602572,0.0005417891023486621,0.0006359924986017004,0.00046826366,0.0007742566014210234,0.0010644126601841318,0.0005547807458264546,0.000436043926751831,0.00041359276,0.0007989185837126021,P3 Relief
2009-12-14,0.0002288583994897,0.0012537159676196,0.0012752559655334,0.0025692263671705973,0.0033975191108623734,0.0010385093830422658,0.0030595446,0.00131754300717559,0.0020881308709775797,0.004115951437033678,0.006172435126216942,0.0050452705,0.0013869108153197907,0.0008175733320460494,0.0006223960168216203,0.0006182229244793625,0.0005230359948008326,0.0005897817093521171,0.0004789354,0.0007201589530818231,0.0010470630829475006,0.0005540272504627557,0.0004326159663292814,0.00044166128,0.000743573336730056,P3 Relief
2009-12-15,0.0008779135718901,0.0011320186791955,0.0010505357886631,0.002307843760508294,0.0018988878456215996,0.000827884031050589,0.0018546726,0.0011330062587263047,0.0022015900238648222,0.0028281895178284755,0.005899129428814877,0.003255436,0.001255993507070996,0.0007511841072397411,0.0005957885952489021,0.0005947885271481816,0.00045969393485167226,0.0005123749809993208,0.0003972749,0.0007054886326778273,0.001057336110341688,0.0005108540312300382,0.0004582067422391296,0.000368169,0.0007195950486929783,P3 Relief
2009-12-16,0.0008751394048237,0.0010230707385966,0.0010210593460196,0.0019030307316147796,0.0016953813724319426,0.0007505353862035493,0.0016305834,0.0010230969920216877,0.002226385520941949,0.0026882017146104688,0.005541854957336055,0.0029548889,0.0011265860669099218,0.0006913842750709475,0.0005884390578155598,0.000568243256431119,0.00044843643367897194,0.0004921154463677998,0.0003431563,0.000647776257384553,0.0010544039993075557,0.0004962639558790372,0.00046411175403684296,0.00036424567,0.0006626214173081421,P3 Relief
2009-12-17,0.0010081630073086,0.0009435271437183,0.0009770360250777,0.0015976953269677915,0.0016394421665347247,0.0007347705963310485,0.0017648197,0.000925996872450673,0.002552455418224292,0.0026767615259753815,0.005915054796958435,0.003121178,0.0010838204693406918,0.0006477129482967912,0.0005759127522574554,0.0005528432686514163,0.00046084075690817027,0.0005170201975755872,0.0005013125,0.0005936173957028383,0.0010665730146769137,0.0005079289211458989,0.0004835260209262395,0.00046694351,0.000609100557916493,P3 Relief
2009-12-18,0.0014456399467326,0.0008873833255458,0.0008613869575352,0.0014866803080111428,0.001607993594085567,0.0007524490452340344,0.0017844643,0.0010381229089595051,0.0026567439227749975,0.002672019195377144,0.00528009631565275,0.003700809,0.0010986997388148238,0.0006147006622685726,0.0005654020181919259,0.0005358032910136809,0.00043451360909705207,0.0005296580879368871,0.00048701421,0.0005982670939678975,0.0010907313389008637,0.0004963683151900449,0.0004498451716546023,0.00043918486,0.0006155889850044263,P3 Relief
2009-12-21,0.0015897101645002,0.0008386952222234,0.0009230333215845,0.0012262965560432574,0.0016104007848302794,0.0006696803443318031,0.0017260411,0.0008371571754412395,0.0024799358659985914,0.0026334371183026934,0.005637620730332244,0.003271467,0.0009232292566157639,0.000585817748860506,0.0005715591534550768,0.0005096883018703561,0.00043062416093830533,0.000504118996604545,0.00048625542,0.0005261159924057593,0.0010733294306169427,0.000487724035022021,0.0004769509116712725,0.00044101058,0.000548894875714613,P3 Relief
2009-12-22,0.0010880572659434,0.0010648668991179,0.0012705957668321,0.001077913560191751,0.0027995301140791794,0.0006370372309975016,0.0025928556,0.0011453599567705659,0.0026845853905190994,0.0037332636211976854,0.005120176081378061,0.0045746122,0.0012094551535189082,0.0007041161617686714,0.0006434934899524585,0.00048233376452238175,0.00047790007017209943,0.000473755034494455,0.0003573209,0.0006202632890634611,0.000925525408041213,0.0005096405458942264,0.0004342216840749807,0.00035290737,0.0006430533858883997,P3 Relief
2009-12-23,0.0027228622869839,0.0009610439929251,0.001173563036175,0.0009518001912627196,0.0025736537770292946,0.0006198274688505315,0.002653088,0.0010688651566874176,0.0028357636859770957,0.003694189369876275,0.00472563134255312,0.0046271193,0.0010972603924827011,0.0006479143624086894,0.0006083286639612638,0.0004623409990887104,0.0004658224114928815,0.00046620780722310016,0.00037054997,0.0005933472163550793,0.0007847390293508761,0.000510917197546179,0.0004325844442773384,0.00039040795,0.0006069098516380907,P3 Relief
2009-12-24,0.0026297656114658,0.0009632764706026,0.0012536881885231,0.0009107833688978689,0.002815756073997943,0.0007191290214007797,0.002962409,0.0012079874764678222,0.0032738519851073706,0.003746760188599551,0.005544248236521998,0.005423978,0.0012383920873559576,0.0006502839389661226,0.0006317091090070024,0.0004731890383937532,0.0005404240435757051,0.0005438712091129007,0.00054717227,0.0005767045532892396,0.000797386170081163,0.0005645600178433428,0.00043508999173843204,0.00047795477,0.0005938256024568633,P3 Relief
2009-12-29,0.0021291595692986,0.0011144743915371,0.0014349091826297,0.0008507030742721204,0.002925911527491393,0.0006709428184198165,0.0026474656,0.0012033303975690819,0.003113558093536544,0.003770786048270307,0.005697612772038259,0.0047600833,0.0012404353902192764,0.0007289290113567274,0.0006729340345975983,0.00046365050345574576,0.0005285219995229048,0.0004928340362414381,0.0004738159,0.0006439044585226485,0.0007687367793858304,0.000548993269653233,0.00043631346993999,0.0004056411,0.0006643429660765369,P3 Relief
2009-12-30,0.0019227694154253,0.0011398780426575,0.0013367357473694,0.00085993118714884,0.002919962266749266,0.0007483516364679187,0.0028370847,0.0014475840036210993,0.003289762582603554,0.0036754515543404626,0.005871444092903401,0.0051143034,0.001481957630834138,0.0007448336978111845,0.000639589257441866,0.0004813643793987234,0.0005575393974591592,0.0006023867612404046,0.0004895333,0.0006443901644808442,0.000813432309785167,0.0005670421425737049,0.00043389777936752395,0.0004377009,0.0006643396244537844,P3 Relief
2009-12-31,0.0017809935053298,0.0011157854120568,0.0012171025566563,0.0010543536845336403,0.003032221725973047,0.0009245252004830734,0.003218624,0.001439125633818964,0.0034581117362458163,0.0038334801573019156,0.007433926336783899,0.005826,0.001448438467936861,0.0007333858824867432,0.0006172433599210438,0.0005241599318363051,0.0005575393974591592,0.0006620857318212057,0.00047631495,0.0006344861286919947,0.0008696707239649716,0.0005670421425737049,0.0004394085223623326,0.00047483217,0.0006541289729274036,P3 Relief
2010-01-04,0.0001816053371738,0.0017297915808868,0.0017220158569431,0.0011620103453690697,0.0017631007958124197,0.0015776192671901805,0.0014180741,0.0018097736271439552,0.002323233528995063,0.0017898796244214614,0.001793265493622389,0.0016830359,0.0018844948819833297,0.0010979330666962565,0.0007276975428002186,0.0005051924284645533,0.0005417891023486621,0.0006025160707258885,0.00043069446,0.0009502252650119685,0.0007628369628714377,0.0005547807458264546,0.0004285825509006352,0.00041337233,0.0009805574564981177,P3 Relief
2010-01-05,0.0003299562913838,0.0016246409958869,0.0016508115684424,0.001252260558264369,0.001549267555627997,0.00153234794200395,0.0013646671,0.00159020392873842,0.0022534288329195988,0.0017554674255751681,0.0019493859715487456,0.0016544171,0.001787670408757051,0.0010251041570354474,0.0007039153935528448,0.0005205137589018129,0.0005453023988074137,0.0006201120898653853,0.00039370314,0.0008807614244162867,0.0006924995995389513,0.0005637964779823844,0.0004312835422106056,0.0004178842,0.0009128186869550176,P3 Relief
2010-01-06,0.0004232854046251,0.0014984625570422,0.0015697517511735,0.0012893984667012338,0.0015208949394764242,0.0014799447514211713,0.0013986944,0.0015115312942202374,0.002064960229862687,0.0017377327568438058,0.0017572596651750077,0.0016335872,0.0016212140352340667,0.0009384259322971028,0.0006874160399201264,0.0005230313008570916,0.0005308699757821013,0.0005811579642708711,0.00043691945,0.0008162335673275439,0.0006056670912069873,0.0005551991962604851,0.0004285389043999791,0.0004277786,0.0008416534062421998,P3 Relief
2010-01-07,0.0004462034476289,0.0013938661921269,0.0015329564076944,0.0013310141222713523,0.0014391839884380507,0.001394698730506712,0.0013417314,0.001331639899803176,0.001919266570781996,0.001616781480141359,0.002020370000091124,0.0016194336,0.001488300213284869,0.000869096834053104,0.0006810870083539238,0.0005344671260249215,0.0005491254786482414,0.0005655655196758772,0.0004519295,0.0007630234710983276,0.0005646463191200688,0.0005685112079548462,0.00043228632391031474,0.0004291274,0.0007839136081966348,P3 Relief
2010-01-08,0.0004520584458088,0.0012818952647791,0.0014034136301955,0.001288724397838131,0.0013354977339778635,0.0011991277716103788,0.0012616186,0.001234582245274497,0.001699932452078531,0.0015830494933963186,0.001919006904422813,0.0014520525,0.0013393055689501269,0.0007951283855351061,0.0006467749173922807,0.0005304208690706522,0.0005094377258224876,0.0004748008125059539,0.0004440015,0.0007071202428602655,0.0005400560388182118,0.0005476160654826397,0.0004338573077731879,0.00043235446,0.0007314284517396519,P3 Relief
2010-01-11,0.0004251897617073,0.0011883040246559,0.0010454967350066,0.0012115077574186843,0.0009134471038189698,0.00107575046953882,0.0011044026,0.0013397234566102471,0.0015675983812176158,0.0012251530408923833,0.0016201074761553532,0.0013787408,0.0013522166536470517,0.0007342383038981197,0.0006004188674047553,0.0005155401958212986,0.0004807429069723068,0.0005492857317414642,0.00036935604,0.0007340005862192973,0.0005453271247683835,0.0005383158542814667,0.000439325831634469,0.0003800136,0.0007471231254005902,P3 Relief
2010-01-12,0.0002089792981863,0.0011973598017731,0.0010183250457205,0.0011633951254518804,0.0008161863248450454,0.0010637309383703633,0.0011241928,0.00140396034656643,0.001711631150199405,0.0011537360705765687,0.0017391682215711142,0.0015711619,0.0014615821634428032,0.0007442746349152251,0.0005803598616373539,0.0005278628110448738,0.0005289344122729417,0.000593716009059381,0.00057993486,0.0007031029992260289,0.0006241644854167934,0.0005562094865888008,0.0004335558078912594,0.00048704518,0.0007171579418888657,P3 Relief
2010-01-13,0.0001078724577983,0.0011423731559498,0.0010623229042668,0.0011931911675760244,0.0007671430364111322,0.0010380376516078058,0.00090249756,0.0010258663893710088,0.0017714582406569083,0.0010551534381761673,0.0016403959275735852,0.0013221228,0.0011788281463510325,0.0007086374972265218,0.0005876874195753359,0.000528245868955636,0.0005272731364409849,0.0005171072579209582,0.0005225313,0.0006787635531300337,0.000665821859266955,0.0005473821980217345,0.00044297469867733995,0.00043457022,0.0006924386828434054,P3 Relief
2010-01-14,0.0002463786770159,0.0010670586362332,0.0010646223668244,0.0012126766857788892,0.0007286902890082438,0.0009911330141484985,0.00083681906,0.0009430307620871652,0.0017476514037958967,0.0010505013929228847,0.001556457557692797,0.0012159073,0.0010821996531364783,0.0006606808207077966,0.000585663260687307,0.0005237760424844442,0.0005079705251705301,0.0004912908338502335,0.000527385,0.0006372022652204115,0.0006707511511820829,0.0005491121958996419,0.0004426932325626062,0.00044865155,0.0006474574016074215,P3 Relief
2010-01-15,0.0002361525864595,0.0009918212703237,0.0010080193346773,0.0012070903693070002,0.0007789181798053713,0.0010055970575403752,0.00094047334,0.0009750782486199749,0.0016424709744985097,0.0010632816129774625,0.0016753101266402891,0.0013474453,0.0010813875581739726,0.0006148808855603755,0.0005648822400971843,0.0005263826956094725,0.0005327275310027992,0.0005147323669928416,0.0005554514,0.0006023977634455221,0.0006724195346047242,0.0005563661654255191,0.0004455620664838634,0.00043660236,0.0006012286198494325,P3 Relief
2010-01-18,0.0002732303642696,0.000914193520298,0.0009986921988935,0.0012291693436211604,0.0007565326830164486,0.000995705022732408,0.0009265314,0.0009100308233305515,0.001465028094962256,0.0010550809867632643,0.0016431573265105227,0.0013099136,0.0010021121467372455,0.0005671267659147188,0.0005623886724500979,0.0005226401210878717,0.0005058680625273786,0.0004994982956903854,0.0005123255,0.0005373446620029445,0.0006619165143899765,0.0005434861466957142,0.00044487629369461347,0.0004118252,0.0005554713227637141,P3 Relief
2010-01-19,0.0002687531798642,0.0008451290361257,0.0009050438805261,0.0011731292655271614,0.0007023807747692775,0.0008752283083343542,0.0008653056,0.0008576234866878261,0.0012342464972896362,0.0008029199025095886,0.0011191484414730505,0.0010752478,0.0007868657371184177,0.0005262093915495031,0.0005451519202726901,0.0005128568181257715,0.0004368721624027806,0.00047908364607121204,0.00053500384,0.0005260199416385845,0.0006334771433853176,0.00046872347669595164,0.0004614398527154199,0.000570252,0.0005352566983592876,P3 Relief
2010-01-20,0.000729622484356,0.0007907882406761,0.0008403867356629,0.0011380138775199105,0.0007123573082777732,0.0009020825983383078,0.001028194,0.001007965126050358,0.0010683742990542505,0.0008273624759014776,0.0011645373596595125,0.00118959,0.0009036452471920005,0.0004955911810417931,0.0005390409003822386,0.0005108637992966075,0.0004551879112948773,0.0005327539161492005,0.00052029366,0.0005303692312341763,0.0006113497551440924,0.0004906530104783028,0.00046197567284675823,0.00063079555,0.0005372849266091379,P3 Relief
2010-01-21,0.0005370327216633,0.0008217392463872,0.0009758103197303,0.001147714919334949,0.000841104981254475,0.0011080704265905214,0.0011531666,0.0009635144412460165,0.0011077301814223803,0.0010504796805001512,0.0015034648747887477,0.0014809379,0.00098302421358059,0.0005221923603120774,0.0005726708214635778,0.0005325296511343754,0.000528333674554184,0.0006237943478916924,0.0006182197,0.00047281774594340757,0.0006680327722743236,0.0005542374950340964,0.0004465857046658763,0.00058636867,0.0004891517326464773,P3 Relief
2010-01-22,0.0006203506260185,0.0007619786997007,0.000936699396577,0.001104983336172706,0.0007877292995720093,0.0010538320902770066,0.00096069364,0.0007570725925334408,0.00109482316125824,0.0010265091232333067,0.0014291791242783097,0.0012988542,0.0008153100429682403,0.00048688300485085243,0.0005541431370834181,0.0005374516224227093,0.0005151319616395511,0.000557074587932388,0.0005810221,0.00045783469027964644,0.0007033263287619104,0.0005563129482500593,0.0004555504446306092,0.00059693604,0.000466365801836467,P3 Relief
2010-01-25,0.0005756869883728,0.0007281645801539,0.0009588677589482,0.001092994735793858,0.0008285195934295067,0.0011571450492387954,0.000987567,0.0006954395253333407,0.0011572413152796987,0.0010729290759446924,0.0015266121439884294,0.0013220778,0.0007813161241477318,0.0004694093097815082,0.0005619299337388745,0.0005485728587777684,0.0005228338952132312,0.0006078784377965098,0.000574916,0.00042518069925391957,0.0007526846053632251,0.0005540061385348327,0.0004525934863874282,0.00057538925,0.0004376250827605248,P3 Relief
2010-01-26,0.0007031128967793,0.0006712680825692,0.0008080652222168,0.0009109918151957167,0.0008117899188775028,0.0010021678146263369,0.0009865978,0.0006774534404728732,0.0010718099282068364,0.0010933810240744094,0.0012498474953144079,0.0013879625,0.0007337689521746824,0.00043583869861659694,0.0004968866184347225,0.0005162835092365099,0.0004884371579238357,0.0005290442655674457,0.00051541335,0.00039824901904614735,0.0007624979383121517,0.0005385950573441347,0.0004349300815081435,0.00051426183,0.00041139172223161695,P3 Relief
2010-01-27,0.0002324389620729,0.0008403709327892,0.0010728285415073,0.0009748214770475787,0.0012991281027973887,0.0014636661867364533,0.0016396579,0.0010872534577013454,0.001313533704984817,0.0013554975461959197,0.00209612827376627,0.0020418253,0.001104782162033897,0.0005535400651791973,0.000580649014621055,0.0005413224880170093,0.0005575393974591592,0.0007344349615005718,0.0005980695,0.0004788931740008125,0.0008536356268640681,0.0005670421425737049,0.0004347912300546691,0.0005326487,0.0004937190678965402,P3 Relief
2010-01-28,0.0008439138527955,0.000775217877543,0.0009618937576934,0.000825571790323047,0.0009031520684688579,0.001161171058660928,0.001036446,0.000811436209368719,0.0012464186232223307,0.0011528660344208553,0.0015325685319604646,0.0014225373,0.0008783863658748281,0.000512302931982116,0.0005408449636304505,0.0005219898640093168,0.0005199450287319722,0.0005494629772352485,0.00055930996,0.00045880899416323606,0.0008542903895089992,0.0005418878068393935,0.0004429383463136264,0.00048158216,0.0004727914697848052,P3 Relief
2010-01-29,0.0011927465382671,0.0007444310911185,0.0009247445766002,0.00075356620635721,0.0009245328042365014,0.0011237174475690129,0.0010251509,0.0007289837945677109,0.0012328125586858803,0.001166307373589186,0.0015226719088590637,0.0014131553,0.0008200085157596787,0.000492963692456326,0.0005331887466032321,0.0004998427311025106,0.0005292205157286031,0.000513837257277412,0.0005268089,0.0004223074342333309,0.0008107125674613882,0.0005526930687479287,0.00044453060206049223,0.00050351734,0.00043928739569534423,P3 Relief
2010-02-01,0.001228997427223,0.0006860968443991,0.0008517249865329,0.0006388317533795762,0.0008538809527799511,0.0009635823531300018,0.000990209,0.0007158613007069465,0.0012006691268104535,0.0011247090622865507,0.0014131830061101986,0.001416091,0.0007615319101463663,0.00045673781581771707,0.0005042805527323712,0.0004652890049005848,0.0005231008431391764,0.00046948535003424113,0.0005701782,0.0004097728018105129,0.000819443485927839,0.0005572185004656339,0.00044202980844339164,0.00052030396,0.0004224681901282007,P3 Relief
2010-02-02,0.0011702678214376,0.0006771751600102,0.0008899414074333,0.0005789273630277635,0.0008790375040917564,0.000956374492399526,0.0009816616,0.0006713848457717091,0.0011713689237676877,0.0011043989906995648,0.0014551847058232924,0.0014467369,0.0007343052511818988,0.0004522658931081361,0.0005193343548080535,0.00043398485506110016,0.0005399914945304332,0.0004615968031861466,0.00055289664,0.0004112821013581708,0.0007850129991505998,0.0005566919573585362,0.0004496110325530445,0.00047730253,0.0004223469734629567,P3 Relief
2010-02-03,0.0013303279835453,0.00062658860492,0.0004536280169502,0.0005492469567315389,0.0005615179822006777,0.0005729038853523688,0.00061933533,0.000580814607561301,0.0010743876056888623,0.0008482429080092814,0.0009778229962171443,0.00089515623,0.0006425857368696003,0.0004213648039033622,0.0003640832451977804,0.0004154207963867048,0.0003949900669727627,0.00033231697073874837,0.0003837191,0.0004611686448758741,0.0007549283640302477,0.0004503165216135435,0.0004724828096474282,0.00034195403,0.00046740853349121485,P3 Relief
2010-02-04,0.0007983575135296,0.0008570027184415,0.0006816015011625,0.0006042423087133546,0.0010705733229731695,0.0009056290060166516,0.0012538168,0.0010474758987528098,0.001283155411424409,0.0012307353161031354,0.0017297321855203865,0.0019024736,0.0010833294078776998,0.0005786298760265494,0.0004435769053146009,0.0004470863856243379,0.0005545266571951443,0.000506559058100206,0.00059698115,0.000527607049822284,0.0008337674620150255,0.0005675948794160021,0.0004376032278802208,0.00056355516,0.0005577103228601322,P3 Relief
2010-02-05,0.0003636185684019,0.000991438060904,0.0008092334587337,0.0007474136846709491,0.0012467378196012256,0.001223537409449247,0.0015362956,0.0013188070101184126,0.0016626707097667916,0.0013612570356819687,0.0020158455349016968,0.0020568515,0.0013365157116948202,0.0006691413437447437,0.0004828090516937565,0.0005066753299521903,0.0005575393974591592,0.000609734773848502,0.00064904545,0.0005946001592768368,0.0009271305607117935,0.0005675763632183563,0.0004411869553158092,0.000572007,0.0006199533532659413,P3 Relief
2010-02-08,0.0005108661762227,0.0009234031282863,0.0008017761445781,0.0008142280116391145,0.0011414464760218326,0.001154969941429826,0.0012823488,0.0009969823430768523,0.001836311886261628,0.0013222572064847074,0.0014937936504024305,0.0017546938,0.001069463294011687,0.0006216872843681791,0.00047590966137133053,0.0005262659575654397,0.0005301351049207308,0.0005084382518054251,0.0006288575,0.0005515574286274266,0.0009257050672806502,0.0005545193698207846,0.00043699827216428055,0.0005654518,0.0005763146571166531,P3 Relief
2010-02-09,0.0005892273956092,0.0008857266461395,0.0008126032887127,0.0009226655335464419,0.0011503617220627483,0.0012886423610809575,0.0012477933,0.0009303356995253365,0.0021145585251559165,0.0013474386018615917,0.001779074815533123,0.001777068,0.0010532446200373225,0.0005969866895543817,0.00048146644867538087,0.0005556727820432021,0.000546204790431565,0.0005923206407152452,0.00054104405,0.0005275050413719966,0.0009689760659692878,0.0005643276408277999,0.00043566172404725504,0.00054298696,0.0005515148243362268,P3 Relief
2010-02-10,0.0007710247466799,0.0008764675041257,0.0008619113303201,0.0009801741955907139,0.0011904449945490355,0.0013160383104441756,0.0013211528,0.0009499836996233588,0.002143941858217103,0.0014527389946619122,0.001747268506607653,0.0018234907,0.0010276415712613686,0.0005888104856784517,0.0004971263160747644,0.0005569455216170874,0.0005417891023486621,0.0005581804683984795,0.00064206554,0.0005199264533280944,0.000881475254870896,0.0005552271162892991,0.0004268163239964846,0.0005646968,0.000538749742078986,P3 Relief
2010-02-11,0.0007231857249136,0.0008483403928222,0.0007722604817551,0.0010379015115917736,0.001083011563879176,0.0011068180915338346,0.0011788134,0.0009140589141493226,0.00211788697707196,0.0012543112767083719,0.0016825528861681971,0.0017291873,0.0010088743419026471,0.0005712185345506047,0.00047499287390981147,0.000567873613457156,0.0005453021364513916,0.0005345197402965671,0.00047120862,0.0005022434702151291,0.0008598619662628053,0.0005641613492720415,0.00045140674810807143,0.0005302569,0.0005283621421242888,P3 Relief
2010-02-12,0.0007194595786154,0.0007813212025449,0.0006612632706625,0.001045142997451188,0.0006603004589533311,0.0008701986752116474,0.0007365872,0.0007895493628759781,0.0020892025051842443,0.000973454525905032,0.0012960655110499759,0.0013020477,0.0008471109628363434,0.0005270105519817037,0.00044386601697700315,0.0005638182047386115,0.0004927053093284018,0.00043196143109790604,0.0005218735,0.0004979432358802044,0.0008586210839247651,0.0005451713605493466,0.00045540996675592715,0.0005222228,0.0005203764243222051,P3 Relief
2010-02-15,0.0005377667779698,0.0008099225732305,0.0007352312828482,0.0011512068465366538,0.0008260072763493858,0.0010872193859701345,0.0010446655,0.0009648363732867422,0.0023232901850115963,0.0010932094203667181,0.0017285304627784326,0.0016574286,0.0010248938337360282,0.000548254631178127,0.0004713567779806604,0.0005876354600521872,0.0005523552760932775,0.0005458358274730388,0.0006230438,0.000496223588921712,0.0009185842783253316,0.0005660141658945771,0.00044652226663355603,0.0005328753,0.0005150305602713046,P3 Relief
2010-02-16,0.000454535413994,0.000797941936669,0.0007749297483995,0.0012027787571896639,0.0007885129840132316,0.0010146992321303221,0.00086360273,0.0007395660214893727,0.0023558234657311003,0.0011061281224820211,0.0015005682115632993,0.0014263266,0.000862847420329782,0.0005391784449635005,0.00048282068205116616,0.0005835613886403639,0.000540471613367398,0.00045701493757293785,0.000546914,0.00047790084101705923,0.0008616785022236958,0.0005576489591280136,0.0004413251476749697,0.00051318936,0.0004981638049946595,P3 Relief
2010-02-17,0.0002263190747825,0.000867985894943,0.0008793347739296,0.0012540873021088482,0.001202841252684603,0.0010819549078428573,0.0013344253,0.000892803435038351,0.0023440467171221323,0.001288091827178746,0.0014924725879280041,0.0017060983,0.0009717113820992336,0.0005834109207579882,0.0005154743783246763,0.0005675393095813155,0.0005429036223374062,0.0004663685659821561,0.00055984093,0.0005104639881522099,0.0008366404323946162,0.0005528501906675938,0.00046096902100979,0.00047895403,0.0005284857744027859,P3 Relief
2010-02-18,0.0004286192302102,0.0008081995541718,0.0008647158452404,0.0012928763332598929,0.0009486949501467649,0.0009891582120784047,0.0009986166,0.0007955397328968563,0.002215834002813695,0.0011473754925173624,0.0014179215638514648,0.0013526332,0.0008724731617851929,0.0005433561745329532,0.0005078899730245478,0.00055468312696645,0.0005155285894519442,0.00043383658130577565,0.00054768386,0.0004831993741668543,0.0008175006146280882,0.000548798272951517,0.0004699685711199673,0.0004999746,0.0004995533681249989,P3 Relief
2010-02-19,0.000428152318529,0.0007453491308333,0.0008375180429075,0.001186448768154891,0.0009494044984186957,0.0009533115107611492,0.0010198082,0.0007782706696958192,0.001853093985091716,0.0011437195385525965,0.0013238812691985778,0.00138444,0.0008278414866688044,0.0005028368784610979,0.0004919120574180133,0.0005287829745873926,0.00050747831777689,0.00043342883833099606,0.000515064,0.000451675016744418,0.0007706918876051027,0.0005449625544441373,0.0004572900640904706,0.00048140902,0.00046844591282845286,P3 Relief
2010-02-22,0.0004958202804523,0.0006873160293554,0.000781346414788,0.001016956180633933,0.0007171906238409183,0.0008056239198009559,0.00067638955,0.0006860470475930667,0.0016260307010384895,0.0010272078368984588,0.001195790367172323,0.00083664106,0.0007258031436045203,0.00046578406238832564,0.0004816357176936962,0.0004967128003047739,0.00043265577051191707,0.0003833660287321043,0.00039345952,0.0004171961836241293,0.0007684493472566039,0.00048786989645025316,0.0004589549540825,0.00037428475,0.00043411811439265013,P3 Relief
2010-02-23,0.0005719229743592,0.0006675959246198,0.0007879737519366,0.0009937506858659138,0.0007210448221509892,0.000895551543488495,0.0007724368,0.0006045846558547804,0.0017078143840667883,0.0010356314678845592,0.0013348575393701892,0.0011936917,0.0006974847227883063,0.0004556699202661321,0.0004914016660349684,0.000496803537293067,0.0004708848065112266,0.0004483724226102974,0.00052243116,0.0004137671700621468,0.0008251531751537049,0.0005155867964864398,0.00046326670353664956,0.00047741496,0.00042339261137522104,P3 Relief
2010-02-24,0.0004537553021145,0.0006777168513024,0.0007359650322326,0.0010035851857794812,0.0008249429365272933,0.00097878550771193,0.0011699471,0.0007342957377874359,0.0018807320983447214,0.0011123759333292302,0.0015100072337605036,0.0016494946,0.0008057318687167854,0.0004654596184709468,0.0004869231368154591,0.0005140087804314727,0.0005269217751816889,0.0005342177539053997,0.00066623435,0.00042832267445360643,0.0008868290020925665,0.0005577672573610829,0.0004569397915212868,0.0005591803,0.0004399504490435903,P3 Relief
2010-02-25,0.0002926270939608,0.0007369673965004,0.0008481141714797,0.0012459135957600077,0.0009329985578479902,0.0012296055173668693,0.0012833667,0.0009209069756207852,0.0022312255546706613,0.0011885144165385486,0.0018427576203518183,0.001735102,0.0009650072725722261,0.0005075565382631497,0.0005162977376253734,0.0005622034250400236,0.0005516718243725379,0.00062203790169498,0.00063460803,0.0004499406474382998,0.000961641530108395,0.0005644089611263592,0.00044429891441504036,0.00051228865,0.00046287610395459675,P3 Relief
2010-02-26,0.0005279249315208,0.0006793343297357,0.0007115513365634,0.000997819627372917,0.0007992593963663619,0.0009871815878271248,0.0009298353,0.0007104913317308387,0.0019242231565227534,0.0010700518850238815,0.0012118952713493605,0.0014528363,0.0007786274121088911,0.00047005414909634906,0.0004522247688616631,0.000531962442462386,0.0005168960097764784,0.0005023321296362524,0.0005157536,0.0004228326955459762,0.0009296144997341263,0.0005401036636945746,0.00043130192028019,0.00046284028,0.0004344182188640688,P3 Relief
2010-03-01,0.0004577107130804,0.0006501897658141,0.0007782250759168,0.0009639578029419033,0.0008195086532206706,0.0010576555046168537,0.0009112117,0.0006333061719211833,0.0017869836749438092,0.0010763018732812876,0.0014405540777289562,0.0014641635,0.0007213375011599695,0.00045088145606155157,0.0004863254676401076,0.0005121321493619465,0.0005228214023621815,0.0005090314521278691,0.00052608695,0.00039407595030512466,0.0009077234928618769,0.0005385040334827347,0.00046352621853039226,0.00045099162,0.00040650825161233473,P3 Relief
2010-03-02,0.0003233257344264,0.0006491612388894,0.0008062693898812,0.0008875297880679993,0.0008031653965461051,0.0010125195008578072,0.0008626784,0.0006061430968558439,0.001642314758532118,0.0010392538116089844,0.00117886020378471,0.0013435901,0.0006755322854279844,0.00045010954427708827,0.0004946175607237006,0.00048485551830722084,0.0005364407945007622,0.00047551364021309104,0.000518643,0.0003906296663615138,0.0008512780598143933,0.0005539980915339512,0.000481659440475693,0.00054465904,0.0004033853903777939,P3 Relief
2010-03-03,0.0003170430356013,0.0005997242456024,0.0007676860181453,0.0008519275520168536,0.0007193072987290847,0.0009028710315149297,0.00083059346,0.0005374577543673327,0.0013607483883665175,0.0009213236929741569,0.0010355119217101798,0.0012534185,0.0005854572428479333,0.00041870216452952446,0.00048042250987321525,0.00046420094844794194,0.0005076446810487822,0.00043828423418208843,0.00053984986,0.00041277612005725234,0.0007901740496983726,0.0005455720104342147,0.0005127882329731702,0.00059174583,0.0004207490135419298,P3 Relief
2010-03-04,0.0002680499653656,0.0005778865531927,0.000726362706569,0.000780739127105,0.0006588689830904096,0.0007970338830240005,0.0006383854,0.0004496516754020884,0.0011463167688863531,0.0010315974315913995,0.0014323482989149134,0.0007262959,0.0005448975918790409,0.0004051467963535778,0.00047737010078432307,0.0004421985186787103,0.0004073765349685015,0.0003976193894415004,0.00035703304,0.0003761189860870508,0.0006623450260023574,0.0004741403664736382,0.0004343652267780896,0.00035625682,0.00039309901087106837,P3 Relief
2010-03-05,0.0001546370193617,0.0006202786661,0.0008351257093729,0.0007610715468280089,0.0008243364557690108,0.0008478995648496577,0.00075159164,0.0005187165188879064,0.0010084189591094942,0.0011653921440365619,0.001572731141121372,0.0006549977,0.0005988486864270625,0.0004331160417335701,0.0005073499794473124,0.00042286398576308736,0.000451242482324057,0.0003923583382337151,0.00038144278,0.0003867978196271114,0.000553180994734194,0.0004927278790896803,0.00043070722209091663,0.00034893863,0.0004005368752277047,P3 Relief
2010-03-08,0.0002656776451942,0.0005724731935491,0.0006780118897556,0.0006189839104144859,0.0005978138037464182,0.0006932826168289239,0.0005498956,0.0004911431563214547,0.0008793939224747367,0.0009442724987748465,0.0014862868518841703,0.0006423865,0.0005602505087977534,0.00040302893403114945,0.00044531765663128063,0.0003930501206403372,0.0004263498718016036,0.0003605898817921729,0.00036897193,0.0004044221045035729,0.0005371255802214069,0.00048679641084016994,0.0004320127752521631,0.00032857494,0.0004185945599555496,P3 Relief
2010-03-09,0.0003037510816995,0.0005333754851458,0.0005662113813584,0.0005419518339591579,0.0005455192709528338,0.0006141137981583899,0.00058228907,0.0004673938112979248,0.0007963728173718545,0.0008704377355771096,0.0014673532720310635,0.0009240596,0.0005468110206186825,0.0003795449566723741,0.00040783374167787344,0.0003741604807007754,0.00041786534636996777,0.0003573955944693952,0.0004795863,0.0004313401775025654,0.0005345411886907346,0.00047191713197867997,0.00043435164772175425,0.00044438092,0.0004410253941831784,P3 Relief
2010-03-10,0.0009388185162341,0.0004933267541419,0.0005350340443741,0.0004718981914418285,0.0005386925112472088,0.0005815653796695528,0.00055700564,0.0004403104254193304,0.0006729202766124928,0.0008751247006784184,0.001380208740645402,0.00090464886,0.000497958737859022,0.0003553826820308816,0.00038694814929343815,0.00034708159168522025,0.0003973082061357564,0.00034474251238977914,0.00039884044,0.0003951019345001201,0.00048233670216663173,0.0004593454424343548,0.0004298079551512181,0.00041592962,0.00040813104762050243,P3 Relief
2010-03-11,0.0009500258711391,0.0004630031040032,0.0005410864658114,0.00042208748501054813,0.0005337851876263427,0.0005887639924954923,0.00053595786,0.00037929049314051877,0.0005717698020218135,0.0008409429030650538,0.001350005602150718,0.0009234944,0.0004507995141257928,0.00033724962296836436,0.0004021805760464691,0.0003205624405047514,0.0004000907544658863,0.0003494090358462854,0.00042222394,0.00037429262997247287,0.00043133122884125364,0.0004550999002390901,0.0004386656627362905,0.00042750937,0.000385522625130679,P3 Relief
2010-03-12,0.0008673415669843,0.0004710938833963,0.0004993323090873,0.0004009025797392993,0.0005359981832344539,0.000576379228004181,0.0006299235,0.0005233850457993639,0.0005289401122230133,0.0008317330010957618,0.0011790710659927068,0.0010896309,0.0005215108261726587,0.00034377404812365304,0.00039453843162093463,0.00029985765515132035,0.00041513859826058675,0.00036058228633765327,0.0004614913,0.0004232028301453653,0.0003916402158289707,0.0004609617656635185,0.00044727099924507367,0.00042171197,0.00042428310300007187,P3 Relief
2010-03-15,0.0008218581612685,0.0004929864417048,0.0005423945196748,0.00041021200457527584,0.0005716492917949112,0.0006546364966827942,0.0006071044,0.000479058103657076,0.000546194290767748,0.0008760475324320052,0.0012063436286635233,0.001063361,0.0005359688329477895,0.00036174116710630303,0.0004048705693935078,0.00030442534976483893,0.0005013194856499971,0.0004168807202081216,0.00060341595,0.0004351460750142511,0.000403929871340501,0.0005345808941960927,0.0004640694625294918,0.0005221411,0.00044136093661563126,P3 Relief
2010-03-16,0.0011580791405229,0.0004692581316637,0.0005567492965765,0.0004260427645398454,0.0005411653182688107,0.0006388605608092601,0.0005396964,0.000396925775748527,0.0005577230716140796,0.0008519606621208647,0.0011354096922665566,0.00094382337,0.00046853764485573477,0.000347065519603642,0.0004075787160830548,0.000309931243896537,0.00042207617165253725,0.0003730132808808854,0.00043135794,0.00039395065633577323,0.0003951469421585595,0.00047367862097679787,0.0004618001317169577,0.00042098906,0.0004030058858625559,P3 Relief
2010-03-17,0.0005359001619276,0.0006810302794923,0.0007614043971306,0.00042739593611325734,0.000768405382714566,0.0007088052662097929,0.00063359266,0.0006706790196521441,0.0005348435159236929,0.0010031980376625925,0.001283166281813098,0.0010695359,0.0007216414933640701,0.00048492756807600585,0.00047111711944008354,0.00029862103737262507,0.00040753858634842694,0.0003672017589013441,0.0004744557,0.0004566901106531587,0.0003582792973023286,0.00045680805484533667,0.00043868055986029657,0.0003903767,0.00046926712826630116,P3 Relief
2010-03-18,0.0007959643773734,0.0006484824140948,0.0007238062549983,0.00045249679676157814,0.0007715204418229538,0.0007329423444392304,0.00078885426,0.0006496456652524812,0.0005907255938795691,0.0010633535963711891,0.0013362634689465351,0.0011991715,0.0006989921198732004,0.00046381970036018236,0.00045299597992620375,0.0003115493654994,0.0004992266311134383,0.0003984855918854085,0.0005652476,0.0004682125971350691,0.0003858708452888843,0.0005259038918256511,0.0004483485817132542,0.00049299217,0.0004817165134627624,P3 Relief
2010-03-19,0.000766544491914,0.0006098367385739,0.0006437835260333,0.000470693150739425,0.00075402019298567,0.0006838746488730032,0.00076583016,0.0005526704601248385,0.0006116684704628107,0.0010192346347720621,0.001290316525913486,0.0011613698,0.0006244273931331585,0.00043758837432325624,0.000424814979962009,0.00032131524516231343,0.0004763549535953844,0.0003649410672655959,0.00047160964,0.0004437671717990217,0.0003959104772585429,0.0005075176586186889,0.0004523686703461731,0.00046298862,0.0004561083454015434,P3 Relief
2010-03-22,0.0009922436643641,0.0005986696371859,0.0006496735951288,0.0005100709125201156,0.0007547707779829787,0.0007016986536936974,0.0007524752,0.0005262378984087651,0.0007107619104917032,0.001053532266109242,0.001352433827894211,0.0011702349,0.0006159578632867462,0.0004316722743830198,0.0004287713319612856,0.0003488280253999152,0.0005123952679355708,0.00038890877956945596,0.0004750226,0.0004423731449357351,0.00045394095686009903,0.0005392979353875728,0.00044775053137535134,0.0004955172,0.0004575007082014007,P3 Relief
2010-03-23,0.0006189917239983,0.0006966682128982,0.0007777379363307,0.0005516435935741886,0.0008489174875132953,0.0007614658540916431,0.00076970865,0.0007025303854275072,0.0007946090238209363,0.0011371329351757312,0.0013679932417260269,0.0012102445,0.0007498700100407502,0.0004940704222647635,0.0004721252100710798,0.00036297179352648526,0.0005067060399582524,0.00037559413227349433,0.0006529617,0.00047460368946355464,0.00045558415670215693,0.0005315716428132732,0.00043866073121479494,0.0004845508,0.0004853265897688869,P3 Relief
2010-03-24,0.0006859550678605,0.0006510205904028,0.0006900178057797,0.0005843639642311101,0.0006017006747407656,0.0007542385898521019,0.000617232,0.0006377409593601493,0.000802554562556911,0.0009176756593973071,0.0013379387209548478,0.0011621566,0.0007143584034794973,0.00046400877619271527,0.0004494794268062868,0.000380678897633663,0.0005134371545701417,0.00041783243763516333,0.0005062505,0.00047030410636694867,0.0004327245819909009,0.000546208848910118,0.00044788397569119515,0.0004611704,0.0004779319771744108,P3 Relief
2010-03-25,0.0008306080620268,0.0007111692659318,0.0007921770878145,0.0006002352438531147,0.0008746641949403075,0.000753875687139312,0.00090369215,0.0007160043436400615,0.0007789395284849667,0.0011363102481320622,0.001333113816096083,0.0011809792,0.0007669332778540741,0.0005014378900025073,0.0004841763550378612,0.00037942998412403213,0.00045908367633090106,0.0003873003122175695,0.0004819347,0.0004779609309383554,0.00039647300810162457,0.00048678623209987384,0.00044030951857146577,0.00041525747,0.00048805828552553386,P3 Relief
2010-03-26,0.0010275663982047,0.0006573723415865,0.0007471342516004,0.0005981828427093658,0.000725379101084204,0.0006984552085988154,0.0007586634,0.0006652226089997089,0.0008188363927579472,0.0010605592730155323,0.0013166837224799913,0.0011105885,0.0007064201669958815,0.0004652748627190893,0.00046354716387554017,0.00037694838006873066,0.00039946095260703343,0.0003776248514498012,0.00038480092,0.00045015770773045954,0.0004196607424791383,0.00045362227052466033,0.0004394641611214697,0.0004013257,0.00045968896401622045,P3 Relief
2010-03-29,0.0007881419283376,0.0007445580906612,0.000802741449125,0.0006550143905778323,0.0008638779360858677,0.0008011852702636315,0.00094768556,0.0009218532664270823,0.0011405275924040645,0.0011294783650300064,0.0016712837183069065,0.001382403,0.0009363237279334485,0.0005247989798846965,0.00048354421299932654,0.0004094548025117404,0.0004853626111581885,0.0004664227069404007,0.0005471884,0.0005027737235226102,0.0005179200357102499,0.0005030528624551469,0.0004290583505223636,0.00043229552,0.0005142719405098759,P3 Relief
2010-03-30,0.0007867269270043,0.0006913107937576,0.0007382294702424,0.0007165756066342579,0.0006777829738941964,0.0007740429186132661,0.0007496946,0.0007161769157887564,0.001494455273703343,0.0010067259374157934,0.0015777101771207096,0.0011298817,0.0007688903372364091,0.0004891441450801484,0.00046376650631388145,0.00044367768820969536,0.0005054668478741968,0.0004339214717333088,0.00048417583,0.0004917454702772974,0.0006108766798726157,0.0005231960752270905,0.00043147155473000293,0.00047473982,0.0004974790880009173,P3 Relief
2010-03-31,0.0009870673040713,0.0006638657411593,0.00076161447026,0.0007326114787437859,0.0006798803611246041,0.0007675772055522264,0.0007166233,0.0006238897755410732,0.0016629456347557706,0.0009930715254719473,0.0015419462457995853,0.0010866651,0.0006981079111175471,0.0004697360036558015,0.0004740830186722978,0.0004493922301653951,0.000481569758671373,0.0004121053778430107,0.00043661083,0.000445175362260546,0.0005940624737504273,0.0005109568846037697,0.00042982591469071114,0.0004413657,0.0004597032409237575,P3 Relief
2010-04-01,0.0005467396472507,0.0007806491171577,0.0008544907754567,0.0007460503539416123,0.0009323598442353421,0.0008176410556922099,0.0010096468,0.0008194671288027228,0.0016364356080004385,0.0011620147702080502,0.0017030111735018344,0.0012602764,0.0008628487676216964,0.0005440176030468319,0.0005057702504582553,0.0004398390023452746,0.0004932702851772404,0.000422215359530779,0.00048441096,0.0005061554887590324,0.0005783790535446828,0.0005055326621044432,0.0004309591300622046,0.00038998557,0.0005207886523168936,P3 Relief
2010-04-06,0.0003883096999938,0.0007944233939277,0.000917790419851,0.0007808955953381433,0.0009506087441034469,0.0008426857317305258,0.0011110785,0.0008339496416167179,0.0015982469259876934,0.0012567081216143907,0.0015833958236420712,0.0012733751,0.0008751601047151653,0.0005503670090880588,0.0005214270866302261,0.00043436822146732216,0.0004932702851772404,0.00042434687793164387,0.00059455115,0.0005120629937738106,0.0005278274146863586,0.0005132904826565742,0.00042941193990240573,0.0004907041,0.0005241246645044191,P3 Relief
2010-04-07,0.0005230031624128,0.0007609071439741,0.0008750047856529,0.0008296662973104711,0.0009005975730236296,0.0007897645081127158,0.0009726642,0.0007671132006349302,0.0015486147930108458,0.0012285390468303248,0.0015214512420692514,0.0011272917,0.0008063314570251482,0.0005284012517987013,0.000510440971543026,0.00044943139663922247,0.00046241018870199306,0.0004237368896588439,0.00050279434,0.0005011929275703472,0.0004924444124334656,0.0004949382869333212,0.0004353247097490651,0.00044887752,0.000510023922368439,P3 Relief
2010-04-08,0.0005340785151537,0.0007016150033822,0.000814822291614,0.0008247578555593329,0.0008174882565611416,0.0007319615464123177,0.00095222384,0.0007374913741934869,0.001365513938953588,0.0011139221942495997,0.0015041016576911705,0.0011169835,0.0007638985963979431,0.0004887443464251131,0.00048604394180244026,0.0004514924340405308,0.0004400312342264831,0.00037973395487938925,0.00049356767,0.0004655949535461988,0.0004696057487789965,0.0004707331710766272,0.00044007971712644103,0.00039106156,0.0004796535336126403,P3 Relief
2010-04-09,0.0002556934748413,0.0007511157709901,0.0009207282353404,0.0008513544799146295,0.0009643336623151708,0.0007877713382223679,0.0009866243,0.0007505086265688666,0.0012221131395591222,0.00116715704793134,0.0013570341166091575,0.0011067742,0.0007986963074390989,0.0005195302200093161,0.000523769111447037,0.0004463491988820309,0.00045600036620156026,0.00038788234781860257,0.00061793294,0.00047799960006333865,0.0004317736405670368,0.0004834643147434492,0.0004409772785290254,0.00043921,0.0004911308069215969,P3 Relief
2010-04-12,0.0002651364586518,0.0006920113100206,0.0008171537796596,0.0007995397347857543,0.0007000190391125756,0.0007305969180474508,0.00078736723,0.0007028513288371392,0.0010263325227861573,0.0009790907696809097,0.00137159062213228,0.00097058446,0.000740957821670915,0.00048055806175579445,0.0004901719456049338,0.0004302748193779864,0.0004227295573288137,0.00039744560303099175,0.00039673955,0.00045878061289928227,0.00040454508402873934,0.0004568634459843521,0.0004419761929598316,0.00037098973,0.0004668088648015826,P3 Relief
2010-04-13,0.0003829175713504,0.0006644861979726,0.000814079456732,0.0008709766848338565,0.0006770780956175652,0.0008134181980066505,0.00078743784,0.0006288502743904098,0.001073189185083057,0.00101315712815557,0.0013847198602781159,0.0010783254,0.0007036917909031539,0.0004639316271817111,0.0005035914727580936,0.00044440210437011183,0.0004995923093895836,0.000464069547287551,0.0005218949,0.0004600877479935917,0.00045220585574395,0.0005329960212246867,0.00044754165268794837,0.00046079193,0.00046556261597787687,P3 Relief
2010-04-14,0.0003137179513915,0.0006812214721604,0.0008854857824335,0.0008462625545817235,0.0007225683394971254,0.00079466497106468,0.0007841798,0.0006327313341443961,0.001050057201457444,0.0009964108402867363,0.0013104698057542536,0.00095941126,0.000695046131584686,0.0004740455722800786,0.0005247736485779136,0.0004339819224040085,0.000457781361983783,0.00041210422538510354,0.0004663117,0.00044254373686707213,0.0004445862714355663,0.00048615002948043293,0.00044371995312454145,0.0003942843,0.0004537427854100162,P3 Relief
2010-04-15,0.0004550487404373,0.0006386947658842,0.0008541239959176,0.0008094311358435044,0.0007079444276224424,0.0008100916357775004,0.000804565,0.0005809554469854695,0.0010077268020233661,0.0010254330574142147,0.0013867519352026673,0.0010418593,0.0006684500391126931,0.0004472879188285381,0.0005093878885467414,0.0004340367492177336,0.000466993679177864,0.00043449333706665995,0.00047442995,0.00043780737909281944,0.00043294940987690837,0.0005012160965004854,0.00044791894289601555,0.0004244722,0.0004419489482933005,P3 Relief
2010-04-16,0.0012372459731984,0.0005914833480295,0.0007457938476016,0.0007162337577893493,0.0006643396328661391,0.000748002148138654,0.00083558925,0.0005525101295643366,0.0009607032579312547,0.001011889056068635,0.0013723777486605515,0.0011225285,0.0006320657181650072,0.0004175060030811568,0.00048164272106623147,0.0004215493353587691,0.00046753460623027315,0.000441515413403957,0.0005615896,0.000465602295965182,0.0004498067054231114,0.0005197365065250831,0.0004432433504026184,0.00047689115,0.0004595619118916133,P3 Relief
2010-04-19,0.0013385477643721,0.0005532163654649,0.0007514573528584,0.0006706500155113074,0.000675873121967433,0.000781871860194988,0.0008068797,0.000505652000182893,0.0009247380179968106,0.0010151898333091024,0.0014182224601076558,0.0010997686,0.0005833594951578668,0.00039423374972691756,0.0004857061056454888,0.0004181806015989503,0.0004949166431295794,0.00045958767692160684,0.00052583066,0.00044897917890226134,0.00044731988116254175,0.0005341429424278065,0.0004461205927869489,0.0004688225,0.0004414886591996912,P3 Relief
2010-04-20,0.0032712302951353,0.0005706354386232,0.000712281980458,0.000629095664924533,0.0005960889703929892,0.0007151054767676881,0.0006196366,0.0004589546552207431,0.0008903085243114784,0.0009003446435811292,0.0012904692829436226,0.0009607884,0.0005542619629227349,0.0004058442211472222,0.00046803275988725317,0.00040458227701929206,0.0004457375773453605,0.0003947931742515053,0.00046265376,0.0004121996044799557,0.00042676944914808653,0.0004797897069344928,0.0004448206254775217,0.00039851028,0.0004232366271663146,P3 Relief
2010-04-21,0.0037931224416387,0.0005686302720488,0.0007084782829836,0.0006067968115205305,0.0005877524653166973,0.0007039337419155338,0.0006196366,0.0004558815407102451,0.0008749315940596036,0.0008862153894040156,0.0012522031175295257,0.0009724578,0.0005530291309208971,0.0004047178777535385,0.00046988817422552806,0.0003900923372618414,0.0004183574708603586,0.00040197402264523127,0.00043134557,0.00041303422193024784,0.0004320691017214843,0.00046271352437014454,0.0004499413988981363,0.00039219655,0.00042407426589222374,P3 Relief
2010-04-22,0.0048372941261092,0.0006023656781521,0.0007685798243344,0.0006456889841314656,0.0006579206615930417,0.0008199616349828994,0.000738885,0.00058160606804494,0.0009755711429937936,0.0009261691814668383,0.001422976450518719,0.0011500255,0.000669376135457304,0.0004298747733708908,0.00048571395192633976,0.0004121744880497891,0.0005229788944336497,0.0004767095058969507,0.0006074583,0.000427685792226304,0.0004828480199349884,0.0005430093188212667,0.0004508251905859702,0.00049491326,0.0004347376882609782,P3 Relief
2010-04-23,0.0041082476504324,0.0008630807161378,0.0010426603129736,0.0006537016215358842,0.0010530060282475558,0.0008977257770749963,0.0010275837,0.0009024255843229009,0.0009374615906181605,0.0011716570846030776,0.0013568704888096128,0.0011739134,0.0009366488827415329,0.0005984559116073284,0.0005597919617621171,0.00040328939225400904,0.0005078464164068004,0.000425748295533473,0.0006713694,0.0005590681298253617,0.0004923551431391519,0.0005199381818260348,0.0004512609959714023,0.00043507735,0.0005747401647400938,P4 Sovereign crisis
2010-04-26,0.0058280181105241,0.0008327422281902,0.0009825464640756,0.0006725729459162923,0.0009534460974985833,0.0008405230345021197,0.000994916,0.0008494074432435185,0.0009263704573160295,0.0012105181541460413,0.0012568168668365496,0.00120928,0.0008945494572050062,0.0005753187262706478,0.0005356488118623582,0.0004017655507811092,0.0005059578169594027,0.00040140269105757355,0.0006860194,0.0005396398900093919,0.00047979023309773053,0.0005263161752679034,0.0004470229050140558,0.00051286304,0.0005492862870242244,P4 Sovereign crisis
2010-04-27,0.0041642335323421,0.0016887392251431,0.0016102776561769,0.0008803868445493749,0.0018296746348445852,0.0018493400199805095,0.0017036018,0.0021404540897426456,0.0012918832076010205,0.0017344380908617418,0.0021761653340480083,0.001993358,0.002150963613181518,0.001141435269940185,0.0006951577361104908,0.0004761684512887362,0.0005575393974591592,0.0009660008211778154,0.0004483856,0.000987508572051005,0.0005914759410404878,0.0005670421425737049,0.000427983388301748,0.0004377009,0.0010180805202540605,P4 Sovereign crisis
2010-04-28,0.0041266360823152,0.0018407507397427,0.0017053402411763,0.0012094181189511294,0.0020730816192622826,0.0024146228419047724,0.0017383507,0.0024545826416757254,0.0017516884426721114,0.0017268543257577085,0.002800008744250455,0.002026585,0.002404708221352973,0.0012326171317094763,0.0007117123918169149,0.0005591656410541795,0.0005575393974591592,0.0010291894789510889,0.00043376168,0.001066394228105302,0.0007090012701725124,0.0005670421425737049,0.00042844117351462357,0.00043850392,0.0010994083709982194,P4 Sovereign crisis
2010-04-29,0.0046753324818484,0.0021655237776271,0.0020294029468824,0.0014561515438227123,0.002317018788938585,0.002327615763773736,0.0016926486,0.002198198569615631,0.001973387148255412,0.0019243447800013065,0.0022950479771753247,0.0016732852,0.002226744236659729,0.001429130234448939,0.0007813912125642909,0.0005721683900235291,0.0005417891023486621,0.0007881094457506601,0.00040665877,0.00123560312809869,0.0007311710163578598,0.0005547807458264546,0.00042652846280317146,0.00041413074,0.0012749601350763018,P4 Sovereign crisis
2010-04-30,0.0103510022313458,0.0020023829040335,0.0018988721284205,0.0015547547649574479,0.001705946288146324,0.0021193524372027208,0.0014554588,0.0019544593847996995,0.001992582964172959,0.0016534874688086398,0.0019470368630048296,0.0018265741,0.0021045295339480827,0.0013065954716010417,0.0007492568975040325,0.0005677929026283869,0.0005299935825873257,0.0007742294613941572,0.0004146359,0.0011290446290449679,0.0007534520417401679,0.0005531357947058521,0.0004255657656460769,0.000435972,0.0011675152445762356,P4 Sovereign crisis
2010-05-04,0.0086882095902605,0.0026427478876209,0.0024244075825485,0.0021373266850237393,0.003009250819119814,0.004006805845415509,0.0030261802,0.003412979842310096,0.002646076815415055,0.0022431791739667673,0.0032336894979706743,0.003499398,0.003190505043909981,0.0017210108699822412,0.0008612485491826139,0.0006367704550633112,0.0005575393974591592,0.0017009521896925721,0.0004994723,0.0014889262943394777,0.0008709571468925523,0.0005670421425737049,0.00042743284664154707,0.00043793433,0.0015350214664088932,P4 Sovereign crisis
2010-05-05,0.0083926133625745,0.0026222290792173,0.0023690259538818,0.0028172508104310373,0.004087612598303461,0.00341284224532297,0.0033009062,0.0037925345369570597,0.0033527402750678456,0.0028030767182635986,0.0031619741578028564,0.0029718967,0.003366349209613278,0.0016921631278092074,0.0008574877738893853,0.0006963053360665215,0.0005575393974591592,0.0012134650874784036,0.0004994723,0.0014639687751262498,0.0009806073317279573,0.0005670421425737049,0.0004289700812664438,0.00043793433,0.0015092912956903939,P4 Sovereign crisis
2010-05-06,0.0077912568361167,0.002677692269573,0.0024029673771972,0.003644186190026019,0.0041696451972414025,0.0037077580140179468,0.003640051,0.003922249791789886,0.00414862835590325,0.0028653419258702997,0.0036163401576131907,0.003066479,0.0034516502332731687,0.0017154668535687904,0.0008658555103679005,0.0007513602845045445,0.0005575393974591592,0.0012732713359559526,0.0004994723,0.0014841299087046086,0.0010770532101163717,0.0005670421425737049,0.00042883607013913136,0.00043793433,0.0015300765910724243,P4 Sovereign crisis
2010-05-07,0.0079306982262865,0.0032254476485664,0.0027598124637517,0.0048446172833262,0.006137000852949479,0.00638190773827338,0.008157668,0.004657054585256422,0.0050547776720764,0.0037215709333352,0.00415870598522903,0.006506543,0.004110798421027789,0.002064703561468396,0.0009369918629534303,0.0008106704741164848,0.0005575393974591592,0.0022180763786440495,0.0004994723,0.0017862707762667314,0.0011665344507107542,0.0005670421425737049,0.0004273776950308417,0.00043793433,0.0018415713368838777,P4 Sovereign crisis
2010-05-10,0.0022755605701148,0.0053037096606512,0.0042237831512579,0.004893584872715162,0.007636833346384559,0.007332766215374993,0.011475108,0.006635117498347857,0.005029214472850095,0.004724521700226126,0.0031511581737810306,0.0074053826,0.00577928164796553,0.003399200899100817,0.0011666152006855786,0.0007514599299847956,0.0005417891023486621,0.0017005372231643045,0.00046826366,0.0029388946946352717,0.0010075674190982297,0.0005547807458264546,0.00042737061163867563,0.00041359276,0.003032505738807044,P4 Sovereign crisis
2010-05-11,0.0024083341851706,0.0049359638280905,0.0040668282398635,0.005329204256792547,0.007669993956763151,0.006016671490807125,0.008914211,0.006846575031308021,0.00525989013234922,0.004919104488314177,0.00458233277075498,0.006543066,0.0061211138011862815,0.0031176973551749186,0.0011363501079637041,0.000747186712311053,0.0005575393974591592,0.0015075516437613446,0.0005223922,0.0026972645268419962,0.0010101893614554165,0.0005670421425737049,0.00042738311079400096,0.00046041544,0.0027807682388485523,P4 Sovereign crisis
2010-05-12,0.0040838330386574,0.0045670097753336,0.0040182991583333,0.0053659915035985505,0.007027135481104829,0.005020596980465244,0.0067655346,0.00549647592288775,0.005078311970743953,0.004734418838859403,0.0036946756888321178,0.004910366,0.005074125824870047,0.0028408448155109014,0.0011293468269974306,0.0007261771760399362,0.0005417891023486621,0.0011420318587054522,0.00047321306,0.0024561489610089335,0.000961100101909643,0.0005547807458264546,0.0004273282269486372,0.00043482432,0.002534383362976846,P4 Sovereign crisis
2010-05-13,0.0051729689727683,0.0041806194838122,0.0038809960384072,0.005190791621741487,0.006381193481398865,0.004042244350850483,0.0065858266,0.004467685272675289,0.0047100784473797334,0.004614563043325891,0.002533810622964603,0.004749763,0.0041966854805626855,0.002561637787983431,0.0010959041839052994,0.0006987454304978262,0.0005244469133676142,0.0009317251449022546,0.00045478818,0.002260431629111516,0.0009447079624554901,0.0005542975382503705,0.0004272842905777007,0.00043336092,0.002335243432270742,P4 Sovereign crisis
2010-05-14,0.0032869717909327,0.0046594891648603,0.0043857831180682,0.0057704081667340115,0.010041475402401896,0.005279714481257589,0.011430432,0.006291443862917019,0.005106106239975824,0.0064614378287011645,0.0033164162196325504,0.00786922,0.005610406922828715,0.002862941222576226,0.0012011857989584838,0.0007403776538035859,0.0005575393974591592,0.0014468072807222046,0.0004994723,0.0024768631853476558,0.0010162304662047535,0.0005670421425737049,0.000427400390300603,0.00043793433,0.002553543565803728,P4 Sovereign crisis
2010-05-17,0.003211824456149,0.0043044408585712,0.0036337076463597,0.005954373290508364,0.006458519424998618,0.005147461292721389,0.0065955822,0.00467519383337228,0.00529455367003294,0.005012603621778956,0.0037048867229091008,0.0052459543,0.004473789869108161,0.002608465446922611,0.0011211218470043361,0.0007577274637075179,0.0005453021364513916,0.0012646137685078593,0.00040701882,0.0022402960217498165,0.0010747910346214804,0.0005637964779823844,0.00042742634271388137,0.00041810703,0.0023241258505712864,P4 Sovereign crisis
2010-05-18,0.0044094234829348,0.0040530429264259,0.0037354214343657,0.005847751429915213,0.007008494244399289,0.004640232642220803,0.007432949,0.004672325240806521,0.00492751023000848,0.004867838670085993,0.002993304315884368,0.0053386246,0.0041680715117182465,0.002425238832592708,0.001141736712496528,0.0007387107352597635,0.0005417891023486621,0.0010601932625201962,0.00046826366,0.0020968226797702886,0.0010618720727620977,0.000546593420524815,0.0004274173580656495,0.00041254805,0.002178855493671868,P4 Sovereign crisis
2010-05-19,0.0039124424208514,0.0045105571588313,0.0043376285299714,0.006652505978710617,0.009312871575343443,0.00824024821504789,0.00966477,0.006630713619109458,0.005272500246484917,0.005550907242937788,0.004456380062826851,0.0069232304,0.005776871278625786,0.0027193482187491042,0.0012260873458311322,0.0007809283840103131,0.0005575393974591592,0.002187283489462359,0.0004994723,0.002352634220376855,0.0011185345137307693,0.0005670421425737049,0.00042737559871476464,0.00043793433,0.0024254686377801525,P4 Sovereign crisis
2010-05-20,0.0042617961023648,0.004616405441714,0.0046336184874298,0.0074608573628637195,0.011774706443321159,0.01177678166756674,0.016626358,0.006862642623038189,0.005959975557741766,0.006859699815652185,0.006085992423097912,0.010802872,0.005964810241328972,0.0027768053699474033,0.0012598319322755936,0.0008242813044762366,0.0005575393974591592,0.0027029114715656066,0.0004994723,0.002402343065747407,0.0011907131651376387,0.0005670421425737049,0.00042737144097063735,0.00043793433,0.002476716402699267,P4 Sovereign crisis
2010-05-21,0.0045634127975828,0.0042260266660171,0.0041908748436794,0.0071892836079952924,0.007533789794202241,0.0076502836155833585,0.007846626,0.0051344005956937425,0.005716124412395529,0.005676055319238819,0.0034843406426311213,0.005276619,0.004671546531391241,0.002504344368561958,0.0011886833704791858,0.0008131339715746436,0.0005249879414979572,0.0014687580637260612,0.00045478818,0.002208443970434308,0.0011633981405209358,0.0005542975382503705,0.0004273716157401263,0.00044793152,0.0022812855900114382,P4 Sovereign crisis
2010-05-24,0.0045722548819657,0.0038697761791766,0.0040973928445782,0.006466946772310102,0.006792881503874936,0.007070232564978869,0.0076606246,0.004338734442191572,0.005279783921227058,0.005638552753418816,0.0025197045287550434,0.0052911947,0.0039984861871399284,0.0022607999325363892,0.0011650895629275555,0.0007750485406250002,0.0005229041855384326,0.0013750643928580266,0.0004216051,0.0019851112081755284,0.0011516151292558512,0.0005537949665037221,0.0004273714148820726,0.00043336092,0.002056189865713159,P4 Sovereign crisis
2010-05-25,0.0032110091094489,0.0042065795602886,0.0047120782294747,0.006810759983101195,0.01159673722222283,0.011849978455884008,0.016466666,0.006234806778827428,0.0057729863380328785,0.006781588428794349,0.00582985326111769,0.010156842,0.005431793914622145,0.0024818992491908304,0.0012818340393494468,0.0008004924501125672,0.0005575393974591592,0.0026653186597135068,0.0004994723,0.0021472061080356607,0.0011992247562058066,0.0005670421425737049,0.0004273714167093435,0.00043793433,0.0022136807450910245,P4 Sovereign crisis
2010-05-26,0.0019030249731015,0.0043758986582623,0.0047162967729124,0.006530525467724972,0.007826118961058372,0.008197253032816288,0.008090341,0.0051598555153875075,0.0055753517401545645,0.005709851797822037,0.004821448275862853,0.0054535926,0.0045895980516284934,0.0025801488609814805,0.0012882406462114188,0.0007587115873074317,0.0005417891023486621,0.0013899214885883244,0.00046826366,0.0022307554110478052,0.001050333329112867,0.0005547807458264546,0.00042737135501970115,0.00041359276,0.002301810472565051,P4 Sovereign crisis
2010-05-27,0.0006643530466156,0.0045811518670379,0.004974088209367,0.006147924175294467,0.008830397775479566,0.0065514817881446455,0.008087464,0.005357614790228033,0.0050148672524555375,0.005884035551993889,0.0034467824963170346,0.00537052,0.00473264533413181,0.0027011570687675347,0.0013245364118834532,0.0007002556064015671,0.0005417891023486621,0.0010739454557243458,0.00050455047,0.002335377170816059,0.0009497791590039873,0.000546593420524815,0.0004273714635062627,0.00041254805,0.0024267428178456583,P4 Sovereign crisis
2010-05-28,0.0006494816817245,0.0043369984746647,0.0046968662825777,0.00577981021128643,0.009779640997861315,0.00674843374798883,0.010092772,0.006015300095840304,0.004762189393759117,0.006428178959734763,0.005539723747342533,0.0062995832,0.005271444180077312,0.0025328579405619164,0.001271096684046686,0.0006980699553444963,0.0005575393974591592,0.0013592078111094544,0.0005060902,0.0021912928345235207,0.0009470767852602419,0.0005670421425737049,0.0004273736875214318,0.0004463223,0.0022591323378258975,P4 Sovereign crisis
2010-05-31,0.0010292166771889,0.0039719331442997,0.0044997342283488,0.00523734870036221,0.008700314259700448,0.005873866601965252,0.008564292,0.004349211952540976,0.004352856815325259,0.006380213867821907,0.0035651103505838014,0.0054442417,0.004086398980725616,0.002286392919710718,0.0012257255776021462,0.0006784565964022664,0.0005255138862904043,0.0011336610486203584,0.00043879857,0.0019926702656995147,0.000940050007351075,0.0005542975382503705,0.0004273692860704619,0.00044201355,0.002058759986447129,P4 Sovereign crisis
2010-06-01,0.0018508761655755,0.0036848693860009,0.0042126506058585,0.004993266820925581,0.005698441557851194,0.004306973497949396,0.0069877882,0.0037696819601016557,0.003927747214773831,0.005175066462489369,0.0034193462194112793,0.004609994,0.0035982409557156385,0.0020950294618008354,0.0012071818464665864,0.0006549704439525867,0.0005306976987813696,0.0008369447355030045,0.0005333788,0.001844243191560917,0.0009168837137371249,0.0005444428687650464,0.00042737631583899,0.00041624834,0.0019019077117808166,P4 Sovereign crisis
2010-06-02,0.0021503221367833,0.0033759735937915,0.0038633873782504,0.0046253995759846425,0.0054813007515194315,0.004140193810783266,0.0068263263,0.003442752361235482,0.0033801534617302403,0.0033083249398859482,0.0020111331181348726,0.0040171165,0.0028670509623485866,0.0018939962031868586,0.0011627328172643097,0.0006295915139616511,0.0005141862540784881,0.0008613552232521491,0.00049458875,0.0016793896618697258,0.0008731972912534734,0.0005607708245068599,0.00042738869118053805,0.00063409086,0.0018122300613082083,P4 Sovereign crisis
2010-06-03,0.0020019474120805,0.0031653684074092,0.0032307497927336,0.003878318078508541,0.003915414417893398,0.003441841194958339,0.0053076628,0.00327937642683475,0.0029667087474991157,0.0026070443702699425,0.001962789270738447,0.003226123,0.0027154815386167086,0.0017595585621759497,0.001104400346134151,0.0005959834920343472,0.0005305302932501201,0.0008789604840257488,0.00039348018,0.0015491025396939396,0.0008508366619160334,0.0005561114757481005,0.00042751634836317264,0.000602525,0.0016029324102717368,P4 Sovereign crisis
2010-06-04,0.0017187503704918,0.0030360682582948,0.0032105669698765,0.003718237325234959,0.004220609635253945,0.003459385390427875,0.006014608,0.003707256098221887,0.002783608174016481,0.002602100330713048,0.0019970501578176645,0.0034879097,0.002982553428837044,0.0016842932347519842,0.0011026809292967578,0.0006109749253357059,0.0005443004270597622,0.0010046977135407674,0.00046696636,0.0014911728862187779,0.0008512753857471236,0.0005769683316328303,0.0004275682792386173,0.00063350785,0.0016049966215034412,P4 Sovereign crisis
2010-06-08,0.0014443835913844,0.0029614540753378,0.0033873755923625,0.003723364073282648,0.006316316566428652,0.004035717327762879,0.008375281,0.0040072288682447815,0.002924067412648051,0.004125523901374975,0.0026541732261358055,0.005339979,0.0032894848765362746,0.0016457511720735897,0.00111752279634559,0.000648783352366264,0.0005575393974591592,0.001163150784978734,0.0005381777,0.0014238156404355932,0.0009168607767451013,0.0005670421425737049,0.00042764276014244974,0.0004760496,0.0014678950735079464,P4 Sovereign crisis
2010-06-09,0.0004964389900862,0.0030909290250764,0.0035631565336082,0.003352050952274292,0.0049858524118977544,0.0035079598026932367,0.0050098724,0.0034680855342558744,0.0028052575110567605,0.003427158893618325,0.0023809714327664095,0.0034991296,0.003021910213630857,0.001734880625778459,0.0011269774793786038,0.0006279549258132504,0.0005417891023486621,0.0009140083524292155,0.00050455047,0.0014999500230405808,0.0008758632489890769,0.0005547807458264546,0.0004274501020223427,0.00041359276,0.0015477271305764902,P4 Sovereign crisis
2010-06-10,0.0001883434908226,0.0029470113650968,0.0027660464830812,0.0033743099888675467,0.0035178509832081385,0.0030219368262616696,0.003835717,0.0032659830044880745,0.002751985963148181,0.0026607615598432705,0.002435702182303403,0.003098814,0.002874402433147371,0.0016442249724299388,0.0009630312995547086,0.0006114464217111635,0.0005417891023486621,0.0008069780752306154,0.00050455047,0.0014215705960596283,0.0008702793429634754,0.0005547807458264546,0.0004277723686962574,0.00042151453,0.001466851125540303,P4 Sovereign crisis
2010-06-11,0.0001592904105548,0.0027287454034855,0.0026919984467909,0.0032705614936548583,0.0030455075037964545,0.003112750107433001,0.003055162,0.002767599115372981,0.002607423924296638,0.002423468831974013,0.0025505966931138376,0.0026021765,0.002586458704414411,0.0015090334209097655,0.0009453692021815054,0.0006124502544414668,0.000546939954676249,0.0009054033732581119,0.00045809385,0.0013174481066972417,0.0008556739983173296,0.0005657561710968495,0.00042843041165601005,0.00043976074,0.001350340897541348,P4 Sovereign crisis
2010-06-14,0.0001527186747982,0.0025011916908859,0.0025855531811347,0.003103756919613794,0.002736232805735635,0.0026452870018686503,0.0029503698,0.0024875920037541535,0.0023417436577231098,0.00245615349255107,0.0020786975377105684,0.0025589424,0.0023314902797576882,0.0013682313762299852,0.0009232718289205618,0.0006021499232302935,0.0005252533709643245,0.0007436648606360283,0.0004637086,0.0011942958899985767,0.0007693289881509311,0.0005542038646332026,0.00042743739337552147,0.00042343355,0.0012343720446720285,P4 Sovereign crisis
2010-06-15,0.0002486166534892,0.0023315951370385,0.0025887148023528,0.0030744535949499873,0.0026513179843473357,0.0023123770158726274,0.0027924217,0.002257044287179382,0.002065044444172365,0.0023529050022658426,0.0023000928049412605,0.0021634724,0.0021433691987322537,0.0012662705256560756,0.0009387393203807939,0.000586954122368949,0.00047750543285679644,0.0006454662053552964,0.0004959741,0.0011144009262285947,0.0007211607275907368,0.0005010197660707654,0.0004297268740189333,0.000406647,0.0011623238864090148,P4 Sovereign crisis
2010-06-16,0.0008459771416521,0.0021391148856957,0.0019637486202214,0.0024357013956309644,0.0018087700262778713,0.001786486896953149,0.0020019424,0.0019807518382114406,0.00167943681030369,0.0018130221939939779,0.0019092163980762545,0.0016062511,0.0019144253297291832,0.0011511734248841811,0.000828543996683333,0.0005579137548968599,0.0004524126101566454,0.0006354902791280929,0.0003406333,0.0010311918106918098,0.0006672705595419319,0.0004948620889099468,0.0004352447551179277,0.0003429877,0.001070534486098033,P4 Sovereign crisis
2010-06-17,0.0009122846311651,0.0019608829860731,0.0016979326803449,0.002056428949563583,0.0016719067636749203,0.0016453136018962354,0.0020277284,0.0021176630691158824,0.0013431515950052674,0.0017539283327406864,0.0017791926609314107,0.0017274278,0.0019681380159552956,0.0010467594850563976,0.0007865289248069081,0.0005282060475799058,0.0004259966337790867,0.0006691127285176371,0.00036205698,0.0010276532470979314,0.0006091261942292746,0.0004783543799068744,0.00043380142368708264,0.00034216244,0.001059051564755798,P4 Sovereign crisis
2010-06-18,0.0009987840565787,0.0018046959692832,0.0016591322600198,0.0017770438454557125,0.0016668785904372524,0.0015596835985364893,0.0016379191,0.0018815791281689219,0.001142249603193386,0.0018483074994245707,0.0017454269749053093,0.0010756415,0.0017970848317814946,0.0009571190888294847,0.0007888290334466687,0.0005026425004991935,0.0004118005265292808,0.0006353458443988912,0.00027302795,0.0009387519734969293,0.0005330598790301863,0.00047640274402895895,0.00043046013929535544,0.00028637645,0.000963538783776272,P4 Sovereign crisis
2010-06-21,0.0012261870948546,0.0016551485791756,0.0013958002503814,0.0012187383312291314,0.0009131620286332216,0.0012331817795821292,0.00089892844,0.0016982498629544134,0.0008342954437667316,0.0011229730897799012,0.0015057862195653527,0.00068321516,0.0016839870621676906,0.0008728023484223963,0.0007069064105284823,0.00045838033086440064,0.0004059248560635778,0.000577899515749315,0.000248251,0.0008588351244643209,0.0004639907079010834,0.0004677963490902755,0.0004404625771626212,0.00027179776,0.0008840778085384615,P4 Sovereign crisis
2010-06-22,0.0025028587676962,0.0016195371189222,0.0014167622109164,0.0010083054421619897,0.0010043329061467123,0.0013392121471784567,0.0011513935,0.0017822007140332857,0.000794700355489047,0.001242998428916667,0.0017220820024992495,0.0013987763,0.0017984990899237812,0.000865431323392976,0.0007114538989405472,0.00045805714426372,0.0005100131399408077,0.000683684769988806,0.00042010922,0.0007929170355998209,0.0005015835671426845,0.0005511856310244424,0.00043768826993795376,0.0004166852,0.0008193304379176384,P4 Sovereign crisis
2010-06-23,0.0018946241809428,0.0017629581309701,0.0017740444784237,0.001162610710637292,0.0016263181928119767,0.0019257750176430069,0.0017476653,0.002094530727044063,0.0009980592582640969,0.0015825813845064328,0.002318459644888074,0.001917108,0.0020489647848031226,0.0009755562554962498,0.0007741109089947623,0.0005122281940896667,0.0005575393974591592,0.0008760008057947954,0.0003909643,0.000843998946055882,0.0005961944991679264,0.0005670421425737049,0.0004334995488189368,0.0004075835,0.0008701280276583464,P4 Sovereign crisis
2010-06-24,0.0026646503450589,0.0016527201759616,0.0017779291858698,0.001384075971363387,0.0015820787868539635,0.002037681206744989,0.0014931007,0.0015548988795036965,0.0012102075065160566,0.00163177970224282,0.0022281579690049172,0.0016845558,0.0016994972385201456,0.0009138844828033866,0.0007672586829570547,0.0005564803338406041,0.000546204790431565,0.0008174522910993239,0.0003706712,0.0007875722152736527,0.0006841388886980847,0.0005639341431783759,0.00043115498185073526,0.0003960684,0.0008140415908695663,P4 Sovereign crisis
2010-06-25,0.0028395697300135,0.0015723615655193,0.0015695651051135,0.0012772074307961332,0.0015097321114587237,0.0018945860272987656,0.0015223542,0.00169560073698113,0.0012942005354882192,0.0015168678636508133,0.00208010515880453,0.001878102,0.0018809053866022864,0.0008722791940156149,0.0007120609823209182,0.000579524901115573,0.0005574599042597278,0.0008356602526301795,0.0004607801,0.0007539252718360035,0.0007451624025791937,0.0005670421425737049,0.00043368275709386765,0.0004696687,0.0007778811510799811,P4 Sovereign crisis
2010-06-28,0.0026442636778399,0.0015266655779756,0.0014190315310083,0.0013228365968576661,0.001607235105179694,0.0017601472369865193,0.0015187064,0.0016389343383554054,0.0014498681576506794,0.0013819253028361175,0.0017015740655620872,0.0016997143,0.001760315437309793,0.0008501264246146691,0.0006674081073777045,0.000582402943188949,0.0005417891023486621,0.0007158090256254833,0.00040665877,0.0007350057008193332,0.0007716371277632379,0.0005547807458264546,0.0004269765046193288,0.00042998392,0.0007584174451228976,P4 Sovereign crisis
2010-06-29,0.0020402310569793,0.0020595832427274,0.0015859238208488,0.001688783643093945,0.003234401332702973,0.002607465166982436,0.0030519718,0.0029575712002573177,0.0020583445035310213,0.0024999817316685453,0.002864752747601395,0.0030012685,0.0027915257847690184,0.0012139445725482146,0.0006958104708033798,0.0006433532550646412,0.0005575393974591592,0.0011788781437340721,0.0004994723,0.001050239731464558,0.0008885058257216567,0.0005670421425737049,0.0004306488884366271,0.00043793433,0.0010827537526891425,P4 Sovereign crisis
2010-06-30,0.0025522704061408,0.0018883419163079,0.0013823425770672,0.0015531591284974606,0.0015898977849027212,0.001770196137872657,0.001465374,0.0018355751444070866,0.0021618349032573566,0.0016293579922607114,0.0014568346470421511,0.0018277642,0.0020786891136284377,0.0011032402772646718,0.0006301758939891124,0.0006295774660429832,0.0005230359948008326,0.0006818248039483886,0.00039559815,0.0009717885013253785,0.0009172768002598603,0.0005540272504627557,0.00042344034517697253,0.00042576957,0.001002525207242535,P4 Sovereign crisis
2010-07-01,0.0019812943260464,0.002108785519936,0.0017017036320229,0.001899018184835773,0.003514932022815514,0.0026811503945970215,0.003565941,0.003157199169165303,0.002796357580125897,0.0030311765773207164,0.00315107768278952,0.0032148866,0.002915360552983111,0.0012549694863280504,0.0007217634586836787,0.0006734557532936045,0.0005575393974591592,0.0010874582144907586,0.0004994723,0.0010857322864014352,0.001007723131285234,0.0005670421425737049,0.0004304589878480811,0.00043793433,0.0011193451097851448,P4 Sovereign crisis
2010-07-02,0.0017087574593227,0.0020400129701327,0.0017348420182581,0.0020041246606688256,0.003222685287276682,0.0023979987926278728,0.0032676198,0.002619413795593452,0.003100697902334848,0.0029377252601696852,0.002514127783446608,0.0028598143,0.0024693600972498114,0.0012080642030724111,0.0007255078495530745,0.0006672071482526624,0.0005417891023486621,0.0007875270669284605,0.00046826366,0.0010444729754359233,0.0010000386911016778,0.0005547807458264546,0.00042531357801527694,0.00041359276,0.0010777420156700749,P4 Sovereign crisis
2010-07-05,0.0017043448225326,0.0018893663107454,0.0017000650740295,0.002162396744185316,0.0029469860010145625,0.0025268030417771124,0.0029545287,0.0023284275424199532,0.003214360804043346,0.0027998232061312483,0.002645983393798926,0.0028027492,0.002328796321537545,0.001111115335756731,0.0007140967164492722,0.0006691806863833383,0.0005507969520556319,0.0008701267685131592,0.00047113898,0.000975625266587187,0.0009811458444994171,0.0005688870153473338,0.0004270172094387724,0.00043977285,0.001001241202922514,P4 Sovereign crisis
2010-07-06,0.0010993362931826,0.0020799383701016,0.0018097619941579,0.002136924283937055,0.003006128925189941,0.0019751879502779503,0.0030528218,0.00251486680811962,0.003111273783940001,0.0028292134924669554,0.002133031562027566,0.0025912384,0.0022524318735021734,0.0012354407646157795,0.000756428428236105,0.0006358766005840216,0.0005417891023486621,0.0006401918430906963,0.00050455047,0.0010681423123963967,0.000877367176393309,0.0005547807458264546,0.00042868895121755165,0.00041359276,0.0011021652793880357,P4 Sovereign crisis
2010-07-07,0.000587495755006,0.0021416656545471,0.0019003810564539,0.0022766800267817497,0.003311850833003168,0.0024994719757720865,0.0037660627,0.003208118096357154,0.002991654556058067,0.0029753661238046225,0.002482125044610235,0.0029747533,0.0028096572976588703,0.0012793399918696413,0.0007698253186501304,0.0006537067094022763,0.0005575393974591592,0.000925509256527569,0.0004994723,0.0011068163406280044,0.0008647414083225667,0.0005589834186974374,0.00043011603018981004,0.0004395263,0.0011492654809868187,P4 Sovereign crisis
2010-07-08,0.0006857904729763,0.0020622532772694,0.0018079831463991,0.002274942251705812,0.002440413365141243,0.0017971830351700864,0.0027388474,0.002087258138205401,0.002757554817345049,0.0022809432451806554,0.0018626121297482027,0.002475239,0.0020412485255754146,0.001224851905753531,0.0007539824549619227,0.0006400174983604899,0.0005417891023486621,0.0006045845191640206,0.00050034764,0.001058987354494163,0.0007921485568525783,0.0005547807458264546,0.0004342974511432314,0.00041359276,0.0010927187134978935,P4 Sovereign crisis
2010-07-09,0.0008246664983009,0.0018999626397131,0.0015659796963406,0.0023317308407115648,0.002510250190306568,0.0017261897854459894,0.0027102742,0.0021639185608875173,0.002377312934055327,0.002328279081404935,0.0019877088037550637,0.0026615313,0.0021576806265370774,0.00111953282841459,0.0006910425682477883,0.0006371691228579977,0.0005485252218480582,0.0006185821887701481,0.00048573076,0.0009926414688854438,0.0007538268824700502,0.00055849965591819,0.00044176507713015724,0.00043635635,0.0010182492500287403,P4 Sovereign crisis
2010-07-12,0.0009467885993808,0.0017502258091486,0.0015191321244259,0.0022979907516297625,0.002430715994664306,0.001621238846707284,0.0026700953,0.0019105687552389118,0.0020895873440607304,0.0022526493029344317,0.0018751692280832518,0.0026213042,0.001954455892106584,0.0010231235923312957,0.0006805865793353468,0.0006234325242905468,0.0005289287235456616,0.0005649967028689759,0.00045502553,0.000889791764839253,0.0007317868159744137,0.0005532251900442602,0.00043871286081856846,0.00042067564,0.0009198640137191759,P4 Sovereign crisis
2010-07-13,0.0006689327847442,0.0017089208986278,0.0014961847158963,0.002237221721307665,0.0022198035959950604,0.0016068888144998576,0.0024589638,0.0017601635083970334,0.0018698455681825372,0.0018665924038534108,0.0015169514026224943,0.002280954,0.0017645143525565417,0.0009980741453404158,0.0006918158028651312,0.0005980861817150593,0.0005398079217308206,0.0005880241790072835,0.00047171442,0.0008628113106531245,0.0006837776118548548,0.000554414257051238,0.0004478772724496657,0.00043894033,0.000891267495646038,P4 Sovereign crisis
2010-07-14,0.0010255330736492,0.001568606284213,0.001319661776838,0.002052685941771523,0.0015751847693352813,0.0012681955067969477,0.0016764527,0.001483715957951901,0.0016340286824314387,0.0016008097338716493,0.0013760804678779233,0.001622803,0.0015884658231696141,0.000910367146352135,0.000645438922634101,0.0005670895830827553,0.00044728612840969447,0.000507429124966192,0.0003207852,0.0008162080892755341,0.0006675620348554441,0.0004983502763973467,0.00044024389651145724,0.00035851172,0.0008455614658846392,P4 Sovereign crisis
2010-07-15,0.0011531786364306,0.001609292419274,0.0014505108446565,0.002091893214071977,0.00220377758038481,0.001707025577183068,0.0028385865,0.0021521531959837977,0.0017578156443923874,0.0019351474133455506,0.001929968002774825,0.0025097914,0.0020915177016425624,0.000944869718958486,0.0006932545916200759,0.0005857258297605727,0.0005590351475909586,0.0007110840935596192,0.00048057063,0.0008295266419209626,0.0007331315666945267,0.0005707065078881107,0.00043991492264924934,0.00042200807,0.0008567648296462631,P4 Sovereign crisis
2010-07-16,0.0010448410108293,0.0015515300035261,0.0015021364207464,0.00225716572971913,0.002540208329567475,0.0018963175571745966,0.0034363396,0.002136822768709977,0.0018213016228109033,0.0021691265204992977,0.002065816285438029,0.0029030056,0.0020348779116205642,0.0009126609768023687,0.0007002430889677744,0.0006151628948626592,0.0005575393974591592,0.00072310202191619,0.0004832016,0.0007895853244626055,0.0007759264231297696,0.0005566249952683352,0.00044065487262566526,0.00042453659,0.0008143642297181407,P4 Sovereign crisis
2010-07-19,0.0009930763876633,0.001497794949726,0.0015553732361306,0.002556800232895117,0.002792971871607022,0.002192728425080301,0.0036148063,0.0022411887224355735,0.0020593750483946177,0.0023793103752725235,0.0023497157707161134,0.0033220986,0.002088239010998797,0.0008831655012318267,0.0007105421358943887,0.0006494576041716729,0.0005575393974591592,0.0008040174625793025,0.0005305839,0.0007640674210565212,0.0008549314503462149,0.0005670421425737049,0.0004328290058464692,0.00046615687,0.0007877219292616163,P4 Sovereign crisis
2010-07-20,0.0009941986879053,0.0013754828646379,0.0014226079495337,0.0023448414434765093,0.0023404143910263305,0.0020458648225480836,0.002706743,0.0017513711186792342,0.0019207427121070333,0.0021313876043764727,0.001660861574945158,0.0024495746,0.001749943698101228,0.0008072645312997269,0.0006699979883875557,0.0006333645992201367,0.0005229041855384326,0.0007396318440841199,0.00036617738,0.000708824273206607,0.0008237162377744096,0.0005537949665037221,0.00042544350873471523,0.00039712328,0.0007339865394455043,P4 Sovereign crisis
2010-07-21,0.0007590788297002,0.0013976696422204,0.0016382873933084,0.0023125930040591657,0.0028896265274412736,0.0022244170701429676,0.0033810514,0.0019072860322635764,0.0018395072516001441,0.0024277677987786512,0.0021901831297308823,0.0027838396,0.001705545224604237,0.0008248564096843448,0.0007320064919739949,0.0006044773657096711,0.0005417891023486621,0.0007351430349746556,0.00046826366,0.0007131576503461382,0.0007822493312676117,0.0005547807458264546,0.00042865368454204336,0.00042151453,0.000735873480358644,P4 Sovereign crisis
2010-07-22,0.0002665554915899,0.0014723144720617,0.0017166601295666,0.001992322549309146,0.002647140843694645,0.0018839511514187298,0.0031040683,0.001781263884555408,0.001639419300158148,0.0022320453683712218,0.0017199819336901317,0.0023971938,0.001640349025908838,0.000875915707461088,0.0007493833232883073,0.0005618610547090312,0.000539253270040078,0.0006259870654600534,0.00047814046,0.0007577507898426227,0.0007125356870183203,0.0005550819884311358,0.00043846412460986427,0.00040379624,0.0007851097753205433,P4 Sovereign crisis
2010-07-23,0.000224655720073,0.0013759477501837,0.0015720518654486,0.001709985734084745,0.002224849601813928,0.0016327803768657542,0.0026796537,0.0015201609173741762,0.0014783053506812137,0.0019542880813457745,0.0016946755240062135,0.0024904811,0.0015391153416018002,0.0008171033887992557,0.0007092989996925654,0.0005473891445348887,0.0005438091740390036,0.0006089199178149921,0.000512894,0.000730262075673234,0.0006794352331654605,0.0005652967753672899,0.0004571156237445461,0.00042782587,0.0007491745661720438,P4 Sovereign crisis
2010-07-26,0.0003835490073106,0.0012969523272388,0.0015750024331645,0.0015935793499968136,0.002121548252793952,0.0014462345949070787,0.0023737473,0.0013420819065004955,0.001352206054884484,0.0019696994193203177,0.0014652209931552333,0.0021421236,0.001361263173401822,0.0007683589955194827,0.0007133882653948862,0.0005317896525445479,0.00046816892739074475,0.00052183679416864,0.00047585458,0.0006717629940635817,0.000616633186079973,0.0005075492348216778,0.00044793679888173856,0.0003974476,0.0006999173483528966,P4 Sovereign crisis
2010-07-27,0.0003822552171506,0.0011929168714045,0.0015144519653736,0.0013688334571941667,0.001926345296938195,0.0013650006247549146,0.0022168644,0.001167548119480891,0.001170385852045048,0.0017941837918824905,0.0014375126412072715,0.0020978036,0.0012559338885434887,0.0007051054322098565,0.0006876628585419808,0.0005100381269031968,0.00046124196954819925,0.000519339017329157,0.00048109752,0.0006404491811776452,0.0005477601308678245,0.0005053623416784818,0.00044233249014066144,0.00040636674,0.0006582239638838678,P4 Sovereign crisis
2010-07-28,0.0002607072186261,0.0011567492597275,0.001486126744719,0.0013266262426392917,0.002231360186231531,0.0015749240586127348,0.0032143812,0.0014282776515961285,0.0011449941732286646,0.0020081316577846846,0.0017866814294470893,0.0028893352,0.0014372731306194887,0.0006882722275491102,0.0006977351186710914,0.0005216000491216835,0.0005477437033598163,0.000634429350288306,0.0005285456,0.0006090567728129553,0.0005531247390096562,0.0005685436537022387,0.00045316845430681184,0.00045365407,0.0006278447490805155,P4 Sovereign crisis
2010-07-29,0.0002626527247584,0.0010634573418245,0.0010197300029296,0.000952914662199383,0.0009540071812598346,0.0011355572324121368,0.0010103678,0.0009376650682510713,0.0008722322100905972,0.001153746932384043,0.0011978071276096023,0.0013962174,0.0011317182072512735,0.0006323539763864337,0.0005708760235025264,0.000484300727114306,0.0004817471565819957,0.0005517954032445105,0.00031469288,0.0005819992292377943,0.0005054255585954265,0.0005320957607284264,0.00044699382461224136,0.00037376396,0.0006028313439246473,P4 Sovereign crisis
2010-07-30,0.0003899695036498,0.0009776541953468,0.001020321975171,0.0009156137609473055,0.0009137807150712291,0.0010984107971814823,0.0009628013,0.0008641129820264733,0.0007576037328298063,0.0011585202609300915,0.0012777364677691715,0.0013127712,0.0010222272191444093,0.0005816617267334614,0.0005817415893406831,0.00046286230859890595,0.00046712337280233035,0.0005310344098411815,0.0003463801,0.0005373009019103563,0.0004628296248437561,0.0005370475639469606,0.00046286672724981374,0.0003841731,0.0005565149623409325,P4 Sovereign crisis
2010-08-02,0.0004181502632055,0.0009946254308355,0.0010282284229563,0.0007012447948532965,0.0007977173264744905,0.0010079681782467595,0.0008943883,0.0009340732490424107,0.0006111224919208291,0.0008887965086913803,0.0009629945386553737,0.0010598605,0.0009959796384340276,0.0005971084828578146,0.0005803575592589388,0.0004174448839804744,0.0005081286565209273,0.0004878039615835407,0.0005665239,0.0005431076263562351,0.00040532850094832416,0.0005434122443834675,0.0005248760484704014,0.0005258651,0.0005574225746215704,P4 Sovereign crisis
2010-08-03,0.0004872977985042,0.0009152106178312,0.0009269925936481,0.0005811815381327693,0.0007432215532284453,0.0009199880728202983,0.0008787612,0.00090665554549633,0.0005148651692734209,0.0007610296309263239,0.0008608286306023452,0.0009898242,0.0008816079478116066,0.0005505978556800981,0.0005317255284537249,0.000379223658729922,0.0004455620377525422,0.0004674603660448523,0.000462757,0.0005033629639328191,0.00036470722856915414,0.0004947632652110551,0.0004718285391473115,0.0007170666,0.0005210675064636004,P4 Sovereign crisis
2010-08-04,0.0012492224691295,0.0008420808571126,0.0008850461966038,0.0004830682828471375,0.0007160006585014009,0.0008243852823787422,0.00073898653,0.0008220646849476073,0.00046184140859308677,0.0008328180286919768,0.000993963813962245,0.00074265926,0.0008441172078246471,0.0005084649450184212,0.0005283192733328285,0.00034103849107869555,0.000400963286186801,0.00043568020967851606,0.00035360287,0.000476574674739247,0.0003570165429829913,0.0004717045643369868,0.00047162489047102496,0.00039501028,0.0004922639928596733,P4 Sovereign crisis
2010-08-05,0.0012720410522459,0.0007752015800364,0.0007495684178313,0.0004187397780070469,0.000703309086361397,0.0007552806013089437,0.00074295147,0.0007667133607617615,0.00041520657548133977,0.0008048437800987691,0.0008554903045299663,0.0008119248,0.0007921440144998835,0.0004705655389964379,0.00048270137232726915,0.00031037013593916734,0.00040185210652056154,0.0004042053998330412,0.00038492205,0.0004423615310597573,0.00033733784117579373,0.0004717045643369868,0.0005047225456611604,0.00040257617,0.00045736422078114926,P4 Sovereign crisis
2010-08-06,0.0013372156223002,0.0007785496517303,0.0007371838140031,0.00039067794214992115,0.0006635960891001051,0.0008006321148512842,0.0008894454,0.0008309014726285628,0.0004334152414422831,0.000798324971667273,0.0009679064692845184,0.0011286724,0.000885520411058725,0.00048045704006402745,0.0004767570024273155,0.0003006426924384606,0.0004781156470246552,0.00045613705183392746,0.0005500655,0.00046024306952753617,0.0003592325611443012,0.0005150502451246945,0.0005245065209671699,0.00044923378,0.00046976679422437755,P4 Sovereign crisis
2010-08-09,0.0010666250721134,0.0008237542852325,0.0007514758023531,0.0003879022130741774,0.000680647632652542,0.0007979287394575398,0.0007564628,0.0007931269683581442,0.0004494871360387877,0.0008034686230937659,0.0008620277292082706,0.0009984503,0.0008651652960629515,0.0005135925903722529,0.00048197300268459746,0.0002869918099518194,0.00047037522206737234,0.00041500741117284426,0.00046739183,0.0004876401615755903,0.00036276995825808885,0.0005087955243770135,0.0005183852414382251,0.00038999488,0.0004970424360663727,P4 Sovereign crisis
2010-08-10,0.001242468061188,0.0007948528071744,0.0007708265094577,0.00041031972145170396,0.0007030283303908838,0.0008733320653484344,0.0007824907,0.0007515039180019929,0.0005419407114217383,0.0008299113894523561,0.0010832768862864997,0.0011689449,0.0008677244379958701,0.0005002282549957339,0.0004838966622486236,0.00029626534929784985,0.0005349054341591235,0.00047301489637492015,0.00048199575,0.00047601993866967107,0.0004191614109350218,0.0005639203163621659,0.0005045932051331772,0.00045215743,0.0004831518621216186,P4 Sovereign crisis
2010-08-11,0.0004814944948398,0.001076239553387,0.0010468337592065,0.0005012199657997062,0.0013729430207237686,0.0013900556634320394,0.0016349806,0.0014072321405892466,0.0006960749756240471,0.0011377186058810472,0.0017824000706244151,0.0017377492,0.0014044079999219001,0.0006926121128202186,0.0005608239468427993,0.00035266902152538223,0.0005575393974591592,0.0007174739130016793,0.0006898403,0.0005992108501712633,0.0005011693275040107,0.0005618007935375395,0.0004560727592661489,0.0005658348,0.0006178715323945218,P4 Sovereign crisis
2010-08-12,0.0007973430056588,0.0010042158136712,0.0009731942040794,0.0005704610853842088,0.0012493184408337089,0.0013519252420567235,0.0013505999,0.0011213676777068532,0.0008411888008403803,0.001108963288686749,0.0013758295678530698,0.0015164876,0.0012084071760320738,0.0006462375093995881,0.0005312087573453665,0.0003993750705768956,0.0005514125495492332,0.0006040030623798939,0.00064947514,0.000570918211508754,0.0005818648620042174,0.0005700943719878505,0.0004502358661616262,0.0005887332,0.0005830335638978185,P4 Sovereign crisis
2010-08-13,0.0008822667926357,0.0010174948528448,0.0010345760577894,0.0007046685715428103,0.0013200880471277775,0.0015100788220034234,0.0016514112,0.0013574780610675105,0.0010849222432795598,0.00114853282428747,0.001686776313631881,0.0017679905,0.001364861201412435,0.000657676910113419,0.0005530096207464203,0.0004624961793530644,0.0005575393974591592,0.0006825336383022387,0.00067618344,0.0005689867866191428,0.0006804464651484107,0.0005670421425737049,0.0004541526705379949,0.00058488135,0.0005866018585902294,P4 Sovereign crisis
2010-08-16,0.0009467700833758,0.0009456666866721,0.0009156752821645,0.0007463312842513859,0.0012143849612773886,0.0013697020527401295,0.0013826588,0.0010688054989214627,0.0012566772452565732,0.0010889969516037943,0.0013100614191979994,0.0015054089,0.0011708520842477093,0.0006116102718948901,0.0005156001445786823,0.0004893802706250473,0.0005501799189756071,0.0006280931776137761,0.00064077706,0.0005422884468148369,0.00075221722895028,0.000568637542260356,0.00043849532640427834,0.00057766883,0.0005521162542003942,P4 Sovereign crisis
2010-08-17,0.0042471784182625,0.0009603368799619,0.0009707445429272,0.0007736787773031672,0.0012496982012404963,0.0012781113638813302,0.0014232945,0.0010955960452560683,0.0013928948193902713,0.0011443777363735722,0.0013008067081632657,0.0015159721,0.0011316167214563677,0.0006206945325192365,0.0005348736601813868,0.000492304495647683,0.0005417891023486621,0.0005657369921146618,0.00066896033,0.0005366425588709523,0.0007444803369700447,0.0005547807458264546,0.00044355279367594603,0.0005464097,0.000553735947883707,P4 Sovereign crisis
2010-08-18,0.0042821684749915,0.0008850662005234,0.0008013214971219,0.0007518588458504182,0.0008048810429421027,0.0009217227300169231,0.0010016579,0.0009231467338380479,0.0013411199564093749,0.0008936681931881466,0.0010279208038837689,0.0011856959,0.0009992959846842043,0.0005726360498483015,0.0004887618391111892,0.00048451921124776417,0.0005197701688793712,0.00047367671221305104,0.0005600407,0.0005466464078106615,0.0007322597552140397,0.0005480702682645285,0.0004914800958466036,0.00049362873,0.0005559585320543462,P4 Sovereign crisis
2010-08-19,0.0040364315562199,0.0009736456949479,0.0009569730580866,0.000866321617318798,0.0012881729701461455,0.001218861045407558,0.0016582888,0.001303773469047575,0.0015883015079613584,0.0011192304869392122,0.0015833755975130934,0.0017594586,0.0012989376306591475,0.0006349484719498313,0.0005407033313933708,0.0005253101906177247,0.0005575393974591592,0.0006234747542228726,0.00061823387,0.0005493233610119681,0.0008098607604420584,0.0005670421425737049,0.0004639874216564286,0.0005418566,0.0005663296795543036,P4 Sovereign crisis
2010-08-20,0.003765428378654,0.0010276055555901,0.0009526709950426,0.0010303796198624687,0.0013030684337946156,0.0012983915782394202,0.0016395445,0.001359412386209852,0.0018208270036440557,0.0011042352961120958,0.001631123048447868,0.0017413597,0.0013609941962048138,0.0006728698614788508,0.0005367243395501989,0.0005716400756192644,0.0005575393974591592,0.0006271467995694182,0.00060599373,0.0005821309132316875,0.0008717958263154843,0.0005615676512762751,0.00046829600927819355,0.00052690174,0.000599982336395151,P4 Sovereign crisis
2010-08-23,0.0036857693768905,0.0009713331334788,0.0008671423682106,0.0011165518283919808,0.0010840195284925085,0.0011636755693900662,0.0012142053,0.0010153238414838017,0.0019010964495343608,0.0010121318704911996,0.0012292448171889831,0.0014959775,0.001115416300134105,0.0006344677891413306,0.0005046135629110238,0.000583180411239793,0.0005283601109867796,0.0005048457771167629,0.000653061,0.0005437959981917018,0.0008719724222270298,0.0005519155129274738,0.0004681475626491196,0.0005588929,0.0005648393303596851,P4 Sovereign crisis
2010-08-24,0.0003152852357529,0.0024358940157688,0.0019116444207704,0.0016401762746959428,0.004923367320814088,0.0034609581566209776,0.0040737414,0.00377964173071486,0.002457340248279251,0.002225818954000078,0.002289462847729298,0.003054812,0.003334412750356207,0.0016033889785590028,0.0007613303097737505,0.0006603203249896414,0.0005575393974591592,0.0016132562141499944,0.0004994723,0.001387166142800278,0.0009622366197387479,0.0005670421425737049,0.0004274285724639763,0.00043793433,0.0014301109563107494,P4 Sovereign crisis
2010-08-25,0.0007123466313084,0.0022428206572906,0.0018459088846322,0.0019342795612968858,0.004228429206819244,0.003075471538658659,0.0034303279,0.0028650540509092782,0.0026876125327696607,0.0021176286370350626,0.0020442391126091163,0.002608173,0.002708400965485165,0.0014585697394672848,0.0007347806466781942,0.0006806767138187216,0.0005306436893783448,0.0009684496664976748,0.00046187738,0.0012617415836754537,0.0009943840096080507,0.0005487475517834696,0.00042595639201357824,0.00041822233,0.001306760097865265,P4 Sovereign crisis
2010-08-26,0.0006501765550257,0.0020879376898598,0.0018625453690157,0.0021470276380190167,0.003040284873456367,0.0026905463583325366,0.0031405266,0.0024502205879691316,0.002699054823701585,0.0016682550607816688,0.0017936238458974838,0.00222483,0.0023176685770884727,0.0013424831034400894,0.0007427191242686492,0.0006797333077838894,0.0005316166742033241,0.000840758163208127,0.00045401682,0.0011507203634414718,0.0009864642898923875,0.000542118531878893,0.00042806920623146116,0.0004666052,0.0011916262863517033,P4 Sovereign crisis
2010-08-27,0.0010338361292195,0.0019157638550998,0.0017951976176156,0.0021464162775437614,0.0029112882482187547,0.0022324932693637512,0.0029635727,0.002251737032327592,0.0025814985604674006,0.0016414501931490417,0.0014115694216966864,0.0021352817,0.0020962503089216335,0.0012191462317220805,0.0007234856718046793,0.0006608603818705431,0.0005249178453979708,0.000723884365873628,0.00043879857,0.001062527977824376,0.0009765005815655009,0.0005542975382503705,0.00042893304460022184,0.0004804839,0.0010977682172908336,P4 Sovereign crisis
2010-08-30,0.0010401871426294,0.0017576381027721,0.0017508732249183,0.0020399450623571143,0.0029112882482187547,0.0021894563485009427,0.0029590814,0.0021178671242052366,0.0021841129084778925,0.0015996888797096074,0.0013825129327805679,0.00212424,0.0019630050908549844,0.001108515943114604,0.0007055923758734349,0.0006304701316402689,0.0005229041855384326,0.0007262363311998485,0.0004216051,0.0009733401843520479,0.0009240731694057057,0.0005449670829225797,0.0004360634813220602,0.0005136815,0.0010157134966390139,P4 Sovereign crisis
2010-08-31,0.0009418759724172,0.001675165563276,0.0013488026667004,0.0019517698143805416,0.0017440406071722936,0.0013335155935691294,0.0015954934,0.0016370465474939931,0.0019208749051201992,0.0011081980946380638,0.0009139671107597218,0.0012420809,0.0014667945310566054,0.0010484386841024635,0.000684303337513924,0.0005966664342526907,0.0004229660091377166,0.0005336579805766133,0.00027127887,0.0009350787729159545,0.0008568971467882344,0.0004865590188816931,0.0004793065597759197,0.00045685034,0.0010150289501953012,P4 Sovereign crisis
2010-09-01,0.0005892227707269,0.001702171257753,0.0015384728174909,0.0018317139349015,0.002094283384167477,0.0014008098601980701,0.0016681318,0.0017523390436425086,0.0015332276314728383,0.0011435589669623737,0.0009753824226982232,0.0012701695,0.0015005489575631201,0.0010608860474650079,0.0007167164918011551,0.0005576141175034015,0.00045829108697490817,0.0005107999866388768,0.00032595336,0.0009277377655918638,0.0007806504001012426,0.0004971390389263604,0.0004806738996554116,0.00047652703,0.0010053031193272633,P4 Sovereign crisis
2010-09-02,0.0006244169640695,0.0015804048377638,0.0015009597365692,0.0019360232872498676,0.0018551428930172757,0.0014699856569763364,0.0019959097,0.0016003273235010917,0.0014280173383667773,0.0011491548525216127,0.0010721946268008873,0.001477894,0.0014815485108165287,0.000979094253556427,0.0007032458354866103,0.0005532263522510116,0.00048001903682901964,0.0005645957940758479,0.00037659783,0.0008805568874487524,0.0007848187489510082,0.0005192632972642906,0.00047764964568829446,0.0005249226,0.0009042824622732244,P4 Sovereign crisis
2010-09-03,0.0002318409093122,0.0015992524343497,0.0016881242554743,0.0020153086722766783,0.002433698017971125,0.001546813149174401,0.002523348,0.0017283662595977613,0.0013033362712209237,0.0014978936180628619,0.0012646992133888558,0.0016124824,0.0016022949571288484,0.000988145032882953,0.0007448743926906528,0.0005348729834107013,0.000479006164459867,0.0005341928254705604,0.0004907866,0.0008722359795894319,0.0007184098299116082,0.0005103856311599469,0.0004610544686052846,0.0003853157,0.0009025768887696456,P4 Sovereign crisis
2010-09-06,0.0003806273352598,0.0014683836713675,0.0016472648685015,0.0019627066645490758,0.0021695741038908144,0.001499380088382883,0.0024073385,0.0015398058031039822,0.0011097457836063763,0.0013873980710574802,0.001342299351521678,0.0016078621,0.0014746702008166697,0.0009011131658731022,0.0007245345641788759,0.0005176069124887687,0.0004532308129130069,0.0005276996770558392,0.0004548476,0.0008060856173994088,0.0006690458450773366,0.0004935078212544016,0.0004748101437576942,0.00040827756,0.0008344937213269632,P4 Sovereign crisis
2010-09-07,0.0003570600476925,0.0013876765708009,0.0016423928287085,0.0018069543403586186,0.0021878442840439403,0.0016230210749015627,0.0023595765,0.0014194052156696665,0.0010973786503127483,0.0014942044600664676,0.0015452852530746055,0.0018047747,0.0014076782496969266,0.0008500024311923422,0.0007319830969853258,0.000520161983538861,0.0005269087383756484,0.0006134520946219381,0.000444112,0.0007467906207709095,0.0007081756197729454,0.0005609227028179534,0.00045317260443564477,0.00043754856,0.000774147870558783,P4 Sovereign crisis
2010-09-08,0.0002769326500943,0.0013157385117988,0.0015124301534646,0.0017926916268430813,0.0018651536714921308,0.0017330760388305053,0.002069148,0.0013185586504325117,0.0011648194164865452,0.001427041403796994,0.0017021943498198185,0.0016410195,0.0013948493254594468,0.0008054177113307988,0.0007112737593490142,0.0005399848596846018,0.0005447359207279764,0.0006801844324210723,0.00036450085,0.000700407236302306,0.0007596054411606148,0.0005665741888800814,0.00045177820881334217,0.00040836513,0.0007294095582428211,P4 Sovereign crisis
2010-09-09,0.0005365775111185,0.0012302929215111,0.0015221062685352,0.0016693702329991643,0.001829992768678325,0.0016014100626452444,0.0021069301,0.0012231648653197908,0.0010960241418106014,0.001372148823538708,0.0014896786814186573,0.0016442059,0.0012922978363470708,0.000750461745042824,0.0007118406724186776,0.0005361985039264693,0.0005187749157725521,0.0005970153038999855,0.0003723108,0.0006571662752429933,0.0007579938511671711,0.0005426977843252169,0.0004666576389209056,0.000375745,0.0006801466822120595,P4 Sovereign crisis
2010-09-10,0.000753294173267,0.0011304409740456,0.0011610619337278,0.0011881183777600291,0.001029379584945585,0.0012715727063954043,0.001142478,0.0009937016419480295,0.0009197743766491771,0.0009932406506802777,0.0011442191076795171,0.0012436388,0.0011845953615882256,0.000687912634236715,0.0006153337701347549,0.0004892580238820991,0.00047600473668239757,0.0005929589815688888,0.00034973698,0.0006319380590350187,0.0007293493233620221,0.0005394354506755262,0.0004250267912761067,0.00039238215,0.0006558477227720853,P4 Sovereign crisis
2010-09-13,0.0007005276287803,0.0010941789076188,0.0013370133588318,0.0010266875284336541,0.0009902179593060246,0.0013756367939530042,0.0010161507,0.0009016813667271361,0.0008280430566887702,0.0009886183006395577,0.0012883438758147453,0.0012363232,0.0011106148274709516,0.000666457779714366,0.0006753446859447305,0.0004548997326720802,0.0005131839335247725,0.0005864424091618615,0.00034451252,0.0005997293500198943,0.0006590206052417866,0.000545687148867956,0.00045840547141003763,0.00037954093,0.0006205659876871865,P4 Sovereign crisis
2010-09-14,0.0006810165777423,0.001034431812506,0.0012950727017025,0.0008936132895386109,0.0009696419470136586,0.001319850463928875,0.00095853605,0.0008377662389141985,0.0008368569107900188,0.0009627384044581938,0.001287595874239303,0.001081763,0.001057557857772538,0.0006321347405451328,0.000662360363416081,0.0004435749501211449,0.0005111799459995974,0.000609350212176425,0.00035392976,0.0005769384809718561,0.0006775434149989309,0.000550395240814203,0.00047759798862049457,0.0003868747,0.0005920585908493577,P4 Sovereign crisis
2010-09-15,0.0008757921932861,0.0009510103724134,0.0012137913933857,0.0007839996214988411,0.0009234953494755814,0.001156044014050197,0.0009386683,0.0008246998710384818,0.0007973641547118288,0.0009327645005931973,0.0011989301654068776,0.0009906387,0.0009625761937909187,0.0005815013506034415,0.0006347314759533433,0.0004224608283682681,0.00042473213200328513,0.000535618393146661,0.00028703138,0.0005338145683297736,0.0006773543452244922,0.000485105029909993,0.0004522624413295001,0.0003511884,0.0005541797646617299,P4 Sovereign crisis
2010-09-16,0.000644237588055,0.001028132566321,0.0013928031845776,0.0007820561432996774,0.0012880883414418522,0.001547300226195905,0.0014540202,0.0011348786526586046,0.0009240295121732446,0.00108756532526323,0.0016501648338005373,0.0014748332,0.0012433400347781332,0.0006390467582299707,0.0006836332397050294,0.0004440833704939046,0.0005493732718916818,0.0007101854271473597,0.00041734587,0.0005559581466439055,0.0007459218043375509,0.0005651817540953219,0.00046088281084447286,0.00038954252,0.0005766172110988385,P4 Sovereign crisis
2010-09-17,0.0004520746523841,0.0010491349176393,0.0014889270816377,0.0009085896048889669,0.002427995129298539,0.0018405487948444789,0.0030561239,0.0014759214647354088,0.0012813635028658668,0.002290942597124562,0.0021028617507896185,0.0029340072,0.0014324725560359993,0.0006577377783734608,0.0007000181231372435,0.00048735472784283365,0.0005575393974591592,0.0007765542877129,0.0004608953,0.000569039446572922,0.0008515853130208676,0.0005670421425737049,0.0004374057902661493,0.0004315216,0.0005866561488259372,P4 Sovereign crisis
2010-09-20,0.0003843115813356,0.0009995831227783,0.001427866509182,0.0008327857842990973,0.0012713677474460274,0.00166886997170241,0.0011662574,0.0009523259604868621,0.0014210338998519132,0.0013278916903478643,0.001763789665976818,0.0015784098,0.0011093135420057884,0.0006263826520425983,0.0006835344355994291,0.00048682797869375614,0.000532099176463038,0.0006738090124358938,0.0003334751,0.0005370791318518245,0.0008556864851523228,0.0005531561619433366,0.00043359909507622094,0.00039144995,0.0005579641983284266,P4 Sovereign crisis
2010-09-21,0.0004171725766822,0.0009288289948134,0.0013711666654951,0.0007713328645378908,0.0011614686090705418,0.0014633259915894242,0.0010582703,0.0008576246349292744,0.0014931283593454113,0.0012812461310644932,0.0015721342466294853,0.001471072,0.0010063596272865492,0.0005820839012953392,0.0006659626412660035,0.00047779880650967765,0.000530279213072803,0.0006195804831087932,0.0003422536,0.0005039096966695076,0.0008356304578621771,0.0005545947158153901,0.0004445057213749747,0.00039951605,0.0005218300229580309,P4 Sovereign crisis
2010-09-22,0.0002242794643708,0.0009486894235686,0.0014531646313559,0.0008464417034943007,0.0015657039926875711,0.0017801860723769371,0.0017395754,0.0012050618974875787,0.0017825636639034292,0.0015360251297231258,0.0020713263925332638,0.0021125164,0.0012365965342605479,0.0006002369489248827,0.0006857182755377487,0.0005070785705301967,0.0005575393974591592,0.0007808142593140766,0.00039614443,0.0005192928131230117,0.0008966108570827745,0.0005670421425737049,0.000439676556862827,0.00042396245,0.0005353694259589313,P4 Sovereign crisis
2010-09-23,0.0001795219141709,0.0009216113893935,0.0007483838883534,0.0008341968618043004,0.0008490284832822768,0.0009968765741537862,0.0009044293,0.0009615227148014246,0.002060777428424444,0.0011214118707366721,0.0015200374100859946,0.0014426828,0.0010870669648320706,0.0005863183400617285,0.0004707535457480684,0.000522739257220065,0.0005455393698040863,0.0005342874746718209,0.0005664645,0.0005352000242060986,0.0009456011781006823,0.0005647857185980609,0.00044619992549799686,0.00047581267,0.0005569255642393791,P4 Sovereign crisis
2010-09-24,0.0001830728006046,0.0008544478193241,0.000706067270832,0.0008859889747673674,0.0006908928331639517,0.0008585468991283731,0.00080702786,0.0008384955845702376,0.0023589817702797298,0.0009927435783477184,0.0011576402094020995,0.0013769445,0.0009330079837863145,0.0005442314746609046,0.0004596642468075751,0.0005342660619258623,0.0005235710809661363,0.0004456193477831726,0.00052836153,0.00052164035008923,0.0009916914382737984,0.0005555829267238896,0.00047570946562048026,0.0004578779,0.0005396502776016047,P4 Sovereign crisis
2010-09-27,0.0001551572808817,0.00080644776397,0.0006809259816116,0.0009406261982830677,0.0006977284261500448,0.0009085647792943878,0.00072740606,0.0007958246872912868,0.002574220103136183,0.000995718590290259,0.0012787385424423764,0.0014204151,0.0009038192729963509,0.0005165992356822624,0.0004535667350312651,0.0005494024814963586,0.0005357855165306393,0.0004948901169297122,0.0005609975,0.0004913700089567428,0.0010229930607955934,0.0005598443940717738,0.000481304376675472,0.0005293202,0.0005070810305147324,P4 Sovereign crisis
2010-09-28,0.000328020262646,0.0007777288989351,0.0007025850205639,0.0010357698630653232,0.000803243936269654,0.0010105076455313796,0.0008952365,0.0007852927769709039,0.0029377174543588525,0.0010931961143159404,0.0015048743064162932,0.0014850473,0.0009006618995667599,0.0005020488413033294,0.00046132654711378236,0.0005727946238363506,0.0005370474058438322,0.0005433779822594818,0.00050257385,0.0004558750324484804,0.0010761065931647676,0.0005616115149087547,0.00044754000152112607,0.0005032567,0.00047716425537559705,P4 Sovereign crisis
2010-09-29,0.0004392998585833,0.0007189770783425,0.0006347016355965,0.0010818834001429987,0.0007155450016235155,0.0008725619514537745,0.0008854364,0.0007432909294501687,0.0028874729701720316,0.0010909224646773095,0.0014144154250327282,0.0014825836,0.0008191193684818301,0.00046687847885001953,0.000441196077606636,0.0005765657105623364,0.0005010759032763665,0.00048166175475278304,0.0005513149,0.00044515559316485683,0.0009904855263414374,0.0005487009056807021,0.00043806151567282346,0.0005167248,0.0004612828769980516,P4 Sovereign crisis
2010-09-30,0.0004414099487072,0.0006786188192311,0.0006064058019568,0.0010414735527391526,0.0006349579848630399,0.0008020459071655905,0.0008059969,0.0008128032256133511,0.0025649409299868865,0.0009794326655357256,0.0013329397310422233,0.0013725787,0.0007855500541877836,0.00044306874997925824,0.00043788476361064193,0.0005613719101265689,0.00048329532097692024,0.0004413759971623462,0.00055531634,0.0004624102571721547,0.0009279440076020469,0.0005326114527890147,0.00045224472646515537,0.00045167515,0.0004734663051412067,P4 Sovereign crisis
2010-10-01,0.0004182810778211,0.0006423525841203,0.0005307676497689,0.0010220740668005282,0.0006811327220577222,0.00079131784714772,0.0009068053,0.0008186829659232479,0.0024501006274751775,0.0010026427525703001,0.0014274702159431485,0.0016284449,0.0007974226671207956,0.00042363134224471233,0.0004040930931627231,0.0005583202529873554,0.000535495729707193,0.00045580408574705554,0.0006988302,0.0005092208610941222,0.0009188825741151813,0.0005658800146206035,0.00045230150451458913,0.0006408245,0.0005080128547142081,P4 Sovereign crisis
2010-10-04,0.0004233331183312,0.0005936739472432,0.0005101001149682,0.0009582104801728547,0.0006221615913387237,0.0007231003998666675,0.0008129816,0.000653958361592056,0.0021421029642356487,0.0009718043174877546,0.001333842026685228,0.0013632609,0.0006738564813556758,0.0003950623990131295,0.00039574339145222805,0.000540549342372219,0.0004765247777728773,0.00041597910065355615,0.0005253389,0.00045616416607898754,0.0008672870477409004,0.0005354488066927936,0.0004517005646842702,0.00051351887,0.00047015795289501904,P4 Sovereign crisis
2010-10-05,0.0002093936652506,0.0006362816904633,0.0005430237439762,0.0009086620585046397,0.0006272663067602104,0.0006946321520216107,0.0006978624,0.0005482806927976892,0.0019162789229880256,0.0009370924233472838,0.00117606607966005,0.0011679546,0.0006356893414836215,0.00042509027968256046,0.00040264372503105966,0.0005158352175296877,0.0004416055433281685,0.000363977347495737,0.00048317586,0.00041278888128991586,0.0008142779161377817,0.00048739811968787246,0.00046315314330551215,0.000457397,0.000431964206917807,P4 Sovereign crisis
2010-10-06,0.0001477672976183,0.0006263414700497,0.0005848519826326,0.0009045616536213525,0.0006290028240915057,0.0007068728293132393,0.0006801231,0.0005036492661926114,0.001826654507468699,0.0007821943618405368,0.0008980870765303285,0.0010929102,0.0005444669075811684,0.0004204944192080614,0.0004144445445560756,0.0004976070449053476,0.00046004755565316584,0.0003582127388600915,0.0004935281,0.00041379666424398254,0.0008034965361680593,0.0005007718851428555,0.00049709560397273,0.0007504397,0.0004305861874383853,P4 Sovereign crisis
2010-10-07,0.0002520843418814,0.0006068883570403,0.0005774179320685,0.0008947212763823926,0.0006339011236064302,0.000743569045370449,0.00066691363,0.0005085889021125986,0.0018270016288842658,0.0009341056829973314,0.001094682915500565,0.0011938267,0.0005960619308954409,0.0004117258493757526,0.0004102884396170859,0.0004984560794736949,0.0005207909479223219,0.0004011961331088185,0.00055075367,0.0004391315952568281,0.000836295475603908,0.0005618244904263782,0.0004914932323806569,0.00059276016,0.0004458610767680659,P4 Sovereign crisis
2010-10-08,0.0002692095077766,0.0005644789272063,0.0005487624352682,0.0008520441336144754,0.0006116288593274357,0.0006833060911467642,0.00066379743,0.0004992463866362326,0.0018388020579462997,0.0009293667897858038,0.0010700844793699199,0.0011523007,0.0005848543707208687,0.0003870907928959228,0.0003961386277550813,0.0004937461399307827,0.00045602080741806124,0.00036862944765316425,0.00053829624,0.00043047142281121457,0.0008719364337900542,0.0005092965811709288,0.00047843185929183433,0.000505598,0.00043340391094580567,P4 Sovereign crisis
2010-10-11,0.0002711309868615,0.0005239181113743,0.0005405887853623,0.0008121738150673958,0.0006066642132831854,0.0006774367402218577,0.0006181623,0.00043848053204090503,0.0017609299661421169,0.0008996440956567642,0.0010574981871399425,0.001128492,0.0005268197401015048,0.00036314633957468544,0.00039361688831489984,0.00048378609838101475,0.00044565131175962683,0.00035888375992744264,0.00046416433,0.0003952920632039449,0.0008556200388270798,0.0005020704881437206,0.0004840960906105688,0.0004919735,0.0004036219627840633,P4 Sovereign crisis
2010-10-12,0.0002842938789884,0.0004995502183653,0.0005004346357324,0.0009029012405577476,0.0006203788374844912,0.0007069636256205171,0.0006608092,0.00044743987703959595,0.0017300290615316117,0.0009359031031603981,0.0011315638532496284,0.0012747899,0.000521969562281403,0.0003510445288606881,0.0003882191282736322,0.0004962256033274699,0.0005035864093987707,0.0004120126007786381,0.00053609634,0.0004115607688073319,0.0008616922800826199,0.0005542513416775693,0.0004900802337649907,0.00055996946,0.0004194399706854208,P4 Sovereign crisis
2010-10-13,0.0002483118570877,0.0004782743728631,0.0004604931075117,0.0008510946967286472,0.0006093374525332164,0.0006801378525009765,0.00076588715,0.0006262303208978097,0.001618672416779001,0.0009541732676891168,0.001119639183973814,0.001389288,0.0005787137485011683,0.00033938259943320847,0.0003760326196129444,0.00048464295329057763,0.000484610857139254,0.0003978940787243096,0.00056170207,0.0004521451902875828,0.0008144564063811241,0.0005383435140011314,0.00047108326089906815,0.00052501325,0.00045543025629526636,P4 Sovereign crisis
2010-10-14,0.0010369736438739,0.0005198188357869,0.0005189245938658,0.0008621339413735299,0.0007019771375065811,0.0007700333357322126,0.0008742419,0.0005221281728929539,0.001632641980215907,0.0009578954010119465,0.0012158962255793275,0.0015159858,0.0005801567174810003,0.0003713377338989743,0.00039584362646620443,0.0005010222674566096,0.0005279096524404474,0.00045525134756640165,0.0006698132,0.00041493541705585975,0.0008336630111871041,0.0005587846090650663,0.0004824731049661046,0.00061233627,0.0004333776286376678,P4 Sovereign crisis
2010-10-15,0.0011246904937415,0.000494149515773,0.000521369181459,0.0009697021596716723,0.0006797636739844583,0.0007833457591234114,0.00077922974,0.00046581476622920204,0.0017583697947429126,0.0009829661647919458,0.0011548611429544756,0.0013744282,0.0005225615767706534,0.0003572629691494355,0.0003933641716467917,0.0005230070889917889,0.0005304722071009727,0.00043495131092444997,0.0005852196,0.0004170209097099212,0.0008815286999102565,0.0005630540542974761,0.0004823108943681719,0.00056628766,0.0004245972431257748,P4 Sovereign crisis
2010-10-18,0.0011166109181939,0.0004602091324345,0.0004549177050356,0.0008451498964351295,0.000642042971925074,0.0006821671538608867,0.00072602415,0.00049698976671591,0.001716577314916879,0.0009385991785937632,0.0010449683022725135,0.0013629919,0.0005154508887303014,0.0003367576946767022,0.0003626983862965102,0.0005086670315921594,0.0004958379631874458,0.00038993161899551835,0.0005230364,0.0004340967913026222,0.0008961308532178004,0.0005291619814650814,0.0004856349881248997,0.0005277818,0.00043121936120689246,P4 Sovereign crisis
2010-10-19,0.0011239397605038,0.0004478250071196,0.0004214632426521,0.0007950021297900105,0.0006314011673774803,0.0006490705082542664,0.0007648055,0.0005296043407119938,0.0014416481814237567,0.0008894863270529648,0.0009030566136106242,0.001325434,0.0005111364114401334,0.0003318051569421144,0.00034738861401404644,0.0005079995749978311,0.0005192057715217353,0.00039616056151280923,0.0005720224,0.0004637249705305062,0.0008727162861677272,0.0005338613174141768,0.0004844400186066742,0.00046592442,0.000439199218572137,P4 Sovereign crisis
2010-10-20,0.0011179189146909,0.0004251928573571,0.0003926778256154,0.000791732484481772,0.0006454840598676466,0.0006504444297788175,0.00076879095,0.0005346999207212607,0.0013397999522925868,0.0008779747439911282,0.0009053549464113707,0.0012600553,0.0004933162603247276,0.0003196761818151674,0.0003342688430207533,0.00051334575551327,0.0005157689536413004,0.0003979355766487824,0.00056638237,0.00043282689258702375,0.0008729958221067206,0.0005370056203377145,0.0005169647918322399,0.0005259719,0.0004178444458454554,P4 Sovereign crisis
2010-10-21,0.0001726623559284,0.0007671647451844,0.0007182190651163,0.0007812883026147597,0.0009230238576543332,0.0007952549562270951,0.0009132273,0.0007937605569502,0.0012440152373062942,0.0010142349535538393,0.0009892677054268038,0.0013956057,0.0008072981695389967,0.0005426884495727723,0.00045410968832460696,0.000487832419872789,0.000523884358368229,0.0003761888303705385,0.00069982087,0.0005222101137860091,0.0008170222345807101,0.0005535451851928383,0.000498815110869921,0.00053945655,0.0005412321059934172,P4 Sovereign crisis
2010-10-22,6.29449277849586e-05,0.000762018737744,0.0006956760293845,0.0007850410123157244,0.000907109015275536,0.0008105467445985574,0.0010481783,0.0008420393921725903,0.0011913755900910196,0.000892592248526888,0.0009163809593021935,0.0014987829,0.0007967416216927642,0.0005389790942217289,0.0004412056225662502,0.0004901554663398788,0.000552576819038428,0.00041958092691763793,0.00073571876,0.0005308874235979868,0.0008181425979299654,0.0005709045060102344,0.0005382275673324751,0.0007989693,0.0005487379131828538,P4 Sovereign crisis
2010-10-25,6.284711156319807e-05,0.0007068239396046,0.0006609043224464,0.0007743397388272715,0.0008709860759507293,0.0007694266713020244,0.0010155301,0.0007621443255823581,0.0010917356938011339,0.0007730400489724552,0.0007677660234865037,0.0012003025,0.000716158145883189,0.000501543626106208,0.0004243219547111913,0.0004889819744053202,0.0005405092142571386,0.00039116710300657315,0.00070991466,0.0005274698013623383,0.0008074312520832044,0.0005625469363560435,0.0005422771321963331,0.000824049,0.0005361207066282485,P4 Sovereign crisis
2010-10-26,5.436139901052071e-05,0.0006768366797705,0.0006752621446578,0.0008112966328457932,0.0008830474334395397,0.0008079341880305709,0.00096296065,0.0006801814319420815,0.0011348119523435524,0.0008649807909076927,0.0009007283386298927,0.0012879674,0.0006967385472061338,0.0004819421668671038,0.00043241266261450436,0.000504470747364051,0.0005462584931348255,0.00041194751370658104,0.00066327007,0.00048410003087521846,0.0008402182628449009,0.0005708449576537556,0.0005379101321680848,0.0006469685,0.0004987335951216296,P4 Sovereign crisis
2010-10-27,6.410666349653015e-05,0.0006313202292098,0.0006623952250243,0.0008071848553522613,0.0008767618483514228,0.0007803238200423786,0.0009741427,0.0006126609290362233,0.0011598454633977976,0.0008542610393473694,0.0008701617069051251,0.0012468983,0.0006478705274841504,0.00045205342173954374,0.00042559470461945827,0.000508048995633882,0.0005418395830022814,0.00039392753481961267,0.00065950974,0.00046834484968187183,0.0008631363726707161,0.000572554350279032,0.000528238451505875,0.00061375287,0.00047742012147507056,P4 Sovereign crisis
2010-10-28,0.0004003869429559,0.0005842257476141,0.0004996869512509,0.0007422584744237087,0.0006031296064907807,0.000693247354572303,0.00078944844,0.0006957410997462672,0.001169703677654477,0.0007654542035059594,0.0010008265832723367,0.001189811,0.0007070414351697173,0.00042140634367811617,0.0003870477705616143,0.0004924125431951143,0.0004944409976337648,0.00043332857967056683,0.0006204704,0.0005527614470884985,0.0008924674627264914,0.0005350955821784375,0.00047998276449643377,0.00055041694,0.0005514742662599997,P4 Sovereign crisis
2010-10-29,0.0008050284627023,0.0005395838137536,0.0004309217801589,0.0006580525124559325,0.000550693489568833,0.0006010791087487279,0.00068014517,0.0006128990255414637,0.0011210238365683529,0.0007246168090786766,0.0008914394035466948,0.0010491463,0.0006258611357547676,0.0003927221385610939,0.00036711947702895226,0.00046169451022955903,0.0004661978959276947,0.0004188528750849623,0.0004924675,0.0005061534090888776,0.0008914100144519025,0.0005274773840339083,0.00046763367496171685,0.00046342952,0.0005080348397638636,P4 Sovereign crisis
2010-11-01,0.0008526571964105,0.0005034156059105,0.0004344376190492,0.0005827710337515046,0.0005677341642725411,0.0006181755558576378,0.0007863107,0.0006131572495594934,0.0010654541665708196,0.0007395853536955519,0.0008801357298804973,0.0011979891,0.0006166732923402601,0.0003703798410384364,0.00037373252151402564,0.0004349905991709804,0.0004957386064896092,0.0004280622140982911,0.00059807004,0.0005191059993889571,0.0008740255963653401,0.0005422750508898726,0.0004967756982487796,0.0004923626,0.0005132490062944084,P4 Sovereign crisis
2010-11-02,0.0012073387935539,0.000476562407377,0.0004328706428677,0.000529233094526829,0.0005387628386607302,0.0005812038281378043,0.0006357032,0.0005478404530357766,0.0010213579866980998,0.0007002652711883564,0.0008912301386958886,0.0009434311,0.0005452566307403111,0.0003534056495859275,0.00037743172500379697,0.00040597924525280634,0.00042103505370043244,0.0004015133874303584,0.00048003334,0.0004512259651227034,0.0008688610635083848,0.0004738666879829913,0.0004781376512546399,0.00042204707,0.00044748273555198745,P4 Sovereign crisis
2010-11-03,0.0016670696615817,0.0004459875024269,0.0004426697239992,0.0005029865864822142,0.0005350783495639256,0.0005701897656375494,0.00063350506,0.0005009753265244067,0.001041369757872858,0.000694013921564387,0.000889296877426519,0.00091698655,0.0005019487338521929,0.00033443274324677935,0.0003790390524253831,0.00038447822697962216,0.0004072052054196381,0.00038736413079624863,0.00045334318,0.00042545867222599593,0.0008806749285858728,0.0004638472652543945,0.00047284904338435417,0.000422771,0.0004232865708891515,P4 Sovereign crisis
2010-11-04,0.001582859868681,0.000540150694127,0.0005937118499647,0.0004796059109435723,0.0005927343253294692,0.0006326838951679841,0.0005308349,0.0004275449684379685,0.0011046208252869418,0.0006681244424270255,0.0007717996739295892,0.00074515975,0.000505734510712686,0.00039591050044962014,0.00042114940634195846,0.00035784661820462767,0.0004304200909152423,0.00034749973871399056,0.00043005953,0.0004057009944524095,0.0008971899348055952,0.00047240554344681025,0.00048685787231992874,0.00038806527,0.000423423119102005,P4 Sovereign crisis
2010-11-05,0.001179359746413,0.0006866756944873,0.0007182106624235,0.0005269027627019683,0.0009944737643201886,0.0008735910552505501,0.0011340614,0.0008491879542757249,0.001477939602291164,0.0012123743591211584,0.0016497714533406356,0.0018537244,0.0008735927200954934,0.0004953194362249822,0.00045756630933463404,0.0003829118411902176,0.0005547682524162151,0.0004878396010567753,0.00060062396,0.00047380985503276763,0.0009696080506862192,0.0005692892572615026,0.00043741682778653543,0.0004880025,0.0004930857301205012,P4 Sovereign crisis
2010-11-08,0.0011889650948715,0.0006498439077342,0.0007144271853998,0.00054901073179309,0.0008491902563378762,0.0008086464808924557,0.0009523691,0.0006430181109688782,0.0016256916817762924,0.0011299139715745983,0.0013754156940179979,0.0015806926,0.0006986216453871859,0.00046904520573229515,0.0004521290900492972,0.0003918199981880065,0.0005225557262306802,0.0004004059614223565,0.000535849,0.0004647148341034696,0.0009645551365228643,0.0005507778546262671,0.0004530181971871852,0.00045186342,0.00047952248141283285,P4 Sovereign crisis
2010-11-09,0.0010831974599731,0.0007483230051703,0.000847445516691,0.0005803932812818342,0.0010217167727927317,0.0008787202612696606,0.0011507404,0.0007927019187801744,0.0016239208862419302,0.0013230118438171514,0.0015445019943018854,0.0016163947,0.0008306024369310525,0.0005307365798740785,0.0004955286895547044,0.0003926416302912321,0.0005372639830428274,0.00041140535618454344,0.00069609436,0.000508435071417608,0.0008236614275863344,0.0005584673090732029,0.0004305791392074821,0.0004909288,0.0005205691561032903,P4 Sovereign crisis
2010-11-10,0.0008288620584768,0.0009099334277368,0.0009942788943059,0.0006947700322128522,0.0013412518220933078,0.0012336150068585304,0.001558481,0.0012210141134397865,0.0019193333532346083,0.0015428401993451551,0.002200971220228612,0.0019811187,0.001215464723190175,0.0006380345985609238,0.000537081452643675,0.0004404155316770163,0.0005575393974591592,0.0006150836415972979,0.0006898403,0.0005519933122243994,0.0008506914065534305,0.0005670421425737049,0.0004297461164481367,0.000572007,0.0005690822888949591,P4 Sovereign crisis
2010-11-11,0.0015079447269501,0.0009574312389041,0.0010346686716143,0.0008545813138142212,0.001351964977299854,0.0014594786972081152,0.0016661388,0.0013324879239899744,0.002417651779153468,0.0016054407260291568,0.0022650972563145345,0.0019329906,0.0013095488978295989,0.0006677083819657211,0.0005497093666978327,0.0004987294331686938,0.0005575393974591592,0.0006879556909262096,0.0006989801,0.0005776654780047313,0.0009302926959466132,0.0005670421425737049,0.00042828509633423246,0.000572007,0.000595549230685049,P4 Sovereign crisis
2010-11-12,0.0015755254251251,0.0008805839432176,0.0009522526096641,0.0009025857232066458,0.001182170612440577,0.0011632663190672202,0.0013793249,0.0010026763520104179,0.0023945395222558672,0.0014817117540968238,0.0016176920247328794,0.001615105,0.0010201859869164332,0.0006133214511791147,0.0005210853064707036,0.0005171428003855304,0.0005230359948008326,0.0005144905854428986,0.00072238134,0.000540243812843565,0.0008322027792235229,0.0005540272504627557,0.00042717274730510584,0.0005725254,0.000558305804650204,P4 Sovereign crisis
2010-11-15,0.0017383694841344,0.0008306330323804,0.0009569275368768,0.0008964761325746138,0.0011352974618767146,0.0011370798129604987,0.0012640592,0.0009121494316901791,0.0022653792929768083,0.0014162037553340243,0.0019456829986610187,0.0016271739,0.000950698784303821,0.0005770707867830628,0.000529057874080649,0.0005122751251104907,0.0005297443392956544,0.0005091246063208219,0.0007527157,0.0004992197657747145,0.0007638306475898858,0.0005532541063392438,0.000429369844022545,0.0005897132,0.0005158024688728268,P4 Sovereign crisis
2010-11-16,0.0026254227080819,0.0008997001690029,0.0010103674602736,0.0010178857096192558,0.0013261859770943474,0.0014242911149561295,0.0016349806,0.0012094340551601645,0.0023896309059881922,0.0014650428632115272,0.002280939269909836,0.0019811671,0.0012051582290010967,0.0006228658981681639,0.0005508279664001747,0.000546616204214153,0.0005575393974591592,0.0007002611491674791,0.0006989801,0.0005388701662526538,0.0007850629888402421,0.0005670421425737049,0.0004300561448674422,0.000572007,0.0005555528678282277,P4 Sovereign crisis
2010-11-17,0.002469154090582,0.0009104783783215,0.0010164991298221,0.0011057489094319069,0.0011732830418528495,0.0011939843948132745,0.0013473369,0.0009897568434161417,0.0023833235474944015,0.0014123124177633625,0.0018519747812162132,0.0016569571,0.0010334918158796534,0.0006257197779258243,0.000558407427642521,0.0005513902821629886,0.0005417891023486621,0.0005278131052930395,0.0005631276,0.0005409873056226279,0.0007637405513008682,0.0005547807458264546,0.0004337149193944866,0.0005308165,0.000558219085534801,P4 Sovereign crisis
2010-11-18,0.0016753112018464,0.0012050679908077,0.0012973973766318,0.0011404753804638219,0.0012852332219823698,0.0011710605102715481,0.0011902493,0.001183105201937541,0.0023258777691174807,0.0015237947802186017,0.0016839434089311886,0.001552311,0.0012751473985255358,0.0008133209011258895,0.0006310107741811881,0.0005281339198967697,0.0005306643558430614,0.00047539657900117486,0.00046112968,0.0007169450886245993,0.0006938538702838685,0.0005561114757481005,0.00043411247642789253,0.00041668877,0.0007409235818521951,P4 Sovereign crisis
2010-11-19,0.001627135942007,0.001129433778789,0.0012942506704144,0.001188751529136,0.0011479158190044018,0.0011438264378061604,0.0010884787,0.001035797918102167,0.0021365467396429086,0.001393299021693582,0.001548904232078227,0.0015272641,0.0011644949199812258,0.0007577483739697979,0.0006237284646174523,0.0005158163883407516,0.0005181347894285409,0.00047202329839204167,0.00044832448,0.0006637899957775623,0.0006094653787952411,0.0005525285925069936,0.00043599521782884605,0.00042542786,0.0006889984764298925,P4 Sovereign crisis
2010-11-22,0.0014198850474069,0.0011458365275074,0.0011689874392907,0.0013281276347849728,0.0012531052167493897,0.0012935318333276242,0.0015774603,0.0014800208208428493,0.002511969932849733,0.0015403155239704913,0.0020285691781917617,0.0018464589,0.001465495205898306,0.0007668796759367938,0.0005877284411116218,0.0005430834488319238,0.0005575393974591592,0.000576878363305978,0.00073802134,0.0006634631622684709,0.0006828660417776319,0.0005670421425737049,0.0004294125099577873,0.00059499114,0.0006840030968124106,P4 Sovereign crisis
2010-11-23,0.0002588580980688,0.0015757403008507,0.0014832691044744,0.0016800968036589832,0.001736744491618668,0.001839601135782964,0.0017292278,0.0019238357400475472,0.003380777368003238,0.0018132190069892406,0.0022597686446612316,0.002098867,0.0019678318309489574,0.0010497262030230846,0.0006674063322284292,0.0006087662523239524,0.0005575393974591592,0.0008313748273960199,0.00042930187,0.0009081668063806822,0.0007899452765027116,0.0005670421425737049,0.0004275018880914825,0.00043026285,0.0009362824393485453,P4 Sovereign crisis
2010-11-24,0.0005215190765407,0.0014683228010031,0.0014585494533311,0.00195191384975467,0.0015183935945535802,0.0017201663326758378,0.0014394444,0.0013926314623677687,0.003925392777915872,0.0017300098493942847,0.0021972526432108416,0.0020413958,0.0015800403106474303,0.0009697047005861165,0.0006565329370368382,0.000631956072816799,0.0005295875625696028,0.0006280189130934289,0.0003808242,0.0008328476374509846,0.0008687860585004954,0.0005516052636400654,0.0004272651033646398,0.00041486992,0.0008639502814462095,P4 Sovereign crisis
2010-11-25,0.0008264347933576,0.0014161426506288,0.001411039444315,0.0022370007228443363,0.0017157355145600314,0.0019318769814358119,0.0018886788,0.0016514355390051885,0.004485525098357695,0.0018964632973646398,0.0024242622131164905,0.0022415558,0.0017636166329500658,0.0009305799715411343,0.0006557419940697423,0.0006604361409847325,0.0005575393974591592,0.0007893791760891995,0.0005187741,0.0008049981852672835,0.0009530282639516839,0.0005670421425737049,0.00042741893028907683,0.00046615687,0.0008300123244082462,P4 Sovereign crisis
2010-11-26,0.0008209356585081,0.0013052472083667,0.0013909720100719,0.0023865309370741054,0.0015710618081725884,0.0018604362020394887,0.0014406826,0.0013009075460627697,0.00448750675601856,0.0017698127211958675,0.002050291742667827,0.0020101867,0.0014586781865525895,0.0008520660459694199,0.0006470868139987026,0.0006619764643214902,0.0005307732821461639,0.0007143364986683686,0.00038823826,0.0007410281664958034,0.0009046118228246119,0.0005551892313958043,0.0004272495608203471,0.00042610918,0.0007643501403066641,P4 Sovereign crisis
2010-11-29,0.000819070471468,0.0012103803673449,0.0013688607572932,0.002538757498105681,0.0016098952308123238,0.0017330394473795234,0.0016074467,0.0012313821788222327,0.004204536368842459,0.0018368062726486641,0.0020838634723870553,0.002083514,0.0013800210940417565,0.0007870144899912307,0.0006444315604400708,0.0006646079470653817,0.0005505475334848227,0.0006862276231533732,0.00045049872,0.000698503981438601,0.0007951356210295439,0.0005692644009181828,0.0004273393433300951,0.00043725446,0.0007104581335253769,P4 Sovereign crisis
2010-11-30,0.0010991395452883,0.0011203453342117,0.001094836524007,0.0026973641495958932,0.0010611033106728849,0.0012923118477706202,0.00116827,0.0009842312439530742,0.0038370768673885386,0.0013870014301913254,0.002129282082493332,0.0013938075,0.0011832756264920233,0.0007264266432224665,0.0006057222242760613,0.0006636887280374838,0.0005148971224680389,0.0005945681640386675,0.0004080429,0.0006852143109770994,0.0007520781377098625,0.0005494113358823907,0.0004288505963259378,0.00040746538,0.0006951989926255491,P4 Sovereign crisis
2010-12-01,0.0008083019788905,0.0011543089653686,0.0012804229218183,0.0026730734798459657,0.0012170364820906813,0.0013763847686091492,0.0012404674,0.0010211539614250551,0.0032896173252398393,0.0014266306673447688,0.0020078596761024686,0.0013657412,0.0011890570780581085,0.000745826391591216,0.0006517347587382216,0.0006374859301646152,0.0005327409431717767,0.000564693292056006,0.00039737267,0.0006650030259994664,0.0007002117601951377,0.0005493853819015862,0.00042886203561094547,0.0003642811,0.0006934756012881874,P4 Sovereign crisis
2010-12-02,0.0004595330248022,0.001230057784887,0.0014345163765341,0.0026007857904609103,0.001506914532517667,0.0013217121184767773,0.0014519023,0.0011239334500866701,0.0028100947496487454,0.0016164161980818646,0.002065212464547285,0.0014467929,0.0012553673726487871,0.0007922184114223139,0.0006840002042041614,0.0006043602539540777,0.00047790007017209943,0.0005088850715449137,0.00038416038,0.0006978734819708238,0.0006490476688347437,0.0004979896992477826,0.0004293266058283711,0.0003374574,0.0007219046453446889,P4 Sovereign crisis
2010-12-03,0.0004673386859147,0.0011398488760326,0.0014022524297419,0.0025383784451833372,0.0014024332548254288,0.001352168538204702,0.0014271383,0.0010494095086661522,0.0023546679338707784,0.0014873470619420162,0.002090580145531383,0.0015420254,0.0011761293230922773,0.0007321322025354908,0.0006678713578010649,0.0005912097297019968,0.0004826327980875454,0.0005404408322340908,0.00038742565,0.000665039880289814,0.0006162418609892654,0.0005141803692708971,0.0004303939593194891,0.00038966959,0.000675369000580107,P4 Sovereign crisis
2010-12-06,0.0005112203515687,0.0010513834028921,0.0013470256885784,0.0023389278637795745,0.001390577901612165,0.0012739928809087798,0.0013733519,0.0009432626565808211,0.0019295653379993595,0.001548518483872651,0.001782742035066502,0.0014288222,0.0010655410489901205,0.0006733696430163011,0.0006526952260090202,0.0005728538601036644,0.0004630119301915221,0.000496898950859508,0.00037205452,0.0005976055167759119,0.0005292143681369551,0.0005053158857248489,0.0004284784084109389,0.00037271003,0.0006174566962117293,P4 Sovereign crisis
2010-12-07,0.0002484215720674,0.0010757043996104,0.0014044788511514,0.0020233871528555674,0.0013888796797404358,0.0011940141894413135,0.0012619436,0.0009584595588637084,0.00155699919323323,0.001534394975067073,0.0018089720178118837,0.0013115205,0.0010829748632496462,0.0006881789439452,0.0006669133769242375,0.0005413470808492951,0.0004706912374567389,0.0004667499267318863,0.00041994618,0.0006049916718511473,0.0004463551291410955,0.0005044380192538167,0.00042789118471961456,0.00037856598,0.0006268963196025239,P4 Sovereign crisis
2010-12-08,0.0002157475504264,0.0010009288606304,0.0013302457880291,0.0019113700168019924,0.001266062000122791,0.0011627482947941254,0.0012089704,0.0008735644108707045,0.0013359867401639062,0.0014896303998545252,0.0018604889967846004,0.0012975592,0.000997680964194801,0.0006390631472073868,0.0006501622584334369,0.0005232583354434913,0.0004568262172028378,0.00047416003258692274,0.00033593512,0.0005632495854945295,0.00039411582374591306,0.0005003778279912681,0.00042794577138891834,0.00036136867,0.0005826832657646082,P4 Sovereign crisis
2010-12-09,0.0001309458219505,0.0009524652442871,0.0011927360919099,0.0017752350303230006,0.0009479570506234318,0.0011180234353391587,0.0009256173,0.0007562563169533033,0.0011844936986035474,0.0012794322266474953,0.0019096959830733524,0.0010689577,0.000921462621818223,0.0006076882879572263,0.0006260622737949038,0.0005067560389423305,0.00045309942041216823,0.0004845219504188563,0.0003055095,0.0005375969444068029,0.00036307789738350383,0.0004972691068227973,0.00042819147465596484,0.00033700105,0.000560152198249027,P4 Sovereign crisis
2010-12-10,0.0001573616974594,0.0008901092006887,0.0011078509377237,0.001524489912786646,0.0009128128741495477,0.001026635063874986,0.00091435283,0.0007843929219461029,0.0013221226154389002,0.001251076535363109,0.0017782748071662193,0.0013285839,0.0009069620743163165,0.0005694530635915358,0.000596577463319809,0.0004980797353130445,0.0004691442954505231,0.0004858464780111472,0.00033924638,0.000525284393175128,0.00042163501593532935,0.0005112151793607371,0.00042774150202372655,0.0003656249,0.0005340769986360274,P4 Sovereign crisis
2010-12-13,0.0001260171728577,0.0008384615710792,0.0010941901299642,0.0013523527912632418,0.0007941891557626942,0.0009658792277661617,0.00079533935,0.0007208924360047664,0.0013223595236570205,0.0011393008522896353,0.0017763383530127244,0.0012789826,0.0008246677175937885,0.0005371825764059541,0.000591968941666095,0.00048514134978594367,0.0004533440970088505,0.0004543055010072595,0.00045706565,0.00048800620609528583,0.0004182758133831568,0.0004989566307700539,0.0004279218641931877,0.00043864278,0.000501778641877653,P4 Sovereign crisis
2010-12-14,0.0003009486771352,0.0007892169110785,0.0009956953016344,0.00141857731282915,0.0007486555760809277,0.0009989802406918558,0.00079688325,0.0007017534873008363,0.001487433790319298,0.0011399357133160112,0.0018547609884031456,0.0011258771,0.0008129671930093011,0.0005085064258662064,0.0005757429057102346,0.0004964130635730163,0.0004545586926509987,0.0005230573167859042,0.0003297777,0.000473121530311796,0.000474341550903976,0.0005086853532790982,0.00042841888534467075,0.0003642658,0.000485184875789483,P4 Sovereign crisis
2010-12-15,0.0003046871674032,0.0007329502569872,0.0009609852992118,0.0013293134436998635,0.0007619151728580107,0.001006503296727025,0.0008969058,0.0006904153280311236,0.0014979944881953011,0.0011461018289813253,0.0019085361148330675,0.0012358287,0.0007818113708912318,0.00047510201683514215,0.0005648429879992881,0.0004981463121033501,0.0004905684293201355,0.0005265985500806568,0.0005381684,0.000450400770810622,0.0004993347881924843,0.0005501582356771742,0.0004287028642421219,0.0005319629,0.0004582122188682337,P4 Sovereign crisis
2010-12-16,0.0002964295594015,0.0006772816776172,0.0008608338551421,0.0011014114869325525,0.000704142441977483,0.0009116478616696277,0.0009967232,0.0008073808081745525,0.0014972051828469207,0.0011119114678062245,0.0017569752157676171,0.0012897541,0.0007795185537278233,0.00044166237000494286,0.0005410322520294414,0.00048084801759498594,0.00047102592037204276,0.0005156081224757192,0.00052784284,0.00046717014087751743,0.0005428272305027209,0.0005371678013548226,0.00042841979357673886,0.0004536817,0.00046919871320458956,P4 Sovereign crisis
2010-12-17,0.0002502843251918,0.0006515207359994,0.000863746450636,0.0010367084486786545,0.0007537425254230808,0.0009568119971184098,0.001021992,0.0008021742195633691,0.0017292910747270772,0.0011334213963822418,0.0017441681758127154,0.0013996705,0.0007920466542409002,0.0004293980143054706,0.0005408633786181083,0.0004869266152055534,0.0005102409026826044,0.000546793110496218,0.000591676,0.0004696032389761951,0.0006365540701387221,0.0005522841940201474,0.00042940147973367156,0.00052624487,0.00046848010658774315,P4 Sovereign crisis
2010-12-20,0.0002336346535232,0.0006091301151123,0.0006963807851391,0.0009574197773767317,0.0007281031607088443,0.000846265060368755,0.0010122595,0.0007031358408539578,0.0019602180427018613,0.0010912259502964554,0.0016805868109727492,0.0013710898,0.0006960332399386852,0.00040454378951347125,0.00048064748937547705,0.0004809395354955108,0.0004837186883457896,0.0004841967856076035,0.0005709716,0.0004529903385750658,0.0007244098663685873,0.0005388855686656068,0.00042960079882921803,0.0005008699,0.00045183927816033477,P4 Sovereign crisis
2010-12-21,3.837917359869535e-05,0.0006367402161557,0.0008144955535383,0.0009095938131653363,0.0007461826944716228,0.0008663188944780164,0.00085200404,0.0005654285175772901,0.002052795184503085,0.0011001783204044014,0.0016657922972839162,0.001158053,0.0006443776512000982,0.0004247565987805798,0.0005113802807105813,0.00046528836240033284,0.00044653538341723987,0.00044469747443780526,0.0005015138,0.0004035982496234425,0.0007231238809882565,0.0004957989034475033,0.0004296747114376826,0.00045513475,0.0004114814336110697,P4 Sovereign crisis
2010-12-22,3.241531305885467e-05,0.0005899064265528,0.0007630111265387,0.0007806825904977115,0.0006851208224600201,0.0007735841173891565,0.00083444576,0.0005041541904865765,0.00196992841910268,0.001060851217404633,0.0016527967693789256,0.0011058864,0.0005942669738123698,0.00039687102498253284,0.00048754429869559817,0.00044302952815833527,0.0004276986947170498,0.00041861425958671496,0.00046232564,0.0004029978670379478,0.0007361805122342853,0.00048465717922920926,0.0004311188405614914,0.0004144488,0.0004158070378525307,P4 Sovereign crisis
2010-12-23,3.096351230068091e-05,0.000546676631421,0.0005300213348135,0.0006302955739344242,0.0004979172569451745,0.0005746450910978408,0.00050036726,0.00048497298331953053,0.001968200644868073,0.0008531823489293095,0.001465972749179963,0.00089935213,0.0005588884175579098,0.00037215901670890444,0.000392204048262572,0.00041340239667417506,0.0003818140403468767,0.0003596709912863172,0.00043264046,0.0004240954924846536,0.000797634862452039,0.0004423539258001457,0.0004297840651915602,0.00040944922,0.0004355768880091443,P4 Sovereign crisis
2010-12-24,5.895825329096328e-05,0.0005083332307294,0.000507800503465,0.0005797853180560614,0.000494278563833677,0.000546971985914653,0.0004950469,0.00045751982386255043,0.0018781444140958594,0.0008100582002010694,0.0014840606733514787,0.0009275671,0.0005219930474589993,0.0003508437823153596,0.00038611979495932394,0.00040105345858759125,0.00036975578502259975,0.0003472597234270547,0.0004097892,0.0004104970564435649,0.0008091858118588994,0.00042345727449063955,0.00043183365725690646,0.00037620967,0.0004143538814240995,P4 Sovereign crisis
2010-12-29,4.831202803705564e-05,0.0004727689841653,0.0004822102426333,0.0005222713171618317,0.0004360686969301376,0.0005151481043116989,0.00038180352,0.0004225257299552487,0.0016957797983138127,0.0007787200618086942,0.0014127130080615116,0.0007725022,0.0004652194562492051,0.0003307574993864841,0.00037737714629380143,0.0003803182449042714,0.0003080254766201191,0.0003345143265797172,0.00029657822,0.00034989280131163573,0.0007565171230871995,0.00037804419872322723,0.00043119814132696607,0.0003336719,0.00036795106539110045,P4 Sovereign crisis
2010-12-30,4.210629508903392e-05,0.0004443460323374,0.000378228660755,0.0005003119765887886,0.000449412292219777,0.0004948058855016997,0.000581643,0.000634261776553202,0.0014647284434162091,0.0007942647627728448,0.0013830454492385397,0.0012328963,0.0005604662490090578,0.00031622531739310946,0.00035231411127144817,0.00037406301904490915,0.0003302979523688455,0.0003958186455473321,0.00051662984,0.00042713448267852656,0.0007210056676170571,0.0003882142341331526,0.00042985072036240055,0.0004749645,0.0004072716736639068,P4 Sovereign crisis
2010-12-31,4.136524838539101e-05,0.0004123607959198,0.0003668742469827,0.0004715872754646886,0.00044249327806842285,0.00048026297024094213,0.0006293266,0.0005359915497012374,0.0013267354713935023,0.0008102043188170455,0.0014515518651743154,0.0013829048,0.0004938400099169767,0.00029860366061042713,0.00034798484229974896,0.00036099325455693076,0.0003238694908925043,0.00038797184113567156,0.0005447392,0.0003809502325092803,0.0007186071879921835,0.0003870258262435818,0.0004307055664447845,0.00057859014,0.0003793120495395812,P4 Sovereign crisis
2011-01-04,0.0002526732212507,0.0003545899492915,0.0003402964765307,0.0005820598115699789,0.00033111546135872167,0.0004206943354725081,0.00043722664,0.00044078678482897127,0.0006666890490901578,0.0006094442034278977,0.0009111188589578267,0.0012547431,0.0003738909917306497,0.00028264266956602876,0.00033629347585597955,0.000337300690558399,0.0003266662053923693,0.00038031697607700916,0.00052570726,0.00036385974169257467,0.000698997827671795,0.0003896299439970199,0.0004324145106587584,0.0006136531,0.0003584696888184086,P4 Sovereign crisis
2011-01-05,0.0003126656895903,0.000347555216557,0.0003398654005978,0.0005092261733216203,0.00033852698844194317,0.00039052485383004926,0.00033599188,0.0004676906558114577,0.0006481943226667718,0.0005973749264692992,0.0008058797607700775,0.00089955365,0.00038365436312514707,0.00028085668199549785,0.0003298951943565534,0.00032851987337091676,0.0003260208799324665,0.0003762719206524266,0.00035151184,0.00037535206436211847,0.0006769585649283548,0.00037594018574392725,0.00043692871357746844,0.00033077167,0.00035769374996982725,P4 Sovereign crisis
2011-01-06,0.0004295252460094,0.0003236118112618,0.0002488518465754,0.0004565379047717765,0.0003033547598734627,0.00029693827476453974,0.0002958054,0.00046236704886580267,0.0006348864711247588,0.0005982883521778832,0.0009490265025252167,0.00087086007,0.0003637963032586587,0.0002683729045810571,0.0002732753694164602,0.0003170836293301943,0.00032189191833288856,0.00032970117911225997,0.00035951944,0.00037052342047679617,0.0007079450681794866,0.00038182482491121785,0.0004330861794339407,0.00033624851,0.0003560565242649964,P4 Sovereign crisis
2011-01-07,0.0004621597601895,0.0002996061805071,0.0002421889647309,0.0004361999846094626,0.0002963076191494132,0.00028512371324859146,0.00033543125,0.0003698085697682536,0.0006057092780021392,0.0005836548783158599,0.0009278444767221606,0.001083077,0.00031616392092502504,0.0002553845765657762,0.00027130694737425643,0.00030249252270595867,0.0003102269467370479,0.00031897805313644184,0.00045309422,0.0003289226838749415,0.0007288376742404321,0.00036956903876251185,0.00043247991430238217,0.00039763562,0.00032341193634537034,P4 Sovereign crisis
2011-01-10,0.0004618854884591,0.000282493630899,0.0002401852905193,0.00042075822817000614,0.00029846199037315043,0.0002892161826460069,0.00039509896,0.00039233863353755125,0.0005399082470144036,0.0005576042372733484,0.0007668997773232943,0.0012540111,0.00031408501252887467,0.0002469623440877225,0.0002706434584250907,0.0002933357910165729,0.0003089181149484413,0.00033089310118489246,0.00053329277,0.0003359695888712166,0.0007181134471660212,0.00035691236868594096,0.00043325759207953144,0.00039451942,0.0003180692419099699,P4 Sovereign crisis
2011-01-11,0.0002916940166849,0.0003486927685931,0.0003038105830352,0.00034904038262730165,0.0002960133545434533,0.00028395864231829193,0.00023483206,0.00028162107760592713,0.0004846665370973733,0.000553734250394084,0.0008234417350156569,0.00064306066,0.0003425275214092289,0.00028522179596470094,0.0002847440435155317,0.0002764794805701916,0.0002864160043358482,0.00028231218726154053,0.00028378394,0.0002880973526604085,0.0006483664382447305,0.00034338915178551237,0.000434303119349976,0.00029237414,0.00030132462813813125,P4 Sovereign crisis
2011-01-12,0.0003762704717606,0.0003566053167042,0.0003250583947865,0.0003098104492416775,0.00028837635343494995,0.00028632621260150665,0.00023084348,0.0002807922205480243,0.000461098025200362,0.0005570227114048026,0.0007916072704915096,0.00064337754,0.0003524420387072039,0.00028964317444056824,0.00029235500218277447,0.0002657026402117707,0.0002849611873729985,0.0002703287527916892,0.00027605036,0.0002900945416862672,0.0005856197826069647,0.0003483275777922643,0.00043475131821533444,0.00028443793,0.00030237093997092964,P4 Sovereign crisis
2011-01-13,0.0008166119377206,0.0003954095472343,0.0003481017011479,0.0003309707734519702,0.00036236906180216134,0.00032747092233447177,0.00034652153,0.0004143893542356759,0.00048694088139989084,0.000601215457131867,0.00072127000570143,0.0008982031,0.0004214763827521949,0.00031488439055743066,0.0002995678707593776,0.00027911057491051714,0.0004166251024884234,0.0003180195598063004,0.00047464264,0.0003891570679921508,0.0005831314094861534,0.00044244332532157333,0.00044204554466434326,0.0004133495,0.00038449511035814715,P4 Sovereign crisis
2011-01-14,0.0008286997649943,0.000376007215494,0.0003527969755975,0.00033630298801360433,0.000308128700503021,0.00031946114921684797,0.00025508337,0.00033470393492628184,0.00047433954330510414,0.0005674387353151834,0.0006557791753750545,0.00068489014,0.0003889201759706177,0.00030328002097949837,0.00029960533970894407,0.00028815623293948066,0.00032565820232089034,0.0002889992482723207,0.00028728167,0.00033116811337393753,0.0005935452106106059,0.0003841847369239872,0.0004493496567799601,0.00030815345,0.00033634548837908386,P4 Sovereign crisis
2011-01-17,0.0011016556495103,0.0003513887035377,0.0003339072278402,0.00034617513430821814,0.0003227813032212062,0.0003087611304647155,0.00028485688,0.0003821021157526817,0.0004866108660813318,0.0005961126770942159,0.0006918117207815707,0.0007132331,0.0003812515990628658,0.00028978481811419473,0.00028783031118917343,0.000299492293660649,0.00036400507003240764,0.0002878702839515185,0.00040852223,0.0003706770486462506,0.0006480252696709142,0.0004209308570213351,0.0004469111522084882,0.00037026976,0.00035717030385606506,P4 Sovereign crisis
2011-01-18,0.0010930681106918,0.0003383895198234,0.0003182966211026,0.00034287897436642887,0.00028960854639902657,0.00030406404825480726,0.00024684326,0.00029298383203000205,0.0004802093974916223,0.0005618532813762182,0.0007007452492386057,0.00069417746,0.0003476360932517113,0.0002820038418051487,0.00028904605215137355,0.00030451130408022957,0.00030014213359389434,0.00029273964522789474,0.00030773715,0.0003013987919108039,0.0006073934597331564,0.0003659040984953259,0.0004454036192161593,0.00030859312,0.0003121089718919349,P4 Sovereign crisis
2011-01-19,0.0009920428604358,0.0004078771278166,0.0003763267511179,0.00041138851640854375,0.0004703981589393581,0.0003973883159399961,0.00045356463,0.0004788260991351681,0.0005691308883541019,0.0006863653649410822,0.0007722903827108474,0.0009104386,0.0004624911874976354,0.00032535315329864327,0.00031705116488321515,0.00033823505929486653,0.000456113350911049,0.00038111739226982615,0.00049211254,0.00041317545056900436,0.0006574986929851282,0.0004696660276524298,0.0004480449257147764,0.0004700563,0.0004103487695211272,P4 Sovereign crisis
2011-01-20,0.0004921538615588,0.0006604234260712,0.0005701532093262,0.0006384792389456811,0.0008190914045741759,0.0006203944686619244,0.0007986533,0.0007642904717341055,0.0007531091436254487,0.000812155301733711,0.0009581713993042415,0.0010017637,0.0007587730432975504,0.0004770876385999559,0.0003924322990092924,0.0004071251161382591,0.0005448159682556639,0.0005074414612595109,0.0005381561,0.0005111049344664817,0.000732685977370476,0.0005484082862261929,0.00043492646725518233,0.00050124875,0.0005136038976513224,P4 Sovereign crisis
2011-01-21,0.0005020219988709,0.0006204543351807,0.0005625886618763,0.0007111159815612713,0.0007414999927933708,0.0005732777211356624,0.00069424644,0.0006100123855909119,0.000752594893833268,0.0007531706000176424,0.0007873532111320698,0.0009142246,0.0006845905688482421,0.0004514136357024114,0.00038586457472906054,0.0004390919063544189,0.0005086070794664174,0.0004133817842437447,0.0004894321,0.000487201397585114,0.0007435356430148644,0.0005161039902689881,0.0004564811154466248,0.00043228728,0.0004869322548595566,P4 Sovereign crisis
2011-01-24,0.0003980931932221,0.0006835234098706,0.0006562111644518,0.0006636919388835341,0.0007748855641046413,0.0006288190705643334,0.0006617505,0.0006825417946091132,0.0007348288742235415,0.0007647619901826123,0.0007625563140128255,0.0008945643,0.0007499394246219726,0.00048543388615539864,0.00041943187898834923,0.0004516566404464556,0.0005161682140675546,0.00041806333656357246,0.00059998845,0.00047286138970427724,0.0007562799866778002,0.0005289518017864228,0.0004583569147196101,0.00050792407,0.0004893041924245684,P4 Sovereign crisis
2011-01-25,0.0010353579748848,0.0006353090484136,0.0006047264737896,0.0006118933002144724,0.0007311741068033325,0.0005883610445595322,0.00068013964,0.0006219653591153701,0.0007405376909602782,0.0007830376423394347,0.0007471742452789249,0.0008837596,0.0006932587717151571,0.0004555079091871552,0.00039641143042066677,0.000457083336786868,0.0005108956458982771,0.0004042124508968592,0.0006062123,0.0004909240696459521,0.0008185673087339242,0.0005283334120455602,0.00045314915403587945,0.0005197267,0.0004951616393900516,P4 Sovereign crisis
2011-01-26,0.0010307578797857,0.0006088509794426,0.0006143368380771,0.0005812847885495016,0.0006835336457051859,0.0005477499234008643,0.0006516367,0.0005474648137540184,0.0007331531782756694,0.0007167074977341092,0.0006702820799496183,0.0008554899,0.0006503140469090047,0.00043836712080501866,0.00040358771982067476,0.0004607092315777999,0.0005080889802747069,0.0003697947145145682,0.0006026332,0.0004716017695375731,0.0008416638947507507,0.0005297637116506486,0.0004795814615919854,0.000528101,0.00047837568796891845,P4 Sovereign crisis
2011-01-27,0.0011116925049596,0.0005925672985562,0.000563911137648,0.0006424116895458929,0.0004245882298539398,0.0005036111737474327,0.00041118404,0.00046442598369387064,0.0007468116873973548,0.0006377383276300225,0.0005632382946136736,0.00081563956,0.0006176680062344958,0.00042962741119954905,0.0003985702966717552,0.00048422238691416436,0.0004589661353774111,0.00036726220794363695,0.0004733769,0.0004798374340776044,0.0008361354259268141,0.0004936532832896611,0.0005180126165356802,0.00042101595,0.0004769764499656058,P4 Sovereign crisis
2011-01-28,0.0013174753608742,0.0005769824256637,0.0005773178502425,0.0007374877273055648,0.000474185615396985,0.0005433718813600955,0.00048643813,0.00048105082992525657,0.0008161039307433586,0.000687817689116053,0.00061038161792329,0.0009082653,0.0006178151423581572,0.0004212717778331612,0.0004038497507788773,0.0005127921511105661,0.0005260089952315389,0.0003950677079635861,0.0005124183,0.00048136264693126565,0.0008753057411684551,0.0005602864941370492,0.0005220618016681165,0.000499841,0.0004861618052896016,P4 Sovereign crisis
2011-01-31,0.001218660469043,0.0006226115272624,0.0005943693870389,0.0009224053558879017,0.0005874028318964756,0.0006407975748968059,0.0005821638,0.0006506095067776533,0.0009708928826088626,0.000793972819934774,0.0008639187371305266,0.0009956154,0.0007109865652804997,0.0004496146861067096,0.00041816479378754346,0.000554186608141445,0.0005453815811422333,0.00048536351075071136,0.0005883376,0.000443892203480795,0.0009591685465028824,0.0005627828132790908,0.00046503230566994567,0.00056924514,0.00046252091215498323,P4 Sovereign crisis
2011-02-01,0.0005770873233326,0.0008614114421838,0.0008437410603917,0.0008682422241723501,0.0009056657139205817,0.0007682646076667242,0.00087748794,0.000904643346215852,0.0010195250087530424,0.0008552907204073592,0.0009372814179416421,0.0009933278,0.0009375189483615146,0.0005860291088477379,0.0004924404041014899,0.0005507317895133998,0.0005389597969576604,0.00044663766205974123,0.00066969625,0.0005366669016209498,0.0008941370361514527,0.0005535626083011441,0.00044634791212752996,0.0004870215,0.000554698428188162,P4 Sovereign crisis
2011-02-02,0.0008375345032042,0.0008266691132547,0.0008455360286431,0.0009552902850674397,0.0008944057071944233,0.0008552865090004143,0.000854626,0.0008550886131654755,0.0010879304450537267,0.0008698926657623477,0.0009476967552923363,0.0010678058,0.0009317617199159699,0.000565473429467924,0.0004896769442791164,0.0005699897309434692,0.0005452000269862117,0.0005169993893694287,0.0006026258,0.0004986541808902217,0.0008671089974015466,0.0005639968053770195,0.00045413382387479603,0.000562953,0.000519407563613353,P4 Sovereign crisis
2011-02-03,0.0006999219570675,0.0008097235927496,0.0008891408366152,0.000984391138434063,0.0009028971891903117,0.0008170502155534708,0.00087081076,0.0008424178788507841,0.001114825260015975,0.0008797178862736288,0.0009241135603079824,0.0010685286,0.0009041334598403919,0.0005529051701359461,0.0005039010687172927,0.0005758116688061327,0.0005417891023486621,0.0004585624081686863,0.0007091879,0.00047954277665948,0.0008235114565712896,0.0005547807458264546,0.00045229222606677833,0.00057445886,0.0004937963012121848,P4 Sovereign crisis
2011-02-04,0.0005764266664527,0.0008483239180932,0.000966526610393,0.0009501773102896729,0.0011213299869228357,0.0008202773432458311,0.0011499558,0.0009572849819479019,0.0011172976495342384,0.001008644321210599,0.0009467750729592359,0.0011789767,0.0009244348059718917,0.0005727579586886807,0.0005261949040736374,0.0005610259496308318,0.0005434196944002263,0.0004353724114149672,0.00072167657,0.0005219891137376976,0.000751356169780105,0.0005584045691451954,0.0004491128854540906,0.0005325867,0.0005328492206773341,P4 Sovereign crisis
2011-02-07,0.0005047610795771,0.0008015531675493,0.0009632331135953,0.0010004365262723399,0.0010478215400467283,0.000758282661568342,0.0010688105,0.0008910105857309935,0.0011134723488053903,0.0010040845496379989,0.000960919689697251,0.0010681781,0.000864936655358337,0.0005435406568587335,0.0005253718186666843,0.0005528012329738191,0.0004597545839071149,0.0003944142588436764,0.0006330937,0.000488733575664365,0.00065099924390525,0.0005061495584598178,0.0004448143183582006,0.00045576412,0.0005034626348615262,P4 Sovereign crisis
2011-02-08,0.0004767932523187,0.0007500754515732,0.0008591484081062,0.0011231210645387807,0.0008288248479463986,0.0007890303102991682,0.0007990829,0.0007991718257302065,0.00115991920603373,0.0009371596952321725,0.0009114800448175316,0.0011312868,0.0008673165735875764,0.0005137737633627037,0.0005099640662987556,0.0005593432636778016,0.0005304485575142537,0.0004539659699838505,0.00057159486,0.0004766518292573984,0.0006357996077516954,0.0005657105675520469,0.0004705555134635233,0.0005389855,0.00048377413665749095,P4 Sovereign crisis
2011-02-09,0.000157100909732,0.0008573983302389,0.0009868883243825,0.0014596771589881897,0.0013668764266467175,0.0009569009155630906,0.001465093,0.0010672044644219122,0.0013967450817654642,0.0011888371033685864,0.0010894609063698164,0.001274894,0.001013245854605366,0.0005792099712365711,0.0005475704100241692,0.000597248625496546,0.0005590351475909586,0.0005582137293957283,0.0006633614,0.0005085040749709116,0.0007110414872616018,0.0005707065078881107,0.0004431511742065291,0.0005512054,0.0005252012233844495,P4 Sovereign crisis
2011-02-10,0.0002201564061105,0.0007850935230779,0.0008939250090832,0.0013385807359344846,0.001167437585453357,0.0008764469956472626,0.0010907216,0.000910124363292483,0.001352868825912154,0.0011368904068725155,0.0010049650161872846,0.0012640815,0.0009276986302062388,0.0005361704159141317,0.0005127712210154016,0.0006011729385856632,0.0005317769852675783,0.0004861902525641824,0.0005741259,0.0004803936608998296,0.0007587702046815225,0.0005620489289314277,0.00044455531787423547,0.00054755155,0.0004933734877188865,P4 Sovereign crisis
2011-02-11,0.0002636614861114,0.0007720138953057,0.000898107737163,0.001202200505112792,0.001094892518516419,0.0008726062404736739,0.00094983046,0.0008116612214291349,0.0012909426140605307,0.001125750857235252,0.001032764199996383,0.0012215443,0.0008834864586277898,0.0005265665232112395,0.0005267258754669445,0.0005879567354383644,0.000536837613308599,0.0004919189715642758,0.0005354653,0.000456064947695155,0.0007243799243137772,0.0005544242589780795,0.00044493845922152954,0.00050105044,0.00047264834031152645,P4 Sovereign crisis
2011-02-14,0.0005283295320976,0.0007051036468927,0.0008398977126059,0.0010917503993855442,0.000891125315105645,0.0008485020412612153,0.0008008213,0.0007755220796619788,0.0012074711915709194,0.0009743816010533167,0.0009173994208275881,0.0011107913,0.000805165540346803,0.0004868870761477989,0.0005034145297020157,0.0005616691898543098,0.0005165036094115376,0.00048379571587115833,0.0005370108,0.00043728812276198843,0.0007164704487040868,0.0005537939901971004,0.0004580622484065299,0.0005020807,0.00045202425892285547,P4 Sovereign crisis
2011-02-15,0.0006549041501897,0.0006443343586615,0.0008149192165763,0.0009761354271344049,0.0008500164339345102,0.0008110995312553492,0.0007930974,0.000633770532895218,0.0010760741264814197,0.0009380991737418629,0.0008940381382746815,0.0011024952,0.0007072236718357668,0.00045131773630637434,0.0004922013701722195,0.0005265774135356836,0.0005130295236859935,0.0004613524879277335,0.0005300058,0.00041412083491621795,0.0006650203620367659,0.0005568655247251064,0.0004512928300415696,0.00051838765,0.000424916726614201,P4 Sovereign crisis
2011-02-16,0.0006733545041303,0.0005918740422912,0.0007036976495265,0.0009276508868937909,0.0007525701648681373,0.0006880324743874964,0.00076928816,0.0006504562960942019,0.000996672244242357,0.0009233211740688577,0.0008944648151579983,0.0011432441,0.0006219573918985024,0.0004205336989399935,0.000485200384543804,0.0004952199894207572,0.0004094271621548545,0.00043030003818516954,0.0004489722,0.00043534428450294177,0.0005996422230578072,0.000474560652121186,0.000467048561256059,0.0004281255,0.00044277589459665203,P4 Sovereign crisis
2011-02-17,0.0006133378823987,0.000580583865434,0.0007528542958844,0.0009354237774814586,0.0007845050728625934,0.0007521343602883531,0.00065767736,0.00048733041206429454,0.0010296517679346051,0.0009462254468448757,0.0008860544105298785,0.0010385267,0.0006268767336145359,0.00041567101313747293,0.0004987267747447393,0.000488923778682596,0.00044547723938573,0.00047970861404782585,0.00047666946,0.0004000597157077451,0.0006192576417002376,0.0005019052446829422,0.00047786355522260094,0.00045726786,0.00041185588456547787,P4 Sovereign crisis
2011-02-18,0.000642152267346,0.0006059872644764,0.0007799319589056,0.000849148654353367,0.0007405690910270972,0.0007344286075964597,0.00069782056,0.0005029560116613162,0.0009775909442975063,0.0008716847320503227,0.0007463814369354564,0.0009639502,0.000612512501500202,0.00042941312237186954,0.0005059881386740028,0.00046281729462584,0.0004424367269415224,0.0004407001965738416,0.00051094894,0.0004067011971734802,0.0005919354280636093,0.0004916439333987936,0.0004992779220279834,0.00050343864,0.00041554649245158475,P4 Sovereign crisis
2011-02-21,0.0004998870199576,0.0006960272146993,0.0008145615026706,0.0009916840416361633,0.0006592745018644829,0.0008317906546203164,0.00069338555,0.0007853019403293817,0.0011006605076994312,0.0008216327002100343,0.000929054671455499,0.0010351129,0.0008147850247200652,0.00048506783680062374,0.0004996802728038003,0.00047686467859417794,0.0005481158368244531,0.000532546366787202,0.0005774315,0.0004439926167472387,0.0006566758494422817,0.0005646601287218911,0.00045614763890861553,0.00046221746,0.00045577878062684404,P4 Sovereign crisis
2011-02-22,0.0004072734087505,0.0007064471147495,0.0008532611373008,0.0011391953046637148,0.0009845217287820338,0.0009107150392717496,0.0010809777,0.0008506404926796547,0.001242706838868708,0.0009962121178819082,0.0009239374788987365,0.0012335744,0.0008366208203903718,0.0004925679105572534,0.000506517106369797,0.0005138629601133792,0.0005572840567449626,0.0005600703309328197,0.00064665196,0.000426531226970432,0.0007283370697782218,0.0005659827633199371,0.0004629808122689314,0.00057306513,0.00044047974138248754,P4 Sovereign crisis
2011-02-23,0.0005405572450438,0.0006646743283342,0.0008007762978907,0.0011167925963287465,0.0007783285836691507,0.0008774437657135762,0.00070673646,0.0006753591108729649,0.0013786872781844858,0.0009188073782965069,0.0011435542829847218,0.001137868,0.0007605313967675662,0.00046843635815444536,0.00048413864552996055,0.0005395795249849421,0.0005510835263212489,0.0005430410235460156,0.0005827647,0.00041388096871463074,0.0008283784194979243,0.0005693478384016204,0.00043239340921653603,0.0005400289,0.0004226218926967709,P4 Sovereign crisis
2011-02-24,0.0005439124867258,0.0006129614619237,0.0007763775159528,0.0010651567300844391,0.0007380308081007148,0.000827691643782487,0.00069679343,0.0006003350448540657,0.0012903243283057327,0.0008918846729958776,0.0011491547797566788,0.0011351806,0.0006773155722755932,0.00043820813055164045,0.00047511936089498585,0.0005476775617505152,0.0005383950661162016,0.0005062141414302964,0.00061151944,0.00039897500917577915,0.0007812399950767092,0.000564388819038829,0.00043082554011538956,0.0005369077,0.00040591375023075663,P4 Sovereign crisis
2011-02-25,0.0003439415485549,0.0006478730848203,0.0008264474987414,0.000921028202161342,0.0007684968263230557,0.0008480806214698903,0.0007097837,0.0005996248501562403,0.0012583854777727436,0.0008947751888430389,0.0012094437505407313,0.0011125009,0.0006983044551138487,0.0004568965013968982,0.0004980843688993797,0.0005355453006979597,0.0005412726858040879,0.0005059039954137445,0.0005489436,0.00039552450595859096,0.0007117098321953105,0.0005547807458264546,0.0004309712849918771,0.0005077642,0.00040800086939601194,P4 Sovereign crisis
2011-02-28,0.0002221034877254,0.000641830948921,0.0008054745592596,0.0008306085121254434,0.0006428015480411133,0.0007605576960718501,0.00058866566,0.0005525691916452017,0.0012327541840200281,0.0008239097453912082,0.001150801442481128,0.0010736728,0.0006943703777898838,0.00045198417893074164,0.0004966553193600659,0.000516546098273174,0.0005279491151654466,0.0004502269279067686,0.0005662074,0.00040571138177506014,0.0006922002830808036,0.0005547689739276028,0.00043850182634875645,0.00052013824,0.00041889458393935553,P4 Sovereign crisis
2011-03-01,0.0001882308883379,0.0006089646516306,0.0007703774437806,0.000849495938595109,0.0005682592098300527,0.0007382289818875889,0.00055988494,0.0005208187340308469,0.0012567569211482973,0.0008077298418940924,0.0011528706179444032,0.0010819874,0.0006641041487094639,0.0004337050078501426,0.000487044221125103,0.0005163773286037422,0.0005226969788884179,0.00045533247889272455,0.00056846684,0.00040958192285500325,0.0007188977599943563,0.0005606796620208739,0.00043902027246133386,0.0005217255,0.00041410365975802857,P4 Sovereign crisis
2011-03-02,0.0001261006747111,0.000645889502727,0.0008098415597102,0.0009949053934605347,0.0006691957560673277,0.000799376679226106,0.0006909969,0.0006668544802958629,0.0013370451408090838,0.0008378796813800719,0.0010269118893254622,0.001126426,0.0007391050687861828,0.0004573901682070427,0.0004964517771357858,0.0005374612200856438,0.0005553019030202214,0.0005029445539068639,0.0006938522,0.0004083195383705227,0.0007683690393177338,0.0005705810082022512,0.00044734146347612057,0.0005591803,0.00041837784068572155,P4 Sovereign crisis
2011-03-03,0.0001670297223133,0.0005926511488569,0.0006678975501156,0.0008647411367702504,0.0005394999493739598,0.0006325507650875604,0.00048054173,0.0005017436431250409,0.0012992077996444686,0.0007545124609395009,0.0008646576894151343,0.000918421,0.0006408731565223838,0.0004256481959610722,0.00043693747772381687,0.0005404306316447096,0.0005084569038517115,0.0004082606241854428,0.00051551656,0.00041630380724287777,0.0008211672961025261,0.000555536599493427,0.0004604793617561195,0.00050563854,0.00043236205214764345,P4 Sovereign crisis
2011-03-04,0.0002619655371637,0.0005519985550217,0.0006130190661496,0.000853028826747297,0.0005497288285142871,0.0006344322238662884,0.00051182974,0.000492966605159302,0.0012498661862803612,0.0007055156599378124,0.0007760475167245758,0.00089584023,0.0005843751569276025,0.0004024400691469422,0.0004261799810605438,0.0005379661373461056,0.0005217773471393152,0.00044090797073138805,0.00054538896,0.0004526277262921646,0.0008529451483340845,0.0005573338367739481,0.00048344673876769356,0.0005696769,0.0004526570580160481,P4 Sovereign crisis
2011-03-07,0.0003308675067719,0.0005062994630548,0.0005451296313486,0.0007550773774266324,0.0005322023582030534,0.0005925112728784163,0.00049365807,0.0004602004861597641,0.0011298157553330877,0.0006901019545316017,0.0007392474719876935,0.0008958766,0.0005151943736504217,0.00037566129527841544,0.00040531872491731584,0.0005232194469400088,0.0004876420576924201,0.0004314527814897107,0.0005290317,0.000426842485210941,0.0008399423126575284,0.0005290110526946839,0.0004776169845737076,0.00051383243,0.0004307055866207823,P4 Sovereign crisis
2011-03-08,0.0010373856165179,0.0004657410690038,0.0004777940711795,0.000655271261957206,0.00048217853299348473,0.0005195002372831098,0.0005406139,0.0005608254269086774,0.0009909945831546349,0.0006572683884614974,0.0007164503104645306,0.0009520468,0.00048172766467415414,0.0003524443040218441,0.0003748014365544535,0.0004938146334033437,0.0004800316296243454,0.0004016206745200552,0.00049698545,0.0004625555463612587,0.0007836506326754176,0.0005404292574736365,0.00046644169965442294,0.0006807566,0.00046209994625217584,P4 Sovereign crisis
2011-03-09,0.0010893566150924,0.0004846898130021,0.0004691410836173,0.0006777311151963172,0.0005304454068315894,0.0005233738170511007,0.0004752346,0.0005662300814177204,0.000995943402639318,0.0006459876214865333,0.0007379128956686247,0.0008895633,0.0004955166840268058,0.00036554875876961234,0.00038602642513723117,0.000494086658404051,0.0005058698298554558,0.00044508523014936155,0.00063444756,0.00044134641721134827,0.0007947797763768222,0.0005506557812606315,0.00048731102731269896,0.00073441194,0.00045945453248403244,P4 Sovereign crisis
2011-03-10,0.0018759058638911,0.0004753264891046,0.0004915348840059,0.0007222969252776931,0.0005974734830351251,0.0005544545414675727,0.0006169722,0.0005869724624503281,0.0010471340895218174,0.0007856826901305171,0.000841473215577267,0.0010242728,0.0005326107131608984,0.00036133588649978944,0.0003899133416051694,0.0005004796880619217,0.0005303337622509261,0.00045332000549797475,0.00068618596,0.0004572025601171107,0.0008418442386377272,0.0005604098089036742,0.0004739491514400766,0.0006834871,0.00046166206639140377,P4 Sovereign crisis
2011-03-11,0.0017726217681684,0.000496802551675,0.0004843730644299,0.000803374187609809,0.0005748247508609548,0.0005447449745387347,0.0005036452,0.0005034712301976286,0.0010571075069408051,0.0007444227071730804,0.0007382236296769921,0.0008991946,0.000539767211241325,0.0003755885963701036,0.00037736742974491655,0.0005143409683221201,0.0005342496709235492,0.000458001409464797,0.00063392357,0.00045167371344816956,0.0008637610132636667,0.0005447183070746508,0.00048251557549156915,0.0006188968,0.00045558482744169907,P4 Sovereign crisis
2011-03-14,0.0018724453273505,0.0004983777534934,0.0005153975920877,0.0009256155358953143,0.0006466995202330544,0.0005974163627580785,0.0005398889,0.0004926629415258355,0.0010902651329642713,0.0007826883756519832,0.0007793682623988251,0.00093397987,0.0005436554248813161,0.00037764040206407804,0.00038624483451507005,0.0005429030640452143,0.0005249738809134802,0.0004844962937813713,0.0005095592,0.0004416764164490492,0.0008793366416773773,0.0005475143668103424,0.00047399076522647385,0.00056914694,0.0004509458761589264,P4 Sovereign crisis
2011-03-15,0.0011981138310893,0.0008144158378922,0.0007575807802816,0.0013769427334682787,0.0010252479143866991,0.0009670834888052264,0.0009232959,0.0009560482534218635,0.0013761703000129948,0.000946529062806951,0.001317963375830925,0.0010824865,0.0009466899491881272,0.000566765612523233,0.0004610064803399411,0.0005987990186075882,0.0005559216237213495,0.0007195331375156102,0.00064904545,0.0005153091171244372,0.0009678944944117238,0.0005670279591804627,0.0004351417230597553,0.00055851776,0.0005416239922195494,P4 Sovereign crisis
2011-03-16,0.0010493401208792,0.0008265091589042,0.0007900096803368,0.0018507164884384285,0.001140088752058244,0.0009851248049667727,0.0011189593,0.0010508046955136996,0.0015623258986047304,0.000984674615069103,0.001232675766950246,0.0011537682,0.0009857694661469345,0.0005736050448089519,0.00046936237685295533,0.0006463427303429772,0.0005560954774632949,0.0006667731323830202,0.00071654376,0.0005097064382491747,0.0010132145002791585,0.0005636439827796421,0.00043321118391779194,0.00058809575,0.0005327368755106651,P4 Sovereign crisis
2011-03-17,0.0005729055593126,0.0011213138265672,0.0010638083319958,0.0016511531927645654,0.0015206715289637924,0.0011219228078732215,0.0014608662,0.0012484001911927257,0.0014943837730413741,0.0011370172279454355,0.0011572609324713786,0.0012217611,0.001189786931167661,0.0007411944425261601,0.0005487276195406429,0.0006424009143757913,0.0005417891023486621,0.0006029751332824653,0.000672553,0.0006408248525144537,0.0009927169297124026,0.0005547807458264546,0.0004304363331661455,0.00054741214,0.0006615890904051832,P4 Sovereign crisis
2011-03-18,0.0005944234907659,0.0010246917749661,0.0010194465085541,0.0014414337231195716,0.001485851039119821,0.0010661608155828044,0.0012912673,0.001186883841985728,0.001398947800598061,0.0011237444564997905,0.0010259934919983245,0.0012107929,0.001133655936244,0.0006820130041416734,0.0005272660562389001,0.0006304360884813551,0.0005368253889364229,0.0005690045586230585,0.000737463,0.0006128917450678274,0.0010086457307782685,0.000562331084096677,0.0004289154103253846,0.000579151,0.0006259059833303921,P4 Sovereign crisis
2011-03-21,0.0004949987028365,0.0010028287583968,0.0010755895664562,0.0012348518101765282,0.0014921124919109459,0.0010166372273341907,0.0013616012,0.0011189993169529982,0.0012845566435993599,0.0011644236990722052,0.0010595885864312592,0.0011670043,0.0010602477818856476,0.0006654784808363325,0.0005497325319151978,0.0006056607683650099,0.0005417891023486621,0.0005263319685769948,0.0007035898,0.0005753620438383603,0.0009662128430355415,0.0005547807458264546,0.0004388755758859556,0.00057551276,0.0005936887439405557,P4 Sovereign crisis
2011-03-22,0.0005683902268623,0.0009344467361295,0.0009636924733378,0.001184414998742608,0.0012364261939900095,0.0008566242361625039,0.0012248253,0.001093674637045342,0.0012860954710569557,0.00106142155237374,0.0009133937726272544,0.001127932,0.0010694959888003868,0.0006245450731738116,0.0005246506638863448,0.0006015748421923587,0.0005468947975635331,0.00047258516875941045,0.0007350003,0.0005612726958081928,0.0009849892891696428,0.0005726348883413236,0.0004628700289061328,0.0005648859,0.000574722715177552,P4 Sovereign crisis
2011-03-23,0.0005766658529325,0.0008520603315293,0.0008783969550776,0.0010415239745526325,0.0008949426132605399,0.0007211485450132015,0.0008289749,0.0009300405734260374,0.0011857011450538781,0.0008403191737480549,0.0008989361820397048,0.00093267765,0.0009346073326498109,0.0005747655447332825,0.0004960702668788033,0.0005755995659360307,0.0004577429115435757,0.0003943814411925444,0.00067359774,0.0005182222069957854,0.0009947531983697214,0.0005032789338950667,0.0004562918137525022,0.00053573644,0.0005344482214334823,P4 Sovereign crisis
2011-03-24,0.0002337897060389,0.0009295142659266,0.0008679636251772,0.0008966073125899875,0.0009170616396623181,0.0007415606069189519,0.0007319296,0.0010270765006306331,0.0010964495167157104,0.0009270663521652459,0.0008656454990527807,0.0010252588,0.0010533588992709556,0.000617219464554948,0.0005175584954509192,0.0005427710254259033,0.0004736787380434493,0.00042059061410295657,0.00050455047,0.0005440195335947693,0.0009762626444874163,0.0005015020882919984,0.0004752179093066311,0.0004281173,0.0005636058332071557,P4 Sovereign crisis
2011-03-25,0.0007443320885266,0.0008549703431466,0.0008582213003272,0.0008334066703883479,0.0008806263779616518,0.0007320605882109803,0.0007523851,0.0009297911059514565,0.0010151077166096307,0.0009153777608621432,0.0007241439793871385,0.0010199653,0.0009641177317398165,0.0005721223726382819,0.0005085788585620183,0.0005207226572528264,0.00045668210110184204,0.0004090577139541939,0.00049766945,0.0005080029617429689,0.0009601070467620103,0.0005023029191726019,0.0005068291114467676,0.00047132937,0.0005244551327803162,P4 Sovereign crisis
2011-03-28,0.0006832071881255,0.0008068119389512,0.0008522752646241,0.000805250689912208,0.0008358937072173698,0.0007376277808421654,0.0007132392,0.0008295376815220866,0.0009285706353587133,0.0008482273628002922,0.0006324014235027765,0.00079675857,0.0008626325524694527,0.0005425431972114585,0.0005135559549341373,0.0005044337554384341,0.00045250067056330046,0.0004168777237641765,0.0004835423,0.00048028383137096965,0.00093278269416516,0.0004920122300273144,0.0005397468603302551,0.00040310403,0.0005007671824314577,P4 Sovereign crisis
2011-03-29,0.0005790730756187,0.0007959018171144,0.0008525398233572,0.0008469375483332864,0.0008807413163450374,0.000775472610923541,0.00069523125,0.0008237561232635736,0.0009640414143068735,0.0009129993792313048,0.0006925080468840159,0.00081214047,0.000870820871256783,0.0005376712571628988,0.0005101460923368011,0.0005163237677885591,0.0004842677267523456,0.00046555351751962346,0.0005581749,0.00047666611879209437,0.0009638349797410399,0.0005196391935824274,0.0005230614964126994,0.0004957923,0.0004911883644735483,P4 Sovereign crisis
2011-03-30,0.000692247732214,0.0007292796268946,0.0008219819306271,0.0008138852039042785,0.0008661198619270491,0.0007318498040079454,0.000751167,0.0007786102240092233,0.0009602093495369457,0.0008961976938480573,0.0007094801023416487,0.00079453073,0.0008023965511451503,0.0004981432699041101,0.0004949926391969063,0.0005130546132025434,0.00045979347244221063,0.0004208079977989301,0.00046991662,0.0004433238383902524,0.0009919064092654953,0.0005086764187586834,0.0004946391434271768,0.0004681568,0.0004568149804696629,P4 Sovereign crisis
2011-03-31,0.0007061572885868,0.0006784088407789,0.0007150588386353,0.0008194571846919789,0.0006910749799732024,0.0007395856828137791,0.000721998,0.0006556436834802907,0.0008700449274428524,0.0008122603194636469,0.0006015088948005111,0.0008931033,0.0007356127729409342,0.0004692060040875534,0.0004794897950597432,0.0005129294742147082,0.0005010574570687734,0.0004768778619678651,0.0005654508,0.0004398989864688636,0.0009637250192655079,0.0005455280532005543,0.0005037359979548299,0.00050494313,0.00045248136584217466,P4 Sovereign crisis
2011-04-01,0.0001701761512147,0.0008514124603439,0.0009444086703791,0.0007239719348338606,0.0013405329701851783,0.0008153756207868808,0.0013011163,0.0009656921957334079,0.0007933078217564491,0.0011493425359359124,0.0012866262943297033,0.001204385,0.0009458312428984505,0.0005684188204074488,0.000537494109513852,0.000487630420643735,0.0005285219995229048,0.0004417995276783696,0.00059402466,0.0005019739335546621,0.0007898539430927016,0.0005550825449358011,0.0004292026261395588,0.00051366526,0.0005181698894969843,P4 Sovereign crisis
2011-04-04,0.0002941995998853,0.0007794977651041,0.0009115499649323,0.0007184575737830392,0.0011086160563299808,0.0008161792165293019,0.0009606405,0.0008657317611058622,0.0007810219912101962,0.00112608891277425,0.0012953525404032105,0.0011927587,0.0008714349289029355,0.0005257233159559288,0.0005222288095677355,0.00047527784506144695,0.0005099335177536144,0.0004412041533305503,0.0005300497,0.00046740114370943405,0.0006546750649579188,0.0005543390940483854,0.0004293791669731633,0.0005274487,0.0004815153757703794,P4 Sovereign crisis
2011-04-05,0.0003452908439985,0.0007140951615004,0.0008769942072938,0.0007239666463264491,0.0010003129280697941,0.0007650262739880596,0.00093127566,0.0007768466792754449,0.00077132396261129,0.001118185886145073,0.0013392480190943024,0.0011860583,0.0007768244255496217,0.0004878560673898095,0.0005118735790627207,0.0004599739447232761,0.0004572183069441721,0.0004168190049369009,0.0005376457,0.0004473394246983136,0.0005392954692802902,0.000506574921601419,0.0004282224879780194,0.00048877427,0.00045762839967898323,P4 Sovereign crisis
2011-04-06,0.0003220312982365,0.0007014649439766,0.0009472853598181,0.0007298901085074405,0.0011655922034393136,0.0007821906763870614,0.0009701477,0.0007465353661848069,0.0008386922009204639,0.0011330818143375446,0.0013842696215523283,0.001126424,0.0007669494423196144,0.0004796008126344459,0.0005382710548442284,0.00044496458657213283,0.00047271592838507977,0.00041514156157648584,0.00053433544,0.0004229037206717003,0.000537647729441397,0.0005073448600804287,0.0004285588798158691,0.00047248692,0.00043762241296872327,P4 Sovereign crisis
2011-04-07,0.000291025869881,0.0006611059139434,0.0009478727421835,0.0008635491751104802,0.0011933339207947254,0.0008122275493383526,0.0009949051,0.0006601532003420809,0.0009170399004973833,0.0011542602734194315,0.001410190206168075,0.0011677792,0.000725260840574347,0.0004573815353277614,0.0005354705215591547,0.00045107886462155707,0.00048087984993625113,0.00044061549374100023,0.0005463536,0.00041405234469557285,0.0005648134737306755,0.0005192387591856051,0.00042907798294875916,0.00048789635,0.00042294126292674936,P4 Sovereign crisis
2011-04-08,0.0003036816062459,0.0006048436381893,0.0007123974869288,0.000779349844487955,0.0008324616824307993,0.0007507227082896611,0.00091790047,0.0006838816007616184,0.0008252235900868179,0.0010732388785002138,0.0012129804825400953,0.0012375589,0.0006234040695536525,0.00042510003789636273,0.0004758771691253351,0.0004143952784601189,0.0004274113416061519,0.00044806103292042526,0.0004781222,0.0004436153024979376,0.0005725868050588231,0.0004879782010259672,0.0004283909708579096,0.000457428,0.0004487558785051595,P4 Sovereign crisis
2011-04-11,0.0004743324189974,0.0006286857686036,0.0008345709409431,0.0008362461561877467,0.0009341567123903716,0.0008714020120270848,0.000997356,0.0006673164431436097,0.0009118398235286998,0.001149064439581886,0.0013934832950981333,0.0014379289,0.0006888913670889686,0.0004416114895605469,0.0005235831193878749,0.00041285858906093696,0.0005251949545279729,0.0005386549227145785,0.00067534245,0.0004117322817720207,0.0006502482856713414,0.0005559410052425914,0.0004295206954331085,0.0005591803,0.0004210051341949102,P4 Sovereign crisis
2011-04-12,0.0004899741802013,0.0006071503300544,0.0008412076237227,0.0008743056389091212,0.0009130987622502418,0.0008900506391786863,0.00088401855,0.0005600716646084597,0.0010233378172490677,0.0011327386064332134,0.0013581481398617246,0.0013651904,0.0006601500000207939,0.0004305111798279132,0.0005196941436990944,0.00041847356814770433,0.0005217703204252726,0.0005348952550518518,0.00054856203,0.0004027120989291225,0.0007467464064218019,0.0005518059649740087,0.0004303763513232284,0.00051681744,0.00041218042890834645,P4 Sovereign crisis
2011-04-13,0.0004116489994345,0.00059483024157,0.0008404797057569,0.0008006273126815986,0.0008648169317776946,0.0008696538298876537,0.00084098405,0.0005188404305890956,0.0010161628611382299,0.0011079360149378182,0.00137621425837231,0.001287297,0.0006206623958550115,0.0004224916638732669,0.0005226159981960966,0.00040958265467091126,0.0004946903838203135,0.0005051665059977225,0.00050160947,0.00041505417182728215,0.0007145764787583578,0.0005352271273890553,0.0004293493177563335,0.00044057425,0.00042680258547564924,P4 Sovereign crisis
2011-04-14,0.0004537354177182,0.0005448091879152,0.0006761399568309,0.0007005876550150897,0.0004711384962021578,0.0007117685300575726,0.00050445326,0.00047959775960117044,0.0008515825736079069,0.0007245755790474742,0.0011377447656776769,0.001080346,0.0005667471427611495,0.00039373740236816484,0.0004491732445138581,0.0003761212108794618,0.0004706222535982846,0.0004385947787563702,0.00046549816,0.00043249240770419373,0.0006528979555125459,0.0005069010859746624,0.00042920382963571057,0.00041459466,0.0004319290398555991,P4 Sovereign crisis
2011-04-15,0.0004857165712174,0.0005024738789118,0.0006787101675152,0.0006491575140304392,0.00044051376389189734,0.0006826484028471882,0.0004248664,0.0004239612690952414,0.0008206657809610402,0.0007263643298086674,0.0012523340663088722,0.0010384102,0.0005243586113815306,0.0003692241847678567,0.00045695523656021466,0.0003525348552997121,0.00042966685143000673,0.00043131825478713256,0.00040811292,0.00041927930162142136,0.0006508206937179764,0.00048080524505444565,0.0004305435775546503,0.00040594378,0.0004284347272221272,P4 Sovereign crisis
2011-04-18,0.0001832624646381,0.0006216922597387,0.0006345516860524,0.000647463893728774,0.0005442015025305829,0.0006556833768090474,0.00052752986,0.000620694229144373,0.0009615535259937857,0.0007599395093249328,0.0011558664283045567,0.0010903685,0.000679782585705792,0.00044257710373707155,0.0004316438013422039,0.00037355775792540885,0.0005298605580138565,0.000482190501912449,0.00054028403,0.00044210288077106263,0.0007158084118871514,0.0005414858683024245,0.00042986369789346074,0.00047070454,0.0004601356573260388,P4 Sovereign crisis
2011-04-19,0.000158102348384,0.0005939735876014,0.0006452298344959,0.0006439178075198171,0.00043951103779525175,0.0006009235990106785,0.00041838636,0.00045843413460137906,0.0009945489313492677,0.0007085069505112283,0.001091808781822336,0.0009906983,0.0006222554701769683,0.0004253140627219956,0.0004331880402266188,0.00038004431632026985,0.0004909265671651035,0.00039462876836240094,0.0004704816,0.0004364816961439476,0.0007643495085166926,0.0005262728417620556,0.00043388949211370695,0.00042779773,0.00045410815327410326,P4 Sovereign crisis
2011-04-20,0.0001610857230205,0.0005508764824273,0.0005944510461115,0.0005690273712086922,0.0004302414491210218,0.0005694497259253324,0.00041143582,0.0004324485739259362,0.0009687748709177799,0.000658294247740722,0.0009310459924260703,0.0009497696,0.0005815269303345205,0.00039968497600649544,0.00041473947183608666,0.00037866415076431105,0.0004904648662472878,0.0003897684596269479,0.00049045164,0.0004518407571000966,0.0007903240332830452,0.0005222857844961041,0.0004412054606282241,0.00045719027,0.0004624808459365192,P4 Sovereign crisis
2011-04-21,0.0002121929959865,0.0005191399774275,0.0006074243060666,0.0005276673690429899,0.00043431094031517656,0.0005719911459013795,0.00041838636,0.0004082131020564443,0.0009211650081020437,0.0006644319236068794,0.0009221384034487143,0.0009551707,0.0005472259202603805,0.000380744339261603,0.0004186674274855017,0.00037400196891991283,0.00048824087624506677,0.00038675093260047064,0.00049045164,0.000436135263435756,0.000801242103433924,0.0005235408912455539,0.00044052819703495815,0.000479013,0.0004468895599129892,P4 Sovereign crisis
2011-04-26,0.0002927721117427,0.000491447903795,0.0006224630472587,0.0005011993870400442,0.00043564783614350496,0.000581142074075054,0.00041838636,0.00039270116726925527,0.0008955094046430792,0.0006982699654978518,0.0010215471094587073,0.0009551707,0.000515511511103583,0.00036432855635310597,0.00042338987621044966,0.00037367595314884264,0.00048590170694819563,0.00038742533757200697,0.00049045164,0.0004205809552659744,0.0007364767331667079,0.0005216472455596094,0.00043501620742182205,0.00046444047,0.0004277431451326407,P4 Sovereign crisis
2011-04-27,0.0003206259287136,0.0004554308947797,0.0004647214212492,0.0004593944829982441,0.0004081754010233765,0.00044803232873985485,0.00049609377,0.0006100944498784135,0.0008902983467568862,0.00067818580115532,0.0010013547180328416,0.0010298401,0.0005052120586740851,0.00034430309193280806,0.00037179356934950123,0.0003721354079304431,0.00042617888095428135,0.00034854178210873466,0.00050960924,0.0005096321839019966,0.000727642399029015,0.0004682012750610484,0.0004359478762327023,0.00044769156,0.0004897822121779973,P4 Sovereign crisis
2011-04-28,0.0007754512835603,0.0004333591269823,0.0004641094900022,0.0004375907072133722,0.00040001017757363403,0.0004453035595287797,0.00045323078,0.0005071841298852469,0.0008787662488541027,0.000689893109370434,0.0011441598280844286,0.001047802,0.00045206179913760794,0.00033138532705212595,0.0003774675909174056,0.0003685257387161395,0.0004063591716192572,0.0003486616158975968,0.00042917495,0.00045106672382366216,0.0006400395525258937,0.00045675187870759137,0.0004309208246450059,0.00039833627,0.00044181828108377216,P4 Sovereign crisis
2011-04-29,0.0007923730601877,0.0004067821981541,0.0004554418998684,0.00041396225945016863,0.00040001017757363403,0.000437415689981508,0.00045021393,0.00048261943802779844,0.0009105190549831379,0.0006921115293744781,0.001125759190888292,0.0010272044,0.00043047320414793896,0.0003161008936494965,0.0003721427501597344,0.0003634289036865019,0.00040817581938494286,0.00034501336386699055,0.00042917495,0.00043076570058138777,0.0006327239143050328,0.0004564381676422644,0.0004316558790077174,0.00039833627,0.0004225096814282681,P4 Sovereign crisis
2011-05-03,0.0008174121122366,0.0004276237871711,0.0004761166875724,0.00045798622368999325,0.0004201066524612473,0.00048464632679590965,0.00037130486,0.00038497906815243327,0.000992223141524663,0.0007229256193630288,0.0011452389716797716,0.0009710099,0.0004474930334448769,0.00033070963652314154,0.0003778430957837701,0.0003775041217211137,0.0004478719508299656,0.0003967460038467512,0.0004749542,0.000417430579577046,0.0006906789894038896,0.0004861033584052844,0.0004311257134891779,0.0004565463,0.0004186015577436782,P4 Sovereign crisis
2011-05-04,0.0007378612660935,0.0004629014328859,0.0005239775634094,0.0005613664466338863,0.0004971801913048484,0.0005584081797737538,0.00052658183,0.0004795377684308567,0.001131911903433338,0.0007585742181809032,0.001149866964137572,0.0010903685,0.0005085845825397982,0.0003536663900085587,0.00039363545689349036,0.0004149411919951472,0.0005246629878258614,0.0004433697573724467,0.0006285655,0.0004645230955099351,0.0007747320475320977,0.0005411062943321926,0.00043155994659237955,0.00050780684,0.0004621106505890926,P4 Sovereign crisis
2011-05-05,0.000766505509506,0.0004459996797786,0.0005299585814685,0.0006512413010613023,0.0004903510250130389,0.0005679581172032626,0.00045895527,0.00042487016328095797,0.0012457287322981767,0.0007605985321082811,0.0011614488369425342,0.0010352115,0.0004886524756931639,0.00034484252520354736,0.0003925914342605692,0.00044616044009925014,0.0005202116236304072,0.0004341887365714845,0.0004963384,0.0004509966894516272,0.0008517812949208142,0.0005431186729156503,0.00043213903875148575,0.00045658377,0.000440506265028254,P4 Sovereign crisis
2011-05-06,0.0002690674024528,0.0006242940361866,0.0006075732240375,0.0005644796300382967,0.0007429115159356582,0.000563185789297258,0.000657509,0.0005743734829655018,0.001190232760110203,0.0007765712431782396,0.0009872649459456966,0.0008667072,0.0006671712434383416,0.0004470526781150001,0.0004091010299890817,0.0004464896832811718,0.0005263863698738633,0.0003905364627115513,0.00048285385,0.00047274711831976813,0.0008340238469757095,0.0005390813934509324,0.00043603416794385047,0.0004368027,0.0004761875767190728,P4 Sovereign crisis
2011-05-09,0.0002687495880515,0.0005981051932281,0.0006079592621584,0.0006043135002401976,0.0007859867433666675,0.0006131030063091504,0.00075542676,0.0005668147551996268,0.0012170082842058755,0.0008160985843288351,0.0009639362695856542,0.00093352026,0.0006587067890987266,0.00043231756840399297,0.0004055838442582623,0.00046600704483114216,0.0005477041873969218,0.00043676571208504423,0.0005394927,0.0004789922434992589,0.0008603807631107425,0.0005671420152884064,0.00044036662419799335,0.00051885506,0.0004759326854992243,P4 Sovereign crisis
2011-05-10,0.0001628521385869,0.0005936385985397,0.0006416682855845,0.0006026315894834673,0.0007526902840161587,0.0005850142630376336,0.00073614164,0.0005206389272811906,0.0011868041396346889,0.000765182939184768,0.0008328867107592114,0.00089628075,0.0006382801003724065,0.00042811574649019677,0.00041980183597832625,0.00047328456378260733,0.0005378654110220318,0.00038935660489429914,0.0005427997,0.00043572978416149354,0.0008488176347345345,0.0005543094030135624,0.0004552114109991079,0.0005145233,0.00045213284319096296,P4 Sovereign crisis
2011-05-11,0.0001615486872871,0.0005592217937034,0.0006100397304009,0.0005721614972930469,0.0006799083532276938,0.0005236955455255066,0.000681315,0.00047410089236672915,0.0011631503688625867,0.0007682257189420694,0.0007896776505286815,0.00087826943,0.0006013727494134543,0.0004070313467269669,0.00040818412787267075,0.0004718344283669932,0.0005097541225729252,0.00035247002871883695,0.0005498673,0.0004457529609595331,0.0008629922740360701,0.0005477619234274284,0.00045837724933135373,0.0004952012,0.00045162550365491317,P4 Sovereign crisis
2011-05-12,0.0001741208637971,0.0005484994292894,0.0006214881682394,0.0006278353038565551,0.0006944969938717186,0.0005525684876842357,0.00069765386,0.00047324538114451066,0.001163898455862274,0.0007475782825521268,0.0007494094311484084,0.0009117258,0.000592764593612382,0.00040202065107521837,0.00041232518259314076,0.000487870222577459,0.0005263581995433899,0.0003840879706754735,0.00057517487,0.00044748871046749767,0.0008645267769773913,0.000555973877669435,0.00047011939367051997,0.00051646563,0.00044884094053145875,P4 Sovereign crisis
2011-05-13,0.0001918173931921,0.0005026645961867,0.0005163712146815,0.0006692083295218734,0.00043584780669888895,0.0005231485531227005,0.0004448886,0.00044324979897309775,0.0011088437683229992,0.0006903212714726247,0.000796178606695617,0.00083967973,0.0005177678657466713,0.00037514768630456856,0.00038581955206627526,0.0004937462308619694,0.00047064420735095844,0.00038286730517751244,0.00050051615,0.0004421893310115636,0.0008773632307206323,0.0005385459078135222,0.00045829490073027155,0.00051506335,0.0004497440061756237,P4 Sovereign crisis
2011-05-16,0.0005447337748339,0.0004879585594849,0.0005105434832737,0.000692022908088573,0.0004432567814098888,0.0005138440866279838,0.00046648827,0.00044107082692040547,0.0010868598126507075,0.0007199605302260028,0.0007642573901330687,0.0009008942,0.0005384276699728483,0.00036774891990151015,0.0003880317109047097,0.0004932961607230175,0.000507415295591382,0.00039939848495494255,0.00053192244,0.0004942654844053138,0.0009041678774041526,0.0005502414020625606,0.0004760697369690337,0.00048603318,0.0004871582699545416,P4 Sovereign crisis
2011-05-17,0.0005615681166702,0.0004574051849996,0.0004620394679511,0.0007068453768677933,0.0004426870096268548,0.0005053022728543072,0.00052250637,0.0006167563488638714,0.0010237885656589655,0.0006869076605204603,0.0006900051688500666,0.0009427497,0.0005274030520086717,0.0003505738082131272,0.0003742891122614605,0.0004930356203254457,0.0005152558197332802,0.0004093634506215986,0.0005553661,0.0005670980859498627,0.0009038791022859686,0.0005432529888559738,0.0004940011991001902,0.0004963984,0.0005397665025833119,P4 Sovereign crisis
2011-05-18,0.0005265735464851,0.0004476818777255,0.0004543790832881,0.0007334698396656453,0.0005147912688878568,0.0005230129600482686,0.0006250285,0.0006070549834873238,0.001020599262438763,0.0006985129446319477,0.0006593296018960965,0.0009473484,0.0005009211009014853,0.00034610938656676134,0.00037215592096566716,0.000504082872132754,0.0005306320766020533,0.0004423162846664752,0.0006418908,0.0005418711557598587,0.0009290354409825525,0.0005534586866890953,0.0005174358439673632,0.0006128983,0.0005244282817626284,P4 Sovereign crisis
2011-05-19,0.0004598497149208,0.0004386179214447,0.0004747813981021,0.0007361842601933666,0.0004496453513742774,0.0004996414283498986,0.00053577183,0.0005389282582672132,0.000989914286449333,0.0006590305364185681,0.0005943500316233126,0.0008778268,0.0004637399595370239,0.0003399558990710448,0.00038126001800083646,0.0005085320493956919,0.00048745421735058145,0.00039653414221156385,0.00052076526,0.0004970116149644267,0.0009243900500529098,0.0005258600983705955,0.0005142170966879103,0.00047351717,0.00047607783856570964,P4 Sovereign crisis
2011-05-20,0.000635836038922,0.0004163908254322,0.0004789357936677,0.0007365702073981798,0.0005105739518203794,0.0005263963735837412,0.0006255348,0.0005663851200081142,0.0009076724400698423,0.0006079340508303589,0.0005153132740858417,0.0009038188,0.00044778165247601626,0.0003278743001055643,0.00037948403616854063,0.0005103837014870913,0.0005380282317283269,0.00042336652307665377,0.00068432116,0.0005327266267371762,0.0008932661446971666,0.0005578491292460089,0.0005208835720046038,0.0007690064,0.0004942153701920169,P4 Sovereign crisis
2011-05-23,0.0002542258972529,0.0005880395386305,0.0005919175361754,0.0009228064218839638,0.0006328509062754212,0.0006500405764777608,0.00060925004,0.0006200088965106824,0.0009973607510482085,0.000788533216842982,0.000849103547996343,0.0010007048,0.000659973050822684,0.00043178753362758,0.00041065237344013473,0.0005389631333706336,0.0005483321502655666,0.000512484786183768,0.0005511635,0.00043722452879937863,0.0009425752339014569,0.0005645641231253697,0.00045561375569612,0.00050590665,0.0004527165387120187,P4 Sovereign crisis
2011-05-24,0.0002451204546826,0.0005476608965195,0.0005767203144467,0.0008974035596171586,0.000559139540744799,0.0005862485238000705,0.0005011208,0.0004664348268840814,0.0009425288239385706,0.0007157279800246835,0.0006504285580081978,0.0008594868,0.0005851216434318211,0.00040668040628504676,0.00040010710649691727,0.0005471470031278841,0.0005221612334943656,0.00041714584989603853,0.00050760503,0.00045459356769239444,0.0009334740403799845,0.0005437554487437749,0.0005006749825566602,0.00046988917,0.00045047264841283064,P4 Sovereign crisis
2011-05-25,0.00023608421247,0.0005039598235826,0.0005640953035988,0.0008233514363998927,0.0005308562448994635,0.0005556745988975775,0.0005011208,0.00044747686631555085,0.0009038465418925506,0.0007370902863011277,0.0007210135332065936,0.00089203584,0.0005484162998557088,0.0003802507133056695,0.00039476147253606804,0.0005413861413564975,0.0005163396052888941,0.000394901645840059,0.00048974395,0.00046251988034737626,0.0009545981396824268,0.0005532013061031733,0.00047555287301917796,0.00047375157,0.00046429433828780556,P4 Sovereign crisis
2011-05-26,0.0002360739641591,0.0004683079495594,0.0005438659109436,0.0007673053251394555,0.0005501416773110715,0.0005610461855811759,0.00052450644,0.0004818407979306686,0.0008623909203371467,0.000757882395046256,0.000724375961622297,0.0009250965,0.0005313686677584304,0.0003595630190520432,0.00038864637987630183,0.0005332835362275292,0.0005363579830419518,0.00041353445892490135,0.00053671945,0.0004735151251667375,0.0009615217839513546,0.0005666210555764429,0.0004797461220239911,0.00049687445,0.0004560364160988163,P4 Sovereign crisis
2011-05-27,0.0001031141943908,0.0005093081784699,0.000617048570067,0.0006711026362911439,0.0005843684809213698,0.0005753151876579951,0.0005724988,0.0004365213071281162,0.0007984122324255034,0.000736608897851602,0.0007009394420281708,0.00090982707,0.0005470169872823092,0.0003819023212990497,0.0004165397848807,0.000513959025208346,0.0005372546280640236,0.00039491808407478936,0.0005288688,0.000409348420299574,0.0009306934972056723,0.0005565492235149418,0.0004885122805434583,0.00049628626,0.00042333588827398507,P4 Sovereign crisis
2011-05-30,0.0001174432024384,0.0004779507295216,0.0005301545755853,0.0006698774579948449,0.00045486188732388156,0.0005087135146630904,0.00044820213,0.00039504881141663685,0.000766871917706867,0.000640525691842538,0.0005842256185465293,0.0008084355,0.0004666782153174476,0.0003640297587438601,0.0003969997676385063,0.0005089499342501053,0.0004439105166584472,0.0003786503775453625,0.00047355253,0.0004104318588084182,0.0008963841777900109,0.0004951536101024732,0.000526783915306608,0.00047362418,0.000414723997668047,P4 Sovereign crisis
2011-05-31,0.0002012159207545,0.000444680343887,0.0005238310107949,0.0006232108763081441,0.0004462554308868504,0.0004973502243734709,0.0004271998,0.00035251387050646795,0.0008062045312806356,0.000720176628059517,0.0011119941754809183,0.0009067369,0.0004519108967051285,0.00034403205269175415,0.00039534093138674935,0.0004954866919588245,0.00042149986980646127,0.00036673469255148325,0.00045480343,0.0003717642687367176,0.0009521203119361102,0.00048180806957556663,0.0004318886533378291,0.00042503566,0.00038411399199084174,P4 Sovereign crisis
2011-06-01,0.0003770231788641,0.0004088624293555,0.0005032533903383,0.0005781788296286052,0.00044624955294401383,0.000493582538510602,0.00043676284,0.0003572629831090972,0.0007434833359667369,0.0007260148340203568,0.0010865523688894855,0.00092629355,0.00041670937135863994,0.00032324275271253684,0.00038159496717847286,0.00046785408599599637,0.00041411204055543787,0.0003632166492633573,0.00042771545,0.0003547512641201397,0.0008641731374652049,0.00048038659565106826,0.0004318323037149516,0.00042827576,0.00036569199567833624,P4 Sovereign crisis
2011-06-02,0.0006585394098503,0.0003823159408473,0.0004959019656006,0.0005506537853964693,0.00043529203651598885,0.00047977889401991836,0.00044986673,0.0003528235123099995,0.0006896235806052013,0.0007296906549649182,0.001096052677572714,0.00093408755,0.0004057998408367736,0.0003084497254932385,0.0003817683943121255,0.00044186475823923413,0.0004399506541105613,0.0003659112533932076,0.00046578687,0.00039539340768298217,0.000747742537082116,0.0004964437799810941,0.0004333771175482019,0.00044581096,0.0003870208529231865,P4 Sovereign crisis
2011-06-03,0.0006561447737484,0.0003889452001568,0.0004320616841946,0.0005752590337709612,0.00044491337201175665,0.0004892645322505983,0.00053965935,0.0005179036528848589,0.0007358596594437503,0.0007658938540393472,0.001184583236542132,0.0010607983,0.00043834779574097654,0.00031388162203190354,0.00037076580907157157,0.00043636492870162804,0.0005073105303388619,0.00042630295867586654,0.0005806676,0.00048317958531579353,0.0007687116692924264,0.000550620583050622,0.0004320237267341846,0.00050022965,0.00046816151508298243,P4 Sovereign crisis
2011-06-07,0.0006534116155,0.0003772835374473,0.0004381045268073,0.0006094903458964036,0.0004569655098042704,0.0004921804075329801,0.0005612303,0.0005213936747109576,0.0007998152719924665,0.0007631980118852344,0.0011744064256313264,0.0010694778,0.0004303761897015579,0.00030804968920282796,0.00037022286406792666,0.0004407333642603677,0.0005205396894922894,0.00041852342649873576,0.00057743595,0.000497174846690625,0.0008138198968066828,0.0005574132404137571,0.0004323827296946329,0.0005025579,0.0004746334502924531,P4 Sovereign crisis
2011-06-08,0.0006811706498726,0.0004064448804385,0.0004003724503905,0.0006482846822766174,0.00053542744498391,0.00045665160162196446,0.0005422093,0.0005152913710123317,0.0008750641898508903,0.0007677095163253137,0.0009620128827411499,0.0010490147,0.0004627410659327063,0.00032679047798338327,0.0003409421206876213,0.0004628949994004665,0.0005172280166689996,0.0004255835617919376,0.0006791596,0.00045080881480819446,0.0008383119914687793,0.0005337105064834765,0.0004423611892607925,0.0005555275,0.00045052887055673944,P4 Sovereign crisis
2011-06-09,0.0005708038895081,0.0004453559687988,0.0004720780736909,0.0006033853737856816,0.0005325336713109641,0.00047988552245316216,0.00051567145,0.00043899469521263866,0.0009022744690406745,0.000755707941077155,0.000930843722018795,0.0009829319,0.00048239875759913597,0.00034789699554548014,0.0003642683196112759,0.00045898753859919243,0.0005125947902243824,0.00038538083341695714,0.00049053394,0.0004330063419163582,0.0008700614898744299,0.000526691920890276,0.0004416811439307602,0.00045932602,0.00043239454331058295,P4 Sovereign crisis
2011-06-10,0.0003398091545036,0.0005608096167801,0.0005562592398319,0.00072131443410477,0.0007481071523820316,0.0006197619021177836,0.00073206116,0.0006792974951691216,0.00109762335164872,0.0008973261336503815,0.001104505434583657,0.001168636,0.0006483598788432843,0.0004179564619015224,0.0003905787315451627,0.0004944252438605476,0.0005590226662322068,0.0005032486303144127,0.00062856975,0.0004592372277120111,0.0009513144220800525,0.000563909740060039,0.0004332426834525871,0.00056759774,0.00046088808991046407,P4 Sovereign crisis
2011-06-13,0.0003033197099587,0.0005350243521876,0.0005537886159148,0.0007107692983812315,0.0006717687696662643,0.000557870018754242,0.000583038,0.0005002356716532685,0.001109428698378154,0.0008052126029405126,0.0009280247061603309,0.00092746963,0.0005831890828488878,0.00040102583054614635,0.0003876366007617913,0.0005057862988794067,0.0005305940715201219,0.00041047291331842197,0.0005768585,0.00044303899259615244,0.0009521519348120753,0.0005488180470054031,0.0004443331905846916,0.0005535835,0.00044511111541938855,P4 Sovereign crisis
2011-06-14,0.0004197416699479,0.0004985178249733,0.0005426225135402,0.0006621869128503441,0.0005994687414614693,0.000528512543344978,0.000583038,0.00047988877764512026,0.0010793403975775887,0.000788363972555513,0.0008760717937105081,0.000918421,0.0005520017149983968,0.00037843107044845185,0.00038192196555972643,0.0005021291927305159,0.000528947991046741,0.0003876974611627154,0.00052394444,0.00044875836556331004,0.0009107949013305811,0.00055016257157736,0.0004471442044062154,0.000504419,0.00044264548590964474,P4 Sovereign crisis
2011-06-15,0.0002880944679184,0.00053028286209,0.0005821065417394,0.0007691487316684526,0.0007228694190146989,0.000586751072648855,0.0007222636,0.0005943873530379315,0.0011968734269819491,0.0008688355662953367,0.000959732575218506,0.000996487,0.0006070400110656433,0.00039841509204430105,0.00039981759420448765,0.0005332878073242215,0.0005596925786398981,0.0004446399416749992,0.0006411654,0.00044041443037747376,0.0009426989418668717,0.0005690481970939276,0.0004449781788541044,0.00061973516,0.0004435699418141809,P4 Sovereign crisis
2011-06-16,0.0003556412767805,0.0005249652462213,0.0005693206206481,0.0008711838929328253,0.0006757478401682842,0.0006170957121838302,0.00054471474,0.0005091444443710636,0.0013031366989420885,0.0008519880222075438,0.0010114302377697225,0.00097019854,0.0005894879825928743,0.00039588394058109877,0.0003976032453800219,0.0005561990618716598,0.0005452205669024369,0.0004693130230135962,0.0004984232,0.000438619336768545,0.0009932692076690184,0.0005663787682557831,0.0004400192490915713,0.0005395661,0.00044179075350845226,P4 Sovereign crisis
2011-06-17,0.0003069066576427,0.0005017922152017,0.0005348051822597,0.000844816547840056,0.0005535629505644447,0.0005331814930738515,0.00048784533,0.00041707689641516644,0.0012923557513638607,0.0007716084794952812,0.0009296082085931351,0.000918421,0.0005349278302140087,0.0003807710894993938,0.00039417955771193396,0.0005594807879980522,0.0004943644094113345,0.0003974876094357509,0.0005450031,0.0004424323206241687,0.0009535416152608251,0.000540530403502734,0.0004483750734091616,0.0005344255,0.00044865492245163986,P4 Sovereign crisis
2011-06-20,0.0002864121834929,0.0004758766577361,0.0005183362625517,0.0008452735455591734,0.0005892684414792597,0.00055375238817913,0.0005248516,0.0004786038149582767,0.001265658040973598,0.0007621620491983319,0.0009142040688284223,0.00094525155,0.0005346787964256547,0.00036591591129305287,0.0003881099274594431,0.000563284690334278,0.0005344219341556088,0.00043002579216127473,0.00056200475,0.0004667847470662037,0.0009241686653700193,0.0005572537916569769,0.0004544626905291695,0.00054486166,0.0004640475154171026,P4 Sovereign crisis
2011-06-21,0.0002196368233179,0.0004935336216684,0.0005654166046495,0.0007625952344986895,0.0005934553546951836,0.0005644483911381184,0.00049571967,0.0004129012293619184,0.0012223941917188807,0.0007510537501688092,0.0008990267869953735,0.00092964945,0.0005258291939661275,0.0003745661020826689,0.00040405821968901335,0.0005540981136565629,0.0005276506022348859,0.0004109995926702499,0.0005385607,0.00039655390389829075,0.0008828221713066079,0.000549225980969261,0.0004528566226890824,0.00053647114,0.00041566831211005634,P4 Sovereign crisis
2011-06-22,0.0003246814736793,0.0004533522257784,0.0005003489524027,0.000677002148034532,0.0004768262311247655,0.0005143032770362082,0.00045073245,0.0004047670242788414,0.001058948394141928,0.0007036272888388065,0.0008269998855663269,0.0009227211,0.0004788775094563139,0.0003508720193636694,0.00037167420637414006,0.0005114578271440068,0.0004716062120280796,0.0003743651533375481,0.00050567475,0.00040290804860000515,0.0007898171058942372,0.0005377230182724945,0.0004353174032311365,0.00053638726,0.000410991189982695,P4 Sovereign crisis
2011-06-23,0.0002058953384963,0.0004902990601475,0.0004918107953436,0.0007035404263463596,0.0004860485284930345,0.0004903588447753567,0.00057534163,0.0005283894905817906,0.0010828634423853708,0.0007429538128907479,0.0008791361922178793,0.00096701254,0.000550660144869125,0.0003742192391560725,0.0003744631631828721,0.0005012122340372269,0.0005189458839051657,0.00040307423420172123,0.0006309089,0.00047184800086261063,0.0008076182169443403,0.0005388355540166403,0.00044996805497164087,0.0005244977,0.00047122783731747784,P4 Sovereign crisis
2011-06-24,0.0003865578240864,0.0004517899878339,0.0004685685658965,0.0006660936202734448,0.00045576988857283697,0.0004663379070729035,0.00047242575,0.0004396137650857515,0.0010655366911707757,0.0007159989795268777,0.0008244750110846977,0.00089203584,0.0004929332585364238,0.0003509906210112638,0.00036342806530275594,0.00048653969824115643,0.00047799582321231504,0.0003667194325350232,0.00049865135,0.0004557104832665683,0.0008268901879741986,0.0005253199345052999,0.00045560541441947594,0.00047003035,0.0004536934745192246,P4 Sovereign crisis
2011-06-27,0.0004349187148324,0.000415338391354,0.0004583903206625,0.0006151192769389677,0.0004360284919957769,0.00044899769791222885,0.00046625125,0.00040334549191382044,0.0009767053264200642,0.000679933395750306,0.0007866756089527306,0.00088492694,0.00044280351039717913,0.00032939274888173665,0.00035846059929937164,0.00046382314893592195,0.00042002369218492944,0.00035290986014065655,0.00045973895,0.00040400250046920236,0.0008108514698381822,0.0004712550614689911,0.00045677858721755125,0.00041406046,0.00040257081444178955,P4 Sovereign crisis
2011-06-28,0.0003763971749753,0.0004103572096783,0.0004636093869101,0.0005559506082298144,0.0004319490681256052,0.0004575272661902331,0.00044269624,0.0003653872108129776,0.0009006637703302317,0.0006675755492822485,0.0007753725629076492,0.0008642055,0.00043466157248895477,0.00032552933997025775,0.0003707383782691496,0.000439948509875287,0.00042164682213977306,0.0003658514337012691,0.00041590678,0.0003919974738591552,0.0007788285888603878,0.0004718052895148844,0.0004605838000085015,0.0003841599,0.0003846835938617018,P4 Sovereign crisis
2011-06-29,0.0004819890680852,0.0004182282484757,0.0004739767832849,0.0004808196643834624,0.00043552107685385555,0.0004449565232872426,0.00044939332,0.00036952523318507265,0.0008450469947075126,0.0006771845262276133,0.0007813076792515704,0.00085687445,0.00044492116667534007,0.0003291371147981357,0.0003677440018696179,0.0004172328104988385,0.00043436462563114684,0.00035055991256546164,0.00044496285,0.0003858029308142526,0.0007357497941926131,0.0004786989694138578,0.0004579394045201918,0.0004223547,0.0003926802870098731,P4 Sovereign crisis
2011-06-30,0.000475442004005,0.0003886713574236,0.0004369369456243,0.00045561086724831554,0.00042533149061225724,0.00040468925639120873,0.00041131026,0.00038675678499061405,0.0008342222461742837,0.00068705522455848,0.0008613324649285436,0.00078852737,0.000403348096531652,0.0003116569406806207,0.0003569785991091789,0.0004007178317119972,0.00039774244386264307,0.00032661692309991015,0.00032549578,0.0003792366179977367,0.0007657547627386895,0.000454781045108076,0.00044577671563085513,0.00033869513,0.00039061766610428686,P4 Sovereign crisis
2011-07-01,0.0003558532502498,0.0004349280183645,0.0005253288379617,0.00042157746559958804,0.00045018377415502,0.00044306011872641504,0.00040728174,0.00035414033843727004,0.0007849168782254062,0.0006797151224399956,0.0006714009653877736,0.00076577975,0.00044362614059356513,0.0003375834064879713,0.0003884532292479977,0.00038612525935737636,0.0004331575659545829,0.00032525643556077316,0.00034282103,0.00037418913670150247,0.0007323883582100591,0.0004793914993194447,0.00046742367542633976,0.00033813002,0.00038557788381187857,P4 Sovereign crisis
2011-07-04,0.000524735216971,0.0004176825202452,0.0005414215518193,0.0004360681747852869,0.00043510991905730296,0.00045428397534531665,0.00041457618,0.0003466949261047079,0.0007622023207153816,0.0006518240554700446,0.0006344292368486422,0.00076767796,0.0004260618868236556,0.00032697533136825756,0.00039135457269498454,0.0003834124683037708,0.00043149039941461177,0.0003248371979929531,0.00034437128,0.00037034800247392997,0.0007117724621637005,0.0004840477160251064,0.00047967756986297947,0.00034088962,0.0003783340861870868,P4 Sovereign crisis
2011-07-05,0.0005280626170032,0.0003966960278074,0.0005283845972569,0.00047683879782106696,0.00044362216187510465,0.00047475907725111496,0.0004642661,0.0003591809760058527,0.0007878270130682775,0.000707740472981146,0.0007801629928551639,0.0008540932,0.0004229553432727588,0.0003157665202940172,0.00038746941579352335,0.0003878047816461627,0.00045376184784712037,0.0003513091292886715,0.0004814009,0.00039275607875354635,0.0007646270394579013,0.0005024410823072193,0.0004615620910238887,0.00044296638,0.00038286958531060395,P4 Sovereign crisis
2011-07-06,0.0003701954674385,0.0004781277527385,0.0005894132487116,0.0005886545928362833,0.0005333133626722552,0.0005804960843844182,0.0005629677,0.0005045111981590493,0.0008446091202880593,0.000729918157041486,0.0007853154559008917,0.0009911363,0.000531840750690305,0.0003660907545676368,0.00041167982669554993,0.000416642866092648,0.0005385617579350593,0.00043862478580462794,0.0005851688,0.0004168770941500166,0.0008063411203884294,0.0005653264283606515,0.00047016419727212053,0.0005333446,0.0004273367076235205,P4 Sovereign crisis
2011-07-07,0.0004000645152704,0.0004406536990283,0.0005722700965082,0.0006222945070243266,0.0004815891508228922,0.000549284086664515,0.0004781587,0.0004034030497455288,0.0007930652927992879,0.0006864771953267305,0.0006279578779384835,0.0008889226,0.0004804731298558623,0.0003436357376867284,0.00040042486335793866,0.000427219177617793,0.0005056507004325103,0.00038452424453721407,0.00049827824,0.0004073434852000827,0.0008069947931037766,0.000541527991721961,0.0005055996039666779,0.00044019922,0.00040313975135981275,P4 Sovereign crisis
2011-07-08,0.000429882367818,0.0004458740833018,0.000547738738694,0.0006923936693913523,0.0005330491832073469,0.0005848431225663957,0.0004791671,0.0004087965693310674,0.0008259039997193888,0.0007480121432126472,0.0007347267551611478,0.0009005643,0.0004945146222358436,0.00034794844245712584,0.00039917307744154147,0.00044632933081877046,0.000521476720918801,0.0004480287789193133,0.00046753362,0.0004096513146818051,0.0008548151857421781,0.0005498015846935533,0.0004913373828740906,0.00046321255,0.0004178400698570728,P4 Sovereign crisis
2011-07-11,0.0003702011779707,0.0005269912853521,0.0005946463293959,0.0008465374607086347,0.0006601830526526366,0.0006841779738253767,0.0006153337,0.0005811153232818768,0.0009879611877279884,0.0008351985849614352,0.0009987434371697675,0.0010842993,0.0006026175340231464,0.00039756665057936075,0.00041193150444755343,0.0004892682092832623,0.0005507167779785016,0.0005300700012660602,0.0006166599,0.00041411840610985066,0.0009345800124181136,0.0005661832594276501,0.00044287747042161084,0.00058246223,0.0004287248988726166,P4 Sovereign crisis
2011-07-12,0.0003764875448331,0.0004974454806393,0.0005279661086985,0.0009170217404958648,0.0005938006523392049,0.0005955477854747624,0.0005636905,0.0005301759973393792,0.0009774755627637106,0.000763631346093644,0.000761554471594548,0.0009929172,0.0005717391950818341,0.0003802288875884809,0.0003799522234142919,0.0005080084963512718,0.0005462432791619638,0.0004599727098937237,0.0005760883,0.0004972176650484642,0.0009590733190549195,0.0005646164465109312,0.00046162463335722284,0.00050568185,0.0004790170458634314,P4 Sovereign crisis
2011-07-13,0.0004227647222683,0.0004751211978807,0.0005016487010346,0.0008586562027841497,0.0005246364101986001,0.000521899492215456,0.0005022653,0.00044550357176121615,0.0009833750826281477,0.0007376563462472295,0.0007166908000565914,0.0008889226,0.0005201356291821498,0.0003657234948340614,0.00037703936984415787,0.0005149667202437578,0.000509178742404462,0.00040316730421371483,0.00052412634,0.0004645866275746628,0.000985100368471908,0.0005358993814755802,0.0004752681700214809,0.00046749375,0.000460180260548567,P4 Sovereign crisis
2011-07-14,0.0004226493309332,0.0004601772592828,0.0005091468285412,0.0008781868275557715,0.0005721320334812028,0.0005615084620388413,0.0005562725,0.00047981341220459174,0.0010029283054612907,0.0007579114293258028,0.0007526056160207703,0.0009558271,0.0005233711593528849,0.0003575542417058925,0.00037837170644899784,0.0005300209656571597,0.0005410769799847831,0.0004462497145852208,0.0005573526,0.00046286024887712583,0.0010072985638404938,0.0005581108011183396,0.0004751046405548786,0.00049902225,0.00045181207134070705,P4 Sovereign crisis
2011-07-15,0.0005210151510169,0.000479032766405,0.000510640561501,0.0009685730008455976,0.0005813527025730778,0.0005679359544572443,0.0005008494,0.0004912301665680754,0.0010069679232921518,0.0007533538914528137,0.0007343772117230458,0.0009253083,0.000531302732233359,0.00036975385226394286,0.0003786334549176416,0.0005499435285885491,0.0005417304404566717,0.0004619228060787357,0.00058364007,0.0004515863942523963,0.00100042099181381,0.0005471849652252794,0.00047968290795000895,0.00046834967,0.00044696944132462075,P4 Sovereign crisis
2011-07-18,0.0003793598513787,0.0005269299223181,0.0005207709470308,0.0011631665341385639,0.0006053954493589292,0.0005849170695212879,0.0005993714,0.000588167820389365,0.0010500419926211852,0.0005873930003487898,0.0005424416296156449,0.00079630845,0.0004923825345811251,0.000399172807012037,0.000387147678180481,0.0005826377158379382,0.0005423089796299317,0.00047869891470835783,0.00062937586,0.0004734776325292052,0.000993947532811549,0.000555106418082367,0.0005330887544640778,0.0008075801,0.0004873966561433596,P4 Sovereign crisis
2011-07-19,0.0004253740632483,0.000491480733402,0.000510065290422,0.0011018097551346753,0.0005560411877684039,0.0005373215809974121,0.0005022653,0.0004594439399735052,0.0010029731836608837,0.0005495325575521853,0.0004494222227567844,0.00062170735,0.0004349763081121679,0.00037692599936125105,0.0003797111996810969,0.0005896165716600882,0.0005137859862884487,0.00041163641794758973,0.0005281409,0.00046090022950484464,0.0009813889099548885,0.0005365891929253538,0.0005582990934847657,0.00071328634,0.00046516151346791284,P4 Sovereign crisis
2011-07-20,0.0004995490682663,0.0004890299331305,0.0005398204491803,0.0009841772648357535,0.000542090035533907,0.0005551973159704234,0.0004968073,0.0004419861440892239,0.0009311558600622286,0.0005216382668036878,0.00041696333008661913,0.0005659255,0.0004035483431091632,0.00037375627196415117,0.00039212857420255285,0.0005814369447459508,0.0005209790917769751,0.0004138948663141825,0.00051119167,0.00044189727564476815,0.0009452116186214963,0.0005161224408237769,0.0005377032728277028,0.0005772905,0.0004425357696976562,P4 Sovereign crisis
2011-07-21,0.0005538123930077,0.0004614709818333,0.0005140500789518,0.0008692859893333795,0.0005208813244531565,0.0005094678129358939,0.0005048455,0.0004350266422534204,0.0008762615658755527,0.0006828270949633082,0.0005938730073120894,0.0008120642,0.00046286028449629626,0.00035651634554114466,0.0003793848602513085,0.0005693150916679444,0.0005209224349832711,0.0003854144221275917,0.00053443736,0.0004472501229404489,0.0008603593989091012,0.0005472699156105295,0.0005162773464032063,0.0005195404,0.0004453749654766335,P4 Sovereign crisis
2011-07-22,0.0003580378156839,0.000504510663949,0.0005801733878171,0.000823523185222246,0.0004790874658390371,0.000516870219353831,0.0004606114,0.0004133713951450081,0.0008586613808492264,0.000645827989761607,0.000555769344828038,0.0007954364,0.0004911738878024041,0.0003799698238426324,0.0004057901313454079,0.0005618751717711255,0.0005174972169972005,0.000364135641540457,0.00052580703,0.0004195929139062298,0.000805534089289725,0.0005492463255428029,0.0005293041169908502,0.00051592366,0.00042749828668676407,P4 Sovereign crisis
2011-07-25,0.0008738279859166,0.0004757128091087,0.0005208533796398,0.0008119030358837941,0.000443580380099216,0.0004677306816592696,0.0004642661,0.00042147616670096407,0.0008172106906155251,0.000679594051359956,0.0006265861653874086,0.00080495706,0.000504682911267012,0.00036358992612845533,0.0003839611370326087,0.000551935745960089,0.00045488836798164643,0.00034903043994687793,0.0004814009,0.00045270131999750366,0.0007176817037817355,0.0005027625619631002,0.0004911127967756012,0.00044296638,0.0004404096856938734,P4 Sovereign crisis
2011-07-26,0.0010901243410283,0.0004793235897317,0.0005483276032228,0.0008954597490852011,0.0004703152579318385,0.0005193337839179453,0.00044674697,0.0004258182164792064,0.0008613200312566814,0.0006998477850188338,0.0006422450709275089,0.00084902893,0.000514077831052507,0.0003668921989097029,0.0003953755286665938,0.0005670208873195122,0.0005207870671613195,0.00039245343143254715,0.00047631902,0.0004495056987626219,0.000673688589050787,0.0005585805525878696,0.0005066965934270552,0.00047997234,0.00044973598190190347,P4 Sovereign crisis
2011-07-27,0.0016257708277869,0.0005340139080987,0.0006019328583792,0.0011028679632935612,0.0006371516492204495,0.0006215389543260287,0.0005879694,0.0005357126483999079,0.001047109518586422,0.0008266895845728899,0.0009240797834031667,0.0010680472,0.0006030467321934608,0.0004006849309404078,0.0004158922429511716,0.0006007364162119484,0.000549117977557452,0.00046702764278765086,0.0005844142,0.0004116870320490511,0.0007448439937758199,0.0005663886137143416,0.00045435212156937337,0.0005747607,0.0004258604027440961,P4 Sovereign crisis
2011-07-28,0.0028388362820366,0.0005420234323506,0.0006126445536232,0.0012486014129930727,0.0006797326771831483,0.0006649442373312373,0.00050417293,0.0004889184339781496,0.0012162088190562008,0.0008476471506023045,0.0009369238001489766,0.00097205414,0.0006045125294207857,0.00040615626116419267,0.00041706020911053956,0.0006285496705288373,0.0005423120292452237,0.0004910756047371774,0.0005166081,0.0004057084223253417,0.0008261449673141108,0.0005651077298731589,0.00045183761611109326,0.0005512207,0.0004223400560281376,P4 Sovereign crisis
2011-07-29,0.0030756915712545,0.0004994011507029,0.0005394257883838,0.0011472499985257978,0.0006558573225567857,0.0006228871895945183,0.00055756257,0.0004932839343475169,0.0012019938960522887,0.0008387302150026233,0.0009199171990298557,0.0010759874,0.0005546436808529717,0.00038067792817488954,0.000390799914888008,0.0006247023404465239,0.0005091648094749312,0.0004668512453273714,0.0005878262,0.0004265178611375423,0.0008833279138103108,0.0005487628150635776,0.0004361185998296882,0.0005598114,0.00043467119018927776,P4 Sovereign crisis
2011-08-01,0.004584086415722,0.0007307948472168,0.0007581173071786,0.0014959302073332531,0.001083432112690209,0.0009343419095416325,0.0009381739,0.0008720614003023778,0.0013587542681604966,0.0010012144520355054,0.0012964592807136674,0.0011309362,0.0008703085306168416,0.0005193385179705775,0.0004654101503403191,0.0006612332339709417,0.0005557800413288332,0.0006801125419084793,0.00061079086,0.00046148510832667774,0.0008899307675224504,0.0005667642777191332,0.0004380911144141746,0.00052907795,0.00048064067732186234,P4 Sovereign crisis
2011-08-02,0.0051389463470098,0.0008193845530127,0.0008037665560507,0.0019399917071698364,0.0014187814775791542,0.0010115302366575873,0.0013743701,0.0011071320969701266,0.001624726963583514,0.0011443646468320705,0.0013900175691413594,0.0013874576,0.0010085565240705518,0.0005719478183410039,0.00047530345946972735,0.0006974565186457119,0.0005571024601950369,0.0006992219794360397,0.0006834665,0.0005082338239338117,0.0009572055607197323,0.0005675763632183563,0.0004333052831923048,0.00055851776,0.000529904438260067,P4 Sovereign crisis
2011-08-03,0.0049673392232828,0.0011056058668124,0.001010872037796,0.002905480022424211,0.0019546673344725965,0.0013778020807852787,0.0021795863,0.0015944808176545828,0.0021026571559669585,0.0013938700144772343,0.0017734767588324651,0.0015809739,0.0013369253884635533,0.0007415253910406988,0.0005359843992073225,0.0007444878620567416,0.0005575393974591592,0.0009025815231518586,0.00069354457,0.000641527994911649,0.0010450356874879602,0.0005670421425737049,0.0004328312508859198,0.00056228717,0.0006613888459324297,P4 Sovereign crisis
2011-08-04,0.0039252667959771,0.0016533691184849,0.0014015225713331,0.0047175983255306085,0.0028222612024649436,0.002233026176252395,0.0024915657,0.0023224999501819084,0.002856385073652633,0.0019191566033241745,0.0024882513296789065,0.0016457661,0.0018625298695729548,0.0010646484710175375,0.000635194106109981,0.0007960869423662565,0.0005575393974591592,0.0013295789115038584,0.0006806399,0.0009210767522593801,0.001124197017219511,0.0005670421425737049,0.0004278559491615793,0.00056228717,0.000949592059931725,P4 Sovereign crisis
2011-08-05,0.0045076621403463,0.0016284627033364,0.0014103885284768,0.005893260275734287,0.002704034488620561,0.0023210525431808867,0.0026277415,0.0024396723878157495,0.0035605514357522814,0.0019486364190794215,0.002311865386068828,0.0017559257,0.0017590966082535254,0.0010458779169901405,0.0006312665714716703,0.0008194175253392613,0.0005575393974591592,0.001251251298560593,0.00068965775,0.0009048374757166354,0.001161851379584146,0.0005670421425737049,0.00042737460544216386,0.00056228717,0.000932850037047965,P4 Sovereign crisis
2011-08-08,0.0025944907897316,0.0024809759625561,0.00197058684854,0.008631561355067305,0.0038083015762538906,0.0039782899253169,0.0048509883,0.0034043386109322248,0.004336976693446844,0.002444731884442032,0.0029617139613438235,0.0024262771,0.002553360695717964,0.0015472681864340827,0.0007623296564751681,0.0008632245184646118,0.0005575393974591592,0.002168102279671076,0.0004994723,0.0013386134436213265,0.0011450176916152845,0.0005670421425737049,0.0004273714395940472,0.00043793433,0.0013800551303272026,P4 Sovereign crisis
2011-08-09,0.0017719604316772,0.0026206708632776,0.0021566240928912,0.008463504213027832,0.003870656807518548,0.0032895502922700433,0.0044590863,0.003166451278288308,0.004301145356544422,0.0024529630008676435,0.002732549835228955,0.0022962724,0.002452690659589552,0.001616100832056485,0.0007980869195078646,0.0008371904645831831,0.0005417891023486621,0.00132798226574086,0.00046826366,0.001397254914407336,0.0011131861143664945,0.0005547807458264546,0.0004273708926360897,0.00042151453,0.0014417609294580195,P4 Sovereign crisis
2011-08-10,0.0013617180721614,0.0026504735851917,0.0022041039029971,0.009708964246554564,0.0037572001529946842,0.003578939693357454,0.004291664,0.003617053966933028,0.004759456214818319,0.0024266267424681667,0.0031659804670264875,0.002220743,0.002607703536952015,0.0016279154728747684,0.0008092426792720769,0.000844567695878095,0.0005575393974591592,0.0015939316294966818,0.0004994723,0.001408385150147447,0.0011500518036028462,0.0005670421425737049,0.00042737305335399943,0.00043793433,0.0014519868758224284,P4 Sovereign crisis
2011-08-11,0.0030748658094314,0.00251251134113,0.0021639481149206,0.009122778975467538,0.003025361528193101,0.002603585705143607,0.0030642017,0.002917119645711789,0.004224457343614872,0.0020466222704968442,0.002384448423205208,0.0016251556,0.0021812306316938888,0.0015364252859397126,0.0008093505841958438,0.0008207032652696507,0.0005417891023486621,0.0010013929788935765,0.00046826366,0.0013283687124071271,0.0009933928259772107,0.0005547807458264546,0.00042736258452956286,0.00041359276,0.0013706805320311973,P4 Sovereign crisis
2011-08-12,0.0024584232015146,0.0026388109705737,0.0023746823144336,0.007905590879645537,0.003117517418453307,0.002500762634989935,0.0031326578,0.002766178748418207,0.0037970813676137275,0.002095231494123269,0.002470429838735488,0.0015311186,0.0022166911795998916,0.0016003341852018527,0.0008530168605791897,0.0007768273596225539,0.0005417891023486621,0.0009022550852203939,0.00046826366,0.0013836233238751247,0.0009158071130348944,0.0005487957609957479,0.0004273400155984185,0.00040413794,0.0014299582497706471,P4 Sovereign crisis
2011-08-15,0.002505162597897,0.0024434436359936,0.0021744813202757,0.006561585518267137,0.0024153699490062795,0.0018004604793460041,0.0024829397,0.002465124478077182,0.003320603417947092,0.0016217696113796035,0.001998631469212358,0.0012647664,0.0019876351557206132,0.0014779342499433524,0.0008296424811034095,0.0007407855005123575,0.0005428262158866348,0.000643862636478137,0.00051963265,0.0012929963010374496,0.0008724673809308876,0.0005528501906675938,0.0004274234443826543,0.00042311384,0.0013388400058839188,P4 Sovereign crisis
2011-08-16,0.0025165419748419,0.0022307955518277,0.0020168969960487,0.005446463432795809,0.0022752087296638033,0.0018557454374635424,0.0024583659,0.00239049561787492,0.0029453500764342992,0.0015464112798472744,0.0019468241333101273,0.001235521,0.0019030085405076509,0.001349130329215632,0.0008053846463797869,0.000721240886501183,0.0005509306018174993,0.000705288835853355,0.0004923238,0.0011964843332823273,0.0008679819600130878,0.0005696167990877197,0.00042742745652193367,0.00043507406,0.0012186011112769182,P4 Sovereign crisis
2011-08-17,0.0025620991518453,0.0020736344632701,0.0019533842626036,0.004337276956539131,0.0021458909236694566,0.0015281661797974687,0.0020728118,0.0021162081091490024,0.0025460537224724694,0.0014378233213037412,0.0018346096241640467,0.001090227,0.0017577748144546393,0.0012522128760902198,0.0008064761421500508,0.000693650534478061,0.00047271592838507977,0.0005679704070884633,0.0004959741,0.0011017811613290474,0.0008370543573265742,0.0004946577422068131,0.00042773535401415485,0.00038715443,0.0011392874902013816,P4 Sovereign crisis
2011-08-18,0.0006540369455769,0.0028517384296406,0.0025918849723724,0.005535661664364737,0.0036190254385730218,0.0028943601804249995,0.003786381,0.0032338998839554684,0.0029701538762463425,0.0014032371231384368,0.0015523881009343295,0.0015097451,0.0021038832676011534,0.0017134920380620531,0.0009228274151532482,0.0007408486232046925,0.0005575393974591592,0.0012313031667268296,0.0004994723,0.001482421404251943,0.0008948609341933306,0.0005769630035658536,0.00042745436385345417,0.0006290018,0.0015933498963055998,P4 Sovereign crisis
2011-08-19,0.0005169233169286,0.0026949557559002,0.0024879926115444,0.006076992933698961,0.0034760606666020665,0.002910154036516051,0.0041930587,0.00346655948521596,0.00334729997062419,0.0023670926686131435,0.0023779817661455805,0.00210498,0.002415549085674969,0.0016174112135958606,0.0009051884071159448,0.0007711727179788756,0.0005575393974591592,0.0011059449522808874,0.0005060902,0.0013992974284393986,0.000985050133066942,0.0005670421425737049,0.0004274306614759776,0.00045553298,0.00144261781037195,P4 Sovereign crisis
2011-08-22,0.0006288285999069,0.002514448968379,0.002515260285735,0.0051764600089736915,0.0034160232896385903,0.002801348162992229,0.0038432821,0.002650620202931582,0.003129337712998144,0.0022504292592502237,0.00230955509462272,0.0019723875,0.0021042039688806604,0.001504892898463734,0.0009098185674823724,0.0007607787432576295,0.0005417891023486621,0.0009857577606683153,0.00047321306,0.0013011063148574999,0.00100767262341812,0.0005484670779064478,0.0004273571117036864,0.0004248841,0.001343293906563459,P4 Sovereign crisis
2011-08-23,0.0006285418510312,0.0023013498192811,0.0024650186350892,0.004477901055225089,0.0034640628567464064,0.0028549588075457186,0.0038005444,0.0025277882528132885,0.0029211170815601345,0.002349043127255796,0.002292693748359321,0.0019840817,0.0019974608673535396,0.0013771769641493334,0.0008936093575750531,0.0007541934469154963,0.0005507969520556319,0.0010380367658388283,0.00047113898,0.0012092431807458177,0.0010300531939328977,0.0005688870153473338,0.0004273825378238257,0.00043977285,0.0012409929697198866,P4 Sovereign crisis
2011-08-24,0.0017532634097871,0.0021571417918726,0.0025219237281023,0.0036116899869234236,0.0034845321314311596,0.002824238714323654,0.0038432821,0.002296967936774631,0.002559601913503058,0.00229810698631914,0.002327839823652133,0.0019723875,0.0018228136627572817,0.0012887005717589425,0.0009100519875924829,0.0007296988031856409,0.0005417891023486621,0.0009938494170727622,0.00047321306,0.0011141898892523998,0.001007522151253781,0.0005486947812908602,0.00042735649089352434,0.0004248841,0.0011494238426806175,P4 Sovereign crisis
2011-08-25,0.0017798864851331,0.0019971566381925,0.0020360041890127,0.00321614806691857,0.0024641013716242195,0.002156625034259028,0.0026822349,0.002168962008862399,0.002423160021896462,0.00202387502013993,0.001967532666561878,0.0017657948,0.0018527033900926353,0.0011947805418857412,0.0008615051922559152,0.0007243467664548855,0.000546032493277605,0.0008638008040136647,0.0003649753,0.0010296443104628689,0.0010445160060305928,0.0005637964779823844,0.00042741842564249856,0.0003861246,0.001064249444386197,P4 Sovereign crisis
2011-08-26,0.0027053966686985,0.0018522402012913,0.0019508059678348,0.002959615901360323,0.0023120089044116306,0.0020343502297923244,0.0024999864,0.001991967326344277,0.0023400392057063408,0.0019824769037386667,0.0018757340058581044,0.0017657948,0.0017235698611529787,0.0011104215939988493,0.0008507567568905348,0.0007254516885716753,0.0005427748866415407,0.0008291530912413479,0.00037989955,0.0009914191702390706,0.0010930087450878988,0.000566157785142045,0.0004274350564568174,0.00038750132,0.0010217103788112563,P4 Sovereign crisis
2011-08-29,0.0036568278752657,0.0018017095046661,0.0020534445769054,0.0026768676459283354,0.0025078124236508656,0.0020098318648882267,0.0028388586,0.0019475177990608274,0.002059741343654189,0.0019091230014429896,0.001934945819016733,0.0018056105,0.001649506535695403,0.0010788152007279834,0.0008719954627374796,0.0007011376980043555,0.00054200583139695,0.0007664795679465608,0.0004053222,0.0009443634169817069,0.0010819990376911993,0.0005502844137984921,0.0004275034228055006,0.00036544682,0.0009811141873446304,P4 Sovereign crisis
2011-08-30,0.0036564750909318,0.0016463279406344,0.0020303348365689,0.002565565392969294,0.0022307912102380065,0.0019366793620103372,0.0027066497,0.0016936828633467532,0.0018686502721661038,0.0018910371269789906,0.0018940725264815499,0.001783802,0.0014839682436366566,0.000987475820157611,0.000859997985883817,0.000678037848182373,0.0005180501885417463,0.0007283361425894612,0.00038811384,0.0008722474813615772,0.0010387355569263202,0.0005556680761731704,0.0004274880307710169,0.00039033275,0.0009048105395085205,P4 Sovereign crisis
2011-08-31,0.003187804492639,0.0020727532139729,0.002544494314865,0.0023967803357874138,0.0024450649201632857,0.0020784968306065306,0.0025778643,0.001984685201322675,0.0015684459858075757,0.001578881159366489,0.001784637408569615,0.0013126704,0.001612117330471652,0.0012348491976123118,0.0009414563197502455,0.0006283427861176694,0.0005304893689487591,0.0006891026037238934,0.00052780006,0.0010887875073334926,0.0010185117468419704,0.0005562889773456501,0.00042749242758393567,0.00041427137,0.0011249297654538036,P4 Sovereign crisis
2011-09-01,0.0030964058011646,0.0019169500080767,0.0024810581894183,0.0023756540010940906,0.002189401383712106,0.0019351237177447653,0.002053037,0.0017825051669177298,0.0014159215720918493,0.0014814875636221146,0.0016460200010583203,0.0011274702,0.001478953554449648,0.001141855184063693,0.0009184981001058189,0.0005960890855006149,0.0004670975062265957,0.0006295974532034351,0.00047585458,0.000998123925231965,0.0009237976160754658,0.0005082642165952927,0.00042759569108882203,0.0003974476,0.0010401443300504757,P4 Sovereign crisis
2011-09-02,0.0031404441159064,0.0022360937669288,0.0027285019573327,0.0027093849270884676,0.0025563072136700823,0.002609585821969219,0.0024880976,0.0023719616661943346,0.0015852360574823046,0.0016918236005616,0.0016969017562194983,0.0012872614,0.0018206305111841041,0.0013342678065838313,0.0009573510322629679,0.0006312530622637876,0.0005575393974591592,0.000974661144939572,0.0005381777,0.0011543369397392746,0.0009476888928662685,0.0005670421425737049,0.00042777704233343006,0.0004463223,0.0011900736716820531,P4 Sovereign crisis
2011-09-05,0.0025606654560595,0.0026437067482171,0.002849406433663,0.0035075006671316175,0.0027930180625928844,0.003403734523616402,0.0027177928,0.002856415750153866,0.002082429646984066,0.0019240863164037688,0.002408179260265601,0.0015407911,0.0021561064394429565,0.0015772279739782388,0.000966752830242467,0.0006920407115697655,0.0005575393974591592,0.0013105994565966229,0.0004994723,0.001364533044842543,0.0010399498178356344,0.0005670421425737049,0.0004275104235090608,0.00043793433,0.0014067771678293853,P4 Sovereign crisis
2011-09-06,0.0027490242385842,0.0024075093426373,0.0027526947448282,0.0031677364677928184,0.0026532969281217182,0.002986131694177379,0.002450813,0.002285833788279689,0.00200581460299461,0.0017882919638855111,0.0018970521031679362,0.0014667015,0.0019300697182023296,0.001434239167431985,0.0009355680137877788,0.0007023238163937226,0.0005305544529127134,0.0009591307813341202,0.00046187738,0.0012412328726323205,0.0010008774312686805,0.0005545947158153901,0.00042708680174333467,0.00042800666,0.0012857752224427182,P4 Sovereign crisis
2011-09-07,0.0023362638124591,0.0025472683831067,0.0025438566810966,0.002688921880916147,0.00265930921168219,0.0027136624851621764,0.0025189829,0.0025262297761195346,0.00179559874546068,0.0017711706286592105,0.00187728761421559,0.0014652866,0.0021971013768704323,0.0015107021113476336,0.0009078813470600567,0.0006689335454492121,0.0005417891023486621,0.0009120386944184616,0.00046826366,0.0013061288673430018,0.0009501160383850356,0.0005484670779064478,0.0004268292692226178,0.00040413794,0.001346809904210529,P4 Sovereign crisis
2011-09-08,0.0023351181225208,0.002310253132451,0.002308007462554,0.00217288593047657,0.0025291621196585827,0.002565084297474441,0.00243039,0.002383829520443509,0.0016406294478015528,0.0017022515175791513,0.0014638610942647322,0.0014562022,0.0019876874424955924,0.0013691887432843903,0.0008418289351126946,0.0006437695017299891,0.0005244469133676142,0.0008805378933947195,0.00045478818,0.0012081948338136799,0.0009570794693627776,0.0005542975382503705,0.00042668551357768315,0.00043336092,0.0012481815482628979,P4 Sovereign crisis
2011-09-09,0.0014787398691514,0.0026130461447187,0.0024825548553915,0.0026559955654404483,0.002734764802852634,0.0029703567342871783,0.0027177928,0.0029932922283254617,0.0019161064775877785,0.0018293055003583106,0.00211213202409393,0.0015568088,0.0024088292562096025,0.0015507088527753586,0.0008958274049772286,0.0006765017371555444,0.0005575393974591592,0.0011914878932181724,0.0004994723,0.00134159012359176,0.0010249430664057493,0.0005670421425737049,0.00042870221681313016,0.00043793433,0.0013831239643390782,P4 Sovereign crisis
2011-09-12,0.0010892390241872,0.0027032751420734,0.0024661683963264,0.003246099317510769,0.0025645160023020134,0.0027932715775162873,0.002538053,0.0030132892106981895,0.0022446252484200476,0.0016734755227111188,0.0018885782261671,0.0013994562,0.002434041709034177,0.001604704813322564,0.0009015385631070223,0.000725718350239009,0.0005575393974591592,0.0010899187571072678,0.0004994723,0.0013883045324598927,0.0010821618935671089,0.00056670971575411,0.00043183789482091405,0.0004463223,0.001433575389449141,P4 Sovereign crisis
2011-09-13,0.0010846835012877,0.002541543349049,0.0023753981756819,0.0028877455407544544,0.0025307364416700343,0.002465801291813185,0.0024136049,0.0025809939548063114,0.0021734505703846067,0.0016471834388425068,0.0016966211506564254,0.0013247485,0.002143358666665842,0.001504797433162927,0.0008743717430540404,0.0007243914446114489,0.0005417891023486621,0.0008605896957811696,0.00046826366,0.0013010237770863025,0.0010599417528192761,0.0005547807458264546,0.0004264735524482991,0.0004384533,0.0013424645930800402,P4 Sovereign crisis
2011-09-14,0.0010530468704902,0.002482072932349,0.0023736497552027,0.002430834666492263,0.0024888205859730874,0.0025025942513220495,0.0024136049,0.0024695466220336706,0.002002787185532966,0.0015811460780429856,0.0017032265848646656,0.0012996478,0.002023494418081935,0.00146550197161356,0.0008840616327616117,0.0007003917023420554,0.0005417891023486621,0.000878802883219875,0.00046826366,0.001267049549937437,0.0009889921330647937,0.0005547807458264546,0.00042635528483009284,0.00041359276,0.0013074082030064059,P4 Sovereign crisis
2011-09-15,0.0021131916626542,0.0022537721947164,0.0022959801308365,0.0020821865911322397,0.002466916395215715,0.0025463920589061093,0.0024270653,0.0023920077852320485,0.0017648568685598956,0.001579038910208831,0.0014266347298879593,0.0013202055,0.001952961346196702,0.001330546579798789,0.0008518545970304375,0.0006743759326847879,0.0005328419125642435,0.0008887978132680618,0.00047511674,0.0011904263503583635,0.0009010625260459695,0.0005612882076060777,0.0004265205653068779,0.00043971167,0.0012192698038408201,P4 Sovereign crisis
2011-09-16,0.0021944193092341,0.0021176891093197,0.0022079555387961,0.0018941957141674966,0.002294778383205779,0.0019910666561110146,0.0023010944,0.0022339246645627538,0.0016547109383998975,0.0014199916408965019,0.0013693585332685305,0.0011993567,0.0017998261949239986,0.0012489510820150305,0.0008661792630789602,0.0006453230465381528,0.0005421354119607349,0.0007026433617402499,0.0005056362,0.001080135315036889,0.0008708385976071685,0.00055468699054953,0.0004318362248697372,0.00043265597,0.001115297403753787,P4 Sovereign crisis
2011-09-19,0.0021525791261743,0.0020638209078732,0.0018559679901375,0.0020170152123635274,0.0021835169246556064,0.0017016385149596156,0.002459468,0.0025718250660587932,0.0016646874363724245,0.0014222566100911083,0.0012096886737487345,0.0011969383,0.002018373295966921,0.0012203650291646062,0.0007936892001699236,0.000650145223283112,0.000547630160181653,0.0007049640018552774,0.0005964803,0.0010805622056740598,0.0008612459163420391,0.0005634505665882341,0.00044037476935886833,0.00043668482,0.0011138601551563209,P4 Sovereign crisis
2011-09-20,0.0029503006745167,0.0019613592875866,0.0018540256613345,0.001956263515763207,0.0020908827404380994,0.0016068761055831147,0.0022626114,0.0021369287221270497,0.0015682268241500271,0.0013030142798353974,0.0011349478467602184,0.0011215435,0.0017156368905386443,0.0011590707848551083,0.000792810303908822,0.0006345199973252014,0.0005328650140479461,0.0006101383937507649,0.00052780006,0.0010205543184025343,0.0008497863810364648,0.0005572883730278348,0.0004498235968844189,0.00044197103,0.0010558967270437275,P4 Sovereign crisis
2011-09-21,0.0026209374989219,0.0019791254333394,0.0018841752239807,0.002188872212036296,0.002306827236052897,0.002011010888634485,0.002534819,0.0025133265264020528,0.0017264452191032074,0.001407421345677051,0.0012697411085293207,0.0012308479,0.0018550804674484815,0.0011735009218890862,0.0008035388093576529,0.0006634881584999276,0.0005575393974591592,0.0008617717107525901,0.0005381777,0.001015250054202335,0.0009052809134572849,0.0005670421425737049,0.00043981099949039616,0.0004760496,0.0010466808416898384,P4 Sovereign crisis
2011-09-22,0.0015748592241109,0.002325834646657,0.0022814612896781,0.002957173866130899,0.0026893010313962136,0.0029102165869123136,0.0027177928,0.0027928999680014483,0.0021657479420807016,0.0016628715596837989,0.00194720246619304,0.0014425839,0.0021720332751015625,0.0013824844447689465,0.0008704985994368926,0.0007194974955718672,0.0005575393974591592,0.0012485068290148031,0.0004994723,0.00119605138888695,0.000996985672087258,0.0005670421425737049,0.0004317212142693616,0.00043793433,0.0012330795445345507,P4 Sovereign crisis
2011-09-23,0.0013246865862887,0.0022185310493296,0.0022899681715934,0.0026982584500440015,0.002570501702840112,0.0026328662938610676,0.0025189829,0.0023280671886590503,0.0021088639413509294,0.0016108601356686514,0.001719521612164306,0.0013585989,0.0018709255172278093,0.0013161309586221177,0.0008667024872786127,0.0007206023972321381,0.0005417891023486621,0.0009531172577946844,0.00046826366,0.0011379057627229274,0.0009450548601057822,0.0005547807458264546,0.00042649579391175853,0.00041359276,0.001174150867663916,P4 Sovereign crisis
2011-09-26,0.0011327628135712,0.0021065416966325,0.0023075018181359,0.0023554440274693536,0.0024026556655270172,0.00236598376494649,0.0023783313,0.002070869904714459,0.0020069069817864453,0.0015296014652049041,0.0016355469087771333,0.001274931,0.0017134864276085763,0.0012479876199585293,0.0008713528499524055,0.0007016945192753913,0.0005417891023486621,0.0008337351300736461,0.00046826366,0.0010789901227187928,0.0009470438253713753,0.0005547807458264546,0.00042640862499590787,0.00043021326,0.0011133586192229761,P4 Sovereign crisis
2011-09-27,0.0013889309943093,0.0023593656021877,0.0026041551809132,0.002209889719167701,0.002565892999683581,0.002539752379698502,0.0023783313,0.002232995171760253,0.0018255117558590374,0.0016490474717126176,0.0016896302767127449,0.0013628736,0.0018924183746733955,0.0013928306197127757,0.0009257577452739539,0.0006621898110892998,0.0005417891023486621,0.0008378479810259296,0.00046826366,0.0012042190621572991,0.000876858262786468,0.0005547807458264546,0.00042644323785977255,0.00041359276,0.001242576409232672,P4 Sovereign crisis
2011-09-28,0.0017599211175905,0.0021730186683,0.0024749376132648,0.0022215324576244535,0.0024420640877942626,0.0023535153791596104,0.0024060335,0.002175638905639742,0.0018002451631815935,0.0015989467059890413,0.0016247889226925238,0.0012824899,0.00183683121589368,0.0012839197339940217,0.0008951622278781938,0.0006564302557451568,0.0005465776660092407,0.0008063669509408069,0.00046934604,0.001120914619426971,0.0008887481654123671,0.0005657561710968495,0.00042932608087347535,0.000431496,0.0011482886038533806,P4 Sovereign crisis
2011-09-29,0.0024988900337755,0.0019759207320781,0.0022707986042858,0.0021494886104691437,0.0021706181283587143,0.0017955798881400821,0.0020862538,0.0019720432728166796,0.001659696951209844,0.0013986541263547076,0.0014333575765534616,0.001132384,0.0016777398395231519,0.0011679685079412643,0.0008712730487466014,0.0006417204758427345,0.0004627610605197563,0.0005995010872549202,0.000464741,0.0010365546338555879,0.0008571596201029588,0.0005050755896547166,0.0004321169295003343,0.00041451002,0.0010709867658457804,P4 Sovereign crisis
2011-09-30,0.002512262005781,0.0018024499536293,0.002016435540585,0.0019352384717919902,0.002159347644810987,0.0016916684044001526,0.002200065,0.0019169381678417821,0.0015471755809223571,0.0013783052245701782,0.0013518730916584627,0.0012605741,0.001597156591318505,0.0010677786179973867,0.000817442533612733,0.0006317314563063049,0.00047541112687446636,0.0006172194887634102,0.00046199147,0.0009693917723413163,0.0008377555926236355,0.0005139686278201159,0.0004377076977944683,0.00039969326,0.0009880562782096632,P4 Sovereign crisis
2011-10-03,0.002595314977979,0.0016484005799687,0.0019735377792264,0.0018105811404199438,0.0021495732999526913,0.0016554250645608674,0.0021689709,0.0017070589448823447,0.0013548987550104663,0.0012576747881547416,0.001113081349195825,0.0012012271,0.001335251159628472,0.000978366042673483,0.0008170119007362741,0.0006126289222752951,0.0004679627320612561,0.0006063601247226794,0.00048017618,0.0008663987988358079,0.0007937126856636452,0.0005034368263607446,0.0004394883844097365,0.00045309926,0.0008999052983386906,P4 Sovereign crisis
2011-10-04,0.0014842882900869,0.002127162826922,0.0021235907419068,0.002227211870465442,0.002465691658666645,0.0024591353296057336,0.0025558989,0.0025441223522583854,0.0016050609341996195,0.001558323665624797,0.001720193631903934,0.0013537437,0.001999372550850511,0.0012669308202651393,0.000854114567047793,0.0006525126769303871,0.0005575393974591592,0.001093087116621359,0.0004994723,0.0010960805909501978,0.0008689167106539693,0.0005670421425737049,0.0004323337742313346,0.00043793433,0.0011300137840396579,P4 Sovereign crisis
2011-10-05,0.0014072202435644,0.0021118718250291,0.0020545983240895,0.002082439178144673,0.0023616451992508566,0.0019452997569628654,0.0023885781,0.0022434689767324347,0.0015002803724750876,0.0014126925358287142,0.001316451398714426,0.0011861742,0.0017793446022695777,0.0012548464443695125,0.0008226971173310517,0.0006393216122929106,0.0005417891023486621,0.0007161517095842456,0.00050455047,0.0010849201525320368,0.0008342013350746058,0.0005547807458264546,0.00043066551137140323,0.00041359276,0.0011194775351109068,P4 Sovereign crisis
2011-10-06,0.0008348630793281,0.0022466294011147,0.0022997500878559,0.001937910341621538,0.0024292719185519114,0.0020791653397278596,0.0024156647,0.0023003567248857638,0.0014006355028836576,0.0015218685095918503,0.0013878762152356604,0.001274931,0.0018483764830429183,0.0013304523556029626,0.0008653491882069675,0.0006133521226809014,0.0005417891023486621,0.0007182209757818403,0.00050455047,0.0011502878133448557,0.0007789039613873783,0.0005547807458264546,0.0004298666630548044,0.00041359276,0.0011869273171358006,P4 Sovereign crisis
2011-10-07,0.0009720584028209,0.0020457849255327,0.0021184648798058,0.0017584685668013747,0.0023038620882713055,0.0019114455274921026,0.0023239376,0.00205750465403319,0.0013302885893976117,0.0014774384742056912,0.0013573048866869276,0.0012360403,0.001666464515989687,0.001211500408490222,0.0008137585733973976,0.0005946057338727321,0.0005308699757821013,0.0006745444097859983,0.00048669984,0.001051751968561257,0.0006736966385835313,0.0005549312810399045,0.0004270324889587394,0.00043370656,0.0010865678476868748,P4 Sovereign crisis
2011-10-10,0.0008924388724945,0.0019029852360961,0.0021693012233586,0.0018188245703685004,0.0023216469212394993,0.0019290621714908869,0.002402836,0.0019431596338560554,0.001299778495909133,0.0014983912733141944,0.0014919601003554003,0.0012883607,0.0015843945548043186,0.001126891856449429,0.0008282043981150182,0.0005781481857109436,0.0005417118548046157,0.0006779259603645142,0.00050988345,0.0009733580696778961,0.0005976501277059223,0.0005547807458264546,0.00042774684127601565,0.00043482432,0.0010046216919805337,P4 Sovereign crisis
2011-10-11,0.0007727507238895,0.0018140002372102,0.0018530696379562,0.0019658532372124897,0.0019854145623604395,0.0015525563204178395,0.0022992943,0.0021165302637673467,0.001330548367769899,0.0014479195605163868,0.0013296499692128016,0.0012851945,0.001795106383663958,0.001077702464352846,0.0007774874888421307,0.0005850452563874647,0.0005396928694341442,0.0006172107909988138,0.00062893005,0.000960687891688969,0.0005541003579741789,0.0005643455091143265,0.0004375231884938041,0.00047820967,0.0009857781667575497,P4 Sovereign crisis
2011-10-12,0.0004602601805298,0.0017942739442474,0.0017954277421354,0.0020290839711476394,0.001654273721513128,0.0014347763872034215,0.0016765016,0.001887972780236506,0.0013091998452746316,0.0012283311131704487,0.0013583454213449394,0.0010628733,0.001609797976271162,0.001065210259708944,0.0007668590178228682,0.0005684003090095802,0.0005280707442469213,0.0005426829101277341,0.0004634663,0.0009461235570965529,0.0004821774889944695,0.0005548716372422885,0.00043008789938622826,0.0004168541,0.0009726654584303448,P4 Sovereign crisis
2011-10-13,0.0003427849876179,0.0017278206541916,0.0016458429720907,0.0021135451881657643,0.0018737825910852888,0.0016252368461016297,0.001985974,0.0021580319554260472,0.0015118566505366508,0.001404481453687227,0.001504887872002142,0.0011690378,0.0018388702065800049,0.0010296444777985736,0.00074789312353798,0.0005926818255818243,0.0005549444221043951,0.0007055210693823107,0.00042435413,0.0008906820767544855,0.0005302977955832201,0.0005666675539062162,0.00043047728202898726,0.0004258159,0.0009192604989229759,P4 Sovereign crisis
2011-10-14,0.0003154372968413,0.0016341339681357,0.0016432355925187,0.00193254456647645,0.0018420494466332242,0.0015235710630186509,0.0017995297,0.0017729782481276399,0.0015116650945303535,0.0013396686815876147,0.001437587679793861,0.0010915815,0.0015973567803984502,0.0009745744676311986,0.0007403115883235306,0.0005921993210235918,0.0005389309388769579,0.000618263743529598,0.00046067862,0.0008424963993623405,0.0005270299035875575,0.000554414257051238,0.00043004520002774816,0.00042452486,0.0008702825828535727,P4 Sovereign crisis
2011-10-17,0.0008144833572595,0.0015090567976878,0.0016139535008784,0.0020301529297678473,0.0018353685326033074,0.0016318120564686582,0.0018009939,0.0016874223767145563,0.0014832287792660131,0.0013508492857149433,0.0015265311312262122,0.0011198564,0.0015503670653223972,0.000903964153181683,0.0007325385562810193,0.0006051869988080565,0.0005507227059166241,0.0006907595771029965,0.00041993178,0.0007901772761856008,0.0005376560639344383,0.000560360087827499,0.00043232254451288895,0.00041041602,0.0008165562046320874,P4 Sovereign crisis
2011-10-18,0.0009619783838395,0.0013843256759164,0.0015572871023798,0.0018481658603981838,0.0017518578861822525,0.0014354521563209194,0.0016950556,0.0015017740837037531,0.0013961976325744412,0.0013487806138517387,0.0014461886808069225,0.0010783973,0.001436031452395235,0.0008321784438960372,0.0007226640352106647,0.0005990951320526212,0.0005261235278839865,0.0005937673740240312,0.00041067184,0.0007326500499169814,0.0005186594093087336,0.0005584006224199584,0.00043120702573374583,0.00039536346,0.0007598708595513306,P4 Sovereign crisis
2011-10-19,0.0009435900761208,0.0012704105349268,0.0014052893606391,0.0017490719548715308,0.0011320307897861824,0.0013746690346651974,0.0011031174,0.0013123814611773774,0.0012803454633762974,0.0011087214974092269,0.0012549112170209176,0.0009771461,0.0013372181987940672,0.0007671837942108723,0.0006991452002247072,0.0005803661362847698,0.000521095084047857,0.0006011446345407814,0.00035267902,0.0006908283144847614,0.0005006030169509594,0.0005514391116178078,0.0004452748201128408,0.0003650497,0.0007161575516325219,P4 Sovereign crisis
2011-10-20,0.0022431764279354,0.0011939601543936,0.0013277221645954,0.0017025809264181666,0.0010987281963152986,0.0013280194623889788,0.001029411,0.0011909267772420974,0.001262574085968243,0.0010675662960833146,0.0010972115117105058,0.0009525499,0.001190076057276678,0.0007263648649337206,0.0006881816214640906,0.0005876807038160162,0.0005020268499476511,0.000626414850727056,0.0003269936,0.0006573361445789402,0.0005008280357852616,0.0005426228093715277,0.0004547378861327593,0.00040693177,0.0006786477916136234,P4 Sovereign crisis
2011-10-21,0.0021226823591298,0.0011395947874175,0.0012825892596292,0.0016433919567126025,0.0010373274474085473,0.0012490784868293074,0.0010552363,0.0012185385935423896,0.0011647053417043244,0.0007837594009846372,0.0009689456449296375,0.0007897816,0.0010004866871972458,0.0006958684503617276,0.0006785769335101325,0.0005699234046766569,0.0004927724350458648,0.000575542436924872,0.00035056245,0.0006317855585181406,0.00047781007919173933,0.000539056065349589,0.0004589606626677382,0.00059515226,0.0006538355078930374,P4 Sovereign crisis
2011-10-24,0.0017136375389404,0.0012695856322397,0.0014092514896809,0.0017768966994564377,0.0014477347480414012,0.001149574542347352,0.0015175923,0.0014622978827865108,0.0010221402787681673,0.0007777076565071108,0.0008545115973289447,0.0007318636,0.0010844192061422264,0.0007723121259072176,0.0006833579803705983,0.0005360142456906054,0.00047435019872031994,0.000490557308514819,0.0003474249,0.0007006161096987271,0.0004567458533968708,0.000500062386277538,0.0004675180554784318,0.00045991773,0.0007209021462714583,P4 Sovereign crisis
2011-10-25,0.0034355385138331,0.0012553309603466,0.0014235092945414,0.0018411712203631422,0.0015809253146107846,0.0013254285900729066,0.0017900931,0.0016234300255478593,0.0010563943175428904,0.0008520681915153976,0.0008447324400828886,0.00087382057,0.0011405941928989752,0.0007682029691413613,0.0006786755483952095,0.0005550301667369654,0.0005605096340916397,0.0006089955637692279,0.0005366432,0.0006786288296749333,0.0004719580075261241,0.0005711197371600004,0.00046228173462511843,0.0006784953,0.0006980149507819684,P4 Sovereign crisis
2011-10-26,0.0034181009451231,0.0011467677750495,0.0013642395477453,0.0016832173633841152,0.0015245256593671283,0.0012358888029862494,0.0015927379,0.0014348412350678257,0.0010208157622357173,0.0010248688349200838,0.0009065438483886318,0.00094227836,0.001112646270596447,0.0007059433026749465,0.0006570310793425803,0.0005562138452727195,0.0005322736641316046,0.0005365010868573825,0.00045491836,0.0006261029986647447,0.0004549451984372234,0.0005595212800248318,0.00046112641966603143,0.0005214897,0.0006447500511595971,P4 Sovereign crisis
2011-10-27,0.0027967181949416,0.0016520199948468,0.0016665435862361,0.0013973674150673688,0.0017148340081818386,0.0012464122245815301,0.0016172343,0.0017691177663562553,0.000989842732079862,0.0012257696306806262,0.0011816648700848976,0.0010505525,0.0014888759239608655,0.0010005245474895184,0.0007161613764979902,0.0005271599405157717,0.0005286836018207691,0.00048733574801868186,0.0004738159,0.0008886694764767424,0.0004162019185902915,0.0005550825449358011,0.00043489786987168473,0.00042406033,0.0009135996004400242,P4 Sovereign crisis
2011-10-28,0.002825517013518,0.0015112092024667,0.0016002028320381,0.0015512336386335579,0.001533278702657951,0.0012920588582898867,0.0016233033,0.0016395173372467516,0.0009880367297655927,0.0012405852029334233,0.0011788012299917942,0.0010807113,0.001448082068825054,0.0009186647353142734,0.0006907276302557635,0.0005162957078872562,0.0005352351356458962,0.0005137880132643929,0.0004543837,0.0008343017392607355,0.00037528878216666736,0.0005680460499758624,0.00043346482421290045,0.00044052763,0.0008480891492106712,P4 Sovereign crisis
2011-10-31,0.0026960082749567,0.0014448726652247,0.0015901834181112,0.0018102870850753472,0.001621016793146957,0.0014468161044256917,0.0018307674,0.0017490293001245362,0.0010732617444856392,0.0012395263983787826,0.0012990630031760977,0.0011485019,0.0014781302837457147,0.0008821091802525741,0.0007015554028982866,0.0005376019519201818,0.0005574599042597278,0.0006195029006360588,0.00051322574,0.0007630685282587182,0.0003783080529390632,0.0005596359949669316,0.0004349929292116754,0.00045858716,0.0007886525314424438,P4 Sovereign crisis
2011-11-01,0.0008558228599653,0.002250749810501,0.0021705997776962,0.0028344036325564574,0.0022618340861411262,0.002479620138391933,0.0020619296,0.0025731795233089757,0.00159712682099999,0.0016526250547521629,0.0018650069608677946,0.0012690295,0.00205650535180684,0.0013624967887081948,0.000822353026691809,0.0006138080788454531,0.0005575393974591592,0.0011084199658598264,0.0004994723,0.0011787591409470088,0.0004768035563464144,0.0005670421425737049,0.0004278745651132109,0.00043793433,0.001215251951663642,P4 Sovereign crisis
2011-11-02,0.0009477645793561,0.0020418444926223,0.0020561636337907,0.0024204175961518187,0.002075041312974221,0.002149799819930513,0.00180654,0.0020255322729595257,0.001555842830212363,0.0015382975823875177,0.001418437919033542,0.0011898672,0.001773028671252928,0.001236289174563276,0.0007749789891427212,0.0006233342265944235,0.0005230359948008326,0.0007612359156617635,0.0004216051,0.0010889845384655147,0.0005166438673406675,0.0005521042112647916,0.00042683776102958067,0.0004362719,0.0011250894170413649,P4 Sovereign crisis
2011-11-03,0.0002042048313062,0.0021780388682026,0.0019880211368656,0.002129465475864267,0.0018490643880254808,0.002007581768201293,0.0017676956,0.002307420940845413,0.0013273727883851363,0.0013649903412941903,0.0014979495495713252,0.0011641326,0.00202504957477544,0.0013107436304578342,0.0007862431327608967,0.0005859920572120786,0.0005417891023486621,0.0007473791239711723,0.00042036895,0.0011332479650139247,0.0005188286008581612,0.0005434499185881373,0.00042734255255814707,0.00039101567,0.0011704257137531717,P4 Sovereign crisis
2011-11-04,0.0003338360156771,0.0020028943311334,0.0018863470448275,0.001880917191158318,0.001738911728184115,0.0020249287850470023,0.0017063889,0.002136975020294864,0.0013196754944105053,0.0013872627641838802,0.0013196238184890266,0.0011243798,0.001944059903467163,0.0012065910989144469,0.0007540350797978712,0.000584736256735911,0.0005483311547856559,0.000792542497843273,0.0004038098,0.0010536574490560354,0.000579874369774973,0.0005667092959015751,0.00042796749892040837,0.0004312661,0.0010829005670775049,P4 Sovereign crisis
2011-11-07,0.0003345996090318,0.0018179650691354,0.0016608989264763,0.0014549787564982872,0.0016993227005732065,0.0016949065846843603,0.0015998639,0.0018897833225437464,0.0011337028819252588,0.0012811389248801558,0.0011805961933253313,0.0010632402,0.001695033137530794,0.0010967103825760076,0.0006843939754959879,0.0005500240198657205,0.0005230359948008326,0.0006539460393197361,0.00036613864,0.0009660366477137222,0.0005951731800746145,0.0005528886633830508,0.00042684766955359275,0.00043603935,0.0009981864933087789,P4 Sovereign crisis
2011-11-08,0.0004036877356547,0.0016755318917834,0.0014639401161731,0.0013223678544095154,0.0015420722149277664,0.0012008134348677128,0.0014788394,0.0018549030653549458,0.0010249159430010836,0.0009911556269049245,0.0009664967633000172,0.00087597826,0.0014617295433013205,0.0010117103591648104,0.0006929111692211893,0.0005194931448436602,0.0004653145520022195,0.0005015078318102607,0.00032707,0.0008881452082045854,0.0006127285698253434,0.0005045087252873088,0.0004627711804862636,0.00043741593,0.0009232781713462507,P4 Sovereign crisis
2011-11-09,0.0003475501975488,0.001574374621165,0.0014852106778372,0.001328347221438805,0.0015537300577020126,0.0013300006797224374,0.0014289387,0.001633970614234801,0.001060757596714056,0.0011695865725527426,0.0010564513479354,0.0009433037,0.0016251484687611986,0.0009540833470725284,0.0006955998435992334,0.0005188432891227504,0.0005344847305508281,0.0005865521459661512,0.0004193655,0.0008376365751703271,0.0006784999622572112,0.0005650209530275686,0.00045043961144354235,0.00042880297,0.0008683560447543511,P4 Sovereign crisis
2011-11-10,0.0005822964338474,0.0014305812321775,0.0010949860882052,0.0011864296462781435,0.001029216100290096,0.0012112496822191349,0.0010732843,0.001624263940473912,0.0009062430355095371,0.00106095005500698,0.0010290085456554523,0.0010101908,0.0014673452996782686,0.0008703884840339442,0.0006135171599562108,0.0004750834444514904,0.0004745122490519855,0.0005800104690354931,0.0003243821,0.0008404808445097248,0.0006840038894219004,0.0005389731158209724,0.000433254169282717,0.0003962913,0.0008670573551070802,P4 Sovereign crisis
2011-11-11,0.0005536525258606,0.0013699798434614,0.0012242330115813,0.00098179373770071,0.0010483303201357225,0.0011418099140974203,0.0009961735,0.0014067618693084571,0.0008228323707034156,0.0010034550232284418,0.0009213582017003645,0.00085807696,0.0013578240065761384,0.0008344502572036191,0.0006578339620345418,0.00043803203335271017,0.0004464550656716966,0.0005369255871484347,0.00032126985,0.0007464752445005622,0.0006679890328835606,0.0004963736436810715,0.0004782875765420545,0.00038554575,0.0007759858757812051,P4 Sovereign crisis
2011-11-14,0.0009590594045299,0.0012470791928988,0.0011602005534863,0.0009107062070337829,0.0010181394059133107,0.001129281942130774,0.0010365625,0.0013515610491298697,0.0006863205759638626,0.0009803761404434297,0.0007506188254853044,0.0008712539,0.0012324314906869854,0.000764036742121987,0.000625664224483631,0.00039979432145063524,0.0004306474910333013,0.0005294944540660519,0.000313597,0.0007015563221102856,0.0006020240565995107,0.0004858515589921733,0.0004666751732360875,0.0003945348,0.0007311215723767313,P4 Sovereign crisis
2011-11-15,0.0008427628617279,0.0012100831294768,0.0012278718584853,0.0009202889811321498,0.001176771022770132,0.001273763688628721,0.00127526,0.0014511214406939536,0.0006944394891387495,0.0010955264530451158,0.0009144715650734116,0.001020625,0.0013796947475605633,0.0007458959101792284,0.0006513206348238629,0.00040174812698727064,0.0005486625507646105,0.0006395702758072864,0.0004607942,0.0006726342673121228,0.0006251992795857758,0.0005663171060870707,0.0004811837899465404,0.00046938524,0.0006939195433858254,P4 Sovereign crisis
2011-11-16,0.0009626925024899,0.001112854965026,0.0011900491424274,0.0008824186246871506,0.0010222536803504263,0.0011382591482392219,0.0010497859,0.0012111376924079985,0.0006665028193099204,0.000747745650386147,0.0007719574101223069,0.00078024244,0.0009668534190824327,0.0006898244436450982,0.0006418020913850804,0.0003923545904687789,0.0004826113275358486,0.0005384885412830475,0.00035763896,0.0006229564287761651,0.0006295605180912419,0.0005326875891330378,0.0005149692996746736,0.0005796135,0.0006467308912288674,P4 Sovereign crisis
2011-11-17,0.0007280572825992,0.0011377437271021,0.0013327436669299,0.000995455592056871,0.0012923116126188738,0.0013914434527640032,0.0013006212,0.0014178299695070137,0.0007317759027775218,0.0008555485965094374,0.0008729524702314601,0.00087216246,0.0010484805495847396,0.0007086483382234045,0.0006715957673782537,0.0004202870321958384,0.00055526855661528,0.0006855873488346671,0.00039925144,0.0006138544705479496,0.0006880187920280308,0.0005656100165379543,0.00047252206293140413,0.00054076844,0.0006333523900074596,P4 Sovereign crisis
2011-11-18,0.0005974058711226,0.0011147130078186,0.0013352727845789,0.0011565665780604957,0.0014163289749677494,0.0015194258474182296,0.0013733584,0.0014306192422974561,0.0008585197112302302,0.0011751111913098048,0.0010153668331782015,0.0010842687,0.0012889898878006409,0.0006983273529392619,0.0006733054785536705,0.0004609984102794283,0.0005519421959935216,0.0007480677872053542,0.0004150335,0.0006050367730513637,0.0007733118888035826,0.0005649860962436325,0.00045471791205740783,0.00045976957,0.0006240235320155203,P4 Sovereign crisis
2011-11-21,0.0014083778811167,0.0012244440533901,0.0015177886050218,0.0015762493336397808,0.0019983985031753393,0.0018941355698463525,0.001955038,0.0016574288980964777,0.0010577855107872058,0.0013634826630972566,0.0012404457941693457,0.0011516762,0.0014177647325152043,0.0007668768886322103,0.0007077580261209043,0.0005174700854206334,0.0005575393974591592,0.0009277367528210429,0.0004994723,0.0006634607508420487,0.00086053743047972,0.0005670421425737049,0.00044160900509369644,0.0004851677,0.000684000610731443,P4 Sovereign crisis
2011-11-22,0.0014089629913386,0.0011284385580233,0.0014436164293474,0.0016018277092643292,0.0020198534559562474,0.0016877157830800724,0.002167352,0.0014382459184137922,0.001176497886431383,0.001434898428604151,0.001150425195896227,0.0012331945,0.0013678995314361936,0.0007115511759583317,0.0006850496778773485,0.0005520270909031045,0.00055057867394342,0.0007706513942526018,0.00041960794,0.0006318052924212222,0.0009435516794243853,0.0005688433405074996,0.0004313377814151476,0.00041420653,0.0006420862071403343,P4 Sovereign crisis
2011-11-23,0.0034301204708532,0.0011123271485184,0.0014273556118352,0.001770901034410455,0.0023336615155399366,0.0018211344183212059,0.0028725686,0.0016893920959367746,0.0013972740633268804,0.001604309849602881,0.0014650462447783588,0.0013911894,0.0013761296628613136,0.0007045361833057931,0.0006793839196217622,0.0005919410220776454,0.0005575393974591592,0.00089639429963737,0.0005305839,0.0006095269163804864,0.00102607145400385,0.0005670421425737049,0.00043091936459100163,0.00046615687,0.0006283970566945594,P4 Sovereign crisis
2011-11-24,0.0036370082038356,0.0010126446723331,0.0012810722434281,0.0014418158956191964,0.001978225841421154,0.0015232404481605813,0.0021688023,0.0012096249980231336,0.0012330571004596053,0.0014106472640949233,0.001137936361731679,0.0012372839,0.0011692053678904397,0.0006465374095874317,0.0006317145348560436,0.0005758814149799027,0.0005230359948008326,0.0007033996023624796,0.0003664275,0.0005695020688254219,0.0010365453747394227,0.0005540272504627557,0.0004250339490634694,0.0004047296,0.0005875148541020798,P4 Sovereign crisis
2011-11-25,0.0036391810106512,0.0009258316193845,0.0012782169896702,0.001215932218247803,0.0016958297495896577,0.0013850480790986433,0.0016833046,0.0011051177435739813,0.0011347755496678182,0.0013266814432647508,0.0011859266772526475,0.0012211454,0.0010798918739977033,0.0005960530142676452,0.0006477519313990626,0.0005593149594669335,0.0005265929871952682,0.0006516751744337936,0.0003766111,0.0005182783152883505,0.0009995829123011259,0.0005531407949677404,0.00043391049334118396,0.00039488304,0.0005354155724553867,P4 Sovereign crisis
2011-11-28,0.0026712077392242,0.001384663056348,0.0014697679086393,0.0009150121457559303,0.002078965894631706,0.0012069746775166738,0.0021171884,0.0015985284753805326,0.0010715072526173274,0.001415953213719383,0.0012706920155977006,0.0012368567,0.0013960763774469827,0.0008625454926009784,0.0006810061787584433,0.0005163227084023011,0.0005306643558430614,0.0005226045592563056,0.00052780006,0.0007603367302862891,0.0008684652230147742,0.0005561114757481005,0.00043373861534601993,0.00041691097,0.0007857664729920217,P4 Sovereign crisis
2011-11-29,0.0026920937678076,0.0012651203902597,0.0014357472327465,0.0008330051734380678,0.001738428357851989,0.0011721617093045028,0.001667828,0.001391840552895521,0.0010659159372134797,0.001282486711980441,0.001176822913512109,0.0010783973,0.0013070037596721797,0.0007912977904225594,0.0006627326217889458,0.0004884660522307102,0.0005148903915205533,0.0004983317517803586,0.0005147959,0.0007051628609529968,0.0008555191499834466,0.0005545171955576394,0.0004384868294812196,0.00044492024,0.0007262541912969344,P4 Sovereign crisis
2011-11-30,0.0005260363196346,0.0021320965492366,0.0021025267661728,0.0007370847544499399,0.0018639125352471711,0.0013649677674724304,0.0015105489,0.0019878112311664557,0.0010369807373064625,0.0014175301008501919,0.0012946400158230246,0.0009438098,0.0017769312382005034,0.0012950574266264168,0.0008068613926978939,0.0004401739959530056,0.00045829108697490817,0.00046810465629007063,0.00036526637,0.0011325190732430386,0.0007489245864696182,0.0004965031912798106,0.0004333285515143849,0.0003346308,0.0011767142262060313,P4 Sovereign crisis
2011-12-01,0.0004749520987153,0.0020454262438237,0.0017539291798066,0.0008667354629556176,0.001661206149351326,0.0013236729907736568,0.0017482454,0.002410650494466048,0.0011014702535829123,0.0013584508209857555,0.0011674992690152927,0.0011921804,0.0020234001930464385,0.0012429646955946425,0.0007141865222892061,0.00043911676428933877,0.0005404240435757051,0.0005324811815829105,0.00053260813,0.0011023237028841145,0.0007565790889852887,0.0005645600178433428,0.0004398587510985965,0.000467062,0.0011350491915387022,P4 Sovereign crisis
2011-12-02,0.0005145671965899,0.0018604175312722,0.0017301131604671,0.0010303625936142694,0.0016048427947180643,0.0012664218521483668,0.0015555039,0.0019806649264469513,0.0011290798175669003,0.001302008248499013,0.0011326412336091147,0.0011096094,0.0017291269177683811,0.0011311773198266067,0.0007024281628530019,0.0004466970998671202,0.0005131185371795042,0.0004711722568323521,0.0004486709,0.0010059738724778535,0.0007434456092326511,0.0005548519491285118,0.0004404650970909991,0.00045320042,0.0010360569061481373,P4 Sovereign crisis
2011-12-05,0.0003876605546742,0.0017920692248698,0.0015795664843975,0.000979606596470237,0.001577074144504636,0.0011776005930207254,0.0015841192,0.0019196908041930311,0.0011221437642858659,0.0012241059249171766,0.001041063671620228,0.0009889556,0.0016810823426363069,0.0010875646953300195,0.0006823135234918407,0.00044026818143591524,0.0005285219995229048,0.00047053235682891636,0.0004738159,0.0009607077580180365,0.0007060691643447604,0.0005550825449358011,0.0004540833021813242,0.00043218257,0.0009914226231918634,P4 Sovereign crisis
2011-12-06,0.0003626238965215,0.00165353048326,0.0015644751339644,0.0011190828944625314,0.001550330571660249,0.001262268733010472,0.0016324567,0.0017813407627250049,0.0010992310820194047,0.001226765631010303,0.001059346395741175,0.0009915651,0.001591695810602275,0.0010062767917074517,0.0006742007847975938,0.00045149971249028585,0.0005536051614704189,0.0005215908806249827,0.00046829935,0.0009015459289772956,0.0006892910894190239,0.0005657689820831055,0.00046506137402478105,0.0004290787,0.0009257116067047519,P4 Sovereign crisis
2011-12-07,0.0005853156919417,0.0015045019677645,0.0012118194937411,0.0012639448834878004,0.0011680789487220047,0.0011771811710299617,0.0011086141,0.001699003849609457,0.0010668313646373883,0.0010995627748061918,0.0009651576642438601,0.0009771461,0.0015578787457888883,0.0009181382066301016,0.0006311849894843422,0.0004611186280802994,0.0005234379857236996,0.0005494383018480985,0.00035226895,0.0008250266088974773,0.0006307028598488342,0.0005587406088221249,0.0004594904179114127,0.00038510957,0.0008512929975786461,P4 Sovereign crisis
2011-12-08,0.0005302262839242,0.0014522147204587,0.0012257544492071,0.0014007221880629052,0.0011551964651735273,0.0012218233129880488,0.001240984,0.0017076072280843438,0.0011285739766948688,0.001111055611240311,0.0009575965261894157,0.0010592764,0.0015985999727557913,0.0008896617812989985,0.0006447747236029565,0.0004882992243565442,0.0005429584599530975,0.0006147328433460281,0.00043858812,0.0008038485134838215,0.0006096548565876303,0.0005659579448886121,0.0004735089576196774,0.00043608094,0.0008242836620284592,P4 Sovereign crisis
2011-12-09,0.0005192751734981,0.0013395054694627,0.0012273255841375,0.0013553529706527827,0.0011492686400016623,0.0011675803246916365,0.0011086141,0.0014758754718281217,0.0010852098252382989,0.0010656564294940845,0.0009144824644859565,0.0009771461,0.0014428970823279702,0.0008230654367431233,0.000640173153627236,0.0004915189839433416,0.0005165233264100812,0.0005460471829218592,0.00035750022,0.0007356243041997291,0.0005759079678543237,0.0005533432656541402,0.0004829140775884193,0.0003895633,0.0007603591732291002,P4 Sovereign crisis
2011-12-12,0.0004040550655199,0.0012859197595472,0.0011993637747974,0.0016123837352453498,0.0011781387962459965,0.001321258224247218,0.0012549902,0.0015087706113959202,0.0011964933812872458,0.0011390105116702597,0.0010019033441149151,0.0010592764,0.0014955382946731592,0.0007941840334534926,0.0006432834519895126,0.0005297509565848222,0.0005413225404152672,0.0006775549063601654,0.0004239549,0.0007049976927329317,0.0006187918663164529,0.0005578386729399343,0.0004661253297440313,0.0004244799,0.0007264802493491341,P4 Sovereign crisis
2011-12-13,0.0007037375890284,0.0011743148415724,0.0011506746787223,0.0014561205085388588,0.0011241358730658614,0.001191692073643464,0.0010843489,0.0013154078863198658,0.0011732753371415888,0.0011061997920437923,0.0010032322156122314,0.0009771461,0.0013400130877937707,0.0007291756434606413,0.0006257107107544395,0.0005332490592030866,0.0005113483510374239,0.0005818888591175876,0.0003446936,0.000657701898145834,0.0006589599091960038,0.0005482633277083066,0.0004614779692433368,0.000388636,0.000679086138799785,P4 Sovereign crisis
2011-12-14,0.0005656670769103,0.0011929351624361,0.0012944571586118,0.0016860930122895932,0.0014238715708734472,0.0014620981594304545,0.0013680109,0.001575555194857076,0.0013553773350344052,0.0012384257505657188,0.0011136447990810813,0.0011220785,0.0014354808466243525,0.0007437014210380498,0.0006594991849955291,0.0005701566304999981,0.00055526855661528,0.0007448460999484265,0.00040520553,0.0006442186024193407,0.0007528639923910731,0.0005658588030419051,0.00044787999600925927,0.00039735055,0.0006646809807629863,P4 Sovereign crisis
2011-12-15,0.0005533182956089,0.0011240319970876,0.0012629308711466,0.001543476934097235,0.001224421688721125,0.0012598071299193053,0.001090963,0.0012426597264108782,0.0013109849336298044,0.0011159387539070862,0.0010034682271328065,0.00096897146,0.00127599472510869,0.0007030147503999775,0.0006515989523832171,0.0005671917139872192,0.000524222471751139,0.0005901411566802526,0.0003212533,0.0006089080181427986,0.0008020121816951474,0.0005512692449817579,0.00046152546961457093,0.00037392369,0.0006346598192383974,P4 Sovereign crisis
2011-12-16,0.000609434441683,0.0010383282387619,0.0012539666754168,0.0014390550684378566,0.0012119858812181224,0.001261092553417977,0.0011086141,0.0011537766325966183,0.0012866774139125281,0.0011244971712006916,0.0010485207176663726,0.0009771461,0.0011708239810359917,0.0006532229870841315,0.0006478573562657302,0.0005611194795779336,0.0005228562108037711,0.000590293273362935,0.0003268153,0.0005708982245882637,0.0008600155510153768,0.0005517451870211501,0.0004503083304628808,0.00036809323,0.0005923980818219269,P4 Sovereign crisis
2011-12-19,0.0006600284843163,0.0009469030270704,0.0011599814039111,0.0012810590447697833,0.001032777157246461,0.0011222023640139165,0.0010602699,0.0010540837676346441,0.0011599060934693135,0.0010602539871303435,0.0010165270884946232,0.0009771461,0.0010585305216980684,0.0006009177518734058,0.000623060010138019,0.0005397449397180238,0.0005007831587288684,0.0005337989286691541,0.00033590247,0.000546435168401917,0.0008483278760530174,0.0005506154573326807,0.0004650106061313622,0.00039000085,0.0005657027569054745,P4 Sovereign crisis
2011-12-20,0.0003430511033281,0.0009962381467536,0.0013202035275073,0.0011870152450165635,0.0014057007272680168,0.0011601108072007607,0.001266609,0.0011626439987710566,0.0010744031785712537,0.0011012984632314169,0.0009628416406785848,0.0009890924,0.0011134648130884123,0.0006296312921725447,0.0006610420309286358,0.000512226329149418,0.0005301021240666834,0.00051917123205286,0.0003678368,0.0005559441993471801,0.000796381188196687,0.000556192156345864,0.0004641571905588555,0.00037942766,0.0005745957519086467,P4 Sovereign crisis
2011-12-21,0.0006345678205856,0.0009441003840308,0.0012185498903216,0.001165931209816071,0.0009259129360292026,0.000990212761216265,0.0008697625,0.0009774452628394663,0.000970511424691534,0.0010038322299927285,0.0008096250219689999,0.0007899922,0.00100051034085361,0.0005995566713794343,0.0006349750078093882,0.0004881681856583786,0.0004398220493641894,0.00044937359192109735,0.0002237657,0.0005427930022919437,0.0007579372331980169,0.0004803696118391596,0.0004841555584744814,0.00024696422,0.0005639097901300919,P4 Sovereign crisis
2011-12-22,0.0009471491499415,0.0008938142490633,0.0012245727218271,0.0012666862272042525,0.0008800283158865161,0.0009972971197212232,0.0008014118,0.0008924124454634388,0.000917595061563831,0.0010219808115226974,0.0008259856641656915,0.00079888065,0.0009626305022174211,0.0005707966039812285,0.0006375499358225984,0.00047576150852892573,0.00042869754887160324,0.0004502996302152136,0.00021678106,0.0005145276963463746,0.000754749830326444,0.0004782671030924267,0.00047758732269206113,0.0002487453,0.0005335778307055456,P4 Sovereign crisis
2011-12-23,0.0011654286392613,0.0008534836933839,0.0012347258228679,0.001377361668556802,0.0008909801172965081,0.000989976316514594,0.00084013474,0.0008427213839610164,0.0008478247051128144,0.0008893876203038408,0.0007187724740937834,0.00075538026,0.0007727911949817672,0.0005479503865802829,0.0006374597070603643,0.0004618709019942358,0.0004304443097764051,0.0004423042078967381,0.00021396166,0.0004941086072784548,0.0007525385882552414,0.0004704279086201661,0.0004924348537202664,0.000312223,0.0005130128794960801,P4 Sovereign crisis
2011-12-28,0.0011366742381109,0.0008129218257555,0.0012549955064347,0.0016707262042457837,0.0009380242654518112,0.0010845317380325389,0.0009827066,0.0008258378494453881,0.0008976634886912551,0.0009622061498181416,0.0007373053080642633,0.00085268676,0.0008130432128769155,0.0005273655858315246,0.0006397419549268729,0.00048243712336078855,0.0004661936462935423,0.0005020348437674037,0.00030707574,0.0004985704832028169,0.0007962724023687454,0.0005000215635615245,0.0005057152282071665,0.00037903708,0.0005078162433499155,P4 Sovereign crisis
2011-12-29,0.001137201794284,0.0007418286390938,0.0010986106363802,0.0015882009468851418,0.0007874655405990526,0.0010386476347781584,0.0008886053,0.000752346603052813,0.0008136025262408742,0.0006837347922929228,0.0007109614132108293,0.0006820645,0.0006505989964492387,0.0004876143131583257,0.0006023797580057437,0.00047200272182585463,0.0004196022462868418,0.0004871731901334409,0.0002787522,0.00047239286735496473,0.0007767561424399003,0.0004606697999325559,0.0004876694355569775,0.00047191457,0.0004837408629132491,P4 Sovereign crisis
2011-12-30,0.000964293136226,0.000842088312304,0.0011204995782684,0.0010950133694035292,0.000916878370234113,0.000935571463403354,0.000838805,0.000865812815135017,0.0007524086454876643,0.0009996908853684805,0.000776917336584214,0.00091029884,0.000939942596108892,0.0005461899222579378,0.0006018097102419699,0.00044923348082278057,0.00046273058236271877,0.00045013279726252185,0.00046039364,0.000504212582183533,0.0007047743498063976,0.00049208859984644,0.00047904097834369,0.00037560062,0.0005173797177948142,P4 Sovereign crisis
2012-01-03,0.0008103041467365,0.0009480625402715,0.0012664279075831,0.0007809110963302947,0.001199823915818769,0.0009798761442071139,0.0012000061,0.0010241286239725316,0.0006088775438355202,0.0009763890274761232,0.0008060275841054218,0.0009079723,0.0010323555382306762,0.0006022403433576036,0.0006318562379921596,0.00042753386868810963,0.0004638914392427275,0.00044952815233459083,0.00039970095,0.0005551882340940292,0.0006987528044564909,0.00049234557954818,0.0004723220085530051,0.00034607694,0.0005698116723055997,P4 Sovereign crisis
2012-01-04,0.0006064285078691,0.0010300205334387,0.0009390208344263,0.0007876363293644717,0.0010729868214812601,0.0008744259042248656,0.0012500242,0.0013881212599741342,0.0007049914581311283,0.0008920613692826326,0.0008536424047580576,0.0011424399,0.0013293260429769924,0.0006550730643795765,0.0005185646435023414,0.00045610421425296783,0.0005523113537093625,0.0005185673679298841,0.0006448015,0.0005927376726240418,0.0007685295676127138,0.0005655374608441222,0.0004664776897687881,0.00049776083,0.0006060412062354441,P4 Sovereign crisis
2012-01-05,0.0006679047233768,0.0009572290967569,0.0008761304454616,0.0008975998667708617,0.0008303154883969077,0.0008048359588114574,0.0009257994,0.0010726196875364678,0.0006832528229673027,0.0007519170143667647,0.0007343995627660964,0.0009314949,0.0011492172540516067,0.0006139788118787665,0.0004966453185277356,0.0004741720646211536,0.0005511772889671522,0.00044702465189541755,0.0006818795,0.0005921452203599145,0.0007697105913066981,0.0005613368259363583,0.000493446890673925,0.00049054367,0.0006030653375067142,P4 Sovereign crisis
2012-01-06,0.0006790873993526,0.0008743606824461,0.0008425941266042,0.0008566869387414591,0.0008326164651620822,0.0008119442296596192,0.00096697157,0.0010219195952268169,0.0006231699669749971,0.0007598236363784759,0.0006576137774512976,0.00095642003,0.0010456828576326915,0.0005663959735072978,0.0004835858647515535,0.00047761829911553407,0.000519828280297541,0.00043079689111577975,0.0006157977,0.0005421807313888937,0.0007599401629373325,0.0005449850536748146,0.00047098238013599435,0.00049093907,0.0005541323165166018,P4 Sovereign crisis
2012-01-09,0.0004694909059713,0.0008864811764007,0.0008616999337767,0.0007534624658384641,0.0008606905813046858,0.0007779568512229029,0.0009571882,0.0010399755681448188,0.0005637580585647389,0.0007687571126137652,0.0006310881905089265,0.00090958254,0.0010914110424052868,0.000572400969549554,0.0004969164297062713,0.0004645348153022042,0.0005372490201848273,0.00043519797208689065,0.0006467682,0.0005279573742850684,0.0007463905853669014,0.0005451441153297888,0.000530835986157491,0.00049257674,0.0005411976805684418,P4 Sovereign crisis
2012-01-10,0.000229923740566,0.0009118195490525,0.0008822865047177,0.0007354000507528742,0.0009508187054211474,0.0008095375524835241,0.000996738,0.0011142206390995547,0.0005272522556734643,0.0007699195723322487,0.000596756323855708,0.000916886,0.0009174892679743721,0.0005860622656664136,0.0005093748583986598,0.0004457899852667621,0.0005196857551056614,0.0004480122344634931,0.00050135504,0.000537405419927857,0.0007063204855318737,0.0005337971061865162,0.0005470830267038842,0.00050734065,0.0005531431995874404,P4 Sovereign crisis
2012-01-11,0.0001226627534277,0.0008953344630353,0.0008580555268216,0.0008628977979321231,0.0007836254458251498,0.0007974432405580599,0.00082753797,0.0010957420899884095,0.0005578556373357018,0.0007070213631564684,0.0005775450977110946,0.00076463405,0.0009036996511784694,0.0005794707879468988,0.000508818818098967,0.00046454995428178584,0.0005403625334139391,0.00047822492219872246,0.00063497963,0.0005438347875979109,0.000685915483018213,0.0005647868751275643,0.0005759226864031899,0.00072682137,0.000554223644956283,P4 Sovereign crisis
2012-01-12,0.0008347908809912,0.0008678078887084,0.0008558797485023,0.0009918986112863362,0.0007786433871376921,0.000814917092864626,0.0007262953,0.0009077601231953983,0.0005973692908955795,0.0007101831214541979,0.000548257817769001,0.00075222156,0.000825732089228121,0.0005659435103780954,0.0005051166580825935,0.0004874820018498921,0.0005496909542852141,0.00048221227788183515,0.0005209257,0.0005268555349948197,0.000680061785696914,0.0005640910079837897,0.0006005352357059618,0.0006657204,0.000539085600907581,P4 Sovereign crisis
2012-01-13,0.0009306396008836,0.0007949686963757,0.0008325900639469,0.0009451529998661827,0.0007499649674674723,0.0007886472614748144,0.0007458675,0.000887826633949064,0.0005959892774233708,0.0006907952485764058,0.0005187893277941051,0.0007386178,0.0007766944860857814,0.0005234951903816926,0.0004953905324682006,0.0004961867494300944,0.0005212956916250266,0.0004385186397965299,0.0005158254,0.000497037124537978,0.0006573629680495553,0.000556631268390326,0.0005766419409808095,0.0005864939,0.0005091485306241701,P4 Sovereign crisis
2012-01-16,0.0009274567804263,0.0007268142770703,0.0007597391297391,0.0008591218901163331,0.0006129761277642218,0.0007599692580246526,0.00068960804,0.0008077877805565699,0.0005593938770536823,0.0006196329657783525,0.0004976686626538433,0.0007093567,0.0007425311721704659,0.0004843131162978473,0.00047781503418934274,0.00048468500267234807,0.0004994040213580086,0.00043970172163434773,0.00051054277,0.00047782110412459964,0.0006103150614697016,0.0005360133943274293,0.0005723204274137238,0.0005543458,0.0004849228024772744,P4 Sovereign crisis
2012-01-17,0.0009776660122758,0.0006659248499433,0.0006838855244897,0.0007921979434960442,0.0005780462695067835,0.0007367790076672259,0.00060996803,0.0006933282776004732,0.0005323023464694909,0.0005900889957395355,0.00048116119488565907,0.0006223416,0.0006306155200412452,0.00044955049877003044,0.00046657380204024457,0.00047306551848942246,0.0004762648490780131,0.0004607434757855583,0.00048789417,0.00044766858275585705,0.0005848047047032552,0.0005201638240759205,0.0005976054988056751,0.00066711445,0.0004554358094744257,P4 Sovereign crisis
2012-01-18,0.0009719289934504,0.0006109234994981,0.000588617233267,0.0007262478036098583,0.0005298314423123801,0.0006218528773761909,0.00061537087,0.0007391931189938162,0.0004538566400381221,0.00054937494593786,0.00038660711534828753,0.0006200924,0.0006289720648204183,0.00041842506571656754,0.00044080984459984494,0.00044872151986747027,0.00040681289476087595,0.0004244591201116752,0.00043277457,0.0004944926788048514,0.0005248250812334365,0.0004449978611667139,0.0005260491271493101,0.00055761356,0.0004976890048827565,P4 Sovereign crisis
2012-01-19,0.0003530890536595,0.0009127321882385,0.0009656409440521,0.0006388560599091726,0.001153772202491948,0.000706860419634144,0.001099075,0.0010236411704320524,0.0004162447194966867,0.0009635097125841195,0.0007850424318469755,0.0008872139,0.0010018856569231674,0.000593092094672234,0.0005382136116795523,0.00041799954173213247,0.0004189582202522863,0.0003755357147910711,0.00038949098,0.0005366054186120379,0.0004478609610761372,0.0004590970544248531,0.000442314099874681,0.00034762797,0.00055491928828192,P4 Sovereign crisis
2012-01-20,0.0002726723549212,0.0008925036846852,0.0009743849062954,0.0007062400659285538,0.0010868596096749693,0.000814372919314378,0.001004631,0.0010429675148684997,0.0004410333539428891,0.0009510637704214155,0.0007170192926457308,0.0009184968,0.0010699651689839895,0.0005835671969482958,0.0005371150562644034,0.0004260691369297906,0.00047720525004288735,0.00044604963335245567,0.00065983314,0.0005427682115336399,0.0004186062174803787,0.0005037149645636784,0.00047496488128945187,0.0004934772,0.0005564042977032776,P4 Sovereign crisis
2012-01-23,0.0003062288173899,0.000814319820995,0.0009335176471315,0.0007105408020783407,0.0010794569161391807,0.0008064543210097965,0.0011793466,0.0010172069571495494,0.00044780008090147436,0.0009343322868245048,0.0007770135294718043,0.0009708182,0.0009731765735093129,0.0005378881691235661,0.0005216665109181959,0.00042306707643009116,0.0004490731786080184,0.00040625580888393597,0.0005427624,0.0005176720882962759,0.00037976076333094894,0.0004901267219408899,0.0004476571560807045,0.00045328817,0.000526969825251831,P4 Sovereign crisis
2012-01-24,0.0002848147824827,0.0007775276370317,0.0009229183783708,0.0006878383417672216,0.000983827725833601,0.0008202622216949895,0.0010783747,0.0008308604925764744,0.00048105680679834325,0.0008369247398895833,0.0007521881055789287,0.00096710445,0.0009216763343755426,0.0005183572610477127,0.0005176468922315033,0.0004341212286124675,0.0005216558598714534,0.0004527792746616443,0.00062739674,0.0004939059612906144,0.00035765585645481475,0.000546794242115248,0.00045704140552187014,0.00048497567,0.0005022101935267934,P4 Sovereign crisis
2012-01-25,0.0006800274693209,0.000712796193584,0.0008733838862101,0.0006358933530284513,0.000942997127934263,0.000812577777290884,0.0010932026,0.0008539019423397303,0.0005063745765411893,0.0008084912902998059,0.0007453182361568758,0.0010194859,0.000869852062196267,0.0004813403777924945,0.000499265867186358,0.0004318259820205464,0.0005140214103970316,0.0004292267307718645,0.0006751854,0.0004745055956394255,0.00035790008940758867,0.0005470776685599956,0.0004491830437129178,0.00050803303,0.0004753505387538362,P4 Sovereign crisis
2012-01-26,0.0004970070546555,0.0007267683801692,0.000801759526355,0.000576510232735218,0.0007119611207850241,0.0007791124190394335,0.00077041506,0.0007699218081359395,0.0005146825708197065,0.0007448664694914035,0.0006759303456479544,0.0007892648,0.0008575644576892793,0.0004883532641781878,0.0005034547381878555,0.00041846814256476264,0.0004947187145755937,0.0004617775346772738,0.000522616,0.0004668231910654427,0.0003409644493270235,0.0005264938026051095,0.00047618924535896835,0.0004265593,0.00047705892196138407,P4 Sovereign crisis
2012-01-27,0.000972037049589,0.0006820841083881,0.0007446442602451,0.0005694353790670075,0.0006250973985018846,0.0007444808849798426,0.0006923405,0.0007142847934748329,0.0005360704121809308,0.0006814418791650827,0.000631287037678702,0.0007552211,0.0007949515903225145,0.00046400937067720197,0.00048748448856219596,0.00042119533020831547,0.0005068000395970167,0.0004667362767011809,0.00055066444,0.0004734482006032319,0.0003384610800856178,0.0005490190807560737,0.0004957084465159505,0.00045740788,0.0004750815080220559,P4 Sovereign crisis
2012-01-30,0.0009382978632954,0.0006459568695193,0.0007558333235821,0.0006056858432701521,0.0006601235987594132,0.0007826038929038121,0.000718672,0.0006464124799189018,0.0005749130536524227,0.000731636387373298,0.0006198063469234299,0.0007758506,0.0008219615323004866,0.0004448260751487883,0.0004888188003531401,0.00043099449028796726,0.0005256157301095637,0.00048762645367973696,0.0005543565,0.0004518723646764947,0.0003629111750766751,0.0005576805979485815,0.0005198899673834873,0.0004666368,0.00045546340532195853,P4 Sovereign crisis
2012-01-31,0.0009254203618531,0.0006034967227232,0.0007539070536582,0.0006293215722007767,0.0006209808752985924,0.0007263032214151243,0.0006795593,0.0005519801305974779,0.0006011771361255445,0.000676276909437835,0.0005792264144764258,0.0007466675,0.0006620304842868895,0.00041991428093941075,0.0004900980111638885,0.0004387989268275376,0.00047899689607887525,0.0004401469333080841,0.0005275897,0.0004422966470864062,0.00037735469120670867,0.0005348909696671941,0.000527445414464423,0.0004943349,0.0004478364864839517,P4 Sovereign crisis
2012-02-01,0.000558827789679,0.0007227739578954,0.0008816947668398,0.000537791995086002,0.0008187284197945961,0.0007347026767755435,0.00079840154,0.0007997407220245275,0.0005869104235027755,0.0007772338499532621,0.000651500476067415,0.0007860437,0.0008819060616821292,0.0004880385069740023,0.0005144980020166569,0.00042503528043300634,0.0004794916854511128,0.00041309863135678216,0.00047759354,0.0004547162091340639,0.00037308605340208225,0.0005105347786705252,0.0005020287039392563,0.00040549456,0.000463277480036355,P4 Sovereign crisis
2012-02-02,0.0005724505670741,0.0006621057754672,0.0007177435380974,0.00046673332740807704,0.0005910488590121461,0.0006879674789513142,0.0006758105,0.0007200099270607574,0.0005631697983208955,0.0006379010956676204,0.0005834086629117949,0.00072669645,0.0007491593023247408,0.00045337825198098425,0.00045912391647089947,0.000409816476847446,0.0004920616793629442,0.0004047938466327034,0.0004923585,0.0004551444571925392,0.00035266649680906005,0.0005420197228170256,0.0005038731610600152,0.00050223403,0.0004626134353360746,P4 Sovereign crisis
2012-02-03,9.90731636907794e-05,0.0008231124334826,0.0008871638446126,0.000425905653791518,0.0008601519301134822,0.0006819685573586641,0.00081900565,0.0008882273354001346,0.0005518818743130585,0.0007852309904190859,0.0008405918046407657,0.0007768402,0.0008821463852210377,0.0005454611245614821,0.0005060330381588535,0.0003802394760910839,0.00045725135463777454,0.00037630547479456923,0.0006066732,0.0005027180442891415,0.00031662056875581267,0.0004842463919998252,0.0004348627493236115,0.00043921,0.000515280470651996,P4 Sovereign crisis
2012-02-06,9.882969138570915e-05,0.0007515208330748,0.0008275046618382,0.00041748120393032774,0.000781417858667144,0.0006611563706130054,0.0008416591,0.0008571878956240317,0.000575902167633465,0.0007535101285802112,0.0007746656481948988,0.00084085803,0.0008435355480998395,0.0005037218076358726,0.00048373183634760347,0.000363110399434288,0.00040655400365094315,0.00035300297212409476,0.0004723041,0.0004743093102467045,0.00029968037505309647,0.00045561802448744395,0.00043975653662029905,0.00039858822,0.00048724122453110857,P4 Sovereign crisis
2012-02-07,7.782010134860853e-05,0.0007022451999554,0.00085303474924,0.00046997720124273255,0.0007907602116203459,0.0006922739504052032,0.0008145902,0.0007426212641649089,0.0005721272894176849,0.0007300185592200134,0.0008064144223907006,0.0007952176,0.0007718732641117962,0.00047641027759391327,0.0004942358792691947,0.00036762904813780945,0.00044613487078240294,0.0003864501718614862,0.0004984602,0.00045525862642961494,0.00029397616132778473,0.0004756316716577362,0.0004413168069635143,0.00044211515,0.00046627272270964327,P4 Sovereign crisis
2012-02-08,0.0001990491814938,0.0006616586756792,0.0007579728516579,0.0004761705912511928,0.0005968399296795042,0.0006814111933994827,0.00064410624,0.0007008773899406436,0.0005847616454056146,0.0006968198576937909,0.000772657877203033,0.0007236424,0.0007650687336718577,0.00045438543987280633,0.0004729501305944742,0.00037641137803732453,0.0004679535986651536,0.0004136805033482123,0.0004661156,0.0004520192837367511,0.00027801340307837376,0.0004996751971715108,0.00043462211655078564,0.00042852294,0.00045744502552868134,P4 Sovereign crisis
2012-02-09,0.000184753315562,0.0006092793706515,0.0007095772868055,0.00044737219708493217,0.00047362908505489893,0.0006302995566224433,0.00041673792,0.0005763668679690063,0.0005883418639771168,0.0006359298595935565,0.0007566461854005683,0.00054447685,0.0006826834872607464,0.00042389965480464056,0.000453124263201845,0.00037589857325106754,0.00044820229861295964,0.000380667376884863,0.0004225643,0.00042821585217081825,0.0002644611075785848,0.0004893664065685999,0.0004329918823547671,0.00041094556,0.00043370538146288254,P4 Sovereign crisis
2012-02-10,0.0003495764864747,0.0005767090404775,0.0005362386394754,0.00046561436820542686,0.00046590210073590147,0.0006096613724120198,0.00052035635,0.0007618202867413557,0.0006502746475908527,0.00064652663955571,0.0007999144154762256,0.00066756556,0.0006975553526665244,0.00040678539955461135,0.00042158758672079506,0.0003809786423006413,0.0004940784396865017,0.00046062604731179544,0.0005383086,0.0005282948205308917,0.00030853251423582794,0.0005247449397551153,0.00043325599694226123,0.00047620264,0.0005181796907161156,P4 Sovereign crisis
2012-02-13,0.0004450388514484,0.0005305651336671,0.0005062885285686,0.0004486973546294717,0.0004235900183243022,0.00060149653564076,0.00045441685,0.0007246707617740928,0.0006418065630517472,0.0006255833610305811,0.0008120683082212306,0.00067096046,0.0006465366945262348,0.0003809370949944032,0.0004060285107822812,0.0003757849119457933,0.0004391913714793184,0.0004387408218278961,0.0004739131,0.0005159421509201994,0.0003202157491351312,0.0004883195467160541,0.00043343271810690167,0.0004386729,0.0005115978757009911,P4 Sovereign crisis
2012-02-14,0.0004968827159246,0.0004896783328375,0.0004899962680112,0.0004345437446966473,0.0004097302798627227,0.0005773603888903474,0.00045261328,0.0006946566375091264,0.0006473791928105462,0.0006172494001326862,0.0008331354419279343,0.0006689032,0.0005947180276567003,0.00035833310650410703,0.00040355732212835033,0.0003710535677981752,0.00044319647692574253,0.0004357339755376956,0.00048847846,0.0005044318887266752,0.0003622373226921694,0.0004966845278727283,0.0004323627069865126,0.00044067256,0.00048735293021825895,P4 Sovereign crisis
2012-02-15,0.0003732567852438,0.0005110345908712,0.0006136876659206,0.0004173876740743449,0.000405030724990393,0.0005814979610796336,0.0003723834,0.0005406333845216626,0.0006381985736204096,0.0005859600820762054,0.0007344410478671241,0.0005569307,0.0005450175018932906,0.00037010449619448156,0.00044081051333365594,0.0003596026768182011,0.00038900312454532703,0.0003971854134749267,0.00043036637,0.0004181382906898325,0.0003996867618346302,0.0004457992567270327,0.00043660972735581823,0.00038123323,0.0004244065220176658,P4 Sovereign crisis
2012-02-16,0.0003747385461407,0.0004695012397719,0.0005498589301474,0.00038465487470055353,0.00039048267458108543,0.0006052808136620827,0.00039295273,0.000566112665990271,0.0006024028261985086,0.0006005527022962984,0.0010161170766207017,0.0005713439,0.000500384560430332,0.0003468831105632689,0.00041085014587363667,0.0003340050368423618,0.00038464629025901825,0.0003914621202339987,0.00037870617,0.00042644350294054895,0.00045765943739242395,0.0004460071709522791,0.00043007941600409916,0.0003779531,0.00041994919097528417,P4 Sovereign crisis
2012-02-17,0.000266862666281,0.0005111656379825,0.0007028030327082,0.0003588331068341455,0.0004723618673816144,0.000594664008819924,0.00044415877,0.00044088335515321834,0.0005961716502181555,0.0006447812590669072,0.0008039385764402737,0.00056473544,0.0004970181056685691,0.00037038846799934824,0.0004642467714475886,0.00030998256350955216,0.0003747881581497831,0.00037452927203098196,0.00037758067,0.0003731102208477636,0.000434072859958025,0.00043086500134160587,0.0004307008047098569,0.00035943024,0.0003882657178212508,P4 Sovereign crisis
2012-02-20,0.0001778922065501,0.0005067157813938,0.0005825856812052,0.0003084565555942946,0.0003871759234299341,0.0004820575046353472,0.0003246242,0.00040999455272540343,0.0005844801401349937,0.0005888918023097353,0.0007440405772861752,0.0005077285,0.0004906690278144277,0.00036734827232068036,0.00040735867130757455,0.0002921547252504165,0.00037656698462991075,0.0003307037307048517,0.00033881314,0.00037799010469729,0.0003961633061750539,0.0004342965199213832,0.00043034763131397834,0.00035242306,0.0003968469294361863,P4 Sovereign crisis
2012-02-21,0.0001335729970725,0.0004974362721397,0.0005774032150154,0.00033070430046810826,0.00039008746426258753,0.000509769967376778,0.0003466251,0.0004240195259709972,0.0005891977466328679,0.0005522998809726304,0.0007701758861840785,0.0005146545,0.0004922758525942859,0.0003643542082058022,0.0004023846931902139,0.000292819757137934,0.0004018113276379542,0.0003613690177313431,0.00037797773,0.0004064238916637656,0.00038745086027791153,0.000441382285417972,0.00043258987929345314,0.0003604624,0.0004065508613405591,P4 Sovereign crisis
2012-02-22,0.0001770554418069,0.0004750662567454,0.0005549680666547,0.00038164264563147137,0.0004499425773733581,0.0005313013351706257,0.00045504567,0.00047930426003485016,0.0006338043763151049,0.0006283171446327366,0.0007100165345394085,0.0006062406,0.0005239453586469467,0.00035311449839665237,0.00039896398575186903,0.0003109095810720398,0.00047901621710329744,0.0003807529083595755,0.00048999715,0.0004462143725826672,0.00042871863425570636,0.0005159038686614295,0.000432915291114962,0.00047399657,0.00043877890220951924,P4 Sovereign crisis
2012-02-23,0.0002640444929139,0.0004366547733863,0.0005279642081684,0.0003747625060056345,0.0003922950038994786,0.000520127807347006,0.00039059325,0.0004476715506018371,0.0006125120621503695,0.0005885152434634064,0.0007324119721635264,0.00059097196,0.00048069243927985003,0.00033127739505819405,0.0003859458189209302,0.0003124400925088635,0.000420955720109721,0.00035706955158799013,0.00046639933,0.0004071111353503375,0.00046843424616326327,0.000481347671653649,0.0004328885232140176,0.0004422514,0.0004027447044713135,P4 Sovereign crisis
2012-02-24,0.0002477855324814,0.0004347447534446,0.0005390987057288,0.00037775129055565837,0.00034811892130622225,0.0005194516846662327,0.0003196731,0.0004015456428516885,0.0005946091582739623,0.000535050211011193,0.0006725374041615478,0.0005302854,0.0004630121168930093,0.0003296910220997316,0.00039980364914236986,0.00031394229140363126,0.00037254126049407916,0.00037282089344726354,0.0003670903,0.00036621192928249115,0.00048034626697566915,0.00044847667508072755,0.000439404185977532,0.00038011977,0.00038119211933436404,P4 Sovereign crisis
2012-02-27,0.0003885674258838,0.0004065957961709,0.0004633229997974,0.00035767811278317895,0.0004071821368532633,0.000499997224504913,0.00043172765,0.0005986060209663459,0.000577451605947585,0.0005866853702944948,0.0006290813424473745,0.0006501215,0.0005212731958680257,0.00031471021535560255,0.00037195407541144474,0.0003172253639071276,0.0004564715630551023,0.0003879611180488594,0.0004713277,0.0005125676407841681,0.0005129264685735202,0.0004979780837015503,0.0004503693836748805,0.00049750076,0.00048059006326066605,P4 Sovereign crisis
2012-02-28,0.0012467220466065,0.0003824342628124,0.0004418135252519,0.000366672349146566,0.0003526874132801238,0.0004740854632584773,0.00037190676,0.0005334110147666256,0.0005594753386768887,0.0005403141177824258,0.0006124986865771282,0.000599146,0.00047193539322460976,0.00030210433095268147,0.0003672214669116963,0.0003229076352111621,0.000363534129804647,0.00038151737957174144,0.00038209851,0.0004277281581770318,0.0005377678372444145,0.00042769823952599866,0.0004497503498817002,0.000406075,0.0004147741965274726,P4 Sovereign crisis
2012-02-29,0.0012011284544807,0.0003796607600293,0.0004769547395129,0.0003600830744395427,0.00032557009227818007,0.0004564621461649541,0.00031025172,0.0004374549338262451,0.0005314120969684396,0.00048765653003942565,0.0006013006826796252,0.0005172567,0.00038996504541228763,0.00030012002017022657,0.00037937958327378534,0.00032161841621288184,0.00031919744805483766,0.00035160139758745975,0.0003159086,0.00035848506350574577,0.0005346490293480398,0.0003859376885091665,0.0004482461216091089,0.00039007037,0.0003621671034226262,P4 Sovereign crisis
2012-03-01,0.0018875608115503,0.0003842114264517,0.0005178323428354,0.0003445576965641167,0.0003233481686769035,0.0004721500257222919,0.0002670961,0.0003111547004591894,0.0004942765640202654,0.0004198242699269518,0.0005523143414851687,0.00040826964,0.0003124931794652669,0.0003023394493162378,0.0003901946907293057,0.000320882816702197,0.000315009760714804,0.00034574478689775484,0.00030334946,0.0003097474635444418,0.0005298151660490322,0.0003765603855330696,0.0004506357002020391,0.00044065033,0.00032355314299801493,P4 Sovereign crisis
2012-03-02,0.0018991567354748,0.0003804526513623,0.0004456463051318,0.0003153967945589817,0.0003197499944370612,0.0004118058959722138,0.0002726591,0.0003177151040386378,0.0004640368157150139,0.00042052308395112373,0.000538671626719642,0.00041971516,0.00032103604845707805,0.0002998700097498295,0.00035675474735630345,0.0003202441108564705,0.0003064045185441494,0.0003260659077995895,0.00029579666,0.00030741218266702497,0.0005383215971262302,0.0003731612637342638,0.0004493845430727594,0.00047130918,0.00033434244480271295,P4 Sovereign crisis
2012-03-05,0.002058409832348,0.0004316703207988,0.0005130818548043,0.0003912167355392073,0.0004441496066417736,0.0004979743450649383,0.0004761766,0.0005313319154408606,0.0005236948466515551,0.0005623177687232518,0.0006524287627333353,0.0007090327,0.00047068251748795005,0.0003331469065962884,0.00037956424722825695,0.00035323200507238916,0.0004614928092973647,0.0003928020680733133,0.00052481814,0.00043030508419617496,0.0006054348491618974,0.0004893569543872597,0.0004478694830050205,0.00056447985,0.0004298503967309725,P4 Sovereign crisis
2012-03-06,0.0015042093112439,0.0008308544840313,0.0007153987429318,0.000613820473225167,0.0008299600562742854,0.0007741822128608008,0.0009139025,0.0010297125550710114,0.0007139106085297484,0.0008288934281777532,0.001117708355229666,0.0009945816,0.0010924578986316305,0.0005733298524445258,0.00043667545882125267,0.00042346715912138243,0.0005563979455542162,0.000566847466369276,0.00062460196,0.0005614409755880712,0.0007281753746251234,0.0005685680117018553,0.0004303560129769041,0.00054781063,0.0005824312622723733,P4 Sovereign crisis
2012-03-07,0.0014926866838138,0.0007667676113654,0.0006927032925486,0.0007321302493654201,0.0007479004716442041,0.0007322839225315892,0.00073008455,0.0008222073110749322,0.0007662008351722565,0.0007499085397541162,0.0007991021128687422,0.0008221598,0.0009597084134025413,0.0005329220663891157,0.0004279271491092919,0.0004651805703252407,0.0005293901429812841,0.00044481996486048664,0.0006124129,0.0005290512492106542,0.0007830165147853357,0.000550622722755877,0.0004415124346283547,0.0005208997,0.0005463214181763335,P4 Sovereign crisis
2012-03-08,0.0008744353894331,0.001041152791396,0.0009539912267821,0.000690015874537444,0.0009647158192661333,0.0009077528062938407,0.0010389402,0.0012050776319937387,0.0007667064623293848,0.0008842710595029684,0.0010069297188240501,0.00101229,0.0011983085912457855,0.0006884348444162767,0.0005096355788070376,0.00046462400611007123,0.0005326718472348916,0.0004779636782922001,0.0006115801,0.0006292959138369164,0.00076005441326666,0.0005455513489204772,0.00043435539787429973,0.0004870215,0.0006421537637754134,P4 Sovereign crisis
2012-03-09,0.0009231485720536,0.0009796215313618,0.0009452886697865,0.000659303841836464,0.0008852668537113932,0.0009286052232641075,0.0009607865,0.00108728793713213,0.0006731497441850269,0.0008344143764625799,0.00105599886097366,0.0009838389,0.0011457430176460013,0.000648773590895847,0.0005057897450135762,0.00046404685053985466,0.0005095620761531445,0.00047658900751346324,0.000531862,0.000586647337467354,0.0007349126339276028,0.0005219065241990722,0.00044106872208722234,0.00045354763,0.0006111149047147358,P4 Sovereign crisis
2012-03-12,0.0006660103101381,0.0010531106529494,0.0010380671883682,0.0008343640841235137,0.0011520969849077964,0.0010859784517056304,0.0013268467,0.0014520128741737988,0.0007640289343278301,0.0009788591109357154,0.0011180816768829218,0.001188847,0.0013373636672545648,0.0006935295099099076,0.0005340287566619541,0.0005051685880994062,0.000554894016574226,0.0005985794873164459,0.0006507179,0.0006235695501543246,0.0008000744271130832,0.0005659113024773907,0.00043553668541175235,0.0005098371,0.000636536649651141,P4 Sovereign crisis
2012-03-13,0.0004300617100477,0.0010922436381529,0.001052133906029,0.0008530041788548622,0.0012267976054928542,0.0008479994072537189,0.0013419015,0.0014010547769531792,0.0007730642160800004,0.0010692470704356282,0.0008286945291837929,0.0011172281,0.0014127974954984918,0.0007117878406389296,0.0005483330620173616,0.0005128756287544117,0.0005287619054403796,0.00042575748684897067,0.00071954995,0.0006640170998397689,0.0007656034997149086,0.0005545573702848703,0.0004617612985183586,0.0004909288,0.000678066184055123,P4 Sovereign crisis
2012-03-14,0.0004198378493761,0.0009989187156953,0.0010218509063545,0.000846961147609754,0.0011239979352523598,0.0008621946917429558,0.0012799196,0.0012612225676220006,0.0007653618520395044,0.001008119992828967,0.0007672418628176676,0.0011000513,0.001290168576328549,0.0006547296462119575,0.0005376033977452401,0.0005185429396313228,0.0005171888653071058,0.0004236537537794432,0.00069672137,0.000619759050766693,0.000777863240323598,0.0005543410831256363,0.00046665628799693796,0.0005246639,0.0006344858426236657,P4 Sovereign crisis
2012-03-15,0.000386876278516,0.0009737867205733,0.0009956980678306,0.0008419041604231774,0.0011321089391943613,0.0008610691359716662,0.0012861809,0.0012545704907692009,0.0007386507029268992,0.000975619852468292,0.0007321806460769823,0.001043221,0.0012102020322422736,0.0006370211298573902,0.0005464673365525938,0.0005149913493705685,0.0005292535751210476,0.00044645854658922836,0.0005728658,0.0005950334565837724,0.0007699241425293301,0.0005464636002001587,0.00048780744593051407,0.00050238305,0.0006080104092114396,P4 Sovereign crisis
2012-03-16,0.000257059026152,0.0009395270561662,0.0009977360654532,0.0008064857065010779,0.0011278805365807958,0.0008600013046309387,0.0012861809,0.0011958840231684454,0.0007212079251159332,0.001010106802174908,0.0007631797336693461,0.001055104,0.0012309764911295207,0.0006145493125264662,0.000545385059452774,0.0005059924316421178,0.000529002983982587,0.0004438637075330246,0.0006094956,0.0005739788612389681,0.0007178772202313652,0.0005531598232459092,0.00046429763835514074,0.0004950902,0.0005869637042344261,P4 Sovereign crisis
2012-03-19,0.0002175091340733,0.0008870967239279,0.0009504163624833,0.0009530195395679198,0.0008702831777757918,0.0008048581297752132,0.00084321573,0.000937309849911607,0.0007910378661609367,0.0008675983771347195,0.0007082519677375782,0.0007584207,0.0010660581372420224,0.0005848333185198154,0.0005388995943576149,0.0005286228438504569,0.0004740600690030473,0.00044488620728355823,0.0004885204,0.0005468718172749466,0.0007448625473133715,0.0005163656834897152,0.00048052070621122287,0.00043485587,0.0005542107756426184,P4 Sovereign crisis
2012-03-20,0.0001405024532494,0.0008539231658633,0.0008740078860919,0.001022793051429096,0.0007880744232615507,0.0008366105510773658,0.00079301075,0.0008448019147878499,0.0008143165774259763,0.0008272123806820538,0.0006415093994470577,0.0007992617,0.0010239199170594417,0.0005668566981254357,0.0005248174652239272,0.0005509237689180376,0.0005259000675540017,0.0004974511158205972,0.00048763186,0.000520659736435985,0.000768265451032326,0.0005532524583676781,0.0005351112402694984,0.00048144668,0.0005376394673513519,P4 Sovereign crisis
2012-03-21,0.0001414185766082,0.0007835921352592,0.0008305930692525,0.0009694310452285238,0.00080283824084376,0.0008316575724038001,0.00093647,0.0009113698778384788,0.000797783333026072,0.0008427163324939962,0.0006263898861919483,0.0008751879,0.0010231185668294035,0.0005259229553079477,0.0005082019530334513,0.0005553997186287867,0.0005201648815685839,0.00047367474292199805,0.00064905005,0.0005009930504019965,0.0008084066712219625,0.0005629739664206473,0.0005075306556998121,0.0005410816,0.0005062466181054814,P4 Sovereign crisis
2012-03-22,0.0002827027899645,0.0007837424922332,0.0008603152185008,0.00105942501350286,0.0009247135356302643,0.000930958393097542,0.0010721533,0.0009507549745371656,0.0008802586319545004,0.0009260269699592096,0.0007284716531455732,0.000955388,0.0010538915823430984,0.0005282110861901641,0.0005230468877719995,0.0005749225754566413,0.0005413225404152672,0.000570303405681572,0.000654964,0.000468893331210276,0.0008703128964417477,0.0005578386729399343,0.0004943363321106318,0.0005547297,0.00048318136028968514,P4 Sovereign crisis
2012-03-23,0.0003270397002669,0.0007159155262769,0.0007572137094358,0.0009291867659199508,0.000832077964042409,0.0009102337365753373,0.0009099681,0.0008112204614476216,0.000809145670376415,0.0009057513435801698,0.0007033810478354353,0.00085409556,0.0009266446174219464,0.0004883806435416954,0.0004927109025070171,0.0005574606090485896,0.00048508941160941985,0.0005252951100590058,0.00051541335,0.00045072148840498064,0.0008807276965325312,0.0005376026550252544,0.0004590133097651379,0.00050459703,0.0004653267569616765,P4 Sovereign crisis
2012-03-26,0.0004371314243485,0.0006572690191479,0.0007675813171935,0.0008523689792076338,0.0008223302846512657,0.0008392310449756328,0.0008562723,0.0006880705169205398,0.0007381135267449615,0.0008648131713394885,0.0005870851572942439,0.00083031354,0.0007998241115268382,0.00045380641298651024,0.0005029452493224563,0.0005387261166835426,0.000491479007926637,0.0005050515610897984,0.0005282352,0.00042248277027316964,0.0008578015262618218,0.0005356091212059876,0.0005368299301799793,0.0005456572,0.00043679984159665286,P4 Sovereign crisis
2012-03-27,0.0004857621138277,0.0006014391418273,0.0006893562732674,0.0007278980694221102,0.0007487807955823807,0.0007625273571897661,0.0009286991,0.0007337480824131775,0.0006461809451221475,0.0007842273181632548,0.0005904734164771774,0.00087873277,0.0006995770580583319,0.0004215654746048035,0.0004816999404627019,0.0005041895095124836,0.0004735413747673218,0.00047760388514556665,0.00055742334,0.00046424750272645616,0.0008232263870256477,0.0005352184051517697,0.0005036994165915515,0.0005420769,0.0004676090623128291,P4 Sovereign crisis
2012-03-28,0.0008842492166266,0.000551846448899,0.0007017042934694,0.0006689054392822876,0.000742505333506727,0.0007428954162524028,0.00092306954,0.0006610177662591172,0.0005775002966150925,0.0007632208530125547,0.0005613267630890215,0.0008534849,0.0005836817658585552,0.0003929789587437726,0.0004874241898508536,0.00047088653145621097,0.0004286492604844848,0.0004698271551966447,0.00048771923,0.0004330995383866185,0.0007872401586264491,0.0004876772019936335,0.0005397570053357299,0.000477598,0.00043579716407907056,P4 Sovereign crisis
2012-03-29,0.0006192803496344,0.0006448956977515,0.0008515068030511,0.0007801835811633228,0.0009162284801223973,0.000858581783173941,0.0010444627,0.0008162791850549909,0.0006318953308088111,0.0008842504013849298,0.0007103771312259502,0.00093452603,0.0007379189312303845,0.0004515064015135615,0.0005294744899285011,0.0004821123060167679,0.0005195476289617251,0.0005565922877984076,0.0006407217,0.0004169442986595343,0.0008305587805386569,0.0005534991572829835,0.0005071748126039704,0.0006449301,0.00042785364423070585,P4 Sovereign crisis
2012-03-30,0.0009418199514932,0.0006058827551302,0.0008504650179834,0.0007355226833774087,0.0008520086993658462,0.0008291189143537518,0.00085928437,0.0005640881500661554,0.0006171301582318652,0.0008004240760905681,0.0005577225626257089,0.00080118363,0.000561585903701525,0.0004277639060134251,0.0005240122136082594,0.0004744515018743589,0.00048435829583395445,0.0004795227769011904,0.0005467706,0.000396696024348867,0.0008452359298868718,0.0005356718409041991,0.0005717934958572753,0.0006415956,0.00041317648367850476,P4 Sovereign crisis
2012-04-02,0.0008211156785595,0.0006028922147465,0.0009028596510902,0.0006649808227876275,0.0008801445232684579,0.0008394054549523076,0.0008994532,0.0005759587390414592,0.0005702677648273516,0.0008170691577389288,0.0005679986305832644,0.00081125955,0.0005544336503613063,0.0004247649593251519,0.000535153235132743,0.00045966139140387675,0.0005235696417837133,0.00047268450492717734,0.0005662074,0.00039493989558692474,0.000833915428641464,0.0005453979014778012,0.00058586747429845,0.0005988564,0.00040754021316418565,P4 Sovereign crisis
2012-04-03,0.0010895977206503,0.0005819586139873,0.000905550432892,0.0006734902327776178,0.000946747064568052,0.000911752726161564,0.0009305843,0.0005657446265575153,0.0005682159127695684,0.0008602411861326989,0.0006022661690388438,0.00081288244,0.0005412283716325567,0.0004143166063746466,0.0005325675547982779,0.00046644886306725184,0.000544045706160298,0.000527535018845994,0.0005927796,0.00040955979009948387,0.0008439180214977074,0.0005673259350822108,0.000575594499170856,0.0006597953,0.00041165739999334065,P4 Sovereign crisis
2012-04-04,0.0007097674581631,0.0007406343228581,0.001060607324768,0.0008626346866663105,0.0014422308083664776,0.0011860173042000971,0.0015461426,0.0009886696369460026,0.0006923356667295036,0.0011782863100490077,0.0010737923586283341,0.0012356002,0.0009573844334241014,0.0005115468237926558,0.00056829521740788,0.000503178187857265,0.0005575393974591592,0.0006860345953445694,0.0005980695,0.0004425628739570879,0.0009158647348333872,0.0005670421425737049,0.0004532171740782894,0.0005418566,0.00045626403022260806,P4 Sovereign crisis
2012-04-05,0.000711448407492,0.0006773207656063,0.0007580449800752,0.0007297293929851149,0.000736071991327447,0.0008547746807307572,0.00079548266,0.0007689695311942538,0.0006240594523547116,0.0007598045803967689,0.0008393102647242948,0.00079012365,0.000833081036396684,0.00047377960566995247,0.0004676160996603295,0.00047592371825097915,0.0005209005845380918,0.0004630580659312785,0.0004945897,0.0004319786221456866,0.000913012533146435,0.0005526220465890734,0.0004253021633392337,0.0004828574,0.0004416316884494367,P4 Sovereign crisis
2012-04-10,0.0005559856469024,0.0008088865166462,0.0009664459731701,0.0008563761236857568,0.0014143083606912561,0.001100578401899888,0.0015386922,0.0010877455307256396,0.0007369425577960765,0.0011379531865056951,0.0010711560346628368,0.0012318257,0.0010492919651335464,0.0005541086172604416,0.0005344763703497531,0.0005050383088533511,0.0005575393974591592,0.0006588129786424734,0.0006828185,0.00047938505476590896,0.0009815311132458661,0.0005670421425737049,0.00044558926945377394,0.000572007,0.0004942261766340292,P4 Sovereign crisis
2012-04-11,0.0005558958360845,0.0007398891766764,0.0007387716954714,0.0007181630227385073,0.0009449885712445424,0.000903564438165855,0.0008598668,0.0008656397498064606,0.0006804850534362584,0.0007749933931761267,0.0007985447322064888,0.00079751574,0.0008870086709846913,0.0005125310129887609,0.0004540337083000982,0.0004966434767094963,0.0005229041855384326,0.0005231618638109753,0.0005123103,0.00046234722273894144,0.0009667635929399958,0.0005492206244496231,0.00043027447980372607,0.0005126577,0.0004833915850036821,P4 Sovereign crisis
2012-04-12,0.0002576418447785,0.0008107460848928,0.0008732942477206,0.0006185796374561279,0.0010850288229825905,0.0008856119171287513,0.0010146297,0.0009576778704581617,0.0006353515515526497,0.0008613273641456171,0.0008879570995000167,0.00094262714,0.0009627747292794875,0.0005505887243770227,0.0004976713208769267,0.0004714654527174495,0.0005417891023486621,0.0005013882066170835,0.0006729024,0.00047603019916406594,0.0009491709585577309,0.0005537343016642455,0.00044884849676000635,0.00055008003,0.0004925570723166853,P4 Sovereign crisis
2012-04-13,0.0002807678864529,0.0007561246862182,0.0007409271177042,0.0005906320905087681,0.0007158246656277486,0.0007310072018718213,0.0005815852,0.0007837433887962587,0.0006015417004594185,0.0006981567891158418,0.0006158056932402487,0.000666741,0.000959296254199871,0.0005186146104683218,0.0004598685313529835,0.0004569480555541079,0.0005484026741566945,0.0004523823763661145,0.00054746086,0.0004732387050306856,0.0008973483465747993,0.0005709413176444545,0.000504659766841047,0.0005306773,0.0004900382604140104,P4 Sovereign crisis
2012-04-16,0.0007611120577862,0.0006931612359391,0.0006582150358102,0.0005209299477449464,0.0007068211043540482,0.0006766936067841178,0.0006194253,0.0007780529404011608,0.0005230927925656451,0.000695927728990401,0.000604129212284653,0.00069438934,0.0008665616981891703,0.00048138951887232367,0.0004264893882983225,0.0004431757373819604,0.0005267860440018785,0.0004236865034406923,0.0005505168,0.0004558485451638826,0.000837146352636956,0.0005509624014574811,0.0004960432006872708,0.0005064642,0.00047407221988748173,P4 Sovereign crisis
2012-04-17,0.0005751022349,0.0007213117298557,0.0007066900990464,0.00047336741583368924,0.0005567045533308295,0.0005896319258687848,0.0004240901,0.0006606024704185887,0.0004591876420028144,0.0005559177806208221,0.00045715714024377365,0.0004896482,0.0006129948972016749,0.0004954711183038798,0.000453574806194797,0.0004242758725487208,0.000470156663532749,0.00037770343234374946,0.0004821682,0.00044679870190243227,0.0007805698767101737,0.0005037174410671661,0.0005748423056990389,0.0006556872,0.0004818239120593621,P4 Sovereign crisis
2012-04-18,0.0007267093997854,0.0006593963983077,0.0006343060571732,0.00041355158820897123,0.0005378655328621711,0.0005758743260785489,0.00044129236,0.0006687754229219703,0.00040948260377621513,0.0005625933287194554,0.0005231417349114931,0.0005124134,0.0005973848054929272,0.0004589791315313404,0.0004224136872737829,0.00039887177743977377,0.00044938339550415143,0.0003632867296113841,0.00044726624,0.0004359105083519604,0.0006961698225239193,0.0005049241491350946,0.0005023631130639259,0.00073087367,0.00045070061271662657,P4 Sovereign crisis
2012-04-19,0.0007089228864038,0.0006168677058841,0.0005666386515904,0.00039884733365014405,0.0005436620160475127,0.0005582624537799624,0.0004961683,0.0005722166486986497,0.00038766507660412477,0.0005674392571248027,0.00045108749218537067,0.0005239695,0.0005424548697205621,0.00043503435496781105,0.00041277104187511127,0.00038936189857553436,0.00045262567168655713,0.00040877891759457497,0.00049889914,0.000435278449931057,0.0006412960475636598,0.00051002721664991,0.0005838412636485395,0.0007994623,0.00044649594623528613,P4 Sovereign crisis
2012-04-20,0.0007437076778707,0.0005815350550189,0.000578307730376,0.00037907284628493996,0.0004598471336865109,0.0005281760599352271,0.00040783882,0.0004680144625053735,0.00037879617490188663,0.0005637955590453397,0.00046880542262604276,0.0005341105,0.0005048054368392997,0.00041355874282638717,0.00041620287349806767,0.00037407441177305897,0.000420735383182411,0.0003751006541095402,0.00047658617,0.00041181355546429226,0.0006277666116805847,0.0004834998108138505,0.00053982240510888,0.0006938566,0.00042880693899232096,P4 Sovereign crisis
2012-04-23,0.0002931474871612,0.0007785995709193,0.000775599247565,0.0004906728031408991,0.0009523199690552029,0.0007705510924111556,0.00091838423,0.0009560600747391782,0.00043802446320686286,0.0007251199706902571,0.0007485719328765263,0.0008974577,0.0008402288061923654,0.0005337257096632499,0.00047216412773535144,0.0004057923036880183,0.0005554118518067151,0.0005330049631174149,0.0005668725,0.00047421044179840144,0.0006624333313956899,0.0005630591288106058,0.0004888822828919812,0.0007211281,0.0004967530700035947,P4 Sovereign crisis
2012-04-24,0.000398333743416,0.0007193194481383,0.0007263682683892,0.0005220236293307362,0.0006666361299055598,0.0007329784345511338,0.0005481805,0.000709899902270008,0.00045458201362768875,0.0006562565759624509,0.0005355411302923518,0.00059657794,0.0006888567390784394,0.0004973194355445807,0.00045980557580736753,0.00042216519150099893,0.0005265593169931316,0.00045134800750387476,0.000501477,0.0004442746028867882,0.0006516504031449718,0.0005543532442437076,0.0005501618660355334,0.0006194241,0.00046311615938203574,P4 Sovereign crisis
2012-04-25,0.0002507225403228,0.0007188589145163,0.0007717170520807,0.0004939993101480871,0.0007706846762501993,0.0007383893786042984,0.00075621315,0.0007491744103844881,0.0004513601338867105,0.000685632244245916,0.0005561635793485225,0.0006642987,0.0007031473337664134,0.0004947569942002965,0.0004715815619863644,0.0004184816660373768,0.0005398079217308206,0.000444108524095864,0.0005218028,0.0004400310849477566,0.000653660918504125,0.0005548603326412603,0.0005621692823647544,0.00062929105,0.00045790792767044677,P4 Sovereign crisis
2012-04-26,0.0002725433973812,0.0006597091596771,0.0007366009014091,0.00047982298109896306,0.0007605218537659224,0.0007370317502977556,0.0007825843,0.0007389441230890077,0.0004520867178193845,0.0006722670162139342,0.0005603318302424492,0.00069715705,0.0006891655794427974,0.0004601733045436615,0.0004574593671315611,0.00042293560490523646,0.0005329693777216908,0.0004359449259290466,0.00060714607,0.0004317553872376989,0.0006300051089562508,0.0005646774756526659,0.0005183584733797898,0.0006105962,0.0004441342455081683,P4 Sovereign crisis
2012-04-27,0.0009704557636997,0.0006347636338074,0.0007845199349195,0.0004530226457619711,0.0009105360416807407,0.0007363359949423958,0.000906462,0.0006136276420938768,0.000449184977686127,0.0007149389002637959,0.00053425548365687,0.00088507595,0.0005875270033880482,0.00044424959777904113,0.00047558262780421546,0.0004167927926601877,0.0005299534676675925,0.0004362586610466446,0.00053760264,0.0003985593031762094,0.0005999451573950864,0.0005559290610391704,0.0005736582545600065,0.00063940696,0.00041813649713441897,P4 Sovereign crisis
2012-04-30,0.0012640975723665,0.0006010582960038,0.0006812310988116,0.0004822548418035976,0.0006379750415744569,0.0006373013804273401,0.0005651168,0.0005329804004222385,0.0004725498390001635,0.0006241692937232042,0.0004793127070933446,0.00064511853,0.0005435757885382358,0.0004258266982312039,0.00045942946054899886,0.0004289812103779587,0.00045556148304783074,0.0004273704437883989,0.0005167264,0.0004179344059664939,0.0006050787549987506,0.0004989007967684943,0.0005831198617375367,0.00058927416,0.0004285706858687706,P4 Sovereign crisis
2012-05-01,0.0011478634202651,0.0006026783651813,0.0007468198976325,0.0004778215579547178,0.0006650078280115236,0.0006507213624313004,0.00056988973,0.0005056227847738777,0.00047883559325094917,0.0006443162658904595,0.0005124422870943514,0.0006308268,0.0005287248136333427,0.0004253989646891027,0.0004783274993692296,0.00042740433212340445,0.0004655715332432682,0.00040683332215620595,0.00050702743,0.0003910059482302884,0.0005834837338243509,0.0005018387552988595,0.0005541726700960688,0.00058090175,0.0004031553235133349,P4 Sovereign crisis
2012-05-02,0.0011751807497224,0.000552731981838,0.0006296261373188,0.0004424265268820885,0.00045778114520626524,0.0006076215768141324,0.00042572198,0.000522235561746855,0.0004604910832787756,0.0005596966869120604,0.0004776814034716476,0.0005563652,0.0005214889572631036,0.00039630891928501644,0.000440895786868121,0.0004112964576599787,0.00041851987046138587,0.00039974908130988295,0.00046137944,0.0004075417061149876,0.0005675931561907069,0.00048259157596955004,0.0005503090157660366,0.0005305888,0.00042162437319639545,P4 Sovereign crisis
2012-05-03,0.001198761660031,0.0005226410425438,0.0006446738124694,0.00044840969212076455,0.0004849623688601247,0.0006274611913825175,0.00043300714,0.00047338806843616254,0.00046319760464728747,0.00056281582025545,0.00043013271510778924,0.00050835934,0.000454056585791651,0.0003802521961578904,0.00044576434044729527,0.00041615956801719603,0.00045545881001719926,0.00042740214862128695,0.0004797432,0.00041048161790065217,0.0005636427138392128,0.0004996104527724507,0.0006195041947894152,0.00067983795,0.00041017388177412144,P4 Sovereign crisis
2012-05-04,0.0009119810846565,0.0008703414966341,0.0009480478538416,0.0006447307195038257,0.0013302605256149981,0.0010201306984262525,0.0013068247,0.0011519726224127557,0.0006054976180752782,0.0009858159517444013,0.0010088662855716206,0.0011203495,0.0009993227602885508,0.0005901325169944296,0.0005275043228481244,0.00046959554303281636,0.0005575393974591592,0.0006583033154586479,0.0007117365,0.0005105510005911885,0.0006377104000724552,0.0005670421425737049,0.0004741402811926729,0.0006737379,0.0005263569785713834,P4 Sovereign crisis
2012-05-08,0.0005882045695545,0.0009627742759674,0.0010354763238487,0.0009710120030093519,0.0014794028418487065,0.0011835258178964035,0.0015873334,0.0013475536372897813,0.0008227918442272923,0.0012707680801323105,0.0010885163461785124,0.0013568492,0.0013468098451762686,0.0006460477400396013,0.0005484141448153136,0.0005281718690961819,0.0005575393974591592,0.0006814530878430601,0.00067986985,0.0005589258524285112,0.0007369157648112459,0.0005670421425737049,0.00046140878099978563,0.00056228717,0.0005762294512968261,P4 Sovereign crisis
2012-05-09,0.0005735681187179,0.0008818023903091,0.0009110372293033,0.0009771240014670773,0.0012039825375911855,0.0010503692225451357,0.0010869046,0.0010966521745337941,0.0008489900138357574,0.000966978240787596,0.0007636388235948784,0.0010652073,0.0011507808461019853,0.0005957951393227317,0.0005083012529050656,0.0005422996003423648,0.0005293042972483027,0.0005586777722823356,0.0006477373,0.0005179684226788657,0.0007702116027809393,0.0005542975382503705,0.00045463623999933596,0.00058395666,0.0005346685119585419,P4 Sovereign crisis
2012-05-10,0.0009080537928376,0.000815055520288,0.000927968994694,0.0009395759939792066,0.0012051273536859938,0.0010548271520492351,0.0010869046,0.0009669209100432537,0.0008490425973908403,0.0009666186633792447,0.0007703557520831941,0.0010652073,0.0010261260034867897,0.0005542699260892057,0.0005137145445243898,0.0005585520050220135,0.0005305544529127134,0.0005604056858386494,0.0006598372,0.00047968154000789005,0.0007926808203468444,0.0005536984254920007,0.0004628252101625762,0.00057249545,0.0004976904767250819,P4 Sovereign crisis
2012-05-11,0.0008757686988345,0.0007609529224708,0.0008667242742818,0.0008178094488825012,0.0009312229442505063,0.0009384293084955399,0.0009582505,0.0008544699553001888,0.0007943584449546711,0.0008591381411243482,0.0006826209384637555,0.0009383184,0.0010001816310632361,0.0005205294272183906,0.0004919886297568245,0.0005430511119187204,0.0005288543208123577,0.0005134426842855575,0.00062293926,0.00046597550865333124,0.0007971842531376996,0.0005523549591430267,0.00047834513079883485,0.00054676103,0.00047750638265092396,P4 Sovereign crisis
2012-05-14,0.000413752575891,0.0009462817517216,0.0009533185973005,0.0010510252087877594,0.0013771196273026128,0.0010391264809811976,0.0014587021,0.0013457804281617918,0.0009864739330154259,0.0011185816144456177,0.0010138723747568667,0.0012154141,0.0012980988289709768,0.0006328294313628927,0.0005310535339666235,0.0005871872442300691,0.0005575393974591592,0.0006421296988666097,0.00061823387,0.0005474900807557557,0.0008983059361915395,0.0005670421425737049,0.00046742606671433757,0.0005418566,0.0005644396433866785,P4 Sovereign crisis
2012-05-15,0.000756138926123,0.0008648967990635,0.000784182519252,0.00094199076781718,0.000780766602409375,0.0008046795030153748,0.00072948425,0.0010407937010914591,0.0009507114273349861,0.0007716198070729228,0.0006166704652763446,0.0007645914,0.0011314961356517033,0.0005835938795040923,0.0004805733112873802,0.0005877778189604186,0.0005263251968681607,0.0004643647080691529,0.0005934867,0.0005276532549455886,0.000931973072944589,0.0005573121358463666,0.0004745200897734704,0.00054811634,0.0005411607546564229,P4 Sovereign crisis
2012-05-16,0.0010539459646037,0.0007897299124081,0.0007396299874378,0.0007482866373555752,0.0007639012333957369,0.0008160062445687097,0.0007097999,0.000902220733383806,0.0007864423755915364,0.0007380478232077196,0.0006593675606080719,0.0007408371,0.000990741998631995,0.0005383694345941752,0.00046257807290956624,0.0005445658257430834,0.0005206937869299927,0.0004544028922673727,0.00051894423,0.00048060533419635955,0.0008822356044067139,0.0005534846011622117,0.00042796237819341343,0.00050840963,0.00049746224408053,P4 Sovereign crisis
2012-05-17,0.0007299628144712,0.0009101351403321,0.0009546525260699,0.0008505015798863037,0.0013962536708908456,0.001058448428481483,0.0015255936,0.001241716843580944,0.0008397901283090058,0.0011731696237462042,0.0009540424992905907,0.0012311621,0.0012644712349145562,0.0006117521739771671,0.0005315385029099296,0.0005594994935549977,0.0005575393974591592,0.0006458106109806857,0.0005980695,0.0005292551681927156,0.0009035573239662114,0.00056670971575411,0.0004836695985616972,0.00054285076,0.0005465135106311858,P4 Sovereign crisis
2012-05-18,0.000860475952484,0.0008410211082305,0.0008813903857445,0.0008292766134987354,0.0011908619973839817,0.0010209564467454275,0.0010755898,0.0009536327326310668,0.0008156521827901188,0.0009585393191974199,0.0007595134588201039,0.0009793497,0.0010954042537449288,0.0005703352892634426,0.000505814615707887,0.0005573249869004139,0.0005501799189756071,0.0005764353702625506,0.00057756156,0.0005056917000758225,0.0008783512567970425,0.0005681119450217479,0.00046349064564896094,0.00054822455,0.0005145472857383461,P4 Sovereign crisis
2012-05-21,0.0008441064241306,0.00077785599465,0.0007987857917149,0.0007667474481106386,0.0008256264420101736,0.0008180697598054584,0.0007410023,0.0007179898474892723,0.0007445943783544398,0.0006880796317764726,0.0004946090789616312,0.0006862347,0.000668053045037301,0.0005312751597014179,0.0004971237519213104,0.0005468347363141036,0.0005185256865663034,0.0004914136406425729,0.0005326671,0.00047483880428960426,0.0008475455484198019,0.0005518360170061608,0.000570838916780358,0.00071533,0.0005115813716141475,P4 Sovereign crisis
2012-05-22,0.0006611190948097,0.0008565467127554,0.0009587072906469,0.0006721712503147086,0.0013662619628325647,0.0008756439648330432,0.0013225527,0.0009614486817503597,0.0006812987267734977,0.000852321972777872,0.0005909216120334808,0.0009314959,0.0007654801758344763,0.0005740142198152926,0.0005385656183288835,0.0005164382133728944,0.0005429036223374062,0.0004831617623855924,0.00055984093,0.0005022422060977189,0.0008330088174633005,0.0005675381000430685,0.0005672853201507599,0.00076965784,0.000541295782746366,P4 Sovereign crisis
2012-05-23,0.0005253509606387,0.0009368054084611,0.0010560423222404,0.0007814185188217921,0.0015478574268770215,0.0011263722036150157,0.0016757126,0.0013499370057841115,0.0007583125708926348,0.0012741500507995837,0.0008942440077064085,0.0012629085,0.0010873616724286004,0.0006235369462598511,0.0005609561884813033,0.0005368645881820954,0.0005575393974591592,0.0006480131653629666,0.0007199948,0.0005394507210683766,0.0008724700089397981,0.0005670421425737049,0.0004984985677897178,0.0006622876,0.0005561513958466727,P4 Sovereign crisis
2012-05-24,0.0006646413487044,0.0008690073301066,0.000898233032426,0.000751638137206249,0.0011601164345722342,0.0008359574963660501,0.0011901242,0.001026054836572831,0.0007379149194795138,0.0008570787589011876,0.0005518288457333619,0.0009738407,0.0008555856677898847,0.000581465983486258,0.0005175484095049289,0.0005278003275455617,0.0005334904162136189,0.00046491065660525456,0.00056805386,0.0005124322889001881,0.00088088084271981,0.0005585176903338124,0.0005677375948893952,0.0006524452,0.000530573920843928,P4 Sovereign crisis
2012-05-25,0.0007693698673106,0.0008514770992749,0.0009556568807187,0.0006980695387785549,0.001307591921644731,0.0008294095496956628,0.0013102003,0.0010385822285527652,0.0007153552828828106,0.000988917763095432,0.0006069845412189003,0.0010142762,0.0008623145558226789,0.0005685962381420475,0.0005332011919151893,0.000519859985615417,0.0005306643558430614,0.00045161359039312275,0.0005807246,0.0005005879858167446,0.0008499199211226098,0.0005561114757481005,0.0005488042180839814,0.00063915463,0.0005179829521271346,P4 Sovereign crisis
2012-05-28,0.0010595073688372,0.0007811152311343,0.0009049261122424,0.0006310916124216036,0.0011894018747625008,0.0008145741093489857,0.0011790089,0.0009330480835183753,0.0006784117635068136,0.000874094494167293,0.0005647917141963196,0.00097328826,0.0007990165418980676,0.0005263557630801657,0.0005152286767096064,0.0005087182074882065,0.0005174217999388075,0.0004444220857071082,0.00055641896,0.00046671499419852387,0.0008303477009197041,0.0005499335021439128,0.0005484649224486521,0.0005503577,0.00048221383426217925,P4 Sovereign crisis
2012-05-29,0.0014904919212658,0.0007785339551394,0.0009235434872245,0.0006025901277894212,0.0010670402201652606,0.0008243276473561297,0.0010002187,0.0008726144284301376,0.0006560259181552383,0.0009527469232625024,0.0005907114052610858,0.0008545494,0.0008347972859159584,0.0005229506794961758,0.0005300413684922943,0.0004976513666958181,0.0005304969608296498,0.00046005792092599257,0.0005407892,0.00046040196851441297,0.0007905014797643748,0.0005561114757481005,0.0005501891201379586,0.00057683093,0.0004764005081487166,P4 Sovereign crisis
2012-05-30,0.0013339532010698,0.0007985642098758,0.0009067916815269,0.000681417797387039,0.0009367825178823755,0.0008275327355501866,0.00107648,0.000989089750504699,0.0007209011166874131,0.0008857168353863263,0.0006394924464244607,0.0009263697,0.0008887122801313479,0.0005372180264534899,0.0005310487138820757,0.0005175900240741342,0.0005350097297799882,0.0005077691769655362,0.0006716025,0.0004856717916030116,0.0008202696884768027,0.0005625853913037098,0.0005333416187196413,0.0006870711,0.0004985864014199426,P4 Sovereign crisis
2012-05-31,0.0011566845231512,0.0008264988031322,0.0009681596550716,0.0008532629460428484,0.001188444567860029,0.000963690899740451,0.0011839817,0.0010316399493826246,0.0008244794785980284,0.001127374362316605,0.0007302812297734686,0.001001302,0.0009339910601042636,0.000555903370913672,0.0005456562632782278,0.0005533666048948558,0.0005547693680839798,0.0005722095344004504,0.00057642255,0.0004808777976829687,0.0008294875242365227,0.0005666675539062162,0.0005200385289110863,0.00060569437,0.0004963072411087468,P4 Sovereign crisis
2012-06-01,0.0009093235411718,0.0008861070872178,0.0010152205299341,0.0011048225094142127,0.0016409875074171478,0.001137503466212637,0.0017794982,0.0012804028461603969,0.0009935793093048836,0.0014249201662582653,0.0008928211647435828,0.0012990463,0.0010400303915021041,0.0005932348687417373,0.0005573600536463293,0.0006009380181923433,0.0005575393974591592,0.0006718177042534768,0.0006216775,0.0005132349889212006,0.0008795467845100421,0.0005670421425737049,0.0004878379147793637,0.0006367311,0.0005291240596000567,P4 Sovereign crisis
2012-06-05,0.0006243825123845,0.0009669866128081,0.0011253539085203,0.001506382785903523,0.0018049816484897443,0.001410250119848824,0.0018939562,0.001486893324148706,0.0012146007198619107,0.0015522838908461943,0.0011811268564354957,0.0014228353,0.0011267405564041606,0.0006428246634103252,0.0005833436198945978,0.0006547314400079571,0.0005575393974591592,0.0007973318673936927,0.0007027335,0.0005561374194059762,0.0009270109047832778,0.0005629010129611002,0.0004636272007417878,0.0006524116,0.0005754189947103838,P4 Sovereign crisis
2012-06-06,3.683155556567367e-05,0.0011392127777184,0.0013050525679119,0.0014146934364088614,0.0018605999568127526,0.0014843334838270277,0.001668065,0.0014263997686575236,0.0012339104351540143,0.0016069791209434544,0.0012145060765930613,0.0013595129,0.0014277747821012316,0.0007386896085007066,0.0006273053268967273,0.0006495019516435738,0.0005417891023486621,0.0007021053288785968,0.00045572603,0.0006386592131048224,0.0008657798321297956,0.0005547807458264546,0.0004254660298056247,0.00041359276,0.0006590020841569219,P4 Sovereign crisis
2012-06-07,6.219261672162817e-05,0.001038388792243,0.001079339523513,0.0011687715065066772,0.0014491246192034726,0.0011977110335886138,0.001363495,0.001247449998935227,0.0011322795212223569,0.001216752393990314,0.0009125926705994819,0.0011634917,0.0012632555584501696,0.0006773141220565506,0.0005594051632027345,0.0006244692117898722,0.0005253306228348605,0.0005853791477878284,0.0006588566,0.0005965809639831677,0.0007717745440377151,0.0005542975382503705,0.00042759365773660665,0.0005632457,0.0006160029446452671,P4 Sovereign crisis
2012-06-08,0.0004900037124654,0.0009468484967403,0.0009924962519874,0.0009753293752956143,0.0013557888717219766,0.001003280814854307,0.0013308862,0.001229547500552322,0.0010419621493521975,0.0011270875336611644,0.0007787948558841207,0.0011326399,0.0011973394235345147,0.0006221389375746861,0.0005353415153226181,0.0005972590497273518,0.0005253306228348605,0.0005085797897953639,0.0006867195,0.0005486302134431198,0.0007412734253936997,0.0005542975382503705,0.00044727133146834714,0.0005806536,0.000566725810991055,P4 Sovereign crisis
2012-06-11,0.0004876814444338,0.000866695300017,0.0009517645317795,0.000857832338544039,0.0012913397652951765,0.0008871025112783885,0.0013686736,0.0010818642441816574,0.0009471629636276154,0.0009964954047064752,0.0007032920770915205,0.0010926399,0.0010442293691756703,0.0005748609396284801,0.0005287621349793246,0.000577401750790593,0.0005282011517166626,0.00046689613305853463,0.00061462197,0.0005262907766752354,0.0007156324534815879,0.0005535706218255059,0.00048244852005784543,0.0005121724,0.0005363917490183677,P4 Sovereign crisis
2012-06-12,0.0004953435137968,0.0008044102908692,0.0009146177288683,0.000811768602485273,0.0009902223902844068,0.0007814552604146319,0.0008334687,0.0008072442071010383,0.0009142791587149238,0.0008945475393128767,0.0006761716074636322,0.0007621224,0.0008861734071784204,0.0005389334434809769,0.0005278422610666343,0.0005666668245603338,0.00047924918653480573,0.00044252996888862286,0.00050434796,0.0004894419841613916,0.0007344997098287954,0.0005195362834257264,0.0004791361634139352,0.0004737909,0.0004984854360071775,P4 Sovereign crisis
2012-06-13,0.000493502520335,0.0007386439934767,0.0005841421755657,0.0007441672980045408,0.0008267194033741215,0.0007098577836097123,0.0010247774,0.0009800671557769933,0.0008276855284593545,0.0008351451116702488,0.0007442096936979375,0.0010557844,0.0009079721418644741,0.000500787435957362,0.0004700202840734542,0.0005489385245117203,0.00044333813438951887,0.0005286787557015084,0.00082772865,0.0005167705247221435,0.000711173007019283,0.0004883520422455515,0.0004568806844499246,0.0005963949,0.0005233330607033703,P4 Sovereign crisis
2012-06-14,0.0005136690396721,0.00069470180234,0.0005839089707144,0.0007181767168745491,0.00068219307107366,0.0006877566464648897,0.00074026606,0.0009091877519090172,0.0007886622505063867,0.0007012237155719476,0.000655087060251017,0.0007989503,0.0008125424980846839,0.00047631127021950534,0.00045655534214462403,0.0005350646531700894,0.0005073787960176556,0.0005221324851503783,0.0005954153,0.0004953277655021164,0.0007126856742771466,0.0005531422565909912,0.000507022742581384,0.0005737126,0.0004990989599202948,P4 Sovereign crisis
2012-06-15,0.0001239450151039,0.0008209317557456,0.0008962555826341,0.0006704913808373541,0.0009443217130139221,0.0007916817719429746,0.00091238425,0.0009094047751334338,0.0007575611527178521,0.0008799578025459562,0.0006618932692219527,0.000825136,0.001023435868241943,0.0005476637736346547,0.0005296886977889244,0.0005123984761888703,0.0005230739643508178,0.00045595425288570235,0.00056028535,0.0004937403192805546,0.0006677951783061448,0.0005525580565884516,0.0005030177909405154,0.00048376128,0.0005061856768662335,P4 Sovereign crisis
2012-06-18,0.0001864735488288,0.000749495038741,0.0008397981344729,0.0006403614377404935,0.0008829767654975926,0.0008039738849795338,0.00092748075,0.0008913307909666701,0.000720472630950589,0.0008523805655966916,0.0006694744594469207,0.00082979555,0.0009693135649155458,0.0005057345714587391,0.0005066507014836044,0.0004922253965366065,0.0004939525025996858,0.00044415774238496365,0.0005255158,0.0004641598951404192,0.0006706559122449339,0.0005458720257705005,0.00047000725881827463,0.0005068832,0.00047467555822566413,P4 Sovereign crisis
2012-06-19,0.0001668755537067,0.0006936866992874,0.0008128692122849,0.0005837169729809211,0.000688249780480876,0.0007092327661158245,0.000644344,0.0006754923001401945,0.0006682255800693239,0.0007148144458068419,0.000579380192691176,0.000687479,0.0008090453170770805,0.0004726054740285891,0.0004973155377248973,0.0004577084602229439,0.0004586703851988992,0.0004117084096602818,0.0005040667,0.00043016422536550227,0.0006148954165872402,0.0005013005835986204,0.0005063310878144352,0.00045025247,0.0004432532415065624,P4 Sovereign crisis
2012-06-20,0.0003375823954895,0.0006371729848298,0.0007902900767256,0.0005580680911943189,0.0006898250863146486,0.0007150740792206033,0.00070238876,0.0006493641273617728,0.0006302121377769304,0.0007107870208859105,0.0005789916077757186,0.00073077274,0.0007411866907343852,0.0004404696022306014,0.00048798489478571396,0.00043505599046305635,0.00045935657508011147,0.0004120858733790717,0.00052756653,0.0004256095465044191,0.0005971833138614968,0.0005054870086218707,0.0005053904430762956,0.00047121794,0.00042834142844073655,P4 Sovereign crisis
2012-06-21,0.0002911289506697,0.0006137424930955,0.0008237185557641,0.0005767656052515196,0.0007425736707439828,0.0007296903652247211,0.00069366064,0.0005542952331260712,0.0006255403602887619,0.0007133962705382843,0.0005709912174052745,0.0007166306,0.0006948794490186743,0.0004288672836113195,0.0005005843639481242,0.0004340459161479449,0.00047130680023465854,0.0004416614051350242,0.00051849853,0.00040177125154044433,0.000589664677594238,0.0005056935338195136,0.0005451158537940438,0.00043601112,0.00040458849874767515,P4 Sovereign crisis
2012-06-22,0.0008428790675883,0.0005879450850886,0.0006190717053898,0.0005764612611609146,0.0006626149257988263,0.0006815650914302179,0.0006753762,0.000717503432234188,0.0006356758334153253,0.0006447384630708441,0.0005694940813980228,0.0007373302,0.0006437604653780043,0.0004156555948647181,0.00045507179315398615,0.0004423817371841817,0.0005108918932850324,0.0004949396759958791,0.0005808947,0.0004608859270373283,0.0006017922739263219,0.0005533293784428631,0.0005550710708976666,0.00066262844,0.0004615033257623131,P4 Sovereign crisis
2012-06-25,0.0007959871026811,0.0005756273891504,0.0006219572219534,0.0006243711014081894,0.0005725602967701474,0.0006982164184959987,0.0005658165,0.0006743154429768117,0.0006561189234839241,0.0006167697445637948,0.0005435263959332739,0.00066321343,0.0006139616047860745,0.00041052788948201365,0.00044589227951720396,0.00045335117125815106,0.000525604488085632,0.0005034114716000946,0.0007055596,0.0004689248661825973,0.0006256340071843686,0.0005578138483043093,0.0005882865046061978,0.0007802736,0.00047400672830968775,P4 Sovereign crisis
2012-06-26,0.0008655180374289,0.0005292750677699,0.0005934925359945,0.0005865203583842809,0.0005469751385855286,0.0006810552536781664,0.000552934,0.0006050680805531744,0.000632391120339573,0.0005924295359977216,0.0004816941553971301,0.0006173675,0.0005301993154340711,0.0003834589809646981,0.00043528609203331793,0.00045414844295555833,0.0004944213337964192,0.0004711687014052939,0.0006188137,0.00043357874817555374,0.0006461502139904253,0.0005507802268591317,0.0005787373939998307,0.0008909556,0.00046191101358788973,P4 Sovereign crisis
2012-06-27,0.0007748661952643,0.0005560821866565,0.0006854086550827,0.000520674708634576,0.0005758384488090778,0.0006854315409024067,0.0005031524,0.0004969756956949099,0.0005428010579417751,0.0005846672382829849,0.0005079202743028799,0.000567049,0.00048485389063740463,0.0003979209205803407,0.00045797231518326985,0.0004425308601922172,0.0005109495876909449,0.0004483689392483194,0.0005612271,0.00039962869920203656,0.000633339696763099,0.0005420907466483982,0.0005602340442740064,0.0007767563,0.0004302436834693482,P4 Sovereign crisis
2012-06-28,0.0007716223015196,0.0005106104844852,0.0006446430896518,0.00048082117348430324,0.000493159550073011,0.0006512076697864587,0.0004802579,0.0005024157692785435,0.000486920528059474,0.0005715869090208569,0.0004606007608914898,0.00056249136,0.0004799682794284916,0.00037168791441406643,0.0004435601326445317,0.0004307293218611187,0.00047459161251675277,0.0004236029668845174,0.00053946796,0.0003924232936230388,0.0005966866854161959,0.0005482473889741889,0.0005754288738705731,0.0008215698,0.00042138073227196264,P4 Sovereign crisis
2012-06-29,0.0003464757100013,0.000727455329184,0.0008848952677413,0.0004193452395092394,0.000983100560288721,0.0006976434816707473,0.00090953725,0.000787049089664404,0.00044667748717489204,0.0007755569537244943,0.0006459172897632219,0.00082120736,0.0008071511028689545,0.0004962448247179455,0.000509455936058723,0.000406551879211647,0.00047790007017209943,0.000396989539409397,0.0005523669,0.00043834315484780813,0.000538946152352587,0.0005096405458942264,0.000512148751224908,0.0004989019,0.00045341944253472365,P4 Sovereign crisis
2012-07-02,0.0003303199086254,0.000669534234294,0.0008174625484182,0.0003894545355270337,0.0007962674941745453,0.0006396643350130668,0.00079239276,0.0006961186880603009,0.00042756893234226586,0.0007260199425302401,0.0006314891185025133,0.00078065775,0.000726008434701495,0.00046181612275665633,0.00048542896842634095,0.00038611055675681687,0.00044123291061786844,0.0003619315304662702,0.00042689225,0.00042327695639058645,0.0004636543192940981,0.0004917729280557336,0.0004727433884425029,0.00037895105,0.0004370488677106279,P4 Sovereign crisis
2012-07-03,0.0002742690085633,0.0006417690531379,0.0008193139009224,0.0003722755503977113,0.0007846308386932136,0.0006206091538262415,0.0007674968,0.0005980228331963997,0.00040882541115909514,0.0007095126785548302,0.0005811269633919652,0.00079155667,0.0006868717654733605,0.00044465619751667547,0.0004842848954528114,0.0003704345213965977,0.00043086500486794394,0.00035354405923524547,0.0003916719,0.00040747585835485624,0.0004337403988673591,0.00046612495029502816,0.00048827240696750054,0.00031013292,0.00042259467503880614,P4 Sovereign crisis
2012-07-04,0.0001935675983431,0.0006187448818498,0.000771684377083,0.0003635462826453481,0.0006738341706346088,0.000591320387570375,0.0005614213,0.0005594928917379439,0.0004031302909935577,0.0006715858289101145,0.0005707881051423226,0.00065236166,0.0006588795450912586,0.00043045738603916843,0.00046963233729364385,0.00035833876171569663,0.00041037853177680925,0.00034541692611798723,0.00035218766,0.00040306318257857753,0.00042741697722205275,0.00045758834463991864,0.00047021815391330056,0.0003617166,0.00042030719762822485,P4 Sovereign crisis
2012-07-05,0.0003305013483553,0.0005685954419932,0.0006781441811666,0.00035680728145515557,0.0005280279772766258,0.0005599348040556628,0.00047888447,0.000540732840223245,0.00039698954552922096,0.0005870760539487913,0.0005711817687388975,0.00060878927,0.0006168874732887624,0.00040216183572361255,0.0004323551767423114,0.00034758067900564013,0.00033756613233890044,0.0003321343200956527,0.00033458558,0.0004161449004097427,0.00043321669038026976,0.00039785653351901866,0.0004642497693854195,0.0003348699,0.0004238202261206689,P4 Sovereign crisis
2012-07-06,0.0002393561578934,0.0006121445041279,0.000546841626673,0.0003934851107102192,0.000473444305445529,0.000531650416995394,0.0005483509,0.0007396880770324034,0.00044798820689979246,0.0006388444001500543,0.000589204242968755,0.0007359886,0.0007741558634111284,0.00043102911158276027,0.0003975158545919987,0.00037195634274446844,0.0004806025814556929,0.00040959074068884336,0.00053635717,0.0004888980862414236,0.0005050543587825035,0.0005107894812098699,0.00047919757415155193,0.0005040487,0.0004967137317577773,P4 Sovereign crisis
2012-07-09,0.0004044778677336,0.000560729802574,0.0005057875285689,0.00040063171676638293,0.0004394097853443655,0.0005282067427180655,0.00047077716,0.0005725344620095879,0.0004702996965175781,0.0006092717759114095,0.0007235100696597724,0.00061647117,0.0006400182867052859,0.0004013017103275753,0.0003780015706654865,0.0003735644257024147,0.00044405516420990636,0.000364110296838344,0.00043375714,0.0004923238475416076,0.0005995855680914579,0.0004993805053066596,0.0004459912603014454,0.00045725703,0.0004878930661097738,P4 Sovereign crisis
2012-07-10,0.0003886265575766,0.0005205794168875,0.0005194814133028,0.0004010677369398408,0.00043605268755535475,0.0005161695568597628,0.00044664534,0.0004984560642550503,0.0004682692120957741,0.0005891385341214198,0.0005324164913999523,0.00059930567,0.0005919324957371334,0.0003777019483917248,0.0003897315951059729,0.0003686693815727081,0.00044739205363296115,0.0003730897911047951,0.0004614974,0.00045775104053720695,0.0006231914588327158,0.0005009730717226328,0.0004692334537032773,0.00046961676,0.0004580157513019374,P4 Sovereign crisis
2012-07-11,0.0003869830646088,0.0004778533592052,0.0004804038028055,0.00039475091178049423,0.0003944734761983398,0.0005152713183011436,0.0004400077,0.0006056313430692993,0.00044732929413555207,0.0005679588977222369,0.0005354790740365132,0.00066072954,0.000552129017872095,0.00035332288101100893,0.0003781553879501418,0.00035671972025532063,0.0004271041547788852,0.0003793588270703941,0.00046081134,0.0004922200133901914,0.0006333433974400826,0.000477662569469499,0.00046609145314940084,0.00040291148,0.0004685483448785063,P4 Sovereign crisis
2012-07-12,0.0002916138393047,0.0005145562934752,0.000568018902597,0.000449122541186523,0.0005184903050768301,0.000606247819576455,0.00058690016,0.0006128622678603301,0.00048482967217733185,0.0006518996464577295,0.0006530984013765034,0.0007468291,0.0006504882465603337,0.00037792452111292795,0.00040804584056472975,0.0003684153776670329,0.0005017163155266129,0.0004545830902699712,0.00056768296,0.00043225948746861376,0.0006830719469241135,0.0005174482217627434,0.00046375804484348807,0.0005185766,0.000446994427433876,P4 Sovereign crisis
2012-07-13,0.0003130165285309,0.0005017513857147,0.0005520193222899,0.0004636173056480319,0.00043617366669518423,0.0005349730176799167,0.0004375326,0.0004830069866906827,0.000485153706497306,0.0005825536354026016,0.0005469058950669131,0.0005892934,0.000570106505438215,0.0003695474471056025,0.00040824207925971984,0.00036998861375642613,0.0004029685224221389,0.00038254497017106996,0.00039594804,0.00040482321701403354,0.0007044882466164206,0.0004571287608303629,0.00047297568290271337,0.00040065346,0.0004198105074579277,P4 Sovereign crisis
2012-07-16,0.0006882857985253,0.0005278017489082,0.0006289373835424,0.0004468551747586048,0.0004275267193864993,0.0005675921769807776,0.00038732012,0.0004955972101888343,0.0004632836193882072,0.0005148896819420475,0.0004733461129074119,0.0005641463,0.0004785312921651638,0.0003835089061354875,0.0004296796716567749,0.0003626183631551665,0.0004041390812378833,0.0003761129242203776,0.000385561,0.0004013005003384164,0.0006886415571411133,0.00045460612052085526,0.0005339423679964541,0.00044642322,0.0004161400120028648,P4 Sovereign crisis
2012-07-17,0.0010634134245058,0.0004893127950343,0.0005192009287612,0.0004075725998549144,0.00045227777869613915,0.0005094175055803199,0.00047672325,0.0005382123496220461,0.0004517908605158161,0.0005672501065914098,0.0004550374805842608,0.0006174304,0.0005156526948636945,0.00036202405680703224,0.00038150285573283895,0.0003630096477966892,0.000474788701643249,0.0003642058804457227,0.00053423306,0.0005020839812178931,0.0007156570380594522,0.0005153867698854973,0.0005345450746313714,0.00056954275,0.0004782281020409536,P4 Sovereign crisis
2012-07-18,0.0010717550989607,0.0004500771851515,0.0004936814564794,0.0003952432107363418,0.00044762732183153774,0.0005189626450113006,0.00047077716,0.000491955598267295,0.00042360582680249964,0.0005473158157570217,0.00048006177780187157,0.0006069779,0.0004592069405507083,0.00033981178558615746,0.0003686085914198163,0.00035164614287419045,0.0004565036565765169,0.0003551390360583863,0.00045195705,0.00044688622140610934,0.0006740557491769275,0.000494510467877978,0.00046025776591000674,0.0004985556,0.00042821727357717133,P4 Sovereign crisis
2012-07-19,0.0013777585884628,0.0004289454179473,0.0005106345081266,0.00037141375029429747,0.00041781487552153214,0.00045276270317912756,0.00040140026,0.00039217792666778516,0.0003901720767465916,0.0004818041244742332,0.0003653629026724043,0.0005040743,0.00037057141383845595,0.000327237691531725,0.0003844251200777944,0.00033547182108302216,0.00038178107028218294,0.0003334782151533412,0.00040003657,0.00038283339233062953,0.0006374020995026961,0.0004429369752145993,0.0005283948420499133,0.00059797126,0.00040037311780920286,P4 Sovereign crisis
2012-07-20,0.0013432910498788,0.0004504429142071,0.0005401736171538,0.00042678907445235185,0.00044906764432925926,0.0005239214083079586,0.00040509438,0.0004472034860369862,0.0004222209402249829,0.0005660574099514461,0.000490843851752266,0.0005759323,0.0004275351427849424,0.00034255832149961314,0.00039667401063974816,0.0003464045405728232,0.0004933079815008638,0.00040034241056396047,0.000563993,0.00042042648375896865,0.0006642811980747537,0.0005285090587612595,0.0005485659607627066,0.0007044101,0.00042316325825034136,P4 Sovereign crisis
2012-07-23,0.0010484287193964,0.0006886204465885,0.000727146232555,0.0006114326387313393,0.0006881732307173969,0.0007911181185757146,0.0007021412,0.0008313531619892514,0.0005534888905942604,0.0007393668365230044,0.0008983212609932409,0.00081318367,0.0009280793477324271,0.0004871110375866255,0.00045632104811527504,0.00039086346829190295,0.0005533560091906548,0.0005594531344513667,0.0005511635,0.00046618364003116625,0.0007552651872002678,0.0005630796490490775,0.0004482090084561428,0.00047972568,0.0004848716040835279,P4 Sovereign crisis
2012-07-24,0.0007362845517199,0.0008257434308809,0.0008489239747273,0.0009416391945318648,0.0009987696746259918,0.001009696997816091,0.0011727585,0.001092319853967063,0.0007426890710776496,0.0008813524249715834,0.0010161882487578653,0.0011611503,0.0011405046537201794,0.0005700198247852454,0.0004897586336466504,0.00045283521059585565,0.000554894016574226,0.0006378321041171138,0.00063050794,0.0005241544921944706,0.0008415402848103772,0.0005664444577371617,0.00044706708374762726,0.00051960227,0.0005397163478081458,P4 Sovereign crisis
2012-07-25,0.0007945624563195,0.0007606512583888,0.0008064271405737,0.001013060625568751,0.0008631229071072869,0.0009916769468241225,0.0009368827,0.0008436667739544449,0.0007935220198988756,0.0008329560699714689,0.0008221839904026288,0.00092612096,0.0009500083549589553,0.0005303900083722394,0.00047295915506104594,0.00048518172741278225,0.0005396957252715382,0.0005588704195347346,0.0006062747,0.000516133316848278,0.0008373975305405772,0.0005657347011125048,0.0004370814437670574,0.00051819044,0.0005236266663746617,P4 Sovereign crisis
2012-07-26,0.000447414262391,0.0008432980598569,0.0009456841374645,0.0009282196104406677,0.001023941132450281,0.0010602074870802686,0.001106722,0.0010213291131291808,0.0008081868243907375,0.0009347565435425545,0.0009757379701203613,0.0010959058,0.0010040294259069287,0.0005745595138430853,0.0005158764921529388,0.0004921513304713802,0.0005395509352734958,0.0005615789400010026,0.0006383842,0.0005226152794410443,0.0007823159976647129,0.0005531175760063742,0.0004319165189909766,0.0004870215,0.0005330356200805764,P4 Sovereign crisis
2012-07-27,0.0004691188767637,0.0007936666182975,0.0009028765733389,0.0008032378319030589,0.0008991328712121939,0.0009575346315748757,0.00097607175,0.0008859774290979261,0.0008065982774241174,0.0008168616987565178,0.0008905386638999109,0.0009654126,0.0009321476312045486,0.0005427424502010838,0.0005014236018639107,0.0004907178018364576,0.0005277948950382911,0.0005109204919149423,0.00065450446,0.0004962406341949513,0.0007633285385946986,0.0005398185315330083,0.0004478763683492271,0.00047306222,0.0005049747294356881,outside
2012-07-30,0.0003228535807582,0.0008272460423836,0.0009323244599073,0.0007325261656562209,0.0010066481301995013,0.0008193034307301751,0.0010683783,0.000963842915445406,0.0007946173597927857,0.0008341515831366306,0.0007393474157087309,0.0009828528,0.0010293856781075964,0.0005591209139239956,0.0005193324980424805,0.00048532905538624236,0.000540660851105507,0.00044155183242982607,0.00071619055,0.000514941514431641,0.0007180252797707971,0.000556831189598843,0.00047853929645559233,0.00049542414,0.0005268142522427684,outside
2012-07-31,0.0003127531155646,0.0007948676470076,0.0007679068669014,0.0007310419178059251,0.00076603924350072,0.0006676896675657017,0.00084350933,0.0007885522279613164,0.0008211946992485866,0.0006857505240593978,0.0006222253436291423,0.0007501956,0.0009558409516314155,0.0005408251307577604,0.0004695260882611606,0.0005006153654591772,0.000477289760287434,0.00041786026521760535,0.00044117688,0.0005010377511485447,0.0007244196822558584,0.000516966910059299,0.0005067570794565613,0.00048471906,0.0005173594050275947,outside
2012-08-01,0.0002624626629627,0.0007646134720608,0.0007869625301427,0.0008086925003546967,0.000911254604769461,0.0007093018970041799,0.0008890883,0.0007823646055274781,0.0008548290994323127,0.0007241644021972429,0.0006178435015160836,0.0008347486,0.0009259888301403889,0.0005238373773792913,0.0004746210870054751,0.0005273105991035444,0.000532950747851407,0.0004387123100005408,0.0005223046,0.0004742053012311951,0.0007467618293628584,0.0005536291130879993,0.0005326693533071727,0.0004870076,0.0004928614609661459,outside
2012-08-02,0.0003492001485173,0.0006986255837051,0.0006822960602718,0.0007331221364075721,0.0005759063133714,0.0006773132033637704,0.00050875475,0.0007678094771781065,0.0007944423477421256,0.0005729456194474525,0.000517324383125719,0.0005829881,0.0006600474848036106,0.00048433875531899453,0.0004479231976667879,0.0005254153203101697,0.0005062867470063529,0.00041927999405301985,0.00055024965,0.0004579189167127159,0.00071969053107088,0.0005486784257241465,0.0005310837251268479,0.0007853325,0.0004764217300641397,outside
2012-08-03,0.0002788899969679,0.0006719181889864,0.0007153244707183,0.0006640932478309798,0.000583756395400012,0.0006670079601028407,0.00047816068,0.0006320353911482903,0.0007376816632397836,0.0005766314162599047,0.0005111448841158713,0.000553034,0.0005808342091484347,0.0004670198761329898,0.0004612168610070488,0.0005144109535089429,0.0005116015045701743,0.00042131971805930014,0.0005156061,0.00042714060263071395,0.0007009734604407847,0.0005457982308884125,0.0005704492547169638,0.0007698821,0.0004479254207394184,outside
2012-08-06,0.0002045677157609,0.0006532656626698,0.000695184518878,0.0006328186901614673,0.0006371649698568416,0.0006742798161944351,0.00061260164,0.0005881817482444948,0.0006934271887468136,0.0005942493298821753,0.0004774591996826703,0.00061014725,0.0005388798705643355,0.0004546221561982305,0.00046302595108733177,0.000503993871846043,0.00048571772771083277,0.0004366889682214864,0.0005276718,0.0004182002874310124,0.0006726258936402838,0.0005160439265835848,0.0005632256830113379,0.0007131421,0.0004431279771894393,outside
2012-08-07,0.0002424183977946,0.000632190054304,0.0006682438814514,0.0006589880015281945,0.0005165646758393241,0.0006657717309676855,0.0004796107,0.0005666860376258661,0.0006763068882626174,0.0005592957537128028,0.0004471312539712079,0.0005318159,0.0005269360432098699,0.00044392467386020516,0.0004524788767003122,0.0005072284688783515,0.0005097515114595975,0.00045528748319242533,0.00056662015,0.00043960122752035593,0.000660825131036259,0.0005246566540094488,0.0005817859631509818,0.00068904524,0.00045348303103868564,outside
2012-08-08,0.0002699260582139,0.0005833675756088,0.0006454953545249,0.000665499116121165,0.0004919363093377785,0.0006113277025414072,0.00040971354,0.0004944670712077202,0.0006493967477619282,0.0005441060929875166,0.00039078696939847264,0.00047429214,0.0004781770050328529,0.0004149169597022366,0.0004469715617012179,0.0005104187360098108,0.00042932378426012625,0.00040445250240340335,0.0004678463,0.00041333279208892953,0.0006302835825441812,0.00046087776881901306,0.0005821682216809489,0.0006093914,0.0004288889806757544,outside
2012-08-09,0.0001833234183349,0.0005685009392082,0.0006975837040965,0.0006346142169170332,0.0005371761605879863,0.0006238838983921197,0.000524229,0.0004513230553829656,0.0006276954364247284,0.0005943518876153909,0.00044940404519575115,0.0005489522,0.0004705617878258717,0.00040526322629478955,0.0004618868528856843,0.0005003260929348684,0.00043407827536354383,0.00040142976892368186,0.00048128935,0.00039026150256961026,0.0006460420981568473,0.0004951398159676693,0.0005827523940886846,0.000711641,0.0004232778128153711,outside
2012-08-10,0.0002794745082384,0.0005256845157858,0.0006656089829001,0.0006239798285280637,0.0005582998150269244,0.0006259216190301964,0.00055189064,0.00044559983334478096,0.0005966954586974859,0.0005899727404654187,0.00040864028675131577,0.00057975564,0.0004473140320357717,0.0003802199216036357,0.0004539637867508728,0.0004917491463670393,0.0004303555441656557,0.0004067911137612425,0.00048064307,0.0003840179436074433,0.000649545218657161,0.00048677915016832266,0.0005967329684265076,0.00068745745,0.00041157144081596674,outside
2012-08-13,0.0003096230134597,0.0004988829552706,0.0006191780733342,0.0006302480674257288,0.0004790945571440693,0.0006333641022963588,0.00048609008,0.0005405555300268655,0.0005658948178016164,0.0005656576538219542,0.0004034496433690833,0.00058113097,0.00048483753527510864,0.0003662666848428956,0.0004420105208035465,0.0004870784775010059,0.000501886964170456,0.0004429210433515135,0.0005270104,0.00044532561295605467,0.0006316927741985862,0.0005533276271250038,0.000643688299907593,0.00068828044,0.00045976219632695497,outside
2012-08-14,0.0003334395058998,0.0005121712813557,0.0006469815398388,0.0006912755737757261,0.0005366888304948969,0.0006569584060511753,0.00041549225,0.00045381877594913257,0.0005400398347120847,0.0005838598141369371,0.0004730737657348485,0.0005297347,0.0004472332690886583,0.0003766185408353481,0.00045020747257012994,0.0005068684194670773,0.0004999031529698833,0.0004691448749476801,0.0006075567,0.0003906995728788399,0.0006316437801081844,0.0005517049199075685,0.0005537524194006564,0.0008081575,0.0004231512366301293,outside
2012-08-15,0.0004385961739277,0.0004968530644289,0.0006306555662724,0.0007305786395407399,0.0006168056156374542,0.0006715719312949219,0.0005440403,0.0004767105967723862,0.0005455318667092048,0.0006038381317411849,0.0004611345337497324,0.0005647134,0.000445301979102176,0.0003692979680217294,0.0004401562485128835,0.0005273724375583903,0.000524949388841915,0.00047323174551906793,0.00057463045,0.0004036582969908612,0.0006572957210306113,0.0005673526034302099,0.0006313721314053394,0.00084066746,0.0004280757038719886,outside
2012-08-16,0.0004478343735593,0.0004587760650566,0.0005760693911065,0.0007037892011166804,0.0006129596973831987,0.0006693236117121205,0.00063467876,0.0006094448282528174,0.0005190659061430826,0.0006064448551175071,0.000475213850443014,0.0006590461,0.0005081758353545592,0.00034763029041028976,0.00042459426269792324,0.0005273441491372993,0.0005070150162972154,0.00046686700507458364,0.00070960936,0.0004285391586844616,0.000631334774830989,0.0005613642255503736,0.0005530226810342621,0.00095342717,0.0004401496101054252,outside
2012-08-17,0.0003569643018366,0.0004659721286681,0.0006596506851239,0.0006969565050690787,0.0006205731669689805,0.0006853930276313348,0.0005295376,0.00043124039609897827,0.0005165661625457669,0.0006259291355389013,0.0005081686778673023,0.000600232,0.00042574043568708225,0.0003507311047874657,0.0004519827034400312,0.000523107154409234,0.0005073505419175655,0.0004588879946216028,0.0005612271,0.0003681096756976819,0.0006582256636138128,0.0005425418442931926,0.000573437578474242,0.00074608426,0.00038251243920622754,outside
2012-08-20,0.0003264742346053,0.0004611044232665,0.00066735160523,0.0007120626522060645,0.0006348279882000959,0.000721314900303645,0.0005440403,0.00043952258472034535,0.000531608923100787,0.000649893165896741,0.0005342022558694874,0.00060413143,0.0004486117720724133,0.00034977702901902114,0.0004523491455042676,0.0005275119889778896,0.0005217669940999996,0.000496787107554635,0.0005133144,0.00037889134249697286,0.0006588792675436097,0.0005537327740399137,0.0005816954461695179,0.0006368508,0.0003851347824767662,outside
2012-08-21,0.00021646268504,0.0004714071067602,0.0006839136488448,0.0006671611653263895,0.0005814633838545408,0.0006538856651238499,0.0004905856,0.0004319122569945337,0.0005266183470251094,0.0006397534800029315,0.0005190199049646742,0.0006174487,0.0005334575267281684,0.0003545544782658013,0.00045756390818614816,0.0005113815197715249,0.0004955863829395216,0.0004280540475861166,0.0005448301,0.00036967692110491407,0.0006720064167247267,0.0005393765620154334,0.000542041686636063,0.00055126956,0.00038360256065370806,outside
2012-08-22,6.79033870454461e-05,0.000514165731638,0.0006368696163078,0.0007274185705942396,0.0005702443138009115,0.0006383569111896493,0.00059920875,0.0006002462820827239,0.0005558104017644251,0.0006284057676334829,0.0005126264575819724,0.00073244766,0.0006274336494184698,0.00038230221169869205,0.0004309858951641636,0.0005195076351385112,0.0005507935610429207,0.0004586493593852514,0.0006522609,0.00042475491998698184,0.0006905526600654424,0.0005681053649154582,0.000577334025615258,0.0005484578,0.0004356374109031833,outside
2012-08-23,0.0001024924856999,0.0004804567852218,0.0005471083868522,0.0007287964136783498,0.0005033420553844509,0.0005651845008661306,0.0004800876,0.0004964953642834355,0.0005563016441538664,0.000595292359971742,0.0004059473816474776,0.00062726694,0.0005520701884112057,0.00036315038025027204,0.0003910728439643894,0.0005207209734446637,0.0005347952796883174,0.0004017468411164852,0.0005430891,0.0005028159073954678,0.0007105902455608306,0.0005617410752650945,0.0005799052023233129,0.00054648216,0.000485234591749316,outside
2012-08-24,0.000172831891479,0.0004559277061745,0.0005349922519898,0.0007513985845419679,0.0005075600339293153,0.0005857998076735284,0.0004855475,0.0004682793305222621,0.0005563964373108951,0.0005933340993760956,0.0003777835074574338,0.0006084778,0.0004552016607801388,0.00034970111530792505,0.0003909274589086959,0.0005326753044618129,0.0005319446766321353,0.00043008277579683295,0.00054212194,0.0004837355309577351,0.0007438274892816288,0.0005438562691154142,0.0006281401980085409,0.00063663966,0.0004556494924120695,outside
2012-08-27,0.0001576401714347,0.0004270669628048,0.0004612749756334,0.0006583007659756622,0.0004726958220483896,0.00047368955128430777,0.00047658413,0.0004464275029940922,0.0005175545963392077,0.0004036193570421582,0.0002974538219960919,0.00034837445,0.0003653970985988953,0.00033214422387636605,0.00035846308057957546,0.0005266861709494724,0.0004918145766968074,0.00036865610132755645,0.0005196728,0.00044275876614199367,0.0007434276712988723,0.0005160471209656702,0.0005467169252770613,0.0006041401,0.00043206321347027954,outside
2012-08-28,0.0001691172631229,0.0004010208174712,0.0004188152187747,0.0006173858157482909,0.0004910622449191471,0.0004730795967975774,0.00047853115,0.00047788508064715226,0.0005095632431835485,0.0004176650540465812,0.0003093474361803991,0.0003402859,0.0003885738970945868,0.00031777705236856135,0.00034550437181274883,0.0005222635913429284,0.0005172857873110976,0.0003945106542689238,0.0005433212,0.00045696131419959644,0.0007500132971199029,0.0005489181276466552,0.0006128714388485945,0.0006460764,0.0004666863281987839,outside
2012-08-29,0.000200953957106,0.0003708281129368,0.000299755786995,0.0005305518070473337,0.00041747720973578405,0.00036481235888491517,0.0004925113,0.0005273095905243768,0.00046066680101087865,0.0003452238941329769,0.00028093499704005023,0.0003532698,0.0004292730569273311,0.0003005897513134104,0.0002995582084978899,0.0004985614688763735,0.00041186283105664124,0.0003561763080560049,0.00046177214,0.00043412518004760556,0.0007266987911308104,0.0004482386868037078,0.0004272808876317044,0.00047779345,0.00042136908681636713,outside
2012-08-30,0.0004299059755367,0.0003699730783225,0.0003293220609082,0.000531037538226173,0.000425289078690966,0.0003743509330589308,0.00046838843,0.0005214647588739734,0.00046399208588253723,0.0003904237934892866,0.00036106626303789073,0.00035321998,0.0004410869066909592,0.00030173738014940116,0.00031107747387604695,0.0004901688146514855,0.000485470220673947,0.0003753425651490757,0.00054638484,0.0004720423500848036,0.0007377009317250427,0.0005240244937434934,0.0005481869709650484,0.0006130232,0.00046900621731650784,outside
2012-08-31,0.0004542147047941,0.0003768622185068,0.0003639976479599,0.0005002639274659687,0.0004062739135153245,0.0003645077744158374,0.00042533275,0.00046923878129080486,0.0004563852852355655,0.0005998106168639302,0.0004072849852412672,0.0006174137,0.00046070709135396474,0.0003045926393350358,0.0003213376028957555,0.0004708543206190242,0.00040962008061787227,0.000331110102354018,0.00044183157,0.00040968467950694735,0.0006836016699508596,0.000454940280493251,0.00046875782557880767,0.00039331315,0.00039901513303088737,outside
2012-09-03,0.0004448128346271,0.0003500144491837,0.0003525715770448,0.0004792566200779405,0.00040815665525768146,0.0003687493193896218,0.00045824345,0.00044979289745426473,0.0004529481341951967,0.0005784919753138518,0.0003620597558134415,0.0006363519,0.00043453231508350004,0.00028876127850209753,0.00031623070928480973,0.0004584960233860698,0.00040815784848813205,0.0003323633004874934,0.00043446588,0.0003988047297115177,0.0006462855294553089,0.0004546239576425513,0.0004699930576690849,0.00042239134,0.0003873374919219454,outside
2012-09-04,0.0004412084618384,0.00033796668609,0.0003455771198279,0.0004657532173340937,0.00040915484727146073,0.0003635999036279217,0.00045383952,0.0004968740726871368,0.00046805444562454467,0.0005933040668965619,0.00038269407471410366,0.00067483936,0.0004581456627475783,0.0002830350974498988,0.0003112354761921799,0.00045390736581004635,0.00047788592113005504,0.0003434379486539628,0.0005707783,0.00044967735544408324,0.0006489735675353083,0.0005138071189376625,0.0004891731102865598,0.00048157896,0.00041486864790428457,outside
2012-09-05,0.0004089816681238,0.0003232909214144,0.0003412835491698,0.0004342354977834355,0.00039627765215015967,0.00034406424226987646,0.0004276699,0.0003822374526734669,0.00042762729649346826,0.000554388284423438,0.0003828431411610533,0.00064742274,0.0003922310082763925,0.0002739869167017932,0.00030586247068695215,0.0004425322835633923,0.00040726343099209406,0.0003191167082312287,0.00045923638,0.0003642882361420166,0.0006222553777971181,0.00045113787358992105,0.00044506901690138755,0.00038654864,0.00034901520310971594,outside
2012-09-06,0.0001480482000817,0.0004145697530056,0.0004442273444716,0.0004032546150847556,0.000463225387573204,0.00037530153175491346,0.0004031166,0.0003673360160473448,0.00040005329671306404,0.000606480697823812,0.00041665279950693445,0.0005539887,0.0004658934503376947,0.0003255795893255736,0.0003452464284469117,0.0004213642260546695,0.00043054863304262065,0.0003039567914439277,0.00044748976,0.00036701886696611065,0.0005672365762633958,0.0004584623390251281,0.00044110957293754546,0.0003869256,0.00037416062406709396,outside
2012-09-07,0.0001850431107624,0.0004276054440589,0.000467715877962,0.0003892600062135077,0.0004390536579016324,0.0003972983086095029,0.00041321258,0.0003733439704492643,0.000395190920643881,0.0005794083410730751,0.0003861951938000591,0.0005539887,0.0004455525585366143,0.0003318881005461113,0.0003551190021574745,0.0004107935408601545,0.0004310350727810982,0.00030951980871693144,0.00045221965,0.0003731581432368203,0.0005239183768119825,0.0004594250941579067,0.00047253202449346136,0.00044219274,0.00038092543710251337,outside
2012-09-10,0.0002278641014536,0.0003937862321738,0.000417461800426,0.0003558677689752438,0.0004273330500214433,0.0003912005163075762,0.00042139622,0.00040801367444372796,0.0003742626132864186,0.0005452271353520729,0.0003881575924908711,0.00057344715,0.0004212174576292485,0.00031241615119683726,0.00032988924670438374,0.00039022459897123844,0.0004165031147710537,0.0002998773842027705,0.00043276837,0.00037012482970451483,0.00046687018508447697,0.00045104177697035313,0.0004452063231313047,0.00044200598,0.00037145738077963244,outside
2012-09-11,0.0002273315953182,0.0003755229427738,0.0004370102426441,0.00036393532862257226,0.00043243774766626254,0.0003862749540512717,0.0004073149,0.00035805709455294973,0.00037437640659316224,0.0005322290038675288,0.00031921555306209083,0.0005565657,0.0003636698827517103,0.0003029752574515677,0.0003406112627152057,0.0003853116265287158,0.0004387147929883647,0.0003134073424670112,0.00046198972,0.00037167735653421654,0.00043888634313133225,0.0004686716515325401,0.0004910545122037119,0.0005037383,0.00035932384804849107,outside
2012-09-12,0.0002447505991208,0.0003467417815747,0.000403932473862,0.0003473520691760224,0.00042574839156845414,0.00038525607618903533,0.00042139622,0.00035281313749737666,0.00035619388249781363,0.0005686973297523662,0.0004612515271989997,0.000573913,0.0003747021681029559,0.00028655932609556134,0.0003246138898237005,0.0003606430921361502,0.0004092132771102834,0.00029823757687034264,0.00042639952,0.0003305851215659815,0.0003887734545420217,0.0004531830801913605,0.0004448303854303735,0.000439352,0.0003334402828372141,outside
2012-09-13,0.0003881870988887,0.0003241957245604,0.0003484627504482,0.0003287863645770249,0.0003959773569219532,0.00034582305505489753,0.00044776913,0.00044105717326497893,0.000340811028684973,0.0005132770626202597,0.00029550108434581456,0.0006169122,0.00037246009055728137,0.000273334341968684,0.000315155387481101,0.0003351173098538061,0.000387391208018792,0.0003132091007492986,0.00042148287,0.0003729223907676424,0.00035740549987443924,0.0004215860688034688,0.00046646599416932873,0.00051489886,0.0003486775473038945,outside
2012-09-14,0.0002731637371707,0.0003618644852237,0.0003923436494411,0.0003135060691044466,0.0003805565570922495,0.00036593046221096464,0.0003801407,0.00045103642054843677,0.0003290964132546396,0.0005761496867359861,0.0004348687732026401,0.000587825,0.00042318099944117684,0.00029420513389668586,0.00033542950726978145,0.00031300921240131274,0.0003742778198120853,0.0003172762026596992,0.00042580665,0.00038238528863103986,0.00031921082726885384,0.00041904652358318024,0.00046604703608740594,0.00040673625,0.00037621420499001535,outside
2012-09-17,0.0002498951169181,0.0003604130543267,0.000408391945559,0.0003485085919736214,0.0004257127873904652,0.00040758006852734363,0.00046107353,0.0003977656670674186,0.0003355685029555653,0.0005693887285734162,0.00036234208949148864,0.00062322384,0.00042854207207364145,0.0002951264677872137,0.0003394786394960215,0.0003175770092715818,0.00041601857934867986,0.0003522616495062904,0.00043866088,0.00037314804472853187,0.00031507801131360895,0.0004491170933571049,0.0005035147219385834,0.00041626257,0.00035957718789189934,outside
2012-09-18,0.0002616649641653,0.0003450279902346,0.0003844432097387,0.00035867719309685823,0.00042484821841575154,0.0003867132079631841,0.00045031717,0.00038588182184325515,0.0003201553802171108,0.0005692998313900474,0.00038239938008376357,0.00058953365,0.00041397915639237813,0.0002872851726862125,0.00032683413882940643,0.00032540942384592486,0.00043083615687366253,0.0003378276313921423,0.00046266257,0.00037271570034603434,0.00030273291382601773,0.0004558770184139323,0.0004725367827913076,0.0004361413,0.0003517278364392054,outside
2012-09-19,0.0004077040183686,0.0003240057743559,0.0003805143135747,0.0003552594831017188,0.00040700323070806774,0.00037535530850802876,0.0004281772,0.00034099005628625663,0.00030106271281887576,0.0005452635717953018,0.00032789840970049285,0.0005808656,0.0003667603286817825,0.0002747069101535664,0.00032338148358179974,0.0003247657377519626,0.00038540467018698663,0.000320114872561198,0.00041148646,0.00032559783280744416,0.00029460726547710255,0.00042865795572806005,0.0004923354975418398,0.00041482522,0.0003220435421718733,outside
2012-09-20,0.0002517479086982,0.0003634642073132,0.0004256756920446,0.0003321947192373038,0.0004451075459708774,0.00038585802354321934,0.000458302,0.00036757293616426165,0.00030253503262331094,0.0006139498735149824,0.0004635087969455073,0.00059080624,0.00042842298321142913,0.0002964507758438805,0.0003380876029294904,0.00032153139816528883,0.0004044658819339506,0.00031481619034759195,0.00041601507,0.0003340789860178095,0.00031958372415579926,0.0004424545207952889,0.00045702901723090016,0.000388762,0.00033875151404165205,outside
2012-09-21,0.0002169535803751,0.0003486524633942,0.0003731216423259,0.00031899030526087355,0.0002955401416868148,0.0003594895587625933,0.00027453247,0.00030202250839320556,0.00029733875798377873,0.0004828146082727393,0.00035943224768157867,0.00050327,0.00039506342608561587,0.00028728465207091317,0.00031762416286293675,0.0003160980696951537,0.0002987765797627805,0.00030944504084481737,0.00030342556,0.00029841687905647244,0.0003280230733201075,0.00036536749069848896,0.00047681164845676864,0.00031928197,0.0003088117379227164,outside
2012-09-24,0.0001973202796415,0.0003357171229273,0.0003676861483659,0.0003401959460817486,0.0003013640595137435,0.00035916355093486876,0.0002682402,0.0003075346954899737,0.0003101048370112528,0.0004934162015819973,0.0003654877042465946,0.0004980447,0.00037702383825260306,0.00028108031337880843,0.00031622354209809685,0.0003280501493525108,0.00031128601709619905,0.00031789157134100705,0.00032702417,0.00031573475538853923,0.00033929314519362964,0.000377088595975186,0.00048475970210651087,0.00033544973,0.0003164854471040919,outside
2012-09-25,0.0002062339422312,0.0003292699749186,0.0003734264452252,0.0003736654465841747,0.0003013756357632183,0.0003654709640704221,0.00025418206,0.00030146115668291035,0.0003341884022704401,0.0005121798090820205,0.00040233442291387575,0.0004588137,0.00037949710151837044,0.00027876548644555126,0.00031851547816412343,0.0003465602309778477,0.00031491930028564594,0.0003237542470160511,0.00030053384,0.00031362101154013293,0.0003464543567748511,0.00037824978061102156,0.00048506141113228047,0.00031728012,0.000315407498478072,outside
2012-09-26,5.4859678406309656e-05,0.0003928975684685,0.0004394936611374,0.0004630721805285335,0.0005158662264792941,0.00045265395924793913,0.0005808497,0.0005102772734596438,0.0004158100542836359,0.0006480673766621546,0.0005921542497715663,0.000779798,0.0005102309806353084,0.00031875201902772205,0.00034388800185750085,0.0003867200899834525,0.0004936312761790489,0.0003890542912020047,0.00059574534,0.0004160788453880196,0.0004176369186568413,0.0005022633748705197,0.00046634150982472166,0.0005154894,0.0004121462619063357,outside
2012-09-27,6.114831428430326e-05,0.0003622953166027,0.0003874067031755,0.00046832475830292636,0.0004360709760927778,0.0004374178781515796,0.00041442062,0.00042400097696562576,0.00043552773389282705,0.0006014150120886806,0.0005543207034052303,0.0006329054,0.00043040341834671246,0.0003004734801367399,0.0003258771963528868,0.00040009793110172754,0.00043266601387182096,0.0003566388860978788,0.0005084122,0.0003915222491438158,0.00042004884376245597,0.0004697381346727969,0.0004647065349744804,0.00048259314,0.00038614747465350356,outside
2012-09-28,0.0001834917999894,0.0003349767843859,0.0003832415034909,0.00046237477878459415,0.00043529118977101577,0.0004336127874419464,0.00041460484,0.00039550524737800517,0.0004651207848836038,0.0006010535404780171,0.0005705997219962338,0.00064670254,0.00039891877209853973,0.00028418474687896714,0.0003267077045005637,0.0004037241835513957,0.0004355146217053351,0.00036091477142441306,0.00048125398,0.00037128654825772304,0.0004710410131849435,0.00047141203695157385,0.0004581006708985782,0.00048259314,0.00036591576974842686,outside
2012-10-01,0.0003437499843109,0.000310046354732,0.0003557902785212,0.00041339285790964345,0.00034900851637777446,0.0004126413745539108,0.0003497154,0.00036562697077680283,0.00043739899153124256,0.0005496999787875025,0.0006048206635641322,0.00056723726,0.00036312439407020506,0.0002696991507029744,0.00031295503906918426,0.000379095258918294,0.0003408124835294709,0.00034238070022293745,0.0003221258,0.00034924180825361863,0.00045362241607717314,0.0003972418088943131,0.00044540057384844016,0.00034361696,0.0003459987580713627,outside
2012-10-02,0.0003899354441098,0.0003003292126465,0.0003685683061945,0.0003708551716231895,0.0003113816632294801,0.00037276041014531694,0.0003001539,0.00031381022400677806,0.0004117609305724015,0.0004951259953771378,0.0004601382190059662,0.00056161504,0.00033830620944136293,0.0002633013222358389,0.0003203611579925354,0.0003578865278044741,0.000318256899830739,0.0003258214513868506,0.00030471137,0.0003116769479677104,0.0004553314198151353,0.00038056841822181256,0.00045811590837024734,0.00032270595,0.00031689029213467025,outside
2012-10-03,0.0004424953702975,0.0002816582302374,0.0002992430076446,0.000352315147604837,0.00030570855144851675,0.00032082852096805765,0.0002849991,0.00035302905449879413,0.00037062739257419434,0.0004982236453181562,0.0005086431365267756,0.00054063735,0.0003259121793031736,0.000252194623890834,0.00030361314206000096,0.0003412929688140195,0.00029721010234140494,0.0003197593442644232,0.00024799214,0.0002986362404815128,0.0004375884727343954,0.00035100779544113296,0.00043419786302619764,0.00025257884,0.00029715496977726977,outside
2012-10-04,0.0004424988535695,0.0002679095921797,0.0003001867650447,0.00034742621085402355,0.0003065401472098688,0.00033008264047794774,0.00030432985,0.0003791922201711021,0.0003494693708011951,0.000508062677901541,0.0004897663753744927,0.00055707333,0.00034405448401053884,0.00024510625621183,0.00030221062370981727,0.00033083383684127905,0.0003190396255406992,0.0003300854323638207,0.00031424814,0.0003268987967071897,0.00041197283093226644,0.000376466618412998,0.0004707946986010468,0.00034135027,0.0003162132895470824,outside
2012-10-05,0.0003256987311294,0.0002990343362602,0.0003839697484814,0.0003268821284752653,0.0003260666856285739,0.000354992071336838,0.00030589034,0.0003415058544604207,0.00034338902562501105,0.0004397802507449025,0.0003913736274231498,0.00047010512,0.00030753464525783326,0.00026208347923927666,0.00033108759866973616,0.00031851887249885415,0.0003137651233606981,0.0003091660884034763,0.00030270993,0.0003074348667783604,0.0003929654415994098,0.00036901515635860075,0.0004864209335618212,0.0004674595,0.0003125124269871207,outside
2012-10-08,0.0001661955623728,0.0003639427922122,0.0003959463503879,0.00035757931716492357,0.0004471880045838393,0.00039182636025271493,0.0005267368,0.00046344976532055606,0.0003457302801532649,0.0005004764017119499,0.0004050253975956055,0.0006745045,0.000383468914324943,0.00030283315185820637,0.00032552100089808966,0.000335897547137355,0.00045935320838222225,0.0003576253134177794,0.0005534796,0.0003875286963786335,0.00039950838999974585,0.0004824602125848306,0.0005085186589785238,0.0006913879,0.0003926100800460154,outside
2012-10-09,0.0001470958756247,0.0003839277877441,0.0003931563783187,0.00041851462960771366,0.0004643156240817295,0.00041473645192923825,0.00039745698,0.0004038455475109172,0.0003856337016538371,0.0005540885889447965,0.000462403973591097,0.0006021171,0.00038803540148303964,0.00031601536950706785,0.00032160968877751494,0.00036755645230873506,0.00048791392566745184,0.0003701287586467246,0.00043015962,0.00040392971121610535,0.000450754409670107,0.0005016240245935364,0.0005341253590442619,0.00053529977,0.00040440156429495655,outside
2012-10-10,8.27922108549662e-05,0.000391853496838,0.0004155090418133,0.0005237289255865995,0.0005023297740163271,0.0004625507412037229,0.00044809596,0.0004201878875269839,0.00044169081820191557,0.0005746703542494188,0.0004699707295824764,0.0006195321,0.00040784519207149076,0.0003216761598562127,0.0003303536655650221,0.00041354184064376387,0.0004994832163710651,0.00039724126775403395,0.00049332343,0.0004256175252048766,0.0004963135791855349,0.0005114742052797762,0.0005368236320977609,0.00055374025,0.0004158108442843319,outside
2012-10-11,8.554638577504965e-05,0.0003675981862472,0.0004041410529131,0.000546057704767007,0.0004947926645534146,0.00045783445725709575,0.0004402419,0.00042336914032336994,0.0004669093400193533,0.0005831194716536569,0.0004512053195459041,0.0006186839,0.0004002321083088091,0.00030739966459981754,0.0003242418599666334,0.0004358407269949907,0.0004965850991234415,0.00037730533395989363,0.00047677528,0.00041926709607371265,0.0005400846757772533,0.0005138430597487982,0.0005189004253095054,0.0005647189,0.0004048036683684381,outside
2012-10-12,0.000124387450451,0.0003413869468121,0.0003886298643953,0.0005405855509859326,0.00048694284058571635,0.00045125026478025435,0.0004398239,0.0003720783110336543,0.0004642501626131777,0.0005681052882545819,0.00041479467167778974,0.0006191573,0.0003496662089715486,0.00029115292043329315,0.00032214086264613427,0.0004497268420020314,0.0004576652439542905,0.00037742597413231607,0.00044129556,0.0003643071992787956,0.00057383205471468,0.000478224615658465,0.0005243890315045825,0.0005557395,0.000353718648657369,outside
2012-10-15,0.0001245638402211,0.0003156796563805,0.0003406245772996,0.00048154529067771036,0.0004376889384132725,0.00039702736208356045,0.0004899193,0.0004359521087832603,0.00043775516840856965,0.0005332970413611407,0.00041243270242196907,0.0006775989,0.00037204305991696415,0.00027574926356178247,0.00030809228819654014,0.0004373909617601811,0.0004574650056357251,0.00035294022244685195,0.0005323776,0.0004140364680113437,0.0005772609506532823,0.0004907281115292279,0.0005055358755259806,0.0005832343,0.00039575172443413894,outside
2012-10-16,0.0002564331512126,0.0003165240802042,0.0003308056103099,0.00042444030158335486,0.00039404774685317145,0.0003399624696451695,0.00044938145,0.00041366001301076526,0.00041132015825431375,0.0005724001690116641,0.0004682850713485378,0.0006757452,0.0003881168989197881,0.0002749409251787786,0.0003055929594274241,0.0004197969655774199,0.00040784338060895675,0.00032476581085689863,0.0004328195,0.00037677078477923705,0.0005390494572633806,0.00045424282611176026,0.0004868600196275873,0.0004264527,0.0003657219842176955,outside
2012-10-17,0.0002934102723107,0.0002932195316124,0.000280603286943,0.00038076353177136186,0.00037253825660582454,0.00030968551373231247,0.00042899183,0.00040145947343675666,0.00036883617883027447,0.0005279454435130031,0.0004319397090907403,0.00062381226,0.00035407312294690265,0.00026127836032267126,0.0002842530942064578,0.00039259848238611865,0.00038730396319257645,0.00030749236130265677,0.0004309747,0.00036427473128728457,0.0004841410396019068,0.00043073774760180603,0.00044287308206343546,0.00042595278,0.0003434810745887876,outside
2012-10-18,0.0003614294052162,0.0002800612302195,0.0002897444571312,0.0003694058136837598,0.00037613998075688917,0.0003078481983455884,0.00042261122,0.0004118825268435702,0.00036621347101530006,0.0005564342843344275,0.0004589742408678519,0.00061217236,0.0003624220540128576,0.00025432176209800054,0.00029004500322285607,0.0003786052168568093,0.00041115568404895904,0.0003172456733180489,0.0004571002,0.00037534372479054566,0.00047914232933233983,0.00045341019929628196,0.0004791205987286844,0.00042297546,0.0003529529922706634,outside
2012-10-19,0.0003140961477966,0.0002889027031141,0.0003175291571746,0.0003882805544209062,0.0003944747386389838,0.00033844098440917805,0.0004145886,0.0004041567726466752,0.00038249904814130503,0.0005688498076317596,0.0004606882017940957,0.0006161711,0.00036937840394661895,0.00026089226661870523,0.0003007565094860451,0.0003823437440645147,0.00043188981228894674,0.00034328707254976416,0.00047412372,0.0003851835519278061,0.0005027904333106817,0.00047046266118121654,0.0004962936083012216,0.0004410636,0.00036560514873027687,outside
2012-10-22,0.0003334666817909,0.0002699449726308,0.0002735429505079,0.0003626534503476808,0.00037320175220652686,0.00030686923124488016,0.0004211407,0.00038320519156082543,0.00036806712556728256,0.0005418889356569379,0.00041451702222348904,0.00064606266,0.0003427760915330837,0.00024996396704120565,0.0002734541057274546,0.00037257111634099015,0.0003949821742034023,0.00031160938190439913,0.00045180754,0.0003602004594578549,0.0004759999409373706,0.0004395745674149954,0.0004738263625784328,0.00042941555,0.00034614457217928426,outside
2012-10-23,0.0002178914911474,0.0003560383777698,0.0003596228379459,0.00041791196099677215,0.0004940247285283622,0.00040055362412458903,0.00052760553,0.00046312780580966533,0.00040542457207624416,0.0005564217819167297,0.0004992096174793033,0.000685245,0.00039968425680962004,0.00030302064808444335,0.0003119310513831282,0.0003931372581590945,0.0005037553597664013,0.0003979682033260313,0.0005411086,0.0003921374885797996,0.0005128650444730886,0.0005230934635900052,0.0005283983021534242,0.00075928355,0.0003878304962747532,outside
2012-10-24,0.0001865405727724,0.0003416616833205,0.0003650525674585,0.0004194234585144376,0.0004605297977570787,0.00039506277002071674,0.00042945435,0.0003557348705741747,0.000376530243697024,0.000521947655824315,0.0004318607155950303,0.0005741199,0.00033662076322600164,0.00029302319812839135,0.0003120547839129026,0.00039521197043872116,0.0004672853877946843,0.0003511287129045364,0.00048825913,0.0003712074270753995,0.000512006766815101,0.0005002898772768111,0.0005112159539915611,0.0006637789,0.00036024290995204854,outside
2012-10-25,0.0002148343435459,0.0003455265804852,0.000391339080438,0.0003976306989466363,0.0004571397989244031,0.0003980061430160729,0.00041596126,0.000342099345176428,0.0003487240703590244,0.0005034051291661552,0.00037404108131349216,0.0005648809,0.0003314503198496013,0.0002935339739630537,0.0003220765860990119,0.0003895259470375291,0.0004714255326051845,0.0003413396199381443,0.00048736218,0.0003564195596158382,0.0004987250450130416,0.0005058783633726516,0.0005538633443480145,0.00070509355,0.00037367735889355555,outside
2012-10-26,0.0003019596130984,0.0003194748858792,0.0003255513158844,0.00035313435698500163,0.0003909446025422045,0.0003443375578662438,0.00041230328,0.00036751904502292643,0.000316448771709467,0.0004504472674052331,0.0003091523269691167,0.0005453556,0.00032563064887862936,0.00027796961765234196,0.00028859535663839416,0.00037021475386505816,0.00043535479167949685,0.00030416686975434816,0.00047105673,0.0003631581353497386,0.00045521065711727856,0.00047834632638060607,0.0004598474264120617,0.00064422656,0.00035709935404596105,outside
2012-10-29,0.0004307852386852,0.000309700142808,0.0003469611018533,0.0003581171932130718,0.00041575609761086864,0.0003577667431328223,0.00041931003,0.00035239557071303063,0.00031803342377934203,0.0004939103280884668,0.00031877672353855735,0.0005520718,0.00032003250003318493,0.0002729637195820503,0.00030002657573227967,0.00037346643573878786,0.0004805912336491239,0.0003291314987969428,0.00050506747,0.00037993917715878025,0.0004775505146611342,0.0005105907434607026,0.000561403769465885,0.00073192414,0.00037677404229551076,outside
2012-10-30,0.0003740523964113,0.0003179550405383,0.0003480710562708,0.0003481034182667477,0.00038447016907378013,0.00032363304388310015,0.00034781024,0.0002911834728796932,0.00031550308602590197,0.00046032663042915083,0.00027645286709641187,0.00049891917,0.00028666599791118155,0.000276310174106763,0.00030837504517635577,0.00036832875671234867,0.000389622375385653,0.0002986519161857067,0.00038907406,0.0003100927364856106,0.0004778879729613498,0.0004419896130957614,0.00045222492315515197,0.0006095004,0.00033158038118142187,outside
2012-10-31,0.0005794814351255,0.0002998203567706,0.0003325984221834,0.00035705417368191595,0.0003922789049908837,0.0003360005052012263,0.00042884127,0.00042961202879807336,0.0003294918131869752,0.000502456528409939,0.00032826247501450723,0.00056866667,0.00036985156429190236,0.0002661367668097112,0.00030195989301547735,0.0003729367669673929,0.0004293405015185866,0.00031364443033353033,0.0005166397,0.0003969166883579646,0.0005257913885061253,0.0004620667435046529,0.0004863897679910526,0.000650552,0.0003751134402126661,outside
2012-11-01,0.0005610995693891,0.0003197063042489,0.0003650298996888,0.00033759490691458307,0.00039028224238624924,0.0003453890606707299,0.00034167423,0.00029394572595684416,0.00032992470636460135,0.000540703956270427,0.0003458369809006185,0.0005435078,0.00030259975641942164,0.00027626305655890275,0.0003179249934575764,0.0003640321439932569,0.00040510490365200743,0.0003122188140965463,0.0003988473,0.00031343254233252214,0.0005181676932871585,0.000445150714649473,0.0004725574503849523,0.00047010204,0.0003186678115387551,outside
2012-11-02,0.0004749660926693,0.000329547205666,0.0004008086028958,0.0003266196579469455,0.00040414639712212097,0.00036573254321629477,0.00037209442,0.0002878613817716759,0.00033379302105088833,0.0005219427546783742,0.00030571090131171894,0.0005380401,0.0003024026098456901,0.00028070852185565977,0.0003303162215093801,0.0003579510580201073,0.00039999507143401034,0.0003113618086269344,0.0004050208,0.00031201241836519716,0.0005197951154517495,0.0004361494335170003,0.00046813317067615894,0.00044345672,0.00031413656277220423,outside
2012-11-05,0.0003876920140635,0.0003650182885785,0.0004588340708035,0.00032193863013475944,0.00043865123013292696,0.0003836371835809309,0.0004031166,0.00031630162196429404,0.0003281428045431181,0.0005195311954407678,0.0003207599966023043,0.00054251007,0.00032564921891090396,0.000299849803261793,0.00035205468495172156,0.00035252730590701364,0.00041845551447998366,0.0003031807856489694,0.00043642308,0.0003247301034147355,0.000511188519767307,0.0004473566540873247,0.0004562345770294966,0.00048186377,0.0003332073281009569,outside
2012-11-06,0.0004125093688348,0.0003448103510663,0.0004181581617027,0.000310448289791319,0.00042096301800326696,0.0003651220863204702,0.00039979568,0.00030967102337028045,0.0003244057866622845,0.0005110464938395694,0.0002918979179651427,0.0005463976,0.00031846235995581536,0.000287442033730177,0.0003346649079906907,0.00034971992057012254,0.0003966333328006679,0.00029767185511681053,0.00041396264,0.00032049943017360016,0.0005145314344869195,0.00043806552889758373,0.00045365852486399023,0.00053965714,0.0003249812776322878,outside
2012-11-07,0.0005226649017345,0.0004309813270815,0.0004690348215517,0.0003703087656022069,0.0004912634545559897,0.0004344996759375743,0.0005718807,0.0005497177750935952,0.0003644839353774289,0.0005400169163341364,0.000402243722799384,0.0006770111,0.00046613927759070754,0.00034094809272688443,0.0003509258259452524,0.0003733698788800187,0.0005042605558883281,0.0003662154796914216,0.00055952923,0.0004219952768956087,0.0005476465480691885,0.0005208947465029292,0.000554709115595271,0.0007733613,0.0004227538222192148,outside
2012-11-08,0.0005757178846815,0.0004465988417118,0.000463664196956,0.00045978076767711217,0.000502955824459522,0.00046599389415313656,0.0004444596,0.00045456941660938684,0.000404409253004564,0.0005183684073070256,0.0003179473299837226,0.00052784535,0.000432445700209026,0.0003514124266867146,0.0003488678775305137,0.00040968710694255306,0.0005112673150719307,0.00037962795729638463,0.00046835426,0.00043600508515545994,0.0005640996849165296,0.0005031856933182806,0.0005979314045584688,0.00057760323,0.00044055915669445676,outside
2012-11-09,0.0006030145164916,0.0004108856261143,0.0004189416072086,0.0004595199389486558,0.0004895886038188802,0.000445058365039195,0.0005119232,0.0004937138381880532,0.00041097302150996923,0.0005471803146155335,0.00034854753380031243,0.0005852319,0.00044714899214200106,0.0003297522065157894,0.00032981542079530963,0.0004202487033870642,0.00047603884147096455,0.00034514471436791907,0.000497921,0.00043723492669072236,0.0005931146309529038,0.0005091730834731603,0.0005193792947091595,0.0006869463,0.00044606062218320586,outside
2012-11-12,0.0007109929824512,0.0004147882717499,0.0004350507420593,0.0005142542004681076,0.0005146633988636435,0.0004874524791808678,0.0004800876,0.00045974043212264023,0.00043520971431202873,0.0005543706953362512,0.0003430182610179543,0.00057058345,0.00042505351589212085,0.0003331089560691974,0.0003424933270520664,0.0004460122072575353,0.000502098013458287,0.0004077108236589724,0.00052173756,0.00044738091139285847,0.0006130176357321542,0.0005117844723161291,0.0006335203201878412,0.000667828,0.0004514487489217697,outside
2012-11-13,0.000696062280323,0.0003997261324177,0.0004475976506152,0.0005145612319781033,0.000508964703656831,0.000489032161272163,0.00047122492,0.0004320022015853786,0.00044656622078954547,0.0006027246351288245,0.0004069270371059198,0.0006222615,0.0004201769608337519,0.00032273864089335947,0.00034728853964383934,0.0004542267471894816,0.00048433900518465406,0.0003841523128262887,0.000480539,0.0004142585685468133,0.0005972368058903123,0.0005034263737737602,0.000567139136183701,0.00053298153,0.00040978611507287667,outside
2012-11-14,0.0003761313341145,0.0005353215862416,0.0005481821886429,0.0006759953549915203,0.0006148492413638864,0.0006112749236051537,0.0006112914,0.0006610316836079807,0.0005622082673657407,0.000692198204744972,0.0006720217933419969,0.0007924528,0.0007170627189864321,0.0004052959139617476,0.0003889706940199214,0.0004997565242720373,0.0005519756750470384,0.0004894588492881707,0.00057634385,0.00048461870807849116,0.0006692316656391039,0.0005605891801316704,0.0004970660859551336,0.0005425382,0.0004804425291526515,outside
2012-11-15,0.0002425972027641,0.0005680508248778,0.0005689556126072,0.0008450188495042529,0.0006347616013390611,0.0006382456189340962,0.00063854485,0.0007121636110366949,0.0006618962787520964,0.0007017016612507567,0.0005696814981487099,0.0008004249,0.0007602622778706647,0.0004254265349637191,0.0003956132314290047,0.0005428230117483518,0.0005574924544615572,0.00048210395053175785,0.0006589908,0.0004583590534501574,0.0007221970897982962,0.000566756813632477,0.0005405688375253455,0.00061574735,0.0004633069264912946,outside
2012-11-16,0.0002269321910218,0.0005391491860889,0.0005701351189243,0.0009540501087353064,0.0006815222372200917,0.0006694978196199251,0.00058678957,0.0005590150145753394,0.0007585232244035965,0.0007080115396553012,0.0005404837573313018,0.0006712766,0.0006761370833457106,0.00040799224848109495,0.00039463532296101937,0.0005775425910895432,0.0005517519887451221,0.0004785671433195771,0.00058854534,0.0004691965561588743,0.0007526563634221379,0.0005710241135806646,0.0005262115616952564,0.00061692053,0.00046218134791001627,outside
2012-11-19,7.290394860339657e-05,0.0005636577571394,0.000631583000637,0.0008965406219778487,0.000693836996391982,0.0006535489643106154,0.0006091603,0.0005506719816336673,0.0007465110510401173,0.0006697768886059394,0.0005233725874542126,0.0006396792,0.0006771213447435613,0.0004191370641582992,0.0004170312626606855,0.0005775999887921799,0.0005392517902719666,0.0004369751316789057,0.0005581255,0.0004159072072404067,0.0007352375194841456,0.0005428139279244109,0.0005401307712749771,0.0005551833,0.00042451687349729115,outside
2012-11-20,4.2512536457028304e-05,0.000528372239513,0.0006167097135553,0.0008061066052310025,0.0006549549515477057,0.0006546313738342726,0.0005810234,0.0005038100399085596,0.0007065473217440223,0.0006170378455335204,0.0004499207908790323,0.0006133169,0.0005052340477242858,0.000396510401208229,0.0004109695882162449,0.0005668636831985102,0.0005256384376547774,0.0004332734968587375,0.00051500846,0.00041372599716731155,0.0007038195589884634,0.0005463125728959723,0.0005691553419324005,0.00054810534,0.0004210669155300293,outside
2012-11-21,5.320707982986218e-05,0.0004849058953732,0.0005457768206105,0.0007194160787999522,0.0004902073466380393,0.000558224085607332,0.0005038765,0.0005070532691971828,0.0006745616467353064,0.0005680616394379531,0.00039697040857439775,0.00058544846,0.0004718665059998489,0.00037018555926400504,0.00039392259300005623,0.0005518796408824498,0.0004896307199604299,0.00038722095709024074,0.0005225881,0.0004243287373880564,0.0007133558024122414,0.0005469491344865143,0.0005384817448543483,0.0007530774,0.00043963365626933774,outside
2012-11-22,0.0001391541079705,0.0004471487654464,0.0004828075305499,0.0006331153448661832,0.0004235872147855121,0.00045952917667769545,0.00040238872,0.0004217307200020335,0.0006101184119482473,0.0004988611588914401,0.00031041298015381405,0.00048529316,0.0004142371939164593,0.00034726301616471003,0.0003748144825238097,0.0005227616882973183,0.000411929452374599,0.00034777534816938306,0.0004419833,0.000413395572758761,0.0006711764714517853,0.0004724887194911241,0.0005034791308187186,0.00067977083,0.00042710673938056785,outside
2012-11-23,0.0001362649335384,0.0004147541511351,0.0004757756365188,0.0005730448720025078,0.0004207675137869129,0.000432979981798518,0.00038988542,0.0003820940688167612,0.0005852960524250543,0.0005034685737778481,0.0003191074240367328,0.000502731,0.00037874657756670796,0.00032761352067757363,0.0003729832336179566,0.0005001293070983338,0.00039905411550576677,0.00033321021295326805,0.00033098224,0.0003768970766286136,0.0006387355845079807,0.00046573260497206073,0.0004769080599666328,0.0005452577,0.00039617973539298075,outside
2012-11-26,0.0001206245459835,0.0003933267222637,0.0003918847299732,0.0005494058732125098,0.00042721247450942215,0.00042255844298178696,0.0004905987,0.000526606258129578,0.0005568606811877845,0.0005171375940709162,0.00034847660210476976,0.0005510169,0.00046146852810443207,0.0003158747649834035,0.00035312009607648564,0.0004890337440261472,0.0004436944632993782,0.0003800771021280782,0.00049427047,0.00046086970254980277,0.0006218690005861324,0.00048398780852727016,0.0004965324827118591,0.000654512,0.000442732623127004,outside
2012-11-27,0.00011846973686,0.000363281956829,0.0003572718965815,0.0005321753032708609,0.00042322498482575153,0.0004129347724669709,0.00053546345,0.0004985874405635533,0.0005369347094503326,0.0005797162735324871,0.000544610916238396,0.00076291256,0.00044125456267910364,0.0002980897578475192,0.0003436541877832082,0.0004752956310966357,0.0004129135818670169,0.00038044700744376556,0.0005940302,0.00041215463698396956,0.000570045548510673,0.00047209171551882453,0.0004770113686641231,0.0005836075,0.0004032640532345935,outside
2012-11-28,0.0001301100036268,0.0003386876379767,0.0003722369807757,0.0004976649235924328,0.00042189030708897227,0.0004128524297230274,0.00046733586,0.0004489153382626413,0.0005094343187588772,0.0005773486639129946,0.0004816918727197655,0.0006512841,0.000406433868198954,0.0002834251399824502,0.0003482385408436842,0.0004517646708566132,0.0004125319358097252,0.00037390707658772264,0.00046688574,0.0003807726865338519,0.0005096751318574922,0.000467036259434834,0.0004823964626861838,0.00046280806,0.0003760848860520556,outside
2012-11-29,0.000184002727545,0.0003493510252586,0.000440990405997,0.000453473555458352,0.0004218608229522572,0.0004260771823766048,0.00046436544,0.0004243791462932266,0.0005015039150789165,0.0006090085314400107,0.0005211135443701311,0.00060948596,0.00040791053588982,0.00028862442385474283,0.00036649377379397054,0.00042919617245070087,0.00042091365390217294,0.00035314538403223805,0.00046165285,0.0003765430442573462,0.000446563121556646,0.0004687820283967177,0.00045751866124788595,0.0004160467,0.00037202532826593874,outside
2012-11-30,0.0001788915636891,0.0003307247135738,0.0004306154331741,0.00045571883246223004,0.0004278075257853506,0.0004463424664122764,0.0004882276,0.00045861567724890425,0.0005274115665212743,0.0006048142172409783,0.0005327934968356822,0.00062692154,0.0004069439191475413,0.0002787657051554014,0.00036100933503335287,0.00042052320086514793,0.0004469505498100766,0.0003713860766036276,0.0004932491,0.0004088696213183349,0.0004541697673277087,0.0004927049148331515,0.0004707141825333309,0.00044809267,0.0003895510158562385,outside
2012-12-03,0.0001933946538845,0.0003069878537557,0.0003892916580066,0.0004090927877455266,0.000420158510740648,0.00041658370074047746,0.00050776504,0.00041911790591101845,0.0004791138170632715,0.0005752812502183919,0.00045685398862386865,0.0006421596,0.00036629471464464823,0.0002654405809757858,0.0003406578672075582,0.0003977502284780181,0.00040880841873402123,0.000346406078461367,0.00045077287,0.0003622460371201007,0.00043275343584735107,0.0004558228333601279,0.0004420027227849949,0.00038453413,0.0003506242344267991,outside
2012-12-04,0.0002302423037317,0.0002871564211694,0.0003810261943931,0.00037628663845810006,0.00042419039029563356,0.00040254249695844687,0.00051907415,0.0004276932840510519,0.0004488141973923031,0.0006037815392325374,0.0005047890654337079,0.0006636361,0.00036215093026541504,0.0002546115799552316,0.00033697746698245777,0.00037601162220587205,0.0004269271971815091,0.0003490886797024524,0.0005369714,0.0003721318068459352,0.00039814143611083426,0.000474302400195271,0.0004658519720853908,0.00045646448,0.00035582445242267634,outside
2012-12-05,0.0002220218139895,0.0002741083194118,0.0003721406741597,0.00034402615456293845,0.000417639884842549,0.0003742875033568475,0.00047711167,0.00035606845726780453,0.0004248741944796844,0.0005934297425727952,0.00045661534248311235,0.00062169594,0.0003223875198021371,0.00024674012928394055,0.00033084744458594624,0.00035429405004348255,0.00041188804071595406,0.0003349481989175596,0.0004935625,0.0003292526748132748,0.00036773389422617854,0.00046170886299767405,0.00046150507607189387,0.00042840443,0.000323102874582052,outside
2012-12-06,9.133621616253546e-05,0.0003141387241541,0.0004243211798425,0.00032321793653874135,0.00043226539409099783,0.00039916684880653055,0.00045564922,0.0003791934065474175,0.00040395100195842333,0.0005777539011556444,0.000400350624440761,0.00061678427,0.0003589015221682993,0.0002689795733797979,0.00035223551830796773,0.0003342652937070081,0.00042729494091512624,0.00033770619439967936,0.00052485015,0.00034876750455489617,0.00035168758189455034,0.0004620858075870743,0.0004941745638538124,0.00044470944,0.00034489137467051315,outside
2012-12-07,8.648027661592661e-05,0.0002918447092075,0.0003673037336873,0.00029947653441955377,0.0004112184175073572,0.00035523059022339555,0.0004725796,0.0003942778225749541,0.0003771577300738738,0.000502213175195576,0.00035307522610606345,0.00056464627,0.00033533054071130386,0.00025613577639012515,0.0003218614323646458,0.00031284883775172987,0.0003906931104930524,0.0003091367380116041,0.00042393108,0.0003472304884648059,0.00032636397566877286,0.00043784287740421984,0.0004987924602425726,0.0006110669,0.0003411430233967704,outside
2012-12-10,9.13673324173469e-05,0.0002814799305048,0.0003602328705858,0.0003004315237409746,0.00039938904280617884,0.0003532969999938871,0.00043188746,0.00039631359351136475,0.00037611019040233753,0.0004988085765704821,0.0003376536325191873,0.0005557775,0.00033776633313579866,0.0002513818821593058,0.00031681560537407636,0.00030711963162744947,0.0004142754074365187,0.0003194929851895065,0.00046021843,0.0003663633072385062,0.0003296214566354725,0.0004470173198971691,0.0005199273318796462,0.0006474212,0.0003445612949658405,outside
2012-12-11,8.899918860776257e-05,0.0002748218358278,0.0003816290073584,0.0003094165318727368,0.00039821464823039734,0.00035366222805472325,0.00038884347,0.0002651404248581185,0.0003778050401540626,0.00046987699884709015,0.00030994507265578373,0.0005010317,0.00024709330639901113,0.00024706526821676746,0.0003252887941364119,0.00030766009851803885,0.00037577787737093376,0.00030601592156730655,0.00040873812,0.00028056175696721555,0.0003388291371168574,0.0004230513041866368,0.0005013029707866357,0.0005775184,0.00029143671164259366,outside
2012-12-12,0.0003367199120987,0.0002666892298213,0.0003661558263521,0.0003164069283575292,0.00038981061445235557,0.0003609116371225165,0.00037210863,0.000278649769565816,0.0003742204751496521,0.0004666855813751859,0.0002910276523574703,0.0005042008,0.00025453798109232245,0.00024362999870146154,0.00031751537690284925,0.00030988102794371665,0.00040938098957981554,0.00032203523862836064,0.00043642393,0.0003044046522840211,0.00035186845893344173,0.0004458382978712108,0.0005251947104215154,0.0005920856,0.0003059969580614261,outside
2012-12-13,0.0003265814053877,0.0002599372674263,0.0003144643490981,0.0003279972327597875,0.00040317710392469405,0.0003545527513917745,0.00046234648,0.00039702921864221915,0.0003785980151436596,0.0004970028214044651,0.00035646884611719397,0.0006048269,0.00033581383524610694,0.0002409273588595415,0.0003041048873758838,0.00032105616777316066,0.00043229417837465376,0.000351371284136129,0.00052175997,0.00035771152278612594,0.000379796099803957,0.00047371794247657683,0.0005473848042527985,0.0007132962,0.0003493764145581585,outside
2012-12-14,0.0003320631706541,0.0002427180797044,0.0002350747482737,0.0003022148610994956,0.00027516999742451795,0.0002861870190585801,0.00027736727,0.00029353423616187323,0.000346471906366656,0.000357722201582918,0.00034178150852178364,0.00048359763,0.00026878278293014933,0.0002313499253894018,0.0002538210163250001,0.00030843579550058833,0.000293043949967349,0.00030206757530866734,0.0002875152,0.00027420025456659854,0.0003588035149735873,0.00034108136378945935,0.0004229868227322275,0.00043125497,0.0002862188455401399,outside
2012-12-17,0.0003313896438475,0.000239840040192,0.0002229780367124,0.0003032429196204012,0.0002751673395175097,0.00025438846606031694,0.0002525807,0.0002938033281465208,0.0003514324481631811,0.0004412986542320203,0.0003903685336129532,0.00045680947,0.0002710167569160686,0.00023090529828616289,0.00024573633854272156,0.00030603788723298,0.00026261126412712533,0.000298676411716707,0.00023284866,0.0002616119005804952,0.0003873845923102399,0.00031680197285222317,0.00047636864753100025,0.00029618808,0.00026875445536159973,outside
2012-12-18,0.0002954690741908,0.0002362052879142,0.0002252788166121,0.00029866538040304315,0.0002698250419061465,0.00025230681406019213,0.0002477925,0.0002633389089174635,0.0003440239583862753,0.000415704799269588,0.00032942677119024796,0.00046995762,0.0002489110787793054,0.00022818174494333943,0.00024778512954720867,0.00030140850122343913,0.00025164372921655803,0.00028881938621873836,0.00023036491,0.00024315043005658347,0.0003981147148222814,0.00030533728693266646,0.00045094593445671276,0.00029696675,0.0002538432059792229,outside
2012-12-19,4.092384584972222e-05,0.0003308486443761,0.0003062552334474,0.0002721213600399968,0.0002930420241482618,0.00027696264125472164,0.00023163347,0.00027309456862924144,0.0003279202822061561,0.0004093472406441875,0.00031304922371251876,0.00045320095,0.00028323121609527443,0.0002816641439523894,0.0002780138633517227,0.0002914905911832029,0.0002732894445737073,0.0002674859058440937,0.00025639258,0.00027549523612993207,0.000406880492339271,0.00031232807572995286,0.0004257715460383948,0.0002931464,0.0002843565202244238,outside
2012-12-20,0.0001152313637682,0.00030747765277,0.000286588217976,0.0002619837930582392,0.0002700187487497639,0.00026529989214639965,0.00021535112,0.00025868780357466255,0.00030769076573162405,0.0003967208735765523,0.00025760227558641285,0.0004367657,0.0002713595203861393,0.0002677515388024744,0.0002666050352138798,0.00028786318135450093,0.0002757490674827056,0.00025447454169794055,0.00025008142,0.00027480506002078634,0.00040530684941835767,0.00031725010065017666,0.0004095887858016627,0.00031877265,0.0002787688935118882,outside
2012-12-21,0.0004115047535221,0.0002900438232564,0.0002877867154943,0.0002706761219785821,0.00027547085017078527,0.0002729740631165041,0.00024001801,0.00027028730453605487,0.0003012922804989704,0.00040307953426221464,0.000266664464338202,0.00045274518,0.00026944342291369713,0.00025827260573053055,0.0002670057536582437,0.0002939242926237814,0.00028620876143064535,0.00026428398257179365,0.0003017651,0.00029248378072197276,0.0004059202723087177,0.00032880964261093875,0.00042497856594774267,0.00037880614,0.00028699459649481003,outside
2012-12-24,0.0004335554206323,0.0002822704700806,0.0002942232076072,0.00028774734243502617,0.00027413578046693853,0.0002754716548779226,0.00022762471,0.00024039989165044806,0.00030039752574861103,0.00034178764436880096,0.0002350476948374728,0.00038606278,0.00024200006044464216,0.0002548049279911967,0.0002709512268751784,0.00030466725477756043,0.00027975916407847854,0.00027118801613202606,0.00027016175,0.00027772733454815553,0.0004104340472817731,0.00030844375073121817,0.0004119380775021965,0.00034987135,0.00027700480343643486,outside
2012-12-27,0.0004626613669208,0.0002622071859143,0.000276407909782,0.0002831697337881055,0.0002692581980062446,0.0002724655978497536,0.0002310323,0.00023448800946557235,0.00028934510505724073,0.0003409134315938444,0.00027877839706530005,0.000393425,0.0002324481408322401,0.0002431875133913164,0.00026177636682293473,0.0003037900669621973,0.0002792520144913818,0.0002606137017740198,0.00025766893,0.0002577345571847218,0.0003937135659299645,0.00030954589996975355,0.0003938884771097579,0.0003650511,0.0002654664421730995,outside
2012-12-28,0.0004541868184715,0.0002512335592635,0.0002097575445736,0.00028799903656222416,0.00027384952871424643,0.0002567713783915494,0.0003096741,0.00032740308435138323,0.0002892852954013332,0.00035828805039966833,0.00034577508440112995,0.0005459921,0.0002949838432783648,0.00023761471045290232,0.00024767078875782036,0.00030418769544066787,0.0002795741287279132,0.00031229761007181626,0.00044339933,0.0002861094934926488,0.0003919829060708832,0.00031820276184381363,0.0004425199575452861,0.0005442737,0.0002958185942222951,outside
2012-12-31,0.0003899610747156,0.0002648840952224,0.0002678175349927,0.0002862720749372089,0.0002678785553183755,0.000279896084141322,0.00025125264,0.00028534786214486643,0.00028137081226280934,0.0003455384786068997,0.00027463996439678473,0.00043849234,0.00027007997408148333,0.000244516835000376,0.00027191339308657266,0.00030176736933053305,0.0002849146876226251,0.000294608342968792,0.00029016618,0.000276342016107037,0.0004004190662370164,0.0003275545885571658,0.0004353596812295251,0.00040999745,0.0002864881064387931,outside
