,rv5_fwd,LSTM,LSTM_seed1,LSTM_seed2,LSTM_seed3,LSTM_seed4,LSTM_seed5,window
2007-01-02,0.0002893627705219165,0.0002528648244738427,0.0002443031642081994,0.00025030310707148103,0.0002702436531235113,0.00025002021987840004,0.00024945397808762165,calm
2007-01-03,0.0002081670161451401,0.00026070242408366676,0.00024914465184143486,0.0002591639752195097,0.0002766583548565577,0.00026098516008349045,0.000257559978417341,calm
2007-01-04,0.00019732677383427574,0.00027277418643085387,0.0002574709393289348,0.00026662064576424944,0.00029319117758023144,0.0002822386244874359,0.0002643495449934177,calm
2007-01-05,0.00018569528074060946,0.0002895564152448103,0.0002646243297590704,0.00027883669411805717,0.0003151325543024327,0.0003090800214105711,0.0002801084766339198,calm
2007-01-08,0.0001175845403223596,0.00031345230957915016,0.000284011520806716,0.000295898309090117,0.00034670577946539197,0.0003430589284898724,0.0002975870100436533,calm
2007-01-09,0.00021644200935819766,0.0003130664284927797,0.0002916776005555453,0.0002931582269623518,0.0003421588961137318,0.0003451308857925001,0.0002932065330397695,calm
2007-01-10,0.0001625561033504141,0.0003307745815858388,0.0003100315848543259,0.000305362682537992,0.00036660152241108085,0.00036777764341099664,0.00030409947471479834,calm
2007-01-11,0.0001625819439469414,0.00035915235250241024,0.00033976340022955103,0.0003166271221295076,0.000414015003192093,0.0004087257650946064,0.00031663047186629336,calm
2007-01-12,0.00031602303522201803,0.00037526060714181044,0.00036577918201590386,0.0003206761307037721,0.0004403859264537475,0.00043006860253254174,0.00031939319400308715,calm
2007-01-15,0.00031078321446159087,0.00036903261409198943,0.00036463724136093255,0.00031849900574653473,0.00042854342254774655,0.0004167373239672112,0.00031674607683752226,calm
2007-01-16,0.0001962905351334411,0.0003680132373185221,0.00036806553773775937,0.0003223213694782811,0.00042524279972027616,0.0004097747767925995,0.0003146617028636941,calm
2007-01-17,0.0003699958935491164,0.0003621366523093252,0.0003684128047287805,0.0003180791917666717,0.00041837997055084333,0.0004003449315027763,0.0003054663629975542,calm
2007-01-18,0.0004255013685579371,0.0003581394958898362,0.0003675491942637483,0.00031056252459878093,0.00042093858297216657,0.00039681240072762905,0.0002948347768868558,calm
2007-01-19,0.0003152074932527161,0.0003263837236498406,0.00034184671236182977,0.0002969410215689424,0.00036184067388415355,0.00034690771229341927,0.00028438249814085784,calm
2007-01-22,0.00029271512051825497,0.0003311239896436315,0.0003560917512488554,0.0003066558498863618,0.0003510144845273051,0.000347781517517793,0.00029407634503784215,calm
2007-01-23,0.00030066512240394525,0.0003334524111347583,0.000365219778262244,0.0003104789691425561,0.0003433762980052621,0.00035038325915289045,0.0002978037511108389,calm
2007-01-24,0.00020358699289142133,0.0003197296329522818,0.00035576728356131375,0.00031004287772286136,0.0003086000753315395,0.00032192456401540937,0.0003023133641302849,calm
2007-01-25,0.00039280238940628606,0.0003345754331548877,0.000373655278511925,0.0003291662370632196,0.00031322663099132516,0.00033348496766548273,0.00032334405154248614,calm
2007-01-26,0.0005654236300202128,0.0003517141764912752,0.0003879877673049327,0.00034407579564529824,0.00033082616632558557,0.00035681523534307767,0.0003388659178374821,calm
2007-01-29,0.000625842891178067,0.0003522108709000945,0.00038186774000010935,0.00034188037365022797,0.0003379836029326004,0.0003623542978885227,0.00033696834002901204,calm
2007-01-30,0.00062331602024164,0.0003678965398393641,0.00039369133099097204,0.0003511424199803953,0.0003636291385548445,0.00038331082749721744,0.0003477089821733913,calm
2007-01-31,0.0005440947582170382,0.0003721558829068176,0.00039864834023303145,0.00035290339874506204,0.0003751971716528558,0.00038663233129991186,0.0003473981726032269,calm
2007-02-01,0.00030425619624556644,0.00035193386794752973,0.0003783341300908182,0.0003454573739795975,0.0003418073247726529,0.00035090277123585133,0.0003431677396587286,calm
2007-02-02,0.00020589070342777268,0.0003208423648901785,0.0003433406744118712,0.0003289303701780873,0.00029635884668190334,0.00030637771329782877,0.0003292042198812017,calm
2007-02-05,0.00015609850851419947,0.0002978695796554091,0.0003170528684047829,0.0003111148867993769,0.00026740772926561474,0.00028278705428943737,0.0003109853595178335,calm
2007-02-06,0.0001551363159005477,0.00028163967482443253,0.0003013304054258157,0.0002902390523479418,0.00025366123399858014,0.00027569086687632434,0.0002872768154735007,calm
2007-02-07,0.00031578752279039473,0.00028304952162692693,0.00030220092363637065,0.0002802709718515383,0.0002677457192834394,0.00029002614412527007,0.00027500384923801645,calm
2007-02-08,0.0004094825013562465,0.0002895222311628114,0.00030748214617773537,0.00027595562738900916,0.00028862124750645373,0.000307300900339105,0.00026825123440175365,calm
2007-02-09,0.0002919070940193305,0.00028311795567126656,0.0002992562809077591,0.0002690784948497986,0.00028492380308616557,0.00029766929403338117,0.00026466190547922845,calm
2007-02-12,0.0002933241786847577,0.00029844664759745603,0.0003153239387531653,0.000277986423683551,0.00030672314914311486,0.00031824429251853633,0.0002739554338889126,calm
2007-02-13,0.00029102223543907887,0.00031251837087513254,0.0003308201894400979,0.00028652629666261597,0.000324999407179333,0.0003353693809210101,0.00028487658017260575,calm
2007-02-14,0.00013086518032315168,0.00031252943443043133,0.000330568165487935,0.00029072193142030923,0.00031966067105557654,0.00032768194126013285,0.000294014462928203,calm
2007-02-15,4.334885245849569e-05,0.0002924229444719085,0.00030951845923112264,0.00027930305434324475,0.0002908697128912665,0.0002999652313977148,0.0002824582644961937,calm
2007-02-16,4.457021276805173e-05,0.0002840622882482486,0.00030303347030755454,0.0002703448353116372,0.0002823899597926358,0.00029567163746918194,0.00026887153836023357,calm
2007-02-19,3.380622420778667e-05,0.0002791396477299972,0.00029741327263704614,0.00026281097143330233,0.0002801269441235007,0.00029627785768722344,0.00025906919276891347,calm
2007-02-20,0.0013124565890254437,0.0002766401536272103,0.0002973942060087789,0.00025646638663589133,0.00027970340773152635,0.00029785759293522284,0.00025177917482463187,calm
2007-02-21,0.0014921846196589558,0.0002878823179291061,0.0003082138682526881,0.0002565712952926297,0.00030397784174007655,0.00032065475353867435,0.000249993830821462,calm
2007-02-22,0.0016867435899344918,0.00029882535118142244,0.00031562129307743426,0.0002582281418725385,0.000330739748106894,0.0003402375006205791,0.00024930007222966657,calm
2007-02-23,0.0016847041772597106,0.00030943088082662987,0.0003245431832376689,0.0002602769079239355,0.0003563439420868538,0.00035519771208139707,0.0002507926588032939,calm
2007-02-26,0.0020275124176278234,0.0003163552766867459,0.00032757950799237607,0.0002611298672802678,0.0003775776895296452,0.00036463734834142316,0.00025085197029001724,calm
2007-02-27,0.000862307048030486,0.000385179553349776,0.00039393407165564737,0.00031989793021858725,0.00046910158665592006,0.00043456436912800737,0.00030839980909071787,calm
2007-02-28,0.0008504671091729055,0.000469462173893786,0.0004792209956898458,0.00038944236317822197,0.0005626431761316474,0.0005311166347913252,0.00038488769967788924,calm
2007-03-01,0.0013103129670090647,0.0005436440740995598,0.0005498832200401368,0.0004586471444310229,0.000634031295921186,0.0006122296062429849,0.00046342910386246855,calm
2007-03-02,0.0013103150688266892,0.000589473273605309,0.0005874173591956044,0.0005156037243947086,0.0006692212020607519,0.0006494801894688867,0.0005256438929065931,calm
2007-03-05,0.0009687447408725389,0.0006443867076204067,0.000633413031788835,0.0005858460988383407,0.0007073734033204325,0.0006908805129127898,0.0006044204912416354,calm
2007-03-06,0.0009554243193341898,0.0006790297430863318,0.0006632846235737045,0.0006425339920141131,0.0007148968376895902,0.0007055310974051149,0.0006689021647491362,calm
2007-03-07,0.00248427360754737,0.0006186408789180239,0.0005945525223399321,0.0006309172572649297,0.0006085678664942329,0.0006027277733130097,0.0006564389751780155,calm
2007-03-08,0.0019484710290594274,0.0005387498189133374,0.0005206249330070965,0.0006075515683493507,0.0004633889595493632,0.00047139068410752445,0.0006307929495533517,calm
2007-03-09,0.0019917445337056935,0.0004470926583197629,0.00043130368068553356,0.0005225008970162271,0.00036596374173058236,0.0003732730393489315,0.0005424219328175402,calm
2007-03-12,0.002087536337051145,0.00038832391486416727,0.00038115205643015623,0.00044841849895968744,0.00031969600638381775,0.000329209940522323,0.0004631430720248518,calm
2007-03-13,0.001996657827905544,0.00039842857208186624,0.0003940605336521923,0.0004479587926632938,0.0003407999087456683,0.00034387517560653886,0.00046544844974163774,calm
2007-03-14,0.00032787957229565574,0.0004945095657098643,0.0004952556709734142,0.0005155369266985486,0.00045880773089542604,0.00045755436627764584,0.0005453931337042869,calm
2007-03-15,0.00039265047163392536,0.0005351374040212681,0.0005304042150385333,0.0005479497019442217,0.0005086771321627671,0.0005017173948096266,0.000586938576151192,calm
2007-03-16,0.0003564872232830032,0.0005063978789803215,0.0004973149090291419,0.0005317096056834405,0.0004685696629096446,0.0004678033568218242,0.0005665918604575559,calm
2007-03-19,0.0002985049792556642,0.0004903584561233229,0.00048279491050276345,0.0005308669811834121,0.00042930122390800297,0.00044194314918564103,0.0005668860158367949,calm
2007-03-20,0.0003367180417630142,0.00047614285074736566,0.0004679224841174305,0.0005216123827125103,0.00040355763646212993,0.0004308593775837449,0.0005567623728610127,calm
2007-03-21,0.0004438246152004025,0.00047437105393570466,0.0004684408699174122,0.0005167567028792687,0.00039513283541706937,0.000438971942017275,0.0005525529194474981,calm
2007-03-22,0.00047680634736089653,0.00042470293707796747,0.00041409213606394317,0.0004715129275119501,0.0003571368299528222,0.0003815845027796843,0.0004991882890814375,calm
2007-03-23,0.0004798590911569246,0.00039720695023408217,0.00038590456111321303,0.0004345892658568905,0.0003508933806562799,0.0003614684786645501,0.00045317906487947723,calm
2007-03-26,0.000447747669294027,0.00039683373626774157,0.0003855421387071795,0.00041926877838566743,0.0003731747810182185,0.000375660254294616,0.0004305227289330265,calm
2007-03-27,0.0004340124351951072,0.0004065677203201826,0.000398533377120712,0.00041951911989202223,0.0003975266139651113,0.00039124748689234844,0.0004260120037307192,calm
2007-03-28,0.00031887210730034357,0.00043620181721370913,0.0004316101663193709,0.00044246165373309127,0.0004353861244150511,0.00042399154862031555,0.0004475595929807168,calm
2007-03-29,0.00013290557102015982,0.00041820356873065255,0.0004204651179150389,0.00043934527957031357,0.00039575241682137573,0.00038992095493803396,0.00044553407440850066,calm
2007-03-30,0.00026220393906476667,0.0003999471293135976,0.00040511317537146303,0.0004239749851569648,0.0003726594230194972,0.0003710438444001829,0.0004269442186198798,calm
2007-04-02,0.0002559481084296039,0.00039116326901573236,0.000399848419928586,0.00041049237399526904,0.0003667583351746369,0.00036812768862561226,0.00041058952735455775,calm
2007-04-03,0.0002146633366143617,0.0003894548744047599,0.00040115954185353855,0.0004097890939121434,0.0003607486907205715,0.00036424673695304723,0.0004113303085844986,calm
2007-04-04,0.00021825319076266948,0.0003843432636360032,0.0003950046489890156,0.00039756829754476346,0.00036671830892711564,0.0003666769350354539,0.0003957481276836674,calm
2007-04-05,0.0002884021803100976,0.0003665599602742556,0.00037812691490840355,0.00038046076262019133,0.0003479596180166703,0.0003492237207315545,0.00037702878509445826,calm
2007-04-10,0.0001450870327265102,0.0003393353051794785,0.00035188640881149994,0.000361539331927798,0.00031012124823197844,0.00031435962632013714,0.000358769910605979,calm
2007-04-11,0.00018521440457752118,0.00032542258879011255,0.00034086161897268065,0.0003486148665278564,0.00029144258847722484,0.0003009980293569165,0.0003451958406158843,calm
2007-04-12,0.00019535646096201443,0.0003258585942288583,0.00034597186941023574,0.00033882460308805876,0.00029869020464950313,0.00031152110068571,0.00033428519331078364,calm
2007-04-13,0.0002817118908718582,0.0003202153515388947,0.0003385116489397727,0.00032907557485873875,0.0003002065174821589,0.0003087721965117237,0.00032451081990207974,calm
2007-04-16,0.00016970977030279652,0.000314050666039939,0.0003297402953417987,0.00032422426726958127,0.0002956467750284141,0.0002973089451016578,0.00032333304745824293,calm
2007-04-17,0.00034626061646971656,0.00031234706350952813,0.00032368876815827037,0.0003091463861978474,0.0003141425705736723,0.00030842107653599924,0.0003063365160818514,calm
2007-04-18,0.00030900635118582084,0.0003242133902424336,0.00032849248475944883,0.0003087799659963703,0.0003502554641805637,0.00033266965528112803,0.0003008693809946572,calm
2007-04-19,0.00033614650665669647,0.0003367337118181752,0.0003370127164552861,0.00031019669214475476,0.0003832593373400143,0.00035545965181124726,0.0002977401613395733,calm
2007-04-20,0.00041231260967275463,0.0003329394246480123,0.0003337037032940672,0.0003098510284126638,0.00037522364725344956,0.0003451653900507,0.000300753354229181,calm
2007-04-23,0.00041226190616551695,0.0003303300508400173,0.0003340704773617365,0.000301482387329833,0.0003803726603620648,0.00034620890617405276,0.0002895158229723992,calm
2007-04-24,0.0002393966912338153,0.000344386884797775,0.0003454673245878486,0.00030713286650081245,0.0004098728252480749,0.000370588700466964,0.0002888727071851751,calm
2007-04-25,0.0006333144506884579,0.0003711213963211848,0.00037215074044922783,0.000320767530384863,0.0004547434342148416,0.0004042190434355079,0.0003037262331214837,calm
2007-04-26,0.0008015489359181234,0.00035756718828892887,0.0003612687179654391,0.00031545224563683593,0.0004301709132641675,0.00038255274600106315,0.0002983913185771386,calm
2007-04-27,0.0006183937454726146,0.000347371683135554,0.0003522995890074444,0.00031187723715809585,0.00041194190150226073,0.00037187815543990776,0.00028886153257006103,calm
2007-04-30,0.0007749837263547486,0.0003544272559212629,0.00036482795331152734,0.00030872164259856597,0.0004295753077091576,0.00038560823884203975,0.00028340313714502407,calm
2007-05-01,0.0008791976343538233,0.00034615030332259765,0.00036026299314464224,0.0002996073584365653,0.0004202642239326874,0.0003747304537034776,0.0002758864873956158,calm
2007-05-02,0.0005240550216742722,0.0003014013484186363,0.00032727312481542817,0.000284398895210201,0.00032691668920273233,0.00030122057951010537,0.0002671974533547146,calm
2007-05-03,0.00037631502387409016,0.00026480230238966053,0.00029873654862223257,0.00027185507460308753,0.0002496780180505753,0.00024363949042656815,0.00026010238024583906,calm
2007-05-04,0.0003730622558347959,0.0002581183365215327,0.00029444571512561216,0.0002699046894195213,0.0002311128581779634,0.0002360881269860017,0.00025904029289856514,calm
2007-05-08,0.00023036311152552566,0.0002810446840638576,0.00031862241025293076,0.00028646369210620577,0.0002578845769837721,0.0002684192838415839,0.00027383345713479553,calm
2007-05-09,0.00014479773801230725,0.00031370283928968377,0.00035347490692829743,0.0003086596394172662,0.000299861406575543,0.0003104510287984213,0.0002960672147288911,calm
2007-05-10,9.764514364776812e-05,0.00035862313080311446,0.00039995962104166923,0.00034539549946490056,0.00035209341916105975,0.0003611441264673279,0.00033452298788061495,calm
2007-05-11,0.00012689191530657103,0.0003843126983446164,0.0004258779088816289,0.00037362227355384363,0.000369209370279576,0.00038406549325947,0.0003687884457485633,calm
2007-05-14,0.0002550335588775862,0.00039641477970426187,0.00043180186730726935,0.0003806091423632151,0.00038696217919809026,0.0004067187048449307,0.0003759820048078039,calm
2007-05-15,0.0002759121373995036,0.0003877809690421668,0.0004118642227658704,0.00037223203462011294,0.0003856367582636444,0.0004031172101543778,0.0003660546194068285,calm
2007-05-16,0.0004001669693791592,0.00039874067608148693,0.00042050105910822915,0.00037818910706758166,0.0004026203073188208,0.0004196841032015019,0.000372708803711301,calm
2007-05-17,0.00041140708841945153,0.00038524990555757207,0.00040203392404092265,0.0003618578601188288,0.0004015416677776099,0.00040784129290997437,0.00035297478294052457,calm
2007-05-18,0.00032442989259130615,0.0003665310963777063,0.0003827504890390797,0.00035296732784674046,0.00037549058322601075,0.00037583401875592896,0.0003456130630207717,calm
2007-05-21,0.00019682872694522894,0.00032579152516490134,0.000343475573057542,0.0003284090733034439,0.0003162546337791492,0.00031837947932075885,0.00032243886636361266,calm
2007-05-22,0.0001626720683178815,0.00029799899778507185,0.0003151626558750607,0.00030778808845615936,0.00027976978442116845,0.00028705354925222693,0.0003002209109207438,calm
2007-05-23,6.867955066216285e-05,0.0002746865237567827,0.0002907218530951566,0.0002897265023500048,0.00025049270188288645,0.0002597774282259778,0.0002827141332298877,calm
2007-05-24,5.590423840097615e-05,0.00028253806737483996,0.00030137680634053005,0.0002958815828906641,0.0002576219983325322,0.00026864484811548334,0.0002891651011949901,calm
2007-05-25,0.00017565353977547058,0.00029810449911420726,0.00031870199491162597,0.0003004547494641392,0.00028331636170142037,0.00029359996151313725,0.0002944494279807134,calm
2007-05-28,0.0008063825825214807,0.00031403516201684736,0.00033337351430573405,0.0003034687682989999,0.00031591974117673496,0.00031975309699445043,0.0002976606893083174,calm
2007-05-29,0.0014330493540920643,0.00032518969777999484,0.0003360894359597867,0.00030025212026609947,0.00035659555158068664,0.000341556381899311,0.0002914549991940902,calm
2007-05-30,0.001402580204999596,0.00034531494586919557,0.0003495794828723031,0.00030755986969093277,0.0004037616959386984,0.00036854035013205263,0.0002971333307119911,calm
2007-05-31,0.0014295157065124242,0.0003463045243015104,0.00033809318113246756,0.00030009727465533817,0.0004377684313975707,0.0003708343995473219,0.00028472933477485357,calm
2007-06-01,0.0014147931174210294,0.00031983734213272976,0.00030786334879398975,0.000288411202971166,0.00040251108499554455,0.000325578702852665,0.00027482237105028374,calm
2007-06-05,0.0008365840686972434,0.0003459340711133221,0.0003341021604200669,0.0003157517103904112,0.00043548716883398653,0.00034569168055811206,0.0002986376353640339,calm
2007-06-06,0.0002399468307853259,0.0004203728347297797,0.00041251269554460967,0.0003815236819923139,0.000518475258186465,0.0004240364999731972,0.00036531603795231276,calm
2007-06-07,0.0004640297267471937,0.0004936079829774356,0.0004863156201384783,0.00045637468615950254,0.0005749208367092522,0.0005030288417443012,0.0004473999301356442,calm
2007-06-08,0.000696623420090804,0.0005608286854195318,0.0005529879867715878,0.0005214445413801072,0.0006186665205611822,0.0005878862139080776,0.0005231581644767039,calm
2007-06-11,0.0005940963611882497,0.0005437375072133391,0.0005313671343799551,0.0005313872539507246,0.0005642140442177709,0.0005527637262768201,0.0005389553772414243,calm
2007-06-12,0.0005638350956675928,0.0005370174180464923,0.0005222334681770605,0.0005486347422561928,0.0005267158933899484,0.0005304547087597867,0.000557048277649473,calm
2007-06-13,0.000584509237935692,0.0005279935836941555,0.0005210668048044752,0.0005508930517707913,0.0004975413822735766,0.0005099545801855934,0.0005605120994363411,calm
2007-06-14,0.0006286355049162915,0.0004928478701389698,0.000489139053914627,0.0005426354837031476,0.000434942058891276,0.0004456551699223264,0.0005518675842634722,calm
2007-06-15,0.0004946939643344872,0.00045473194995976005,0.0004515082867630282,0.0005316721024810546,0.00036788244077432815,0.0003818108583161937,0.0005407860614641953,calm
2007-06-18,0.0004933007803386096,0.00040626371810844567,0.0004003784606001803,0.00047677521009265955,0.00033265229561774736,0.00033913409247980967,0.00048237853175183115,calm
2007-06-19,0.00046927833080379674,0.0003704105840952029,0.00036836888048864125,0.00042566136596675124,0.0003149365520519419,0.0003159573372509867,0.0004271287847176938,calm
2007-06-20,0.0006689488685979104,0.0003482410944372264,0.00034773026849983476,0.00039859732291440495,0.00029651164253948636,0.0002957868309003694,0.0004025794073320365,calm
2007-06-21,0.00043220361871557143,0.0003872612780225569,0.0003910137510392666,0.00042512067874460937,0.00034379819907041513,0.00034258739356827356,0.00043378636769021993,calm
2007-06-22,0.00030616401941943746,0.00042660361847101215,0.0004327737057306465,0.0004563941521264427,0.00038895972577858846,0.00038713850656797667,0.00046775200215140643,calm
2007-06-25,0.0003121127277264357,0.00044396218196041245,0.00045015250185074124,0.00045940682837585894,0.0004207178926705976,0.0004180183051120638,0.0004715153817928004,calm
2007-06-26,0.00032628738179863327,0.00047024029898594356,0.00047155705841676134,0.0004526172803939063,0.000494408971712641,0.00047443268852476715,0.00045818549588164196,calm
2007-06-27,0.00010312563306075895,0.0005317989869859528,0.0005228723009944239,0.0004812190228054649,0.0005994790270967162,0.0005696249060263894,0.00048579967800676984,calm
2007-06-28,9.234071969877258e-05,0.000507449763425239,0.0004884632143699598,0.0004606149783158129,0.0005881420265742066,0.0005375966675272779,0.0004624319303389381,calm
2007-06-29,0.000197335054182464,0.0004871064652388746,0.0004596206258773433,0.0004307641497822433,0.0006003741640358642,0.0005189715456349941,0.00042580184086392776,calm
2007-07-02,0.00019367024785770307,0.00048140427253954497,0.0004517587218925877,0.00041684777704773315,0.0006109060762620844,0.0005168855228040733,0.00041062326469124596,calm
2007-07-03,0.00043231020521936774,0.00045657603532426943,0.0004286168077617072,0.00040152285866227813,0.000577734582759474,0.00048086366849790714,0.0003941422589399803,calm
2007-07-04,0.0005487349876086406,0.0004090773982543569,0.0003937398061045565,0.00037827685234892374,0.0004918319799430609,0.0004123942954733125,0.0003691440574019309,calm
2007-07-05,0.0005123324867926074,0.00038499864127981376,0.0003766311865441251,0.00036518828618494284,0.000447192679856157,0.0003869793894651086,0.0003490016643487354,calm
2007-07-06,0.0004100619219582615,0.0003466009255519547,0.00035255603866286443,0.000347366978553963,0.0003653124536420488,0.0003357440374174963,0.0003320251194834011,calm
2007-07-09,0.0004424772478168376,0.00032512344724004906,0.0003408435693425663,0.00033145673313586375,0.0003251387836319057,0.0003144374252460162,0.0003137407248438934,calm
2007-07-10,0.00020598208427048318,0.0003546559865627816,0.0003779014622505103,0.0003610923403815089,0.00034761321528577633,0.00034496736856370327,0.0003417055463324091,calm
2007-07-11,8.586116316133627e-05,0.0004056167380943527,0.00043739698547927706,0.0004057001826297344,0.00039521355944045837,0.00040081280427991113,0.0003889601586423827,calm
2007-07-12,0.00012288567967524644,0.0004906091465047329,0.0005224433554458526,0.00046328363616002753,0.0004979122087354788,0.0005152788483207562,0.0004541276838615493,calm
2007-07-13,0.0003600735012580076,0.000543572158766171,0.0005546038358051087,0.00048787850907575553,0.0005804295601184269,0.0006149470765065092,0.0004800018123250549,calm
2007-07-16,0.0003258756857173447,0.0005102742181769559,0.00050740579583696,0.0004667909252320002,0.0005464665624933545,0.0005741156373127495,0.0004565921700097155,calm
2007-07-17,0.0007400284407414114,0.0004622684228261922,0.00045137758156518835,0.0004314595920972883,0.0005064541605327446,0.0005073660906139298,0.00041468468932180977,calm
2007-07-18,0.0008692002536450722,0.0004561702858487711,0.0004476733648470563,0.00042973721830031486,0.000501279313408977,0.0004921930255510257,0.00040996850713648144,calm
2007-07-19,0.0016296992284974563,0.0004325014507061473,0.0004366402581770444,0.00042442548198653784,0.00045138852423038463,0.00044416802619857184,0.00040588496293819773,calm
2007-07-20,0.0015923345043346428,0.00046220742201798877,0.0004749524789518179,0.00046426794383973275,0.0004619869973311712,0.00046478523124289804,0.000445044458724324,calm
2007-07-23,0.001739924411089622,0.00048377752069585293,0.0004999668110690162,0.00048424803861080775,0.00047982473325147923,0.00048782698913429315,0.0004670210314136681,calm
2007-07-24,0.002647289404913104,0.0005462313941387882,0.0005573429004086226,0.0005515442004774766,0.0005348939887680949,0.0005514336108715492,0.0005359422701681979,calm
2007-07-25,0.002584917224846663,0.0006194410654276037,0.0006224024150302718,0.0006198460881628162,0.0006040496236561002,0.000633641179787498,0.0006172660205013322,calm
2007-07-26,0.0023943770362422644,0.0007066260244945516,0.0006915047339693283,0.0007136185741696756,0.0006810723096407583,0.0007151462261121793,0.0007317882785808165,calm
2007-07-27,0.0023245670187258156,0.0007544837749721678,0.0007229827774542678,0.0007796436815185972,0.0007103230868310552,0.0007426850049798793,0.00081678432407704,calm
2007-07-30,0.0023819513750352006,0.0007626870765295392,0.000731053874778654,0.0008003247045127317,0.0007064034939338952,0.0007286212401419357,0.0008470320692804802,calm
2007-07-31,0.001354542922810322,0.0006894584536164775,0.0006588766292885489,0.0007899036849665752,0.0005852014306009722,0.0005915705049986849,0.0008217400182276067,calm
2007-08-01,0.002220560595484019,0.0006909559599987457,0.0006615211246541482,0.00080122978578148,0.0005720402105155309,0.0005828897841936633,0.000837098894848906,calm
2007-08-02,0.0020877044950400043,0.0006222462794095844,0.0005908201576394278,0.0007643057390337453,0.0004720110608601684,0.0004873306412046567,0.0007967637983099232,calm
2007-08-03,0.0036841935270381515,0.0006194107401653837,0.0005715952267424711,0.0007786509207493553,0.00045815942335749167,0.0004780197082711006,0.0008106284217064999,calm
2007-08-06,0.0038687176326430038,0.0006606858692256066,0.000620507330167046,0.0007994604793848837,0.0005000758973384117,0.0005392972787654525,0.0008440883604722391,calm
2007-08-07,0.0036630884185702432,0.0006474342354947508,0.000601424129162695,0.0007877317427496082,0.0004828233508326112,0.0005342312274682006,0.0008309607272606395,calm
2007-08-08,0.0027425878237765586,0.0006025564546743304,0.0005536928000337986,0.0007670016065599814,0.0004131638502496041,0.00047677585583823126,0.0008021481606900366,calm
2007-08-09,0.0037704772524935577,0.0006305984066431042,0.0005649681530106801,0.0008014935393044379,0.0004368063949015369,0.0005129762138962484,0.0008367477321026177,Global Financial Crisis
2007-08-10,0.002078725587468704,0.000671048852554567,0.0006031069803054232,0.000800375352605927,0.0005190316705621729,0.000583047462377117,0.0008496827969221952,Global Financial Crisis
2007-08-13,0.0017160310572086439,0.000608511827505985,0.0005439943293334887,0.0007347762747637811,0.00047234617535607434,0.0005058792680224728,0.000785563090054108,Global Financial Crisis
2007-08-14,0.0016329483179395895,0.0005949965773175601,0.0005314710394490378,0.0007226504433746033,0.00046459706908877607,0.00048488644956106445,0.0007713778851143183,Global Financial Crisis
2007-08-15,0.001816737790922737,0.000579844052787139,0.0005203136223442137,0.0007083318610700897,0.00045215047978197306,0.0004652812371557274,0.000753143063583691,Global Financial Crisis
2007-08-16,0.0003326185580007025,0.0006444901211985173,0.0005935633220815518,0.000739507945451893,0.0005409525887912241,0.0005481857071276612,0.0008002410425402564,Global Financial Crisis
2007-08-17,0.00030362295397131267,0.0007328806899950825,0.0006815069292119497,0.000790543146494833,0.0006556562803910416,0.0006696237499145934,0.0008670733439629953,Global Financial Crisis
2007-08-20,0.00037964878162368907,0.0006773477574337917,0.0006125080605116524,0.0007215556268735071,0.0006321578173368394,0.0006333299278535144,0.000787187354593445,Global Financial Crisis
2007-08-21,0.0010437958541483316,0.0005850476776936796,0.0005273154261973667,0.0006297966123253331,0.0005522588961430723,0.0005356289719188247,0.0006802384818838011,Global Financial Crisis
2007-08-22,0.0009225792215698165,0.0005211095433888129,0.0004814161742563367,0.000581645414715244,0.0004602705591630804,0.00045412362584064603,0.0006280919429687569,Global Financial Crisis
2007-08-23,0.0009222995701150176,0.0004447969064893159,0.0004198211342457458,0.0005062886591811115,0.0003770794637771747,0.00037933022650601413,0.0005414650487365336,Global Financial Crisis
2007-08-24,0.001011426247276533,0.0004122881454673794,0.0004047125470626144,0.00046232633426044494,0.0003465642186405442,0.00035703759420776756,0.0004908000331655255,Global Financial Crisis
2007-08-27,0.0009274873147601888,0.0003804511885834604,0.00038335008530518346,0.0004278986798760283,0.00031222808006018917,0.00032755886719143843,0.00045122023048446274,Global Financial Crisis
2007-08-28,0.0003213023074274828,0.00041534866732100933,0.0004210685245494689,0.00046047561640727436,0.00035027340007756376,0.0003621693809388418,0.0004827564146318981,Global Financial Crisis
2007-08-29,0.0007637903591296376,0.000431540611027092,0.0004450646950933802,0.00047997837439195943,0.0003530730110063633,0.00037407635597119034,0.0005055106186725667,Global Financial Crisis
2007-08-30,0.0007416800370612543,0.0004336737925722726,0.0004425169741260457,0.00048384438308913413,0.00035406880391108806,0.0003786760336585169,0.0005092627680765783,Global Financial Crisis
2007-08-31,0.0008522628986689518,0.0004400965753790551,0.00044377566430286926,0.0004942745669950797,0.000354211889532347,0.00038640253347111515,0.0005218182225938647,Global Financial Crisis
2007-09-03,0.0011232209675944777,0.00044194626404959347,0.0004410668920856687,0.000491668375482855,0.0003565995414590868,0.0004001304059849847,0.0005202661052353726,Global Financial Crisis
2007-09-04,0.0012319426279638031,0.0004493941844702162,0.000441600645139146,0.000493063852172217,0.000366558295780891,0.0004211760725522621,0.000524572056706565,Global Financial Crisis
2007-09-05,0.0007334526776613729,0.0005196201308265698,0.0005031170074113004,0.0005462012076156294,0.0004422283627194807,0.0005239407920555872,0.0005826132843308509,Global Financial Crisis
2007-09-06,0.0007315674025731964,0.0005607433448454979,0.0005310359469235697,0.0005632465187494114,0.0005043834566953786,0.0006022546362137712,0.0006027961656453587,Global Financial Crisis
2007-09-07,0.00178637200349401,0.0006318635896854746,0.0005854345406797634,0.0006240740086973283,0.0005856354985415239,0.0006962141739019698,0.0006679597266067873,Global Financial Crisis
2007-09-10,0.0032022505170048537,0.0006632561947603454,0.0006092039693437438,0.0006520458001507784,0.0006330996203094161,0.0007220742591556941,0.000699857324842095,Global Financial Crisis
2007-09-11,0.0032141963917786775,0.0006672066001387889,0.0006205710611219178,0.0006775554490195681,0.0006229242755416009,0.0006876711132720504,0.0007273111017388072,Global Financial Crisis
2007-09-12,0.0052359296474003975,0.0005805407326134715,0.0005364769091771368,0.0006085061563626415,0.0005511461437429147,0.0005584157605363647,0.0006481586932482998,Global Financial Crisis
2007-09-13,0.005705769801436988,0.0005577906973508488,0.0005226377925960702,0.0005701932697975526,0.0005598052943649519,0.0005302871438482924,0.000606029986147377,Global Financial Crisis
2007-09-14,0.004533599388906767,0.0005558168036366303,0.0005180041438796998,0.000549173178683178,0.0006010611470031812,0.0005384736481158514,0.0005723719005012405,Global Financial Crisis
2007-09-17,0.0029412229251502492,0.0005900991509504575,0.0005559726894745058,0.0005631558776001158,0.0006672749203055543,0.000578835325492414,0.0005852569418796975,Global Financial Crisis
2007-09-18,0.003268373521016914,0.0006396711325049972,0.0006074935049178786,0.0005998101692709332,0.000741977551408233,0.0006195721988886727,0.0006295022380392685,Global Financial Crisis
2007-09-19,0.0012045404642561104,0.0005763376639442217,0.0005565966370539954,0.0005886042821534616,0.0006085523852628101,0.0005213786522766036,0.0006065563629742378,Global Financial Crisis
2007-09-20,0.0012632831098822214,0.0005566247719784557,0.0005402938175086432,0.0005937978938655694,0.0005454312987803368,0.0004994152086702963,0.0006041856410674325,Global Financial Crisis
2007-09-21,0.001306304213390217,0.0005205512517772651,0.0005085467236908408,0.000581971763937308,0.0004663208670254354,0.00045687996104919605,0.0005890369431835451,Global Financial Crisis
2007-09-24,0.0013502816443312009,0.0004905400799681797,0.00048066277637899297,0.0005619462014367835,0.0004180891863856764,0.0004259682251876727,0.0005660340104517728,Global Financial Crisis
2007-09-25,0.0018597680109928084,0.0004789261362272548,0.0004667376176273146,0.000537063899809077,0.0004229989398440621,0.0004271426418904823,0.0005406875819653379,Global Financial Crisis
2007-09-26,0.002076990386551914,0.00047485211910778716,0.0004672340125750928,0.00051437482801873,0.0004392828398084256,0.0004345693712856825,0.0005187995438510052,Global Financial Crisis
2007-09-27,0.001575407189705964,0.00042235301243438093,0.00042315880265184427,0.000472891449407069,0.0003689206681473066,0.0003686461478251831,0.0004781479941405017,Global Financial Crisis
2007-09-28,0.0015045023943732244,0.0003677458383745139,0.00037396085466899373,0.0004240356192062842,0.0002999694621259256,0.00031063207366483706,0.00043013118220652905,Global Financial Crisis
2007-10-01,0.0013622890164589371,0.00034270150417536085,0.00035463243946036454,0.0004026625594010714,0.000262544754692903,0.0002791487971892634,0.0004145189701332022,Global Financial Crisis
2007-10-02,0.0003650579389068844,0.00029971001030718226,0.00031015801740958527,0.0003535711135571254,0.00022991994586628675,0.00023943732632758592,0.0003654636483753281,Global Financial Crisis
2007-10-03,0.00022919021541531847,0.0002756112908217773,0.0002865344046202206,0.00031998804852066085,0.0002145528133631935,0.00022365525515493205,0.0003333259324498794,Global Financial Crisis
2007-10-04,0.00045796756564704986,0.00026726586547113794,0.00028058297115875533,0.0002994334394277664,0.0002163113444372467,0.00022872726292301538,0.00031127430940890583,Global Financial Crisis
2007-10-05,0.0007961033585285213,0.0002701569029319872,0.000286076072701736,0.0002927080301446172,0.00022718218080622083,0.00023754817881944533,0.0003072700521879167,Global Financial Crisis
2007-10-08,0.0009042487777979257,0.0002895355739635012,0.0003081079683098037,0.00029827219828239954,0.00025951816131739155,0.00026905645091429163,0.00031272309099361937,Global Financial Crisis
2007-10-09,0.0008932961412103005,0.0003154720610501065,0.00033907047113919327,0.00030803763683160605,0.00029996963161522266,0.00030926696378731763,0.000321015601877193,Global Financial Crisis
2007-10-10,0.0009445312966089538,0.0003367330994297734,0.00036071922208361486,0.00031497372247540775,0.0003383586678708555,0.00034578732498023355,0.0003238265597387556,Global Financial Crisis
2007-10-11,0.0008518228062997451,0.00037558128804284836,0.00039744219558955694,0.00033863979056808133,0.00039735195710114237,0.00039775613690924184,0.00034671636004621924,Global Financial Crisis
2007-10-12,0.0005749449484559898,0.00042163660789923656,0.00044148986324307987,0.0003698619564236408,0.00046178824247266557,0.00045676540613533536,0.0003782775712214615,Global Financial Crisis
2007-10-15,0.0008128077960692363,0.0004759677019740935,0.0004917187864210958,0.00041319471014475694,0.0005271603856808352,0.00052074655734861,0.00042701807027516967,Global Financial Crisis
2007-10-16,0.0010380324400243173,0.0004920064080133549,0.0005048600952789774,0.0004344974104314026,0.0005377685656537534,0.0005316473934131988,0.00045125857528944234,Global Financial Crisis
2007-10-17,0.0009099318863540317,0.0004541237626999402,0.00046801508998704463,0.0004215685959436803,0.00046981165074397595,0.0004692526147524127,0.00044197086207258733,Global Financial Crisis
2007-10-18,0.000760918450190994,0.00045038970521184203,0.00045998861081355467,0.0004254638932752887,0.0004612334588068328,0.00046017180419415484,0.00044509075896937897,Global Financial Crisis
2007-10-19,0.0007501517971935691,0.00047210159987937485,0.00047542552450817574,0.00045918299058850996,0.00047516796932633364,0.00046903935670182013,0.00048169215827203457,Global Financial Crisis
2007-10-22,0.0003875503441762228,0.000525390107367587,0.0005270453912166887,0.0005081491840155934,0.0005286642804507936,0.0005235370693598716,0.0005395546117949871,Global Financial Crisis
2007-10-23,0.0001504922151883266,0.0005306354069810323,0.0005318928735302275,0.0005335816921680126,0.0005071599571103075,0.0005100186574815934,0.0005705238546150212,Global Financial Crisis
2007-10-24,0.00023834416906870436,0.0005112933750593071,0.0005082863801939009,0.0005233872247989607,0.0004819865760825399,0.0004859995902770791,0.0005568071039440552,Global Financial Crisis
2007-10-25,0.0006703477459259219,0.0004753471738449935,0.00046658879464958646,0.0004934196579492278,0.00045007952193630465,0.00044531806639647707,0.0005213298282933718,Global Financial Crisis
2007-10-26,0.0008443524970127593,0.00044305694931241724,0.00043886065137302405,0.0004731022937593522,0.00040108452806906033,0.00040302988307601596,0.0004992073902846335,Global Financial Crisis
2007-10-29,0.001275387225400585,0.0004311115532313897,0.00042700974566331934,0.00045111637656998016,0.00040108578239441827,0.0004030373926306664,0.0004733084688985639,Global Financial Crisis
2007-10-30,0.0012997864789667073,0.00043045654666421684,0.0004249570234704178,0.0004414442537308922,0.00041501873308017335,0.00041422306941831346,0.0004566396536212874,Global Financial Crisis
2007-10-31,0.002138750454834414,0.00042039671593941156,0.00041815921540911565,0.00043394270541245505,0.0004002943143309322,0.0004007853025374242,0.0004488020420071305,Global Financial Crisis
2007-11-01,0.0020815528556505937,0.0004711594735718482,0.00046470169962483884,0.0004884338156777781,0.00044719982528645735,0.00045194209388293435,0.0005035199333872326,Global Financial Crisis
2007-11-02,0.0019239686985714553,0.0005032375070749241,0.0004925938166717326,0.000515737291538449,0.0004840058292767768,0.0004913597817065471,0.000532490816181115,Global Financial Crisis
2007-11-05,0.0015104021361577343,0.0005500710299143967,0.0005361901627979169,0.0005554942936831053,0.0005400165469616784,0.0005411714332123689,0.0005774827129169137,Global Financial Crisis
2007-11-06,0.0014979965496918918,0.0005959547075002726,0.0005817859262285087,0.0005888085645471724,0.0005956040288952518,0.0005957181439000497,0.0006178568739303805,Global Financial Crisis
2007-11-07,0.0011606824312509673,0.0006380352525955695,0.0006164412261247049,0.0006385877805232024,0.000630471708058686,0.0006301491590665435,0.0006745263892047106,Global Financial Crisis
2007-11-08,0.00080789058691213,0.0006324874851629372,0.000605386565224094,0.0006354997723021219,0.0006306081175517115,0.0006113646059111044,0.0006795783648256545,Global Financial Crisis
2007-11-09,0.0006813444355981689,0.0005819589544214216,0.0005586548225963859,0.0006116379852484569,0.0005561131696523416,0.0005276480551530335,0.0006557407394568903,Global Financial Crisis
2007-11-12,0.001517965677104139,0.000523269226296861,0.0005079324281325562,0.0005696665604249043,0.0004755826836327315,0.00044947009831473005,0.0006136943609793824,Global Financial Crisis
2007-11-13,0.0017902378105487656,0.0005235093665119091,0.0005198050658650217,0.0005675813492871202,0.0004619037657606352,0.0004473843158749428,0.0006208723357718255,Global Financial Crisis
2007-11-14,0.002723349792659034,0.0005346177874003795,0.0005316957617232742,0.0005670428360260559,0.0004817635174300837,0.0004726136932908306,0.0006199731285316529,Global Financial Crisis
2007-11-15,0.0027601150287144246,0.000572824357225476,0.0005628834536295976,0.0005957982031951538,0.0005297027981121485,0.0005220839943417026,0.000653653336848778,Global Financial Crisis
2007-11-16,0.004642718732164904,0.0006044686996576239,0.0005869085168632559,0.0006099680055711366,0.000578333433592105,0.0005775024799858075,0.000669631062275814,Global Financial Crisis
2007-11-19,0.003806769847464771,0.000669288982309381,0.0006407496353613956,0.0006660305549005635,0.0006526964066825695,0.0006576909616695882,0.000729277352932788,Global Financial Crisis
2007-11-20,0.0035576598873654245,0.0007287434974319951,0.000690549033304688,0.0007096809458374659,0.0007273080560251103,0.0007343576096559008,0.0007818218423368105,Global Financial Crisis
2007-11-21,0.003610471589003894,0.0007925779057556882,0.000746607728118349,0.0007680716334760093,0.0007885547466329795,0.0008065212272386995,0.0008531341933124037,Global Financial Crisis
2007-11-22,0.0035808215422735404,0.0008049273499566732,0.0007483975703909874,0.0008019783105507344,0.0007889577101285472,0.0007957892329509324,0.0008895139257621654,Global Financial Crisis
2007-11-23,0.0029265993357803517,0.0007268934896457756,0.0006868932032306417,0.0007974408753563205,0.0006419779913475097,0.0006429979212968224,0.0008651574569975835,Global Financial Crisis
2007-11-26,0.0034195211124429525,0.0006768018183106173,0.0006251770980727086,0.0007932113954199247,0.0005547838589063574,0.0005616804926906966,0.0008491562464633993,Global Financial Crisis
2007-11-27,0.003917956517052236,0.0006494475298797835,0.0006046939710797203,0.0007882413337547324,0.0004940869255642942,0.0005197437650230806,0.0008404716539770903,Global Financial Crisis
2007-11-28,0.0024993088631654536,0.0006107975397734627,0.000571026612959956,0.0007933721734223305,0.00041157934052660585,0.00044731902062505175,0.0008306905513333693,Global Financial Crisis
2007-11-29,0.0029942031769693506,0.0005324086245126258,0.00048441102660048534,0.0007042889434115164,0.0003561946337609463,0.00038041508491125034,0.0007367334338789306,Global Financial Crisis
2007-11-30,0.001983364301855224,0.00045763776598938135,0.00041276444845646866,0.0006275250742539395,0.00028853681617646906,0.0003002376376223497,0.0006591248534376797,Global Financial Crisis
2007-12-03,0.0017860600793187479,0.000459674755203107,0.0004202758378212742,0.0006086671809858152,0.0003100581776389541,0.00031813178590274434,0.0006412407936667471,Global Financial Crisis
2007-12-04,0.0012960282423823317,0.000496350502130258,0.0004620743790830146,0.000618315780210956,0.0003716252792093424,0.00037470060823090764,0.0006550364639170692,Global Financial Crisis
2007-12-05,0.0011367702517973712,0.0005271502131887645,0.0004953773274464745,0.0006373861032782265,0.00040941155896801336,0.0004119613053865469,0.0006816147708645615,Global Financial Crisis
2007-12-06,0.0021257815095824355,0.0004969849516845942,0.00046656725083056306,0.0006118117365699583,0.000371705576975633,0.0003836423037611496,0.000651197890285667,Global Financial Crisis
2007-12-07,0.0020047280249100748,0.0004478492102603361,0.0004159732024763275,0.0005588040321995092,0.0003282280784701956,0.0003405540058265834,0.0005956867323290648,Global Financial Crisis
2007-12-10,0.0024261583292019095,0.00040869098566147694,0.0003798953583475308,0.0005167147547061546,0.0002894210834033234,0.00030294598759114015,0.0005544777442592358,Global Financial Crisis
2007-12-11,0.0024696067555119478,0.00041134287934061094,0.0003802812187297335,0.0005141134734977681,0.00029729224994090716,0.0003124031155353682,0.0005526243389992777,Global Financial Crisis
2007-12-12,0.0024676117925499057,0.0004246290483507158,0.0003960666132274646,0.0005119457535886972,0.00032061495548174276,0.00034062343639234936,0.0005538944830633253,Global Financial Crisis
2007-12-13,0.0009540582431104065,0.0005001372162810262,0.00047515063121868125,0.0005532536150791488,0.00042471776789351767,0.0004489712074651827,0.0005985928597486002,Global Financial Crisis
2007-12-14,0.0011793298451266527,0.0005169326242281378,0.0004899251274074318,0.0005636396236757855,0.0004484545811221991,0.00047375051201917,0.0006088932769161029,Global Financial Crisis
2007-12-17,0.0005221459022507867,0.0005845621573654558,0.0005545835477314473,0.0006214572002426572,0.0005251683780865318,0.0005483251496430155,0.0006732765111236276,Global Financial Crisis
2007-12-18,0.0005722735955459046,0.0006310756848269541,0.0006000897646392952,0.0006562025018199916,0.0005784700247690952,0.0006057673268412114,0.0007148488060651768,Global Financial Crisis
2007-12-19,0.0006270344789015941,0.0006097611664338929,0.0005760066319943285,0.0006217410489017426,0.0005875737832775941,0.000592066740252849,0.0006714176277429506,Global Financial Crisis
2007-12-20,0.0006190374712158266,0.0005958582237087324,0.0005621896047431225,0.0005956359496840535,0.0006025200263399713,0.0005808016236429109,0.0006381439141336035,Global Financial Crisis
2007-12-21,0.00030169538992701444,0.0005750879254045564,0.0005463875893317055,0.000585864451254658,0.0005732499817693021,0.0005444235606738116,0.0006255140439933051,Global Financial Crisis
2007-12-24,0.0002394807705419853,0.0005597038154812258,0.000529066527910071,0.0005806649162572326,0.0005398102961411193,0.000529816107754804,0.000619161229342902,Global Financial Crisis
2007-12-27,8.581803910104816e-05,0.0005604703397319745,0.0005247199879091964,0.0005930808067702162,0.00052162178260275,0.000538218111066594,0.0006247110103111163,Global Financial Crisis
2007-12-28,0.00031759684197645607,0.0005060719025592321,0.00047353994763854514,0.0005548551772513784,0.00044758330740445843,0.0004721927697333989,0.0005821883107683796,Global Financial Crisis
2007-12-31,0.00033007895644297666,0.0004720272070452548,0.00044474722948458975,0.0005257709405904742,0.00040763744998998963,0.0004339628401509162,0.0005480175750103041,Global Financial Crisis
2008-01-02,0.0012422328054145597,0.001063635835943818,0.0010562443076916504,0.0010724116551676151,0.0008788570665780295,0.0011096229567623707,0.0012010431935194237,Global Financial Crisis
2008-01-03,0.001302756296002876,0.0009771818509508715,0.0009377079866930783,0.0009540282169058986,0.0009462834288860084,0.0009605100927698822,0.0010873795294994901,Global Financial Crisis
2008-01-04,0.001331376020630532,0.0010257909844812022,0.0009264921756676582,0.0009633867082706571,0.0012169082539145682,0.0009482934047914408,0.0010738743797616863,Global Financial Crisis
2008-01-07,0.0011459293081379994,0.001078218634750271,0.0009463823962066381,0.0009817690550872641,0.0014455502695528985,0.0009533905251862198,0.0010640009277183339,Global Financial Crisis
2008-01-08,0.0025571895987745526,0.001038803951042761,0.0009239454579683809,0.000979066084515142,0.0013233076936321135,0.0008894057499475516,0.0010782947691506167,Global Financial Crisis
2008-01-09,0.0016398133121199449,0.001272072415191031,0.0011391990848374184,0.001176030856759419,0.0016925075206217937,0.001166607951986818,0.001186016661749707,Global Financial Crisis
2008-01-10,0.0015716516954003875,0.0015298940356174367,0.001376192834085229,0.0013532072289675426,0.0021571106748556963,0.0014741887636359964,0.0012887706765427186,Global Financial Crisis
2008-01-11,0.0015930119509087026,0.001511477843890953,0.0013917078885635544,0.001345951072190288,0.002100200211336435,0.001393431238020312,0.0013260988093441754,Global Financial Crisis
2008-01-14,0.003308975785862421,0.0013364569207156415,0.0012987512620490694,0.0012538568562249083,0.0016279457480430925,0.001211518692069783,0.0012902120451913537,Global Financial Crisis
2008-01-15,0.003246751853541101,0.001733609256690579,0.0016127145508181679,0.0015527792713762847,0.0023841138801520816,0.0016247519544846376,0.0014936866266217225,Global Financial Crisis
2008-01-16,0.003245334971479682,0.0018567388356540496,0.0017451169725322872,0.00165647290231184,0.002519815578504824,0.001766336601863707,0.0015959521230575887,Global Financial Crisis
2008-01-17,0.005605326200713099,0.0018252929265399284,0.00173618794071007,0.0017064550263258388,0.002313518539890882,0.0016793411449398978,0.001690961980832953,Global Financial Crisis
2008-01-18,0.005615861850012533,0.0017189191936885881,0.001700317865068816,0.0016870238473940839,0.0019523562914781126,0.0015274204554580344,0.001727477509043894,Global Financial Crisis
2008-01-21,0.004113609930167271,0.0023179509815989957,0.002165546435102506,0.0020735784157730674,0.0033172089267722886,0.0020883905953105737,0.0019450305350365424,Global Financial Crisis
2008-01-22,0.002884213516415412,0.0020490285082815584,0.002023068586668432,0.0019579897992152945,0.0026184783452745004,0.001679214595175171,0.001966391215074394,Global Financial Crisis
2008-01-23,0.0029113495865140415,0.0021869661123083348,0.0021656733681001358,0.002026566278618493,0.002945992090813708,0.0018227027273475078,0.0019738960966618284,Global Financial Crisis
2008-01-24,0.0007282954882161855,0.0017739832996405396,0.0018198112998793492,0.0017655757204375995,0.002075500195303607,0.0014000887274863824,0.0018089405550957593,Global Financial Crisis
2008-01-25,0.0013425130620023822,0.0016454963758138867,0.0016681750172384568,0.0016428331466563425,0.0018989532772188949,0.0012762844473124017,0.0017412359906433382,Global Financial Crisis
2008-01-28,0.0011281650299688596,0.0016614728676391127,0.0016463712690083813,0.0015920902366385113,0.0020586666407178844,0.0013361812763265904,0.0016740549155041956,Global Financial Crisis
2008-01-29,0.0028747903900749375,0.0015820000219301986,0.001504615833836693,0.0014696997558911041,0.002079188659445975,0.0012723077350783,0.0015841881253989222,Global Financial Crisis
2008-01-30,0.002886258782795478,0.001477985143038156,0.0013496664314777526,0.0013310294957036544,0.0020304093558467825,0.001188903691477864,0.001489916740684726,Global Financial Crisis
2008-01-31,0.0030253063780341103,0.0015987320144036788,0.0013946215394421478,0.0013613878542364354,0.0024020936752434576,0.0013675402533174163,0.001468016749778937,Global Financial Crisis
2008-02-01,0.002506402452301467,0.0014682863145333539,0.0012752514718893198,0.0012736055015184875,0.002111265117211912,0.0012737738320588218,0.0014075356499882287,Global Financial Crisis
2008-02-04,0.0024607556807453826,0.0013463003547963671,0.001165621387437329,0.0011957447187058382,0.001793908869429624,0.0011943427396957623,0.001381884058713282,Global Financial Crisis
2008-02-05,0.0011585646589956874,0.0017735784233236813,0.0015146019541305504,0.0015752277064815963,0.002418098256688301,0.0017286502032560552,0.0016313139960619037,Global Financial Crisis
2008-02-06,0.0011799019510788887,0.0018137833573839926,0.001675199971672678,0.0017113307435435584,0.0020534052331500972,0.0018698947476523497,0.0017590860909012802,Global Financial Crisis
2008-02-07,0.0009397420906213831,0.0020331523615199055,0.0019696970564199007,0.0019191486748328414,0.0022391663044042417,0.002151953681016818,0.0018857960909257254,Global Financial Crisis
2008-02-08,0.0008623276577034369,0.001813329430622935,0.0018948322293028117,0.0018259037873651872,0.0016059340970070429,0.0018629274699419318,0.0018770495694976996,Global Financial Crisis
2008-02-11,0.0008723595199032311,0.0017280655100369836,0.0018866010677692224,0.0017732910366099527,0.0013839469009590602,0.0017541519990387576,0.0018423365458079244,Global Financial Crisis
2008-02-12,0.00029399504273987546,0.0014520011613404402,0.0016566394570007718,0.00158254420885385,0.0008627409805110726,0.00142210950405514,0.0017359716562813674,Global Financial Crisis
2008-02-13,0.00023375175738030399,0.0013948716622377434,0.0015851719909215794,0.0014931863367327015,0.0008637387908417107,0.0013861736559074502,0.001646087536785275,Global Financial Crisis
2008-02-14,0.00018540158647371716,0.0014012115222006847,0.0015435475029398225,0.0014607986525446643,0.0009762708983290396,0.0014111932149589474,0.0016142473422309494,Global Financial Crisis
2008-02-15,0.0003374871252132549,0.001530649368999982,0.0015877066264432585,0.0014747250080242435,0.0014627175267554753,0.0015393842931436211,0.0015887133906333127,Global Financial Crisis
2008-02-18,0.0007579248414628948,0.0014209930239450215,0.0014263393620368365,0.0013207620847857972,0.001548878015934467,0.0013323258318488054,0.0014766598251192019,Global Financial Crisis
2008-02-19,0.0015473045171196008,0.0012575671760665852,0.0012335293041696902,0.001139795102042573,0.0014833641685537229,0.001120492169848772,0.0013106551357181676,Global Financial Crisis
2008-02-20,0.001613388936287097,0.0012238463076354406,0.0011724815037263581,0.0010814215996088406,0.001553634028669265,0.0011257267611389549,0.0011859676450337836,Global Financial Crisis
2008-02-21,0.002137876062987827,0.0011881100686349474,0.0011269584361517696,0.0010488484335816806,0.0015572196465911056,0.0010796002949260753,0.0011279235319241058,Global Financial Crisis
2008-02-22,0.002165556488459643,0.001315307771198838,0.0012543443546652578,0.001160181037616543,0.0017097330909260806,0.0012938302731254174,0.0011584500996608918,Global Financial Crisis
2008-02-25,0.0020623110471824162,0.001138932783823712,0.0012219490523806065,0.001141359773801056,0.0009762966801062122,0.0012016930629952744,0.001153365349835411,Global Financial Crisis
2008-02-26,0.001466726071278403,0.00096566813565585,0.0010912703200945536,0.0010402451545674146,0.0005557352672447965,0.0010204265938918797,0.0011206633424806058,Global Financial Crisis
2008-02-27,0.0021777207436257987,0.0008921400184114805,0.001012011766270844,0.0009670270049931603,0.0004349906678678124,0.000977026316033921,0.0010696443368916643,Global Financial Crisis
2008-02-28,0.002593182142373017,0.0010857136232020068,0.001218716368591818,0.0011574952177056893,0.0005568958436478491,0.0013091347903600892,0.0011863258957045882,Global Financial Crisis
2008-02-29,0.002347596544825458,0.0014089606757308557,0.0015230500704290911,0.0014759855483927312,0.0009096586422245225,0.0017113924922267762,0.0014247166253811574,Global Financial Crisis
2008-03-03,0.0020463082334022777,0.001653725108366787,0.001766254306003574,0.0016323086270057046,0.0014035932455484935,0.0019093326007011229,0.0015571367625750398,Global Financial Crisis
2008-03-04,0.0019180326617845628,0.002073936491797075,0.0020467141609492446,0.0018284374124718566,0.0026905900329698682,0.0020979151524152073,0.0017060257001792001,Global Financial Crisis
2008-03-05,0.0014246049831198274,0.0017645827572648348,0.0018890057778269847,0.001701118700657478,0.0018881483567590666,0.001648217715493594,0.00169642323558705,Global Financial Crisis
2008-03-06,0.0014010000736142721,0.0020043225898168206,0.0021159605483469087,0.0019275644660588479,0.002249654283042722,0.0018646925740634925,0.0018637410775721316,Global Financial Crisis
2008-03-07,0.0015236267331001365,0.0020591059335976817,0.00218941934717336,0.0019929756318998217,0.002251722958078162,0.0019021607921344249,0.0019592509387026395,Global Financial Crisis
2008-03-10,0.0036941253499177,0.0021334632897248265,0.0022565263079179767,0.0020751371904947995,0.0023453563056209134,0.0019333968570172267,0.002056899787573216,Global Financial Crisis
2008-03-11,0.00454712969873634,0.002048048570967631,0.002227549733370706,0.002052174177690092,0.002073361703751014,0.0018748700995994605,0.0020122871404268826,Global Financial Crisis
2008-03-12,0.004361790196224921,0.0018911156593609032,0.0020067731644814184,0.0019028601696442174,0.001929848269512742,0.0016627725754078018,0.0019533241177583363,Global Financial Crisis
2008-03-13,0.006240582156875304,0.002188886643023048,0.0022214290870508015,0.0020352791910825995,0.0026786130930036953,0.002001809849524554,0.0020073019944535915,Global Financial Crisis
2008-03-14,0.0068354282854756815,0.0023364451767174136,0.002324108811072436,0.0021296131716454646,0.0029912634844750795,0.0021250062475621245,0.0021122341688319655,Global Financial Crisis
2008-03-17,0.004855618445265339,0.0028435858165666477,0.002737094657206026,0.00243189785581801,0.004138931674182393,0.00259747964781928,0.0023125252478075294,Global Financial Crisis
2008-03-18,0.003947932935882904,0.002546674497392775,0.0025793727699302965,0.002342250872383848,0.003285175818159141,0.0022862459730341295,0.0022403270534564596,Global Financial Crisis
2008-03-19,0.004084071255132059,0.0024784146407136375,0.002526050829464812,0.0023242925476342495,0.003032615956516592,0.0022156920049934722,0.002293421864959059,Global Financial Crisis
2008-03-20,0.0012683182343931946,0.0020266772113144566,0.0021445166495653208,0.0020492726675344504,0.002140011687545812,0.0016894560967414029,0.002110128955185295,Global Financial Crisis
2008-03-25,0.001925091719575259,0.0016371330965551933,0.001752588793238921,0.00171066271635206,0.0014765100839310107,0.0013265240320747358,0.0019193798571792388,Global Financial Crisis
2008-03-26,0.002132069523909392,0.0016546830850379932,0.0017504763117956615,0.0016925059956462828,0.0015264568351742078,0.0014090351288148942,0.0018949411537589201,Global Financial Crisis
2008-03-27,0.0034205778506035075,0.0015341003299870408,0.0016422661811069008,0.001611730621464579,0.001204334339190429,0.0013676234944652354,0.0018445470137080592,Global Financial Crisis
2008-03-28,0.0032091614849039133,0.0015341744915847552,0.0016696514555646466,0.0016242714872263858,0.0010941804895778031,0.0014379703214919518,0.001844798704062988,Global Financial Crisis
2008-03-31,0.003228240111584559,0.0014316864629047772,0.0015919916393995444,0.0015332583476293702,0.0009129557117070596,0.0013609711292915069,0.0017592554864964047,Global Financial Crisis
2008-04-01,0.0019282842647806331,0.0012368482320122584,0.0014100545310686582,0.0014067479557848927,0.0005940505631444681,0.0011472447673760893,0.001626143342687184,Global Financial Crisis
2008-04-02,0.001667584133207559,0.0010619729234220012,0.0011834842643747806,0.0012095316161495366,0.00045728510992229076,0.0009717894520713947,0.0014877741745920028,Global Financial Crisis
2008-04-03,0.0003903958123351756,0.0011741192985209494,0.0013000444061598787,0.001287910421383317,0.0005843417384011233,0.001216248950452255,0.0014820509762081735,Global Financial Crisis
2008-04-04,0.000667158896637983,0.0011238540354082016,0.0012198767204860482,0.0011829396647305554,0.0006659254317397277,0.0011715339316497708,0.001378994428434906,Global Financial Crisis
2008-04-07,0.0009600948557044176,0.0010326321869490046,0.0010958875406665907,0.0010583051714828252,0.0006978032819492796,0.0010535839900557885,0.001257580950590539,Global Financial Crisis
2008-04-08,0.0009027967997995447,0.0010829200514628954,0.0011195202071166267,0.0010730207727281307,0.0008715476213024682,0.001114309095913925,0.0012362025602533262,Global Financial Crisis
2008-04-09,0.0013674795897085702,0.001275302604367809,0.0012485081441971537,0.0011942775309964524,0.001334988939061467,0.0013069406936712256,0.001291797713912746,Global Financial Crisis
2008-04-10,0.0013414477176959545,0.0013600529768337613,0.0013087159880542413,0.0012280180367036874,0.001611575671815267,0.001357433537478964,0.0012945216501166457,Global Financial Crisis
2008-04-11,0.0015860909330354359,0.0016616245817300355,0.0015397754922820582,0.0014584399985440415,0.002228606640562874,0.001636595265018085,0.0014447055122431187,Global Financial Crisis
2008-04-14,0.0012733367668835553,0.0019128211423714455,0.0017769260363288955,0.0016383669664441214,0.002712982462626651,0.0018591954916218159,0.0015766347548357453,Global Financial Crisis
2008-04-15,0.0016031491407630866,0.0019382761909157234,0.0018477477841729818,0.0016595643774869953,0.0027680457706780862,0.001807766583672011,0.0016082564385685426,Global Financial Crisis
2008-04-16,0.0009372839475024291,0.001561591703044378,0.0017079892884747827,0.0015732092638592494,0.0014384336918230004,0.0015336024085299846,0.001554723862534873,Global Financial Crisis
2008-04-17,0.0010098480283911467,0.001335333836499928,0.0014547932079238767,0.0013336146654248093,0.001236364781397122,0.0013132954063480304,0.0013386011214058015,Global Financial Crisis
2008-04-18,0.000665497192268735,0.001117829178358087,0.001231749153683657,0.001166912612465553,0.0008669186990275868,0.0011247829216437211,0.0011987825049699172,Global Financial Crisis
2008-04-21,0.0010684748356136016,0.0010841829647014064,0.0011413134712404778,0.0010882614833245636,0.0009520961887108862,0.0011332845114866512,0.0011059591687444536,Global Financial Crisis
2008-04-22,0.0007102059476061947,0.0012801017858658794,0.0012624753366260334,0.0012060133206375117,0.0014032171343093425,0.001378083803251377,0.0011507193345051318,Global Financial Crisis
2008-04-23,0.0007073773404111699,0.0012818977245721611,0.0012380185208202225,0.00117938318585759,0.001514766149512597,0.0013426951010585388,0.0011346256656118584,Global Financial Crisis
2008-04-24,0.0010861333500525475,0.001337862256139499,0.001266519612629774,0.0011902158494159854,0.0017249351432995555,0.0013735149574997244,0.001134125717852455,Global Financial Crisis
2008-04-25,0.001057937728814852,0.0012188276639608503,0.001182089857165987,0.0011234966195881498,0.001444970401817412,0.0012373056479959873,0.0011062757932367158,Global Financial Crisis
2008-04-28,0.0007686743112025186,0.0010116939573597589,0.0010026763088413265,0.0009695155228195715,0.001057017929663073,0.0009928352440663453,0.0010364247814084774,Global Financial Crisis
2008-04-29,0.0007764040388295332,0.0009188664651301831,0.0009086977631042085,0.0008947556464577319,0.0009097727554735823,0.0009109310764006343,0.0009701750842147583,Global Financial Crisis
2008-04-30,0.0008248440294509406,0.0008246066500166309,0.0008273127159859746,0.0008339720535573608,0.0007114679480718758,0.0008323198510300961,0.0009179606814378472,Global Financial Crisis
2008-05-02,0.0004522966470545354,0.0006936082899634095,0.0007210401108467552,0.0007441280573638916,0.00044053097282314475,0.000697708245151936,0.0008646340636313201,Global Financial Crisis
2008-05-06,0.0005922205589333986,0.0007188006040753598,0.0007605952465223594,0.0007829157707633086,0.0003933228156744779,0.0007693848430912142,0.0008877843443254393,Global Financial Crisis
2008-05-07,0.00047130114647872035,0.0007172381397530052,0.0007563547172402261,0.0008038272021545877,0.0003227828353447401,0.0007690723060924281,0.0009341536379330443,Global Financial Crisis
2008-05-08,0.0004864236612067196,0.0006871392548786548,0.0007179330619702292,0.0007688012335824259,0.0003069875540161517,0.0007269800853677013,0.000914994339456766,Global Financial Crisis
2008-05-09,0.000423970946996353,0.00073561608155231,0.0007663762762571419,0.0008249142503558769,0.00031697515736182387,0.0008111727545148603,0.0009586419692718466,Global Financial Crisis
2008-05-12,0.0003686351585853476,0.0007419935142541098,0.000767972130583781,0.0008323324170380116,0.00033236235124562606,0.0008114470680845705,0.0009658536043185596,Global Financial Crisis
2008-05-13,0.0005045123107507256,0.000792319218327353,0.0008029122505510191,0.0008558940597472509,0.00044972366707441157,0.0008913813678917394,0.0009616847463723443,Global Financial Crisis
2008-05-14,0.001269612386058849,0.0007975969929126579,0.0007918299221734898,0.0008351056509236503,0.0005468291528582629,0.0008839198380317764,0.0009303004005761103,Global Financial Crisis
2008-05-15,0.0012460726091571579,0.0007691139858611995,0.0007336498798345579,0.000777700539553412,0.0006586096611598624,0.0008142764257588352,0.0008613334229993295,Global Financial Crisis
2008-05-16,0.0014182044165277948,0.0007310717126243323,0.000667529795064959,0.000717614393049872,0.0007406373521455928,0.0007554280853947154,0.000774148937466522,Global Financial Crisis
2008-05-19,0.0014584915404039246,0.0006881599520214823,0.0006057434576250898,0.0006596240018495328,0.0007840991710471954,0.0006901974127878006,0.0007011357167977926,Global Financial Crisis
2008-05-20,0.00101097177124788,0.0008630403490244312,0.0006989506268674166,0.0007617874487369583,0.0012512530600717617,0.0008474075117062919,0.0007558030977397275,Global Financial Crisis
2008-05-21,0.0002424429961745793,0.0011998698852735547,0.0009560188632612773,0.001032655477082207,0.0018212936446396946,0.001250743374551139,0.000938638066833456,Global Financial Crisis
2008-05-22,0.00025534173607188803,0.0012845000224249287,0.0010546661102666405,0.0010970588253997582,0.0019677604807141753,0.0013116302654748542,0.0009913844302692153,Global Financial Crisis
2008-05-23,8.430472687226873e-05,0.0015089017880694784,0.001286310963942364,0.0013180998054581202,0.0022246492890530645,0.0015734541834718436,0.001141994698421999,Global Financial Crisis
2008-05-26,0.0005486235865654675,0.001381350675089108,0.0013059532116395135,0.001337883888428562,0.0016410226651665458,0.0014001359974431813,0.0012217576127677373,Global Financial Crisis
2008-05-27,0.000609028411253722,0.0011951813900300378,0.001219792389250314,0.0012297538501642217,0.0011653638126565113,0.001180301012270559,0.0011806958858085832,Global Financial Crisis
2008-05-28,0.0007777350362987878,0.00103220682810651,0.001098742105088305,0.00111483871056382,0.0008173852512696127,0.0010287278304132686,0.001101340243197544,Global Financial Crisis
2008-05-29,0.0018231065144852102,0.0009561013154302699,0.0010157253110649688,0.001033772256514813,0.000737199833626403,0.0009648077420865018,0.0010290014338586624,Global Financial Crisis
2008-05-30,0.0026860006291864235,0.0008796009257881199,0.000899849977199965,0.0009214529639035698,0.0007756270322778401,0.0008761727805976443,0.0009249018749615801,Global Financial Crisis
2008-06-03,0.002158012348401602,0.0009430070293151573,0.0009241830376786613,0.0009426303057734384,0.0009851158192964442,0.0009421755720674525,0.0009209304117597896,Global Financial Crisis
2008-06-04,0.0025038146379982363,0.0010459484674347906,0.0009284218938887718,0.0009287826962080117,0.0014957916747629137,0.0009800924883736936,0.000896653583940562,Global Financial Crisis
2008-06-05,0.0024144894722241037,0.0010383847842209805,0.0009052954339698741,0.0008969228933244249,0.0015844100431337581,0.0009268287581107288,0.0008784667925661162,Global Financial Crisis
2008-06-06,0.001428841112266257,0.0014008578534621767,0.0011743368471829805,0.0011765391099294996,0.002286579726137229,0.00129953693005019,0.0010672966540109846,Global Financial Crisis
2008-06-09,0.0006602128906629439,0.0017751747253930358,0.0014378184298069684,0.0013526778355434916,0.003287177439330887,0.0015956891683632454,0.0012025107539205863,Global Financial Crisis
2008-06-10,0.000735395843605452,0.0018438089429910396,0.001473886051096108,0.0013396206831261886,0.0036634563362227188,0.0015380178465308845,0.0012040637979792985,Global Financial Crisis
2008-06-11,0.0009112201825486876,0.002189599327785422,0.0017129205078094969,0.0015626306397284052,0.004522499952491409,0.0018008316674670635,0.0013491138714307363,Global Financial Crisis
2008-06-12,0.0008281852273262007,0.001927219493322229,0.001674709460280667,0.0015205136803717512,0.0034657559350624685,0.0015960628967043116,0.0013790554941919464,Global Financial Crisis
2008-06-13,0.0007726170919940797,0.0015836355143026767,0.0016016615373771533,0.00146394071104968,0.002049641929235165,0.001434168536674295,0.001368764857177091,Global Financial Crisis
2008-06-16,0.0008505862214711729,0.001453047466968787,0.0014906950675334274,0.0013259891899772838,0.0018398810960828,0.0013258302163186042,0.00128284176493182,Global Financial Crisis
2008-06-17,0.0011650448447297597,0.001273228625962685,0.0013529923369185134,0.0012180189758769686,0.001400703854784578,0.0011618605766297162,0.0012325673856036488,Global Financial Crisis
2008-06-18,0.001144690631032473,0.0014684869487783542,0.0015176929770627096,0.0013671879494770909,0.0017467882298325354,0.0013780466715230478,0.0013327189159963871,Global Financial Crisis
2008-06-19,0.002356524801380194,0.0014175886363476226,0.0014423051835098322,0.0012802790712024403,0.001810852648414132,0.001285056866268611,0.001269449412343098,Global Financial Crisis
2008-06-20,0.0024907358366094306,0.0015602939707872277,0.001504072093033118,0.0013744516204627628,0.0022055824922775236,0.001399910108053593,0.0013174535401091405,Global Financial Crisis
2008-06-23,0.002585430051857199,0.0015762155505443473,0.001415014445510161,0.001264101402647841,0.0026917756712625442,0.001270842779856655,0.0012393434534445353,Global Financial Crisis
2008-06-24,0.0028769219587328108,0.0018761875293760513,0.001522179195338124,0.0013342573376026034,0.0038698262599767426,0.0013797039271213568,0.0012749709268414307,Global Financial Crisis
2008-06-25,0.003693924923849065,0.0015409320940009065,0.0013752769655226062,0.0012222856193779945,0.002732292691112649,0.0011369569774179766,0.0012378482165733063,Global Financial Crisis
2008-06-26,0.002555695845898721,0.0019279162402070585,0.001683267200781988,0.0015440728455598206,0.0034468429248952453,0.001502614882045973,0.0014627833477522645,Global Financial Crisis
2008-06-27,0.0026039203873694976,0.0017878602368568916,0.0016900325623164566,0.0015644104550067751,0.0026944715897701532,0.0014392281822151732,0.0015511583949758992,Global Financial Crisis
2008-06-30,0.002336114551953615,0.0016837849088770056,0.0016716936743786709,0.001503870587598587,0.002336385684805695,0.0013592237987312748,0.0015477507988707997,Global Financial Crisis
2008-07-01,0.003408602968550479,0.0019985686299676814,0.001911566193426774,0.0016639927722275404,0.0031200089137937525,0.0016607281514646733,0.0016365471189256663,Global Financial Crisis
2008-07-02,0.0027483803707322625,0.0023803975347933674,0.0021922538096439794,0.0018761609453788056,0.004038035821735235,0.00198523359470035,0.001810303502508464,Global Financial Crisis
2008-07-03,0.0031163157073672908,0.0021601029542384917,0.0020541584130240385,0.0017459047968611217,0.0034863887913351597,0.001731370577276282,0.0017826921926958556,Global Financial Crisis
2008-07-04,0.006485645493786871,0.0022390029181424153,0.0020818780005944664,0.0017358397087561725,0.0038540788658971152,0.0017475328742336887,0.0017756851412306337,Global Financial Crisis
2008-07-07,0.006842663303874245,0.0020630450446541557,0.001939369592128992,0.0016444522047945366,0.0034207654990503003,0.00160321868252905,0.001707419244767899,Global Financial Crisis
2008-07-08,0.006154485206651101,0.0024640092858103572,0.0022418531834092832,0.0018787278026845887,0.004343266209427171,0.0020829253169979225,0.0017732739165328202,Global Financial Crisis
2008-07-09,0.00586932381192032,0.002198399531381754,0.002062191517044057,0.0018184168734212745,0.0034885392238450477,0.0018135603009088739,0.0018092897416895166,Global Financial Crisis
2008-07-10,0.007916718561703121,0.002348528623139791,0.002217877054604661,0.0019391358931353164,0.0037044044164771003,0.0019897136232682583,0.0018915121282136187,Global Financial Crisis
2008-07-11,0.006475521128335237,0.002844957384903787,0.002654608087000926,0.002269321215071045,0.0046670373111447365,0.002538535672327432,0.0020952846389747947,Global Financial Crisis
2008-07-14,0.007230633673098134,0.002516020316918965,0.0025060189872629624,0.0021751784804111274,0.003577385664893022,0.0021839112210700917,0.002137607230957621,Global Financial Crisis
2008-07-15,0.007076142763986599,0.0026604423371956788,0.00271709529917464,0.002347342535186401,0.0036020406042129843,0.0023541599991822597,0.0022815732482221076,Global Financial Crisis
2008-07-16,0.00910203960416928,0.002373696219579121,0.002565719048873596,0.0022422403014177687,0.0027544703187087597,0.002079762859795369,0.0022262885691001115,Global Financial Crisis
2008-07-17,0.008225352563849332,0.0019672672226268883,0.002122690725948241,0.0019433998599318206,0.002129317684444787,0.0015936486129945382,0.002047279229815053,Global Financial Crisis
2008-07-18,0.006364827396334625,0.0015123477959955278,0.0016115809822546518,0.0014922623709080762,0.0015412551452237363,0.0011439432644459796,0.0017726972171451952,Global Financial Crisis
2008-07-21,0.008182390217785588,0.0011703408786667593,0.0012472946486403276,0.0011461915708485548,0.0010708148640291653,0.0008633421552025968,0.0015240611546131523,Global Financial Crisis
2008-07-22,0.007326465428775428,0.0012234080483724766,0.0013027782495046115,0.0011600395627545486,0.0011725529730361502,0.0009972802035650024,0.0014843892530020705,Global Financial Crisis
2008-07-23,0.0058728068044461325,0.0010250710441339693,0.0011036962834792333,0.0010005374912743226,0.000815913143811363,0.0008346228640503813,0.001370585438054546,Global Financial Crisis
2008-07-24,0.0045141936009322975,0.0012585912472542914,0.0013363503264708296,0.0012479342925788982,0.0010037707477568553,0.0011799744747905147,0.0015249263946743592,Global Financial Crisis
2008-07-25,0.008690045221045271,0.0014070426480274167,0.0014895610749429977,0.0013613039696729,0.0011930647958612614,0.0014110585454790133,0.0015802248541809105,Global Financial Crisis
2008-07-28,0.005759515095060317,0.001916943702443851,0.0019406910149071643,0.0017403911112486709,0.002059803103303079,0.0020484398722695886,0.0017953934104907516,Global Financial Crisis
2008-07-29,0.011603219483199175,0.002111816517459106,0.002177524274166725,0.0019067334238405016,0.0023005844384192233,0.002293896473382669,0.00188034397748641,Global Financial Crisis
2008-07-30,0.010954023939667898,0.002400881419606288,0.002477441789638617,0.002093730719126518,0.002833717563606632,0.002627522428813757,0.001971994596845916,Global Financial Crisis
2008-07-31,0.011534404404828953,0.002495803115644269,0.0025600580618186353,0.002144249943149759,0.003130933738479209,0.002589941871518301,0.0020538319632554406,Global Financial Crisis
2008-08-01,0.008096618629162996,0.002972556140438945,0.00290817822226133,0.002353118873086428,0.0044832292736923665,0.002914186956658595,0.002204067376496005,Global Financial Crisis
2008-08-04,0.009573440843112867,0.002807308856757697,0.00271564487050704,0.0022193292556652584,0.004387589628001298,0.0025712918081586193,0.0021426887214562687,Global Financial Crisis
2008-08-05,0.004336883367435494,0.00198595706812496,0.0021354814334401746,0.0018450531887058994,0.0023747359970276425,0.0017099503641277113,0.0018645643573233731,Global Financial Crisis
2008-08-06,0.005411183386398309,0.001586939576675735,0.0017451501316983803,0.001548426588113341,0.0016395523579455244,0.001334427739488754,0.0016671410661326755,Global Financial Crisis
2008-08-07,0.005071107904275708,0.0016024629269534977,0.001770425843358116,0.0016100490612677993,0.001490960783027467,0.0014537105623827833,0.0016871683847313234,Global Financial Crisis
2008-08-08,0.004613935313988898,0.0013721809881955612,0.0015790336922977541,0.0014731701003324032,0.0009883446343465782,0.0012362687222673531,0.0015840877917337173,Global Financial Crisis
2008-08-11,0.0033204826404135573,0.0011188499336768512,0.001297491578792912,0.0012491802586439614,0.0006119482997618368,0.0009825968019523516,0.0014530327292331935,Global Financial Crisis
2008-08-12,0.004921400319412132,0.0011761806458028582,0.0013586097881632087,0.0013256873109956267,0.0005528648573495888,0.0011436158592388003,0.001500125413267066,Global Financial Crisis
2008-08-13,0.0035599887049153167,0.0015422163271765303,0.001734095228020756,0.0016311959570295819,0.0009692134481081136,0.0017110598115907779,0.0016655171911334216,Global Financial Crisis
2008-08-14,0.0035520313632923083,0.0014882391992052922,0.0016927464960824225,0.0015774546423072266,0.0009290428516462942,0.0015839665574601221,0.0016579854485303945,Global Financial Crisis
2008-08-15,0.0043367994863259,0.001257039227180531,0.0014385919296489606,0.0013470815851624423,0.0007363268714478092,0.0012184482015111372,0.0015447475481323062,Global Financial Crisis
2008-08-18,0.004233127001685115,0.0012463681017768698,0.001415945985170925,0.001338445279816089,0.0007112423881749454,0.0012010965140455145,0.0015651103416768743,Global Financial Crisis
2008-08-19,0.002006061338452419,0.0016617394420020918,0.0018189226445291973,0.0016727492834979788,0.0013113786431409593,0.001741859961702305,0.0017637866771400197,Global Financial Crisis
2008-08-20,0.0019927984889746503,0.001868316335457159,0.0019979118125749407,0.0017789608950093876,0.0017884186668894264,0.0019397295928580832,0.0018365607099539573,Global Financial Crisis
2008-08-21,0.002175130940765881,0.002200171444602129,0.002236591501306905,0.0019191622722292835,0.0027347270860117855,0.00219830540294416,0.001912070960518511,Global Financial Crisis
2008-08-22,0.0008414895445843682,0.001912646346445348,0.002014126846257437,0.0017701999604409577,0.0021785441153102264,0.0017583313828459862,0.001842029427372132,Global Financial Crisis
2008-08-25,0.0007773934883382412,0.0019353076248627612,0.0020026951890428934,0.001809250495514821,0.0022337020636146454,0.001739328296070927,0.0018915620800705186,Global Financial Crisis
2008-08-26,0.0015257447112240795,0.0017529218949667506,0.0018484239035568382,0.001675912333942877,0.0018662976198100326,0.001553991521127988,0.0018199840963960168,Global Financial Crisis
2008-08-27,0.001795531641713191,0.001589466990777459,0.001686920548060364,0.0015390642132949656,0.001615577682340778,0.0013991826403217495,0.0017065898698694379,Global Financial Crisis
2008-08-28,0.0014226153723091493,0.0013597629506170807,0.001477942013650457,0.0013852338041296754,0.0011434170284055623,0.0011986996379986467,0.001593522268901061,Global Financial Crisis
2008-08-29,0.0028090939020888202,0.0011507090936576534,0.001230546729211417,0.001167646537600626,0.000929042552448357,0.0010382563536011544,0.0013880532954267137,Global Financial Crisis
2008-09-01,0.006993877778743846,0.0009932403865745172,0.001029697230777801,0.0009941850884012382,0.0008219781088673377,0.0008937302425019739,0.001226611262324236,Global Financial Crisis
2008-09-02,0.006214425171714996,0.0007848636623047212,0.0008080275523764651,0.0008144822328287957,0.0005194238564622259,0.0006951243152467926,0.0010872603546093261,Global Financial Crisis
2008-09-03,0.007175033548776914,0.0007842737106744686,0.0007988610262792653,0.0008216151048900182,0.0004899599033601155,0.0007392029173206129,0.0010717296015223317,Global Financial Crisis
2008-09-04,0.007291737199779584,0.0010058322823257551,0.0009954380190411202,0.001068822059265923,0.0006764905261898025,0.0010306833717131556,0.001257727435418774,Global Financial Crisis
2008-09-05,0.005971613674839278,0.0015152686680577289,0.001440406499157805,0.0014717250509497556,0.0014831785074961585,0.0016825041975318791,0.0014985290851530465,Global Financial Crisis
2008-09-08,0.002833476680780821,0.0013136722179681874,0.0013709000462811182,0.0014171024163134609,0.0009695574818298612,0.0013306575602925457,0.0014801435851239514,Global Financial Crisis
2008-09-09,0.004247497282063426,0.0013223077569245764,0.001367600000976479,0.0014754732200274148,0.0009156175484747078,0.0012843319327952858,0.0015685160823489946,Global Financial Crisis
2008-09-10,0.005294672601870824,0.0015627245121250064,0.0016232038657447365,0.001671424944422012,0.0012437063342039985,0.001595731736255653,0.0016795556799986304,Global Financial Crisis
2008-09-11,0.0056645343701203655,0.001879513906409918,0.001911941758118436,0.0018525218949925315,0.0019064045996359184,0.001957509702563841,0.0017691915767388629,Global Financial Crisis
2008-09-12,0.01507148210273341,0.0018740293387446275,0.0018632468688586,0.0017585485396719338,0.002179391578446072,0.001835599546253466,0.0017333601604930652,Global Financial Crisis
2008-09-15,0.015571668545923428,0.002205493760257058,0.0021337140083604704,0.002053648298288535,0.0027494493171559536,0.0021151947486238503,0.001975462428856483,Global Financial Crisis
2008-09-16,0.017915283078592244,0.0026389461583181837,0.002543021895671372,0.0023197097825884737,0.0036169927101203517,0.0025583885195997877,0.0021566178836109344,Global Financial Crisis
2008-09-17,0.015669940622616115,0.00291610139259836,0.0028392426990667095,0.0025739025317324466,0.003971335392766384,0.0027776732442497663,0.0024183530951764932,Global Financial Crisis
2008-09-18,0.015069391017944777,0.002918285469714196,0.002956562819293868,0.0025678527009118236,0.0038950162068193002,0.0027526049023680766,0.0024193907191779125,Global Financial Crisis
2008-09-19,0.0057145012524392295,0.002199689739952694,0.002337623562097852,0.002196599963996742,0.0024426125865741814,0.0019020836073173173,0.0021195289797773776,Global Financial Crisis
2008-09-22,0.02365018160359851,0.002292933107198056,0.0024077145182963724,0.0023450289235488328,0.0024515241590600165,0.0020467095520518837,0.0022136883830331747,Global Financial Crisis
2008-09-23,0.025629485837870853,0.0025543790505162334,0.00269114730910958,0.0025198311612886844,0.0027786642176771056,0.002434375991614273,0.0023478765728915255,Global Financial Crisis
2008-09-24,0.026176005716902886,0.0022645661435949102,0.002486272240634879,0.0022831278212747967,0.002196103743687617,0.002091498813977997,0.0022658280983992615,Global Financial Crisis
2008-09-25,0.028364068231801515,0.0019471747797048967,0.0022820610775676625,0.002115962913199064,0.001373999594283133,0.0018249640824214502,0.002138886231053174,Global Financial Crisis
2008-09-26,0.02921220967899998,0.0019908761529647797,0.002306860821451423,0.0020962869208238886,0.001506292913801734,0.001950774190832102,0.0020941659179147497,Global Financial Crisis
2008-09-29,0.020601985360963453,0.0025201490701806705,0.002733470940913794,0.0024897225705063906,0.0024759212184084804,0.0025311705792803703,0.002370460041794315,Global Financial Crisis
2008-09-30,0.020352547557748422,0.0019715555420434286,0.0023415729838015577,0.0022158762041437244,0.0013769103893102978,0.0017700098661522594,0.0021534082668093046,Global Financial Crisis
2008-10-01,0.025657084254953607,0.0016407802351997226,0.0019545055539970093,0.0019295082536215117,0.0008979220788594791,0.001420466270195891,0.0020014990193247223,Global Financial Crisis
2008-10-02,0.023316872296742522,0.001426210796584227,0.0016248702094411724,0.0017444363954743532,0.000646605421818955,0.001166660677219799,0.0019484812789668552,Global Financial Crisis
2008-10-03,0.025529339681899747,0.0011881206420087118,0.001333698145038725,0.0014723392844515982,0.0003975037784520487,0.0008989882961949755,0.0018380737059062108,Global Financial Crisis
2008-10-06,0.0152417902627564,0.0016213139738222733,0.0018505457218851548,0.001995293583343739,0.0006714920849871627,0.0014958850860859651,0.002093353392809345,Global Financial Crisis
2008-10-07,0.01047652666599845,0.002111895112281626,0.002330405543657993,0.0024130848481457145,0.0012838194623345516,0.0021642052646603056,0.002367960442609565,Global Financial Crisis
2008-10-08,0.008878313237987883,0.0028572973955873224,0.002921716966433777,0.002736572403671346,0.003140319406224215,0.002888885005105519,0.002598993196501755,Global Financial Crisis
2008-10-09,0.010204044689338373,0.0029973554842642803,0.0028310811380972464,0.002751142130005828,0.004081196991357805,0.0025715888313673973,0.002751768330493124,Global Financial Crisis
2008-10-10,0.007032502608534771,0.003557889388096566,0.003201075062016908,0.002935824027158117,0.005889419895837959,0.0028797490357722042,0.0028833789196976416,Global Financial Crisis
2008-10-13,0.006918197221663136,0.003052772940522994,0.002911996970314074,0.0027047989752732766,0.00443485172046175,0.0025782261304625395,0.0026339909061033314,Global Financial Crisis
2008-10-14,0.008396473516782953,0.002724039843512319,0.002516740819592015,0.002435505300564746,0.003964262188101982,0.002240318767476095,0.0024633721418267566,Global Financial Crisis
2008-10-15,0.008504265768101399,0.0028129762971382728,0.002630923778585053,0.002668715476253944,0.0037084087044909537,0.002402303384709198,0.002654530141652214,Global Financial Crisis
2008-10-16,0.007183169515881395,0.0031152524205547115,0.0029716108384383517,0.0028139849189098213,0.004265490083007015,0.0028270452809553382,0.0026981309814630328,Global Financial Crisis
2008-10-17,0.007685338615099508,0.0027993571119225152,0.002813326335207514,0.002619630408858323,0.0033319564614638945,0.0026134210857553944,0.002618451268327451,Global Financial Crisis
2008-10-20,0.008252327852743508,0.0026406141151885153,0.0026188877042699122,0.002470429084242927,0.0033051260088833123,0.002381850759365583,0.0024267770191808416,Global Financial Crisis
2008-10-21,0.006367862612694484,0.0022859588017185174,0.002176383838631963,0.0022131195322233387,0.0028460262660676004,0.0018938343637045732,0.0023004300079651104,Global Financial Crisis
2008-10-22,0.005677080122651082,0.0025247591580653396,0.002442805635187684,0.0025176656287234137,0.002971056402020022,0.0021968691781217285,0.0024953989462738503,Global Financial Crisis
2008-10-23,0.0067534310535867,0.0024620243478934564,0.0025360559326623724,0.0024936066462128963,0.0025266704788482154,0.0022660310996385383,0.00248775758210526,Global Financial Crisis
2008-10-24,0.014249685038669082,0.0026792640387100592,0.0027580807760751043,0.0026785991776123695,0.0028567116956368095,0.002470316008640522,0.002632612535585488,Global Financial Crisis
2008-10-27,0.013198602172284227,0.0027277836204384577,0.0028687683148654725,0.0027185737633342983,0.0028436518340565968,0.002475334747736278,0.0027325894421996416,Global Financial Crisis
2008-10-28,0.01314350840948027,0.0025988688313836952,0.0027914835081842247,0.0025847824396917195,0.002587035248935662,0.0025003933647427365,0.002530649595364134,Global Financial Crisis
2008-10-29,0.009408841204832378,0.0021814437488842653,0.0022372689200100457,0.0022158509896325284,0.002244484882716463,0.0019083486043778282,0.0023012653476844613,Global Financial Crisis
2008-10-30,0.015947738642976144,0.0019267634365804271,0.001911812662260805,0.001979105028726505,0.002007493208202298,0.0016413446743498842,0.0020940616093626427,Global Financial Crisis
2008-10-31,0.008009458955912676,0.0014931373081148482,0.0014859538525848772,0.0015807529264037523,0.0013780864337371104,0.0012238572542262163,0.0017970360736222848,Global Financial Crisis
2008-11-03,0.008095963692163788,0.0013053315362053387,0.001281885570598692,0.0013671220524591572,0.001192613863604556,0.0010882772678877488,0.0015967589264765387,Global Financial Crisis
2008-11-04,0.008058094846700935,0.0012615268895004815,0.0012058075644291574,0.0012957120215137331,0.0012024143057559873,0.0011081397396702605,0.00149556081613327,Global Financial Crisis
2008-11-05,0.008869021734773616,0.0014024912948624652,0.0012374431260544709,0.001424734356878118,0.001439992435976168,0.0013122078977123378,0.0015980786576912315,Global Financial Crisis
2008-11-06,0.0016449540313990105,0.0021279609946447263,0.0017947011468876135,0.0020015215657462984,0.0027317905882022473,0.002159609607174115,0.0019521820652133575,Global Financial Crisis
2008-11-07,0.0015774821050852795,0.0021345466200015347,0.0020067190930557264,0.002120179348896032,0.002223361966379154,0.0022913187048676613,0.0020311539868091005,Global Financial Crisis
2008-11-10,0.0030395510857804554,0.00197435737841659,0.001965559166242672,0.002068420557351187,0.0016788674941687566,0.00210496571789542,0.002053973956424916,Global Financial Crisis
2008-11-11,0.005112210768363962,0.0022204194293866317,0.002225134184881393,0.002298304973219634,0.002008399607948984,0.002342583705616968,0.002227674675266179,Global Financial Crisis
2008-11-12,0.004471838210028704,0.002460938002874508,0.0024709785314042812,0.0025347536849640788,0.0023715418637817445,0.002457934741873698,0.00246948119234874,Global Financial Crisis
2008-11-13,0.006035649854952596,0.0025856991193200186,0.0026633628657328186,0.0025742498745653587,0.0026688132825569604,0.0025756407134404084,0.002446428860304546,Global Financial Crisis
2008-11-14,0.0060537373828676916,0.0024087360909119697,0.002457090531758499,0.002418849763039286,0.0024782402575686618,0.002274155371330468,0.002415344530862932,Global Financial Crisis
2008-11-17,0.008058811703744579,0.0026400939615878532,0.0026804440232471665,0.00259695196697171,0.002855261831990941,0.0025293083460179084,0.0025385036397115412,Global Financial Crisis
2008-11-18,0.00575863460925551,0.002843677353749988,0.002931002439906295,0.002654559474384231,0.0033031297696367937,0.00275104810059404,0.0025786469842285767,Global Financial Crisis
2008-11-19,0.00557277621128154,0.0029089550590964807,0.002924823084842188,0.002752526417246449,0.003499951090509031,0.0026274265287074276,0.002740048174177308,Global Financial Crisis
2008-11-20,0.004019254529590048,0.0030025505588090634,0.0029883919387691214,0.0028654342279770956,0.00368473727548431,0.002577803810478105,0.0028963855413366856,Global Financial Crisis
2008-11-21,0.004030515096118047,0.0028803541799401295,0.0029870990592445155,0.002758118204075992,0.003353694202560222,0.0025365999435630325,0.0027662594902568864,Global Financial Crisis
2008-11-24,0.0006339429007329801,0.0024531067796475675,0.002500117172679706,0.0024901828545403344,0.0026939706531418674,0.00211327010547898,0.00246799311239695,Global Financial Crisis
2008-11-25,0.0006471228490750392,0.0022961562961877715,0.002207405703303667,0.0022158871463793654,0.002876938087154829,0.001997420943119218,0.002183129600981777,Global Financial Crisis
2008-11-26,0.0008507938360954909,0.00216851554735224,0.0019331571468430434,0.001976747314608298,0.00312375000820785,0.0019101620759862407,0.0018987611911157676,Global Financial Crisis
2008-11-27,0.0004996500847269417,0.0021256524651359814,0.00173366619392428,0.0018596908040368536,0.0033685540391550682,0.0019372162232136503,0.0017291350653500545,Global Financial Crisis
2008-11-28,0.000544047477190764,0.002026121591074315,0.0015470635890881402,0.0016743474965790065,0.0034364020541157803,0.0019128161087283615,0.001559978706860287,Global Financial Crisis
2008-12-01,0.0036063634444698173,0.002176201059200313,0.0016135769425919373,0.0018910853442930104,0.0036119939070484663,0.002005106457726739,0.0017592426443414147,Global Financial Crisis
2008-12-02,0.003938306006149344,0.0019762634097369404,0.0016238114176403413,0.0018856616622682908,0.0026665128453612222,0.0019494025833917891,0.001755928540023058,Global Financial Crisis
2008-12-03,0.0037510577789312593,0.0021351804832870198,0.0017768787302538892,0.001959150602270066,0.002975541246378444,0.0021939821140334235,0.0017703497234992762,Global Financial Crisis
2008-12-04,0.00420728048015382,0.0019510719415842183,0.0016655732479030857,0.0018383302230213327,0.002558630705857418,0.0019232973796338695,0.0017695281515053842,Global Financial Crisis
2008-12-05,0.005534684494965496,0.0021938278274042907,0.0018715939166535653,0.0019803769908663133,0.0031115519586612534,0.0022043999629502166,0.0018012163078901032,Global Financial Crisis
2008-12-08,0.0023188836708705543,0.0019489194776087539,0.0016451299774026633,0.0018258963389776355,0.002731153414060147,0.0018673287330644285,0.0016750889245388955,Global Financial Crisis
2008-12-09,0.0022077238595940188,0.0017878161641280313,0.0014756774946240855,0.0017007955029353346,0.002458680990797731,0.00165657570668641,0.0016473511255965954,Global Financial Crisis
2008-12-10,0.0025609186077763446,0.0017739969279217788,0.0014473899608879696,0.0016459288496609285,0.002482183160272914,0.0016784167581345066,0.001616065910652575,Global Financial Crisis
2008-12-11,0.003334033984509187,0.0019247774092071416,0.001609889554502635,0.0018067050548605944,0.002568534328185146,0.0018876340375082608,0.0017511240709790715,Global Financial Crisis
2008-12-12,0.0026031177700084635,0.0023691525479569266,0.0020321294286925464,0.0020872720569407714,0.0034384079657936656,0.002360981140731025,0.0019269721476266237,Global Financial Crisis
2008-12-15,0.0026013619031295073,0.0022609884574881986,0.0020617716094078207,0.002036560802361178,0.003102230623328207,0.0021362309680258524,0.001968148284317934,Global Financial Crisis
2008-12-16,0.002489610306428357,0.0023245720361343668,0.0022001997799507905,0.0021072144823075525,0.003081879293860362,0.0022770125133507618,0.0019565541112023686,Global Financial Crisis
2008-12-17,0.0021320728930129575,0.0021368551750784153,0.0020456233491701046,0.0019709376693079162,0.002738271629231181,0.002018226371116204,0.0019112168565666708,Global Financial Crisis
2008-12-18,0.0008335432562259479,0.002218157885115438,0.002199941401908921,0.0020861134965326255,0.002610594604797399,0.0021743962880917053,0.0020197436342465395,Global Financial Crisis
2008-12-19,0.00016648014815236445,0.002385814888275852,0.0024175166527922666,0.002177192226839977,0.002875072378113005,0.0023603024962347103,0.0020989906873993026,Global Financial Crisis
2008-12-22,0.00017248329539836272,0.00231194802501499,0.0023821573472090256,0.0021614477624671198,0.002673588007755063,0.0022012496697112016,0.0021412973379325386,Global Financial Crisis
2008-12-23,0.0010745734356411103,0.0021845120525166542,0.0023304393166926423,0.0020989803076402083,0.002342505694260853,0.0020023751007913542,0.0021482598431982135,Global Financial Crisis
2008-12-24,0.002174446447524328,0.001988061765151141,0.002207233673567651,0.0019527496402139662,0.0019487880138225656,0.0017789682688418402,0.0020525692293096804,Global Financial Crisis
2008-12-29,0.004327809383488986,0.0017112287754317997,0.00197160247870705,0.0017616485826807814,0.0013804622095892481,0.001519063139763909,0.001923367466418009,Global Financial Crisis
2008-12-30,0.0043245124465678625,0.0015722717269060307,0.0018292463912248924,0.0016547139304768001,0.0011294512131942405,0.0014670093055920953,0.0017809377940421255,Global Financial Crisis
2008-12-31,0.004369988473069534,0.0015922475683643196,0.001744756196569095,0.0015915811749580187,0.001395175930801688,0.0015663770186820443,0.001663347520810753,Global Financial Crisis
2009-01-02,0.0036308035018824893,0.003880886617020849,0.004141855935861335,0.005226895185597297,0.0010956429246566268,0.004263446026637147,0.004676593012351837,Global Financial Crisis
2009-01-05,0.002790885707249723,0.003947240431048047,0.003531149202326886,0.0051123146681944665,0.0033044036821807334,0.003470244819122666,0.004318089783415483,Global Financial Crisis
2009-01-06,0.000622430689331634,0.0033354175319921984,0.002958908686401803,0.004452308082508148,0.002596015834101996,0.0027862549436936715,0.003883600113255374,Global Financial Crisis
2009-01-07,0.0037827304003148383,0.0029087901711233994,0.002462708422312191,0.003551060494376334,0.003399897230744305,0.00206311392762465,0.003067170780559517,Global Financial Crisis
2009-01-08,0.0037679674848170976,0.0027516240040622473,0.002128004533565599,0.003153550303210927,0.004205223214679083,0.0016488917266725654,0.0026224502421830615,Global Financial Crisis
2009-01-09,0.0035729574641660696,0.0026839105742923267,0.0017763976879341962,0.0026674486431861513,0.00556920158834767,0.0013383448045817974,0.0020681601474118187,Global Financial Crisis
2009-01-12,0.00924452729972003,0.0025203790223134216,0.0017987513273227554,0.002775098401491795,0.004641822753413503,0.001379006769291307,0.002007215860047748,Global Financial Crisis
2009-01-13,0.009612941045604178,0.002095285923111443,0.0016416225536695008,0.0025554447185074432,0.0031326344005887575,0.0012604393849250384,0.0018862885578664744,Global Financial Crisis
2009-01-14,0.006755117419707551,0.0024977681642110636,0.0022004961861817702,0.0029094534528362483,0.0029608455917615783,0.0017281402224911058,0.0026899053677846172,Global Financial Crisis
2009-01-15,0.007089553712676374,0.002175144975053211,0.002346022380702355,0.002254531316341435,0.0019186678383779471,0.001892406451228288,0.0024640968886160287,Global Financial Crisis
2009-01-16,0.0073627127739686,0.0020449368048178315,0.0024064018758026195,0.0019236064853892089,0.0014793771582077998,0.002042044747906667,0.002373253756782862,Global Financial Crisis
2009-01-19,0.001568756829367717,0.0032821017785606187,0.003908447424732781,0.0027712927257777585,0.0027447335664593816,0.0032076522906646105,0.0037783828851685607,Global Financial Crisis
2009-01-20,0.0013358629335692878,0.004376962087972286,0.004986450114848249,0.0035699704758252685,0.0038678420238177553,0.0043052984110540605,0.0051552494143160925,Global Financial Crisis
2009-01-21,0.003185280561182346,0.005722622277496677,0.006070899481669297,0.004529995289805608,0.006031276307654496,0.005579748787862359,0.006401191520491621,Global Financial Crisis
2009-01-22,0.005220768814600162,0.006347058162184988,0.006297668720962295,0.004936271925784843,0.0075119273223862955,0.006037116298576957,0.006952306543214551,Global Financial Crisis
2009-01-23,0.00490608153875931,0.006289248969653891,0.006130163203213967,0.0050399670696627185,0.007426134012743608,0.006032677956269341,0.006817302606379818,Global Financial Crisis
2009-01-26,0.0047757264604803215,0.005768214473530667,0.005619977628468458,0.004831943020583698,0.006702639121294502,0.005614445321996594,0.0060720672753100825,Global Financial Crisis
2009-01-27,0.0046410931620676455,0.00565325468219284,0.005402724838556935,0.00485615844542338,0.0066767107720992,0.005318198887951662,0.006012480466933024,Global Financial Crisis
2009-01-28,0.003476717795006452,0.00509114029953914,0.004746048832661343,0.004682161150785126,0.005671669805560238,0.004729932194138128,0.005625889514550867,Global Financial Crisis
2009-01-29,0.001078290358110605,0.005886879916375762,0.005508239820930294,0.00554082940190588,0.006395943552874371,0.005356297022022946,0.006633089784145315,Global Financial Crisis
2009-01-30,0.00200521375431356,0.005797340421543711,0.005680437496068916,0.00593246845811299,0.0046285839770280005,0.005731332831771856,0.007013879344736795,Global Financial Crisis
2009-02-02,0.002015673543045672,0.004941987986025078,0.005178719579490651,0.005440912770438905,0.0028287985848859036,0.005305884996744305,0.005955623998565624,Global Financial Crisis
2009-02-03,0.0021952368944163072,0.004436689311049914,0.004610857714417225,0.005105247191637446,0.0026031949528637103,0.004640326954496587,0.005223819741834601,Global Financial Crisis
2009-02-04,0.0014422473574131004,0.003622101259576037,0.0037929979933432312,0.00454573699491776,0.0017061837692471079,0.0038508626881103986,0.004214724852261688,Global Financial Crisis
2009-02-05,0.001840696761435777,0.003381545394441416,0.0034872699563690364,0.004465141163797496,0.001514629671122717,0.00340160482833639,0.004039081352581442,Global Financial Crisis
2009-02-06,0.0009056315955040323,0.0035697719443785617,0.0032084133603288703,0.004531674782832594,0.0028091698544332666,0.003046828800551476,0.004252772923746601,Global Financial Crisis
2009-02-09,0.0025166582533174466,0.003636353524852057,0.002837470584225341,0.00422683149717516,0.0047261714313948005,0.002535521492167472,0.0038557726192975086,Global Financial Crisis
2009-02-10,0.0030950175845179005,0.004431791494015975,0.0029873320512398267,0.004830132006855673,0.007609066077437075,0.0026326719185968276,0.004099755415950472,Global Financial Crisis
2009-02-11,0.002914844539063904,0.004064274499336272,0.003090481994702751,0.004873132050374846,0.005735118595867081,0.00273735524614954,0.0038852846095871426,Global Financial Crisis
2009-02-12,0.002507464186956589,0.004544143557933623,0.0035897667834556865,0.00528446303287632,0.00646643644149324,0.003222325890767427,0.004157725641075444,Global Financial Crisis
2009-02-13,0.004407411650081172,0.0032650340135288993,0.003567739011464335,0.004171737770683959,0.002197683022931755,0.0031412168452614824,0.0032467934173029647,Global Financial Crisis
2009-02-16,0.002924420552291287,0.003929552185947492,0.0045373175515828045,0.004818917911867499,0.00223610286474697,0.0040626327670953595,0.00399278983444483,Global Financial Crisis
2009-02-17,0.0022225459123429553,0.004726914302818153,0.0055396927393144705,0.005083761260560955,0.0026026926349403193,0.005123265040984328,0.0052851598382906905,Global Financial Crisis
2009-02-18,0.002249407537094293,0.004357250814447421,0.0055707671107488275,0.003966135491068916,0.0020510314037689463,0.005265130102593174,0.004933189964057236,Global Financial Crisis
2009-02-19,0.002248156939031248,0.004301011396524437,0.00563380423360855,0.003990709577108999,0.001717734194096214,0.005320237479954662,0.004842571497853761,Global Financial Crisis
2009-02-20,0.0004451500577393524,0.005113499661590678,0.006547383486351432,0.004739186840185555,0.002056792618956,0.0060481459501690584,0.006175989412291343,Global Financial Crisis
2009-02-23,0.002391643662642855,0.00583101288294899,0.007074805726235344,0.0054201604763873005,0.002660528133225778,0.0067376323335252165,0.007261937745371313,Global Financial Crisis
2009-02-24,0.002406685574501118,0.006319364439817355,0.0073012414250014845,0.005909982599563782,0.0031036453798574033,0.007251260535857268,0.00803069225880684,Global Financial Crisis
2009-02-25,0.004079648809191153,0.006769817772964058,0.0072317932976498946,0.006049672571951644,0.004717570028335866,0.00734949947853933,0.008500553488343554,Global Financial Crisis
2009-02-26,0.004280731238649585,0.006748231523632556,0.006636653973498061,0.0058510042476613445,0.006630324596203685,0.006735319544602006,0.007887855256197682,Global Financial Crisis
2009-02-27,0.005378726719348432,0.006970986247529881,0.006193695474556933,0.005837821412054483,0.008802692424687251,0.006244239709830183,0.007776482216520555,Global Financial Crisis
2009-03-02,0.0035612820005868867,0.007781872610223067,0.006682069872270886,0.006454398711687974,0.010657404702833788,0.0065567906674580375,0.008558699096864655,Global Financial Crisis
2009-03-03,0.004749055253980762,0.007892163497843297,0.006706374221100534,0.006591625435337265,0.010868031462370791,0.006765696276208327,0.008529090094199566,Global Financial Crisis
2009-03-04,0.0033726060857759183,0.006940598330120888,0.005816233357184982,0.00629972476667417,0.009210360416817907,0.006238137577814913,0.007138535532112471,Global Financial Crisis
2009-03-05,0.0036662184099972373,0.007552240382283989,0.005831583293642977,0.0065550310799419855,0.011558535170465735,0.006217552586332419,0.007598499781036831,Global Financial Crisis
2009-03-06,0.002579576168057563,0.007767001622058857,0.006209036103850737,0.006719645758287602,0.0116302117883139,0.006548425088474328,0.007727689371367718,Global Financial Crisis
2009-03-09,0.0037677496391854263,0.008008603416223076,0.006551351136188235,0.006895652606107588,0.011600950985711114,0.006977734869708457,0.008017327483399983,Global Financial Crisis
2009-03-10,0.0025315860468379902,0.007358063207102949,0.006004352945378039,0.00687763572892881,0.009361330446823538,0.00680940685462852,0.007737590059755842,calm
2009-03-11,0.0022984307612184366,0.007770876384656325,0.006201358752980878,0.006946034631772673,0.010792231005238977,0.006947445405984442,0.007967312127304654,calm
2009-03-12,0.001830507786086986,0.007626110654233122,0.005914448113908271,0.0069901229396975425,0.010228401137673076,0.006824672687458144,0.008172908392428577,calm
2009-03-13,0.002179207249416248,0.0074237627225300735,0.005596874387817948,0.006707913939545042,0.010229724708775197,0.00657301927580765,0.00801128130070453,calm
2009-03-16,0.0007601231825803639,0.00620348844950784,0.004597464761234968,0.005886187653778329,0.008340873569154127,0.005597341931859978,0.0065955743315118005,calm
2009-03-17,0.0008667291112473565,0.005965988035405222,0.0045261005344585685,0.005590630370846772,0.0077507372436694194,0.005244528620445285,0.006717943407606068,calm
2009-03-18,0.0008073816991397732,0.005076139242167467,0.004218867543020272,0.004195656770466251,0.0060802711754595114,0.00473422995020911,0.0061516707716821875,calm
2009-03-19,0.0008979295619118552,0.004769029876861022,0.004020190642342691,0.003983404462977547,0.005897623495269652,0.0043144058823826196,0.005629524901332603,calm
2009-03-20,0.0004510710319683572,0.0042622657888694284,0.0035919222279504164,0.0037173701967003325,0.005219405819820829,0.003908472882045793,0.004874157817829774,calm
2009-03-23,0.0006902133744578453,0.004386645913223071,0.0035567846317022004,0.0039104640430630356,0.005459289988833268,0.0037288752121109603,0.005277815690405889,calm
2009-03-24,0.0014528619211347203,0.004614413827297786,0.003571390921831885,0.0038855882024080193,0.007000859409570455,0.0034939036750779853,0.005120326927600586,calm
2009-03-25,0.003048560017452961,0.00452037096230712,0.0034361425975805446,0.0039830500624081664,0.006923257311178772,0.003295322288486916,0.004964082551881206,calm
2009-03-26,0.0040670254215267095,0.004654389112281213,0.003329762300690035,0.004063809458156329,0.007603147884585194,0.0031188048963517105,0.0051564210216227995,calm
2009-03-27,0.00422349291443859,0.004891321923129259,0.003450630614721648,0.004464587650087424,0.008088907151231063,0.0032183260808416867,0.005234158118764477,calm
2009-03-30,0.004080343064147333,0.00528051608913271,0.0038986784217922587,0.005109904861017971,0.007860476398914096,0.0037691052730872464,0.005764415490851977,calm
2009-03-31,0.003334773046595536,0.004790860134679331,0.003577362456281363,0.005290092508673794,0.006492444232473618,0.0036195248191585308,0.004974876656809349,calm
2009-04-01,0.0019192784301355988,0.0040313567288491016,0.0030268884573614496,0.004364008811153946,0.006220069573886505,0.0028253275125586876,0.00372048928928492,calm
2009-04-02,0.00149092696898494,0.00363246833374568,0.00268111072276476,0.0038736120730222816,0.006009812544518744,0.0023864457305218427,0.003211360597900773,calm
2009-04-03,0.0015766517485494786,0.00402159902007097,0.0028376636064625007,0.0043021311446249716,0.0068561201481958205,0.002418821336527406,0.0036932588645441525,calm
2009-04-06,0.0024971093068145646,0.00415423891565753,0.003029302037079645,0.0044103780697296755,0.007242344800917191,0.0024525937670194817,0.0036365759035416573,calm
2009-04-07,0.0036511089030443994,0.003985118372982047,0.0032344110304136815,0.0037607651539558907,0.006987203695620396,0.0026035172552073098,0.003339694729712957,calm
2009-04-08,0.0035191326222724726,0.0035722845988149093,0.003184583119851019,0.0033456066315545063,0.0057279368835002585,0.0026727689148366017,0.0029305274443321623,calm
2009-04-09,0.0037020657969181812,0.0033828654578949846,0.00304976528398977,0.0030906335236172036,0.0051814799547961424,0.002661789266003977,0.00293065926106783,calm
2009-04-14,0.0034238154877352695,0.0028389196851319925,0.0027778150963011857,0.0026858017978319145,0.00383245184122729,0.002450634542508677,0.0024478951477908966,calm
2009-04-15,0.0029494344989198966,0.0028427261527766362,0.0032361540990477645,0.0029782257640823878,0.0022162709288362087,0.00291029111108266,0.00287268886083416,calm
2009-04-16,0.001779914889679493,0.002607863200744865,0.0032265951349442364,0.0029241020080277057,0.0010940197285564052,0.0030001173223697815,0.0027944818098261976,calm
2009-04-17,0.0016475104593827446,0.002621664207147193,0.0031121833593616387,0.002900959236288042,0.001441801299061723,0.002945398630398995,0.0027079785106255668,calm
2009-04-20,0.0007663260036134949,0.003076431969257282,0.0036263771820874225,0.0033621337516202116,0.0015783905394694464,0.003470693446529766,0.003344564926579566,calm
2009-04-21,0.0009130305540447395,0.003070315573817717,0.0037589193038448476,0.0033781554870696805,0.001023816805433628,0.003744928371852485,0.003445757900887942,calm
2009-04-22,0.0020413708407697718,0.0027788165642585972,0.0034069537020882477,0.003133046966878728,0.0008759127183116785,0.00356470659530869,0.0029134628387056404,calm
2009-04-23,0.004167937236264983,0.0030265433040804106,0.0035517152674468134,0.0033632012123503124,0.0014477316551153923,0.003727179067495084,0.003042889317994451,calm
2009-04-24,0.005094974609730855,0.0026452770321800704,0.0031921583837985316,0.002876131173526378,0.0008796641467863838,0.00328700191748978,0.0029914295392992787,calm
2009-04-27,0.005145740521241268,0.002367768587828302,0.002866800064052409,0.002572727935128879,0.000888799554163901,0.002819646229038545,0.0026908691567577763,calm
2009-04-28,0.006195314374155303,0.0023700111361377165,0.00286106077099098,0.0025492246096515347,0.000962667528346521,0.0027675243235113526,0.0027095784481881934,calm
2009-04-29,0.005529656633441907,0.0020914239548672424,0.0025381243846201635,0.002298741239881595,0.0007985952136852743,0.002417390700494705,0.002404268235654474,calm
2009-04-30,0.00411195441451347,0.0016070880378318618,0.0020389015243931293,0.0017877500273916125,0.0006984126822556444,0.0018341306813994373,0.0016762452737194866,calm
2009-05-05,0.0032012170695792323,0.0016708657988196269,0.0016736379965868237,0.001475475156731234,0.0026346995220560164,0.0013938407004927822,0.001176675618231279,calm
2009-05-06,0.005243900921655198,0.0016150508774188514,0.0016409059619503237,0.0013940465781997187,0.0026229749314431684,0.001289787791339877,0.001127539124161169,calm
2009-05-07,0.004690664532730004,0.002205166791642893,0.0021178908069155586,0.001849249281421248,0.0038342922828270773,0.001646918050944433,0.0015774835361061488,calm
2009-05-08,0.004437823260390972,0.00214315830592792,0.002271335398049046,0.0019355160441244864,0.002975866578069207,0.0017754040902284772,0.0017576694191683841,calm
2009-05-11,0.003614854766626639,0.0020881819187845395,0.0027897360360177137,0.0021067308074730635,0.0011616620339491206,0.002222366922455782,0.0021604137940270185,calm
2009-05-12,0.005039538648559622,0.002023472206942353,0.0028384575134798493,0.0020070781040183905,0.0009664547818083293,0.002308114119428403,0.0019972565159767953,calm
2009-05-13,0.0029544892925126,0.0028477641758665865,0.0038459249314862468,0.002810806593941467,0.0013910146587795328,0.0031814207722167006,0.0030096539229089838,calm
2009-05-14,0.0025484742960562292,0.0029752439116881085,0.004152299258661137,0.0030515877895355903,0.0008978730895041613,0.003696524039157785,0.003077935381581871,calm
2009-05-15,0.0017704800590323826,0.0027926571939732615,0.0039686661506373785,0.0029317078879346503,0.0005744051581305926,0.0037255337363487477,0.0027629730368149375,calm
2009-05-18,0.0017553818946513455,0.002814511894798661,0.00389774888040076,0.0030422436927364667,0.0005188944209829371,0.0037277146570990254,0.0028859578227741147,calm
2009-05-19,0.000315998414768144,0.002255393292308735,0.0031923165243939824,0.002505229403336507,0.00035130714325245013,0.0030347915591829636,0.0021933218313777707,calm
2009-05-20,0.0006438080975432013,0.0019669110923958566,0.0028027558458973635,0.002225849390699884,0.0003285602358619737,0.0025822064993374907,0.0018951834901825711,calm
2009-05-21,0.0008357211111856017,0.0021666060713762475,0.0029895151453641472,0.0024824681385781236,0.00043696438959250574,0.0027144919958141532,0.002209590687532308,calm
2009-05-22,0.0009306161832728336,0.00205882934884819,0.002852385139054474,0.00234956827898823,0.0005332486173505,0.002502691744392959,0.0020562529644547866,calm
2009-05-25,0.00211657184242128,0.0018164557724316005,0.002550677358221258,0.0019689302172291507,0.0005958960802619035,0.002168947354619883,0.0017978278518258073,calm
2009-05-26,0.0022591591136424225,0.0016830253793141039,0.0023192408773886593,0.0018380694002078034,0.0005970988713558006,0.0019126990112250154,0.0017480187363932407,calm
2009-05-27,0.002018050646912031,0.0014497117903114701,0.001986117475277983,0.0016394019688025004,0.000512283738158405,0.0016141789831504295,0.0014965767861680327,calm
2009-05-28,0.0018764283270389,0.0017467660623198904,0.0022209778011766275,0.0019279313231665327,0.0007870898791447523,0.0018301817983183508,0.0019676495097931896,calm
2009-05-29,0.002253135283151963,0.0019135162976159537,0.0023206580395791028,0.0020953670275592764,0.0009436963151344529,0.001919489440259898,0.0022883706655470377,calm
2009-06-02,0.0011668859020707413,0.0017890539784983141,0.0019933231778522763,0.0018382932039871513,0.001562216064992525,0.0016169191124634774,0.0019345183331961398,calm
2009-06-03,0.0011550080494664686,0.0018539252712490295,0.001828952282284586,0.0018092108358497058,0.0023549176534379476,0.00151689358743173,0.0017596519972411786,calm
2009-06-04,0.0011268056661484678,0.0019962856803930375,0.0017530226037794905,0.0019466091657878064,0.0030326708361586873,0.0014620409861148805,0.001787084810124324,calm
2009-06-05,0.0008486264549246329,0.0020956825608305038,0.0015700276042915683,0.0022035975430571763,0.003696823500429984,0.001326569137330268,0.0016813950190435218,calm
2009-06-08,0.0012734182853346872,0.0019365269407231502,0.001591984878622763,0.0017029385432409511,0.003300936099302041,0.0013896000115451263,0.0016971751709048684,calm
2009-06-09,0.0011766948694655,0.0013466945473876782,0.0013238641186449217,0.0011544265853713712,0.0018307495309418291,0.0012044573513542583,0.0012199751506260111,calm
2009-06-10,0.002366117038230503,0.0012244873473663128,0.001265121608299484,0.0011149686838209198,0.001413744326507076,0.0011692537020328946,0.0011593484161711895,calm
2009-06-11,0.0023075055596495733,0.0008726080640037778,0.0010591480704939804,0.0008894985525026113,0.0005889821099310257,0.0010112817888119133,0.0008141297982793589,calm
2009-06-12,0.0025114040412141606,0.0008317909713665411,0.0010165605931317116,0.0008554226787645005,0.0005300647507302456,0.0009771225634121852,0.0007797842707940631,calm
2009-06-15,0.003207330772418933,0.0010854029823444413,0.0012548204704924556,0.0011307068048656023,0.000740746450814291,0.0011824927122363956,0.0011182484733134627,calm
2009-06-16,0.0032890092038716863,0.001187284488971203,0.0013758221146808992,0.0012021796671848304,0.0008301906205608246,0.0012877437416588446,0.0012404863007706153,calm
2009-06-17,0.0027776296067768785,0.0016757985856713296,0.0019455756932676134,0.0016123423281944852,0.0012262047461809066,0.0017853246561312416,0.0018095455045824007,calm
2009-06-18,0.0031429615678396465,0.0020513693672444613,0.0023665962531133145,0.0018620587023452132,0.001615208983419629,0.0021743521224853977,0.0022386307748587524,calm
2009-06-19,0.0029300969741253204,0.0021629449347997836,0.0025585557749332956,0.0019007781782805636,0.0017529513638168436,0.002323014798295044,0.0022794245586731706,calm
2009-06-22,0.0014434917285244234,0.0034027728367243804,0.003666886604261561,0.0028514748417336477,0.0034936205361767348,0.0032604300527902808,0.0037414521486596767,calm
2009-06-23,0.0013987942177060603,0.003891017804253923,0.004241725724795303,0.0032680890834256983,0.0039793103379555834,0.003833182826179653,0.004132781048913379,calm
2009-06-24,0.0006169151777295113,0.003698688734136515,0.004130791323937889,0.003286530462909837,0.0034935959963670617,0.0038988109558604636,0.0036837149316073224,calm
2009-06-25,0.0003245067694658935,0.0044674866089496525,0.004789201450939716,0.003962258641155809,0.004451635116281241,0.004534021972767091,0.0046003158636044065,calm
2009-06-26,0.00041574330200038,0.0048865399416137215,0.004882741568586141,0.004068923734180815,0.005899530857686338,0.004654202074974967,0.004927301472640346,calm
2009-06-29,0.00156503363504088,0.0049272513077912,0.0046544510833456555,0.0041684139615854555,0.006357092712827471,0.004478595105320843,0.004977703675876579,calm
2009-06-30,0.0018925702636482962,0.005109849870049252,0.004554703716529867,0.004215026138247376,0.007455117827503464,0.004260793100789828,0.0050636085671757255,calm
2009-07-01,0.0018859736422913173,0.005001982683887419,0.004322952521282262,0.004118535402423849,0.007684606562579884,0.004012382502585524,0.004871436430565576,calm
2009-07-02,0.0018831307221836239,0.005505606789180042,0.004498593256586247,0.0044140656138758365,0.009246481170532969,0.004132312553770301,0.0052365813511348605,calm
2009-07-03,0.0023686267531775555,0.005365750625457686,0.004207395506051153,0.004432143257205261,0.009277755110224193,0.003994680223079787,0.004916779030728038,calm
2009-07-06,0.001237718391452383,0.005736200876788954,0.004646290530351696,0.004711216999971393,0.009785259393458753,0.004411557612174491,0.0051266798479884385,calm
2009-07-07,0.0009998707907001268,0.005645049068763457,0.00452928813163728,0.0047409567440227845,0.009680194757105774,0.004466910000458901,0.004807895710592541,calm
2009-07-08,0.0012004473178825086,0.004916236356976611,0.003927403563196519,0.004002056325076664,0.009056526753763516,0.003914241008743484,0.003680954134102872,calm
2009-07-09,0.0011151810476039898,0.004700380128284237,0.003745700597174611,0.0037542223719830184,0.009025469108403059,0.0037288752121109603,0.00324763335174954,calm
2009-07-10,0.0005761353585908038,0.0051708012423506075,0.004177433728851324,0.004120971269430251,0.00978708763780803,0.0040874591924053676,0.0036810543832580655,calm
2009-07-13,0.000621393613173143,0.005071282882460291,0.004108698544156534,0.004241251056220134,0.009022749020664035,0.004127532617851767,0.003856183173408988,calm
2009-07-14,0.0004984766484282935,0.0049693079555688194,0.003882268539471082,0.004317924859077094,0.008888595250011625,0.0039353114535537964,0.003822439675730501,calm
2009-07-15,0.0003157873523111657,0.003746563430232726,0.003400328709544864,0.0031024078268029154,0.00581846158213067,0.00336451652340994,0.003047102509275244,calm
2009-07-16,0.0015212786455386564,0.003515943629238678,0.0032634445123637585,0.0030054214226007247,0.004876129198905276,0.003076665389712536,0.0033580576226110983,calm
2009-07-17,0.0015451818779821283,0.002627858942479068,0.0025654318067090463,0.001937342035172265,0.003968192382944375,0.0022572640323974455,0.002411064455172209,calm
2009-07-20,0.001473088108584231,0.0024804796299899,0.0023157809478576005,0.0017074450643873255,0.004084907904352447,0.0019407641919185403,0.0023535000414335867,calm
2009-07-21,0.001484269011739011,0.00218441837893217,0.0020621583673987656,0.0014742468936749511,0.0036779576344260173,0.0016168784648426218,0.0020908505343184966,calm
2009-07-22,0.001443486248958558,0.001573674022183539,0.0016274323205440774,0.0011487753824938167,0.002244525427885882,0.0012064495545704938,0.0016411874254234251,calm
2009-07-23,0.0004431905115820571,0.0012784527387818892,0.0014226964806365156,0.0010072852331542233,0.00151938007467537,0.0010295198909814594,0.0014133820144618782,calm
2009-07-24,0.0003741590934854456,0.0012844184549976616,0.0014407914395615888,0.0010270323293791132,0.0014584803776553127,0.0010134186603815043,0.0014823694680107886,calm
2009-07-27,0.0012445324483392167,0.001228565791142866,0.0014042747314028212,0.0010539330649692662,0.0010976068971116837,0.0010088873391262505,0.0015781269231043087,calm
2009-07-28,0.0014773235707127067,0.0012966646394568936,0.0015361246490975672,0.0011468713497444858,0.0010523471654689468,0.0010927901580992483,0.0016551898748742202,calm
2009-07-29,0.0015777019002180999,0.0011735171631271069,0.0013750827590993614,0.0010518724266743613,0.0010272180904951271,0.0009691086283385885,0.0014443039110280972,calm
2009-07-30,0.0014038871497142507,0.0010351974814611035,0.0011967304303356174,0.0009578751926936275,0.0009002115695971989,0.0008542596334019432,0.0012669105812771304,calm
2009-07-31,0.0014219582798172608,0.0009680508643262426,0.0010563531110721212,0.000862696715118983,0.000992779316103831,0.0007806626130849463,0.0011477625662513313,calm
2009-08-04,0.00046063328721855813,0.0008129552945610261,0.0008667217146144633,0.0007136798933749367,0.0009908033852664001,0.0006698463293168583,0.000823725150232472,calm
2009-08-05,0.0004509277442980251,0.0008216016247936199,0.0009274548968866833,0.0007664353937745251,0.0008442746614269149,0.0007174373917889478,0.000852405780091028,calm
2009-08-06,0.0007276855695662366,0.0007058757787576306,0.00082468763077638,0.0007135498632237003,0.0006135849444369213,0.0006895567339122753,0.0006879997214388759,calm
2009-08-07,0.0006927268128712886,0.0007020108549798826,0.0008282828030370366,0.000718767092165818,0.0006463159035835791,0.0006913290727237838,0.0006253594033891957,calm
2009-08-10,0.0016870755901201042,0.000742087673147769,0.0008638172621736964,0.0007598511756775279,0.0007102007969953911,0.0007245210711921355,0.0006520480597000935,calm
2009-08-11,0.0016476271057887326,0.0008570659113610726,0.0009604717467472072,0.000897018216461845,0.0008093727142406444,0.0008214225522086106,0.0007970443271470555,calm
2009-08-12,0.0014190846866623437,0.0008227865758255459,0.000953290838119608,0.0009032538802641569,0.000669173692820474,0.0008287795553659534,0.0007594349125575374,calm
2009-08-13,0.0015903811961116246,0.0007621077035749363,0.0009168730779545408,0.0008519191806464784,0.0005388519236231055,0.0008108848798740161,0.0006920094557765406,calm
2009-08-14,0.00186180072767529,0.000772801404318902,0.0008780436459172446,0.0008339591285013786,0.0006435631594465107,0.0007888281896542922,0.0007196128980750831,calm
2009-08-17,0.0008604084464665917,0.0010596049882503262,0.0011233849685057438,0.001145380925713288,0.0008652504598787795,0.0010176305254488314,0.0011463780617049877,calm
2009-08-18,0.0010469186208403886,0.001160986476281448,0.0012232465858661456,0.001222453388975765,0.0009616036696818956,0.00110960805772652,0.0012880206791569143,calm
2009-08-19,0.00113934690116074,0.0011857061275000638,0.00123563207946987,0.001197996046273984,0.001072846872806721,0.001114664968003022,0.0013073906709467223,calm
2009-08-20,0.0008584561296254743,0.0010647595080010023,0.0011441910223571265,0.0010903007303245467,0.0008825150792848803,0.0010443375411129956,0.0011624531669254627,calm
2009-08-21,0.0008317134498287395,0.0010253120665012568,0.0011024575238566085,0.00103193946626555,0.0008602212863525434,0.0009920960746571082,0.0011398459813744737,calm
2009-08-24,0.0008504641408700566,0.0009323411353290616,0.000991046180479173,0.0009024726035184108,0.0008443574303595121,0.0008846577471291787,0.0010391717151590335,calm
2009-08-25,0.001034338359187289,0.0008247453322246945,0.0008869055355691113,0.0007871484556927111,0.0007352763947369948,0.0008005715212303474,0.0009138247538943074,calm
2009-08-26,0.0013479004148407691,0.0008013350140896293,0.0008559258290580466,0.0007450229387784625,0.0007493245508181393,0.0007815220762897263,0.0008748796755037718,calm
2009-08-27,0.0010812768992904851,0.0007380999385300081,0.0008234934193759612,0.0006990101926300398,0.000639890586813214,0.0007625407734865194,0.0007655647203443063,calm
2009-08-28,0.001237689467426264,0.0006541630598654797,0.0007761362894103968,0.0006395848035907267,0.0005063876827216537,0.0007264507120557806,0.0006222558115488403,calm
2009-08-31,0.0012866724200575775,0.0006939248731148736,0.0008392966950903479,0.000686931703609804,0.0005066081067708898,0.0007794246482122431,0.0006573632118910835,calm
2009-09-01,0.0015272551519829257,0.0009231457417311183,0.0010734251808595797,0.0009439554397374959,0.0006743616214193708,0.0009975507139894147,0.0009264357526497301,calm
2009-09-02,0.0012102418331863434,0.0012110606513348024,0.0014548848573363523,0.0012199323134661042,0.000805232100522507,0.0013382653124240816,0.0012369886729249671,calm
2009-09-03,0.001225696724140009,0.0013205586058687194,0.001661052731692247,0.0013229897818168275,0.0007839415965169505,0.00149373924246507,0.0013410696768525012,calm
2009-09-04,0.0012795861918932095,0.0012530419325584193,0.0016441088783617282,0.0013206195160171252,0.0005674142530153134,0.0014822552181017394,0.0012508117972961901,calm
2009-09-07,0.001216813241479707,0.0012657294596911247,0.001670240467974871,0.0013466859502824012,0.0005204858056136667,0.0014831500688823026,0.0013080850057023829,calm
2009-09-08,0.0007164821785517045,0.001226160203663423,0.0016055497297888836,0.0012922707976545905,0.00048204752709285866,0.001403855812216734,0.0013470771515640481,calm
2009-09-09,0.000887287006806426,0.001205873734823652,0.0015310428203406464,0.0012455661385844155,0.0005324408930319158,0.0013088735063886893,0.0014114453157725929,calm
2009-09-10,0.0018154471150962884,0.0012582161009155022,0.0014810137633699584,0.0012380701550391698,0.0007326767767564784,0.0012121619586426366,0.0016271578507692681,calm
2009-09-11,0.0013780041756222975,0.001201581120796253,0.00130607186154568,0.0010858872438270337,0.0010546864446254306,0.0010657275819197576,0.001495532472063363,calm
2009-09-14,0.001973158820855669,0.00123471924847662,0.0011894838581387847,0.00098044048916458,0.0016324041856327887,0.0009515422170543123,0.0014197254923926333,calm
2009-09-15,0.001878584818146061,0.0013688374879555969,0.001107834148976868,0.0008990193859101097,0.0026116571582384005,0.0008777680810987458,0.00134790866555386,calm
2009-09-16,0.00163372584769513,0.0013777347987277474,0.0009741271070650346,0.0008240081103156725,0.003109604195139655,0.0007765156047084704,0.0012044189764099046,calm
2009-09-17,0.001403578535655804,0.0013032272496809813,0.0008757282711617898,0.0007215411256192344,0.0032008548311809664,0.0007122767836410203,0.0010057352368018956,calm
2009-09-18,0.0013874214050407325,0.0013207185670857239,0.0008506307118020578,0.0007064649526629721,0.003368469445316028,0.0006993446731486219,0.0009786830524989394,calm
2009-09-21,0.0008112879008693319,0.001549249007463925,0.0010118700374417405,0.0008642263240421749,0.003806735065115341,0.0008367596031844863,0.0012266540075358836,calm
2009-09-22,0.0007958485843160825,0.001528892934992905,0.0010895704803366082,0.0009401025217275908,0.0034123240543081786,0.0009036733625391118,0.0012987942560530343,calm
2009-09-23,0.0007701267752903331,0.0014991129447505355,0.0011334537362703246,0.0009712630859947438,0.0032065896923757884,0.0009297520991040917,0.0012545061100077291,calm
2009-09-24,0.00022324173768167762,0.0018293153841174522,0.001500794665522725,0.0013354050109575775,0.0033806380845364677,0.0012258602148608989,0.0017038789447095918,calm
2009-09-25,0.0007268141875156246,0.0016043113609422138,0.001608982608399074,0.001436738133340256,0.0020122988017488032,0.0013235832759599206,0.0016399539852630155,calm
2009-09-28,0.0006844647103525064,0.0015910506758607275,0.001615384008799771,0.0015063058417980873,0.0018931059289657697,0.0013414867060807776,0.0015989708936592318,calm
2009-09-29,0.0010472557573212883,0.0014241522830724116,0.0015247993812822242,0.0014406451210837619,0.0013651580452716727,0.0012599609164283773,0.0015301979512960227,calm
2009-09-30,0.0010633184113752264,0.0015280846558570135,0.0013292111782535303,0.0012894507198076147,0.002550662340206912,0.0011086558757313425,0.0013624431652856676,calm
2009-10-01,0.0011305401735577378,0.0017339658630262853,0.0013503638027674188,0.0014211893185100209,0.0033052670737775446,0.0011442995421727558,0.0014487095779036861,calm
2009-10-02,0.0006470956677811587,0.0018206289609713502,0.0016144633901838173,0.0016777083108515075,0.0026540522449066046,0.0013905146625534496,0.0017664061963613715,calm
2009-10-05,0.0006872701059993422,0.0021374804248165333,0.001698715116789444,0.0017146377186819431,0.003921343593509192,0.0014591948271708327,0.0018935108679312548,calm
2009-10-06,0.0011071766740627124,0.0022254854274636037,0.001574649207313481,0.0016171180835372252,0.00476876308517656,0.0013760562513259792,0.0017908405099647743,calm
2009-10-07,0.0013001730565964775,0.00224695131728202,0.0014271399955688498,0.0014433202726225223,0.00544152855563242,0.001248773892067696,0.0016739938705186146,calm
2009-10-08,0.0010667795429738281,0.001903655411606537,0.001274198414108584,0.0012815397256116974,0.004375229743097994,0.0011233653598107364,0.0014639438154036722,calm
2009-10-09,0.0012946754371494095,0.0015877385397823711,0.0012054476409120822,0.001191002076948332,0.0030663765419962023,0.0010493128792498634,0.001426553559805377,calm
2009-10-12,0.0013238591981047365,0.0012576213486001297,0.0011127111144752576,0.0010885883208488446,0.0018128419826330523,0.0009702860656230618,0.0013036792594204327,calm
2009-10-13,0.0005571100721423869,0.001470893940980561,0.0013413703543717847,0.0013024503595847577,0.0019548570880024356,0.0011589133276196173,0.0015968785753242105,calm
2009-10-14,0.0004048722336337765,0.001362600112042985,0.0014604001376310473,0.0013884092743799556,0.001066635844634215,0.001246431294237785,0.0016511240093319206,calm
2009-10-15,0.0008909470795261475,0.001311472406094083,0.0014709389935103608,0.0013758149710519885,0.0008565725130786037,0.0012173885313792158,0.0016366470214502463,calm
2009-10-16,0.0007708708029662239,0.001518368409958619,0.0016909973404172817,0.0016189962920155252,0.0009256572285374483,0.0013968587006671729,0.0019593324881556668,calm
2009-10-19,0.0014905737329918038,0.0015498968097422219,0.0017900562882717241,0.0017131052287735521,0.0008135294064127061,0.0014552563630677463,0.001977536762185381,calm
2009-10-20,0.006018391915427316,0.001583272703232973,0.001832703483242132,0.0017500346512444253,0.00089944453473767,0.0014893009685535699,0.0019448798783870682,calm
2009-10-21,0.006682755938024877,0.0015239640024170237,0.001766599655081224,0.0017047679993414412,0.0009243862758116722,0.0014612626802204443,0.0017628034016303371,calm
2009-10-22,0.006784401053258113,0.0018928195418740374,0.0022469936869383795,0.002112404809761226,0.0010229428441637287,0.001851899781264344,0.002229856587242508,calm
2009-10-23,0.006659500491593283,0.002343352837372766,0.002862667192411962,0.00259825190253073,0.0012424753826098755,0.002353835928958947,0.0026595337803523157,calm
2009-10-27,0.006335720976231326,0.002844602407317649,0.003610234220244058,0.003138518779979513,0.001255686983552025,0.0030361243505315607,0.003182447702281089,calm
2009-10-28,0.0033136794671296617,0.00441535982098928,0.005434994292481648,0.004508128439619533,0.0023992672922485197,0.004676778613594863,0.005057630467001836,calm
2009-10-29,0.0027862635235455183,0.004965804684472914,0.005934970065999577,0.0051782089734003405,0.0021641224908188358,0.005650289174370431,0.005901432717775382,calm
2009-10-30,0.0022022051893547103,0.006174609369105686,0.00683343592445817,0.006098674085119046,0.003990258813637538,0.006659705516210579,0.007290972506103102,calm
2009-11-02,0.0023949388640401898,0.00642156177721892,0.006817629578163077,0.0063020976633764705,0.00469493889928781,0.006922779243275883,0.007370363501991365,calm
2009-11-03,0.002368556805132561,0.006844309877122005,0.007137502137256022,0.0065338625397802184,0.005633941852820915,0.00715296831703225,0.007763274538720618,calm
2009-11-04,0.0008474831174052061,0.0059222503418534375,0.0062594857964319165,0.005951685655807249,0.0045332506302236866,0.006372145131099383,0.006494684495704954,calm
2009-11-05,0.0006573634626964061,0.005930684718410659,0.005960696960814664,0.006033225143809151,0.005061155865057988,0.006056323191982286,0.0065420224303892075,calm
2009-11-06,0.0008017998012962503,0.006094214016157379,0.005496115075325563,0.005778567584194788,0.007706957580823573,0.005369114957586478,0.006120314882856492,calm
2009-11-09,0.0007048480170391191,0.0055774888796281214,0.005112984485366186,0.005789862580027846,0.005937336700562343,0.004923264067032886,0.006123996565151347,calm
2009-11-10,0.0006515402113730302,0.005655790496865878,0.0050548316783427015,0.005559734319353044,0.0073991683210252466,0.004586017586768594,0.005679200578839809,calm
2009-11-11,0.0006495936521386625,0.004997619887812403,0.004702475414432245,0.00527812272345005,0.005668128739216333,0.004084851844098069,0.005254520717865314,calm
2009-11-12,0.000819469071295118,0.004883692712059974,0.00449486833187063,0.005339618781440589,0.005712047401977546,0.003760643728244567,0.005111285316766538,calm
2009-11-13,0.0006779196471303011,0.00423983336429159,0.00399126244392698,0.0050749355610893365,0.004395804581396214,0.0032087094546806782,0.00452845478036474,calm
2009-11-16,0.0007731378306750806,0.004249076783920754,0.003931642612549795,0.005291953377398994,0.004152844362247695,0.00312857806746197,0.004740365499945316,calm
2009-11-17,0.0005223193924300949,0.004519827283746404,0.004230359391137218,0.005520825263051146,0.0044294647011784045,0.0033798477313467887,0.0050386393320184675,calm
2009-11-18,0.000528217032739079,0.0039036339070517823,0.003750569365424289,0.00491867227052427,0.003849017786766029,0.002847188271521955,0.004152721841022369,calm
2009-11-19,0.0011781453349718905,0.004078565097052127,0.004001396571049556,0.005298212363812962,0.003527967181509435,0.00301961379811033,0.004545635570778353,calm
2009-11-20,0.001536713890897955,0.0036868827126046097,0.003754269160924926,0.005115219787666099,0.002608890811377905,0.0028236000748267432,0.0041324337282273756,calm
2009-11-23,0.001522171990185284,0.003196426359765982,0.0033385303088595084,0.004834135958053752,0.0016692714551387888,0.002495887600509279,0.0036443064762685788,calm
2009-11-24,0.0016078287237719954,0.002705768495417363,0.002958804403748953,0.0038605252039693974,0.0017080339712560208,0.0021319219905283813,0.0028695569075840605,calm
2009-11-25,0.0017609513733066507,0.0023841765350001085,0.002689702904303166,0.0031481709953228025,0.0017813401068365394,0.0018646382891372847,0.0024370303794007493,calm
2009-11-26,0.0010534195256711846,0.002396193614052195,0.0028988037065459183,0.0023520440005129423,0.0023870220214048435,0.0019755068619320155,0.0023675914798652544,calm
2009-11-27,0.0012331952600995767,0.0018604511551159823,0.00239376500047538,0.0018204276197267876,0.0015923863627517207,0.0017359096470544895,0.001759767145571534,calm
2009-11-30,0.0011150267980123778,0.002189596221769119,0.002700177049673597,0.002023084340408955,0.002273887063988943,0.0019872508445028525,0.001963581810271247,calm
2009-12-01,0.0018713486426009706,0.002183746748364644,0.002551155489956989,0.001949202115845406,0.002744567158437296,0.0019201451277591965,0.0017536638498243317,calm
2009-12-02,0.001746668497689734,0.0020979317748886657,0.0023557241939863886,0.0016664379128283361,0.0032521530417794838,0.0017447448740043191,0.001470598851844801,calm
2009-12-03,0.0016795373878646552,0.0018551782242637697,0.0020658922708621645,0.001422612042451647,0.003073847137855924,0.0015284754121354409,0.0011850642580136725,calm
2009-12-04,0.0014416525378018272,0.0016104894405159682,0.0018408824351872465,0.001230635889243221,0.0026903570206372562,0.0013768801169760552,0.0009136917405360615,calm
2009-12-07,0.0013794426312017387,0.0013716452131307098,0.0017535094900295917,0.0011556172193008074,0.001744794512739837,0.0013364693400627788,0.0008678355035205339,calm
2009-12-08,0.0004077687069226509,0.001813288304238831,0.0023154699073621257,0.0015557994220704477,0.002121661885477565,0.0017698352238737904,0.0013036750824102273,calm
2009-12-09,0.0003732205004648966,0.0019333972481376076,0.0026520892118519455,0.0017678055560995188,0.0014943425563571045,0.0021103108299594373,0.0016424380864200321,calm
2009-12-10,0.00035228195429362635,0.001774331356452027,0.0026047040223303813,0.0017352890745190083,0.0008315966721547808,0.002147712125664993,0.0015523548875909711,calm
2009-12-11,0.0001354082188568851,0.0017242019396567874,0.002545807161483555,0.0016668550467787726,0.0008161253683745069,0.002116155106888116,0.0014760670147589865,calm
2009-12-14,0.00022885839948973258,0.0016652563712492255,0.0023753247474177213,0.0015518197359657183,0.0010446462776147818,0.001885413015473044,0.0014690780797748616,calm
2009-12-15,0.000877913571890147,0.0015094843648687472,0.002139304608401299,0.0014091824254186707,0.0009466380795040304,0.001636727304379705,0.0014155694066400307,calm
2009-12-16,0.0008751394048237608,0.0013241451556947337,0.0017085136846026522,0.0011693395838091381,0.0011762582143860561,0.0013085648249456297,0.001258049470730192,calm
2009-12-17,0.0010081630073086928,0.0011846663049027263,0.0014834183360754969,0.001106451975827168,0.0009943894149351561,0.0011654808514881963,0.0011735909461876137,calm
2009-12-18,0.001445639946732641,0.0010516305001037432,0.0013706191539053765,0.001010379369802385,0.0007674404807983503,0.0010766352596691198,0.0010330782363434843,calm
2009-12-21,0.0015897101645002086,0.0009051770993440814,0.0011667664419063527,0.0009151074671308161,0.0006213977957390983,0.0009417185431083733,0.0008808952488357669,calm
2009-12-22,0.0010880572659434904,0.0007733095971542549,0.0010301634651734967,0.0007910673908141535,0.0005079507259372777,0.0008399089313110327,0.000697457472535313,calm
2009-12-23,0.0027228622869839327,0.000705107772394489,0.0008889272490020889,0.0007041848805231705,0.0005494485712131274,0.0007397857242636064,0.0006431924369704523,calm
2009-12-24,0.0026297656114658125,0.0006738939726275862,0.0008422324207428755,0.0007036799928977468,0.00046159726481710467,0.0007240118019113785,0.0006379483827688255,calm
2009-12-29,0.002129159569298627,0.0006081271432021395,0.0007686897821290312,0.0006300838294490108,0.0004213761184624333,0.000678873176197859,0.0005416128097723628,calm
2009-12-30,0.001922769415425362,0.000631793931309543,0.0007418530503975211,0.0006427299231362694,0.0005204310006089525,0.0006925622303719183,0.0005613934520330534,calm
2009-12-31,0.0017809935053298741,0.0008088206615296763,0.0009078070077505316,0.0008056717495475975,0.0007546987630263299,0.0008373378024166224,0.0007385879849073005,calm
2010-01-04,0.00018160533717385242,0.0006105364112174189,0.0005359013651896966,0.000661261880048573,0.0006241857534045664,0.0007171106373239383,0.0005142224201203203,calm
2010-01-05,0.0003299562913838231,0.0006347713761426425,0.0005547610341648981,0.0006827332714910064,0.000644304892521571,0.0007433370796974247,0.0005487206028383125,calm
2010-01-06,0.000423285404625133,0.000605809580795075,0.0005360998215950979,0.0006436572009220898,0.0006096808002468779,0.0006919486702202955,0.000547661410991014,calm
2010-01-07,0.00044620344762890833,0.0005623606358040904,0.0004968187126218368,0.0005951802725508671,0.0005678668548970818,0.000639829290169037,0.0005121080487816292,calm
2010-01-08,0.00045205844580880223,0.0005071425138813892,0.00044127068642485447,0.0005378031965526328,0.0005205151359858367,0.0005799059572767478,0.00045621759316687437,calm
2010-01-11,0.00042518976170734403,0.00044326304526236493,0.00037672347952185395,0.0004710945126195484,0.000458521058136975,0.0005125255131373416,0.0003974506628961056,calm
2010-01-12,0.0002089792981863617,0.0004396434689908486,0.0003631195886822107,0.0004668841217288813,0.00047121481804954105,0.0005171589201039599,0.00037983989638964993,calm
2010-01-13,0.00010787245779834037,0.0004562237719662419,0.0003719472192083127,0.00047945931543464613,0.0004884033745928567,0.0005413999308883701,0.00039990901970702426,calm
2010-01-14,0.0002463786770159141,0.00045878625865635874,0.00037101353782269437,0.00047873277871623174,0.0004914886229037232,0.0005473227686227658,0.0004053735852163785,calm
2010-01-15,0.00023615258645951978,0.0005003870760441361,0.00040259629698361654,0.0005199863639712328,0.0005461796817017047,0.0005964701943565473,0.000436702843207579,calm
2010-01-18,0.0002732303642696347,0.0005480283269524924,0.00043655697513410503,0.0005707961581629989,0.0005994206400456701,0.0006507750990184004,0.00048259276240128745,calm
2010-01-19,0.0002687531798642534,0.0005773009929503018,0.0004645217099469236,0.0006086036908397893,0.0006277283006129137,0.0006881528308948705,0.0004974984324570115,calm
2010-01-20,0.0007296224843560198,0.000657425999432736,0.000527358842187653,0.0006956762180017929,0.0007269219367149832,0.0007803237423372944,0.0005568492579219566,calm
2010-01-21,0.0005370327216633768,0.0008130392689664869,0.0006433285996757337,0.000870707263068815,0.0009330590035534223,0.0009533311386827835,0.0006647703398516793,calm
2010-01-22,0.0006203506260185137,0.001020659559428714,0.0007897111473913058,0.0011038561475284028,0.001211685314483027,0.0011716288504979924,0.0008264163372428421,calm
2010-01-25,0.0005756869883728166,0.0012075245603037049,0.0009256708653352553,0.001292542971155999,0.0014805008951834207,0.001366362314523016,0.0009725457553208332,calm
2010-01-26,0.0007031128967793053,0.0011922800093778709,0.0009309420322182309,0.0012899478479209553,0.0015101849395729296,0.0013263917056820487,0.0009039335214951899,calm
2010-01-27,0.00023243896207296918,0.0012849003137785134,0.0010245118931923717,0.0013711453451398534,0.0016608248348088826,0.0013820723937960516,0.0009859471019554077,calm
2010-01-28,0.000843913852795527,0.0013241848788795789,0.0010732896091210655,0.00141386420507752,0.0017786477745174445,0.0014065383691607464,0.000948584436521118,calm
2010-01-29,0.001192746538267119,0.0014015110408371468,0.001150403830349071,0.0015089868437296945,0.0019136571566142572,0.0014734769611976703,0.0009610304122950412,calm
2010-02-01,0.0012289974272230372,0.0013732321459041332,0.0011423140678358732,0.0014985272155478514,0.0018601248809530639,0.001464232438859592,0.0009009621263242858,calm
2010-02-02,0.0011702678214376352,0.0013169291340854599,0.0011137180579107915,0.0014585385205453851,0.0017483489763512419,0.0014483935921819084,0.0008156465234379713,calm
2010-02-03,0.001330327983545338,0.0012641792399941142,0.0010807126058433618,0.0014086314455239717,0.0016811195029961215,0.0014027899729420175,0.0007476426726650985,calm
2010-02-04,0.0007983575135296297,0.0015323082347641751,0.00130262976752485,0.0017114131792174024,0.002078312821843791,0.0016415422081702308,0.0009276431970646012,calm
2010-02-05,0.0003636185684019653,0.0019148696012996048,0.0016800526676992336,0.0020687858853130387,0.0026112511803089385,0.0019557822581552204,0.0012584760150215922,calm
2010-02-08,0.000510866176222754,0.0021578211903881413,0.001915335708460951,0.0023004428586496746,0.0029065640508978427,0.0021568406803181687,0.0015099226536140688,calm
2010-02-09,0.000589227395609228,0.0023321507949111745,0.0021304818032737384,0.002433001351221096,0.0030326655491640284,0.0022898803026112397,0.0017747249682857707,calm
2010-02-10,0.0007710247466799836,0.002386122077388614,0.0022462314735404196,0.0024426244657433944,0.0030196537894938715,0.002298181219167296,0.0019239194389980869,calm
2010-02-11,0.0007231857249136839,0.002296487973012744,0.002184959192801966,0.002347648081400704,0.0028426221131932832,0.002235651301605446,0.0018715591760623213,calm
2010-02-12,0.0007194595786154276,0.0020524245493633185,0.001996376542401719,0.002063075922909954,0.0025140481370191747,0.001957319080415788,0.0017313030640699572,calm
2010-02-15,0.0005377667779698709,0.0018942761167731602,0.001857137923129614,0.001862045118181571,0.0023137981057074998,0.0017604242663740494,0.0016779751704730662,calm
2010-02-16,0.0004545354139940083,0.0017424287079902206,0.0017109376109754073,0.0017088570133836107,0.0020614453566074314,0.0016519984422521256,0.0015789051167325288,calm
2010-02-17,0.00022631907478252108,0.0016467054789653021,0.001635399131668811,0.0016022300076053307,0.001878050082860948,0.001579246290126372,0.0015386018825650496,calm
2010-02-18,0.000428619230210238,0.0015430186187184,0.0015459788472585233,0.0014929881536919752,0.0016961201549478267,0.0014888179645718691,0.0014911879731218057,calm
2010-02-19,0.0004281523185290744,0.00126310460853109,0.0012815790784134723,0.0012507378077196562,0.0013658444853057252,0.0012402172692235103,0.001177144401993086,calm
2010-02-22,0.0004958202804523356,0.000974426385728744,0.000989486843953565,0.000994582871054331,0.0010624335738981276,0.0009893014858372159,0.0008363271539004805,calm
2010-02-23,0.0005719229743592858,0.0009146919229399295,0.0009282725226283802,0.000945746659785978,0.0010104255508407672,0.0009372662777603329,0.0007517486036841893,calm
2010-02-24,0.00045375530211453816,0.0008886711747218001,0.000891997839745509,0.0009238725058118949,0.0009852622380347197,0.0009202262636071845,0.0007219970264096923,calm
2010-02-25,0.00029262709396080404,0.0009880024536897784,0.0010113410156850696,0.0009888221193641877,0.0011060383446752397,0.000988515518128624,0.000845295270595771,calm
2010-02-26,0.000527924931520861,0.0008340792985698274,0.0008587882275356692,0.0008611645237619237,0.0009568809640896932,0.0008454460718684971,0.0006481167055933538,calm
2010-03-01,0.00045771071308045884,0.0007673554479996353,0.0007907626697827968,0.0008104695606382613,0.0008699822506621326,0.0007919456931972306,0.0005736170657177548,calm
2010-03-02,0.0003233257344264924,0.0007040249822372817,0.0007236923816312928,0.0007624411966154095,0.0007934169630509602,0.0007453490286417804,0.0004952253412469653,calm
2010-03-03,0.0003170430356013276,0.0006189446285486456,0.0006393861318627874,0.0006792485163936765,0.0006985443915210326,0.0006558292097971098,0.00042171489316862175,calm
2010-03-04,0.0002680499653656855,0.0005486457316180146,0.0005579794439980697,0.000612434204249157,0.0006193218904146188,0.0005960977885552735,0.00035739533087295424,calm
2010-03-05,0.0001546370193617582,0.0005301744070574665,0.0005393440115516628,0.0006005758860446608,0.0005766118287676517,0.0005942209515412883,0.00034011935738206925,calm
2010-03-08,0.00026567764519424436,0.000406023730310428,0.0003893129620185137,0.0004773787107366309,0.00044227335619758626,0.00047653796464391154,0.00024461565795549743,calm
2010-03-09,0.0003037510816995575,0.0003409332247096468,0.0003161194668868161,0.0004024590251622589,0.0003780925085553701,0.0004051242211642295,0.00020287090177955935,calm
2010-03-10,0.000938818516234123,0.0002915290408107681,0.00027205138821446913,0.0003432972821475062,0.00033111087070899185,0.0003420252323891987,0.0001691604305936745,calm
2010-03-11,0.0009500258711391626,0.0002635186163717319,0.0002447605123789668,0.00030780371399546404,0.0003047676872056164,0.0003091810525072268,0.00015108011577138526,calm
2010-03-12,0.0008673415669843735,0.000242737588145894,0.0002229447860290276,0.000281395738559601,0.0002846906262052597,0.0002855572695041865,0.00013909952043139495,calm
2010-03-15,0.0008218581612685339,0.0002353974008516938,0.00021305646853058793,0.0002705046872739216,0.00028179178249618144,0.0002769395000538859,0.00013469456590389211,calm
2010-03-16,0.0011580791405229613,0.0002422595896075375,0.00021977793408661084,0.0002772218880367703,0.00028930173756739036,0.00028646464544362167,0.00013853174290329444,calm
2010-03-17,0.0005359001619276845,0.00025493461877681013,0.00023214373900517992,0.00029071042792403097,0.0002995692900046744,0.0003054113922554863,0.00014683824469467912,calm
2010-03-18,0.0007959643773734131,0.00025542195026128506,0.00023176469564389673,0.0002904014456117389,0.00030091884458855156,0.0003041857687174145,0.0001498389967448237,calm
2010-03-19,0.0007665444919140621,0.0002641798305982168,0.00023933120100697332,0.0002981291779890552,0.0003111336950586792,0.0003150302054544988,0.0001572748734818775,calm
2010-03-22,0.0009922436643641378,0.0002736195016012655,0.00024574677923362535,0.0003066780031991922,0.00032128662464857825,0.00032634208626006346,0.00016804401466486842,calm
2010-03-23,0.0006189917239983762,0.0002919279777499024,0.00026011632787284857,0.00032413059898786316,0.00033626772619923455,0.00035299693764291986,0.0001861282980466459,calm
2010-03-24,0.0006859550678605394,0.000307918729738556,0.00027140809937154913,0.0003400765285819775,0.00035269973124574196,0.00037459779628052254,0.00020081149321298885,calm
2010-03-25,0.0008306080620268097,0.00032134547552260806,0.0002806303281788851,0.000354944312577675,0.00036505456542802836,0.000394988153060948,0.00021111001836750395,calm
2010-03-26,0.0010275663982047111,0.0003148126528658914,0.00027368070138643314,0.00034840494728370056,0.00035774342202653367,0.0003856115661097528,0.00020862262752303676,calm
2010-03-29,0.0007881419283376343,0.0003317207200007995,0.00028607349308383827,0.0003666667865939309,0.00037744109249316163,0.00040570360567258987,0.0002227186221604768,calm
2010-03-30,0.0007867269270043667,0.0003193921974403772,0.0002743368932826116,0.00035500667406481774,0.0003644924008093711,0.00038549225642980884,0.0002176327626152767,calm
2010-03-31,0.0009870673040713526,0.0003081896966595383,0.00026359049044664626,0.00034094243812210246,0.0003523636072544075,0.000371468693907206,0.0002125832535673295,calm
2010-04-01,0.0005467396472507877,0.0003158316956921997,0.0002699993532972707,0.0003487279788835734,0.0003550949012925088,0.0003855103990631913,0.00021982584592445428,calm
2010-04-06,0.00038830969999388104,0.00032124928534164095,0.0002743962370748521,0.0003547254189759242,0.0003542530792874009,0.00039404943816698983,0.00022882225320303807,calm
2010-04-07,0.0005230031624128265,0.0003391398316246953,0.000289083130975286,0.0003731141217420302,0.00037274232333173814,0.0004151089338359874,0.00024565064823843475,calm
2010-04-08,0.0005340785151537926,0.00034789061166204713,0.000297599145351212,0.0003808411193655157,0.0003843020639072063,0.0004255965393771036,0.0002511141903091981,calm
2010-04-09,0.000255693474841313,0.0003749600783876278,0.00032164891224983736,0.00041318614822287723,0.0004061026472881216,0.00046296347078060926,0.0002708992133966938,calm
2010-04-12,0.00026513645865182986,0.00034643773077485307,0.0002978542718708358,0.0003827599258023446,0.00037656340915215465,0.0004237981647556711,0.0002512128822932594,calm
2010-04-13,0.0003829175713504914,0.00032936760790555435,0.0002810452350171105,0.00036302899484069305,0.00036148897297703513,0.000400067573510236,0.000241207263182697,calm
2010-04-14,0.00031371795139154186,0.000328672844948071,0.000280675471309051,0.00036158089186762475,0.0003602096056465434,0.0004028789644584764,0.00023801929145865955,calm
2010-04-15,0.0004550487404373612,0.0003175587736911012,0.00027088061658057076,0.0003500164181056173,0.00035167368583477666,0.000387914800447851,0.00022730834748669034,calm
2010-04-16,0.0012372459731984017,0.00032910901587224293,0.0002814221533396056,0.0003628629803573264,0.000373185556316451,0.00040212897175741,0.00022594541759042154,calm
2010-04-19,0.001338547764372125,0.0003325245658935929,0.00028454007909542906,0.0003659600811176712,0.0003847384550816109,0.00040556565968469043,0.00022181855448856315,calm
2010-04-20,0.0032712302951353836,0.000347290543677138,0.0002975958357935619,0.00038319780825496415,0.0004028398695092044,0.00042848576468051546,0.00022433344014744432,calm
2010-04-21,0.0037931224416387294,0.0003594213242018985,0.00030805545620409767,0.00039766993277743154,0.0004151354047034219,0.00044568856024604576,0.0002305572670784958,calm
2010-04-22,0.00483729412610929,0.0003852404303940506,0.0003316452753057537,0.0004245052888912386,0.00044804150276228237,0.00047618448590755485,0.00024582559910342336,calm
2010-04-23,0.00410824765043244,0.0004213977074647879,0.0003681508421064158,0.0004651541247592575,0.0004760446248847483,0.0005275051712493979,0.00027013377432412,Irish sovereign debt crisis
2010-04-26,0.005828018110524143,0.00045658111036569863,0.0004030444893596919,0.0005079952966511515,0.0005019987905292918,0.0005754366201506026,0.00029443035513775507,Irish sovereign debt crisis
2010-04-27,0.004164233532342126,0.000634967920440197,0.0005602046215492973,0.0007126334064778617,0.0007019465499730614,0.0007651504393551841,0.00043490458484558007,Irish sovereign debt crisis
2010-04-28,0.004126636082315226,0.0008901749265496304,0.0007958923784809485,0.0009794726458914344,0.0009815410372631436,0.0010313519492228162,0.000662616621889809,Irish sovereign debt crisis
2010-04-29,0.0046753324818484664,0.001171004367574314,0.0010731370471689962,0.001263152081104581,0.0012304150929533292,0.0013315311377776295,0.0009567864788670345,Irish sovereign debt crisis
2010-04-30,0.010351002231345878,0.001404931314853696,0.0012854947327459248,0.0014981238681533759,0.0014317556656576764,0.00155249849716644,0.0012567838105450625,Irish sovereign debt crisis
2010-05-04,0.00868820959026059,0.002019976606901458,0.0018105795901053067,0.002095974648880903,0.0020973769692746195,0.0020680106790741267,0.0020279411471723343,Irish sovereign debt crisis
2010-05-05,0.00839261336257453,0.0026436859191400325,0.0023471659443801353,0.002633183530065069,0.002810532304313693,0.0025690816954958453,0.00285846612144542,Irish sovereign debt crisis
2010-05-06,0.007791256836116703,0.003407970359440962,0.002913831128154993,0.0032918930584758233,0.0037741588590129507,0.003148902077232621,0.003911066674328421,Irish sovereign debt crisis
2010-05-07,0.00793069822628659,0.004348743602481373,0.0036662041488995595,0.004034690210495831,0.005003707960440198,0.0038408871164895054,0.005198228576081771,Irish sovereign debt crisis
2010-05-10,0.0022755605701148952,0.004668975267493919,0.00399154943778864,0.004329455536818347,0.005302131469226344,0.004246440484663874,0.005475299408972388,Irish sovereign debt crisis
2010-05-11,0.002408334185170673,0.004801706119164897,0.004215620266784978,0.004433403386473896,0.005322430112326033,0.004326088008793559,0.00571098882144602,Irish sovereign debt crisis
2010-05-12,0.00408383303865741,0.004731159439147506,0.0042451806799985664,0.004387216742636608,0.005122352193745478,0.004318940857458378,0.0055821067218985,Irish sovereign debt crisis
2010-05-13,0.0051729689727683945,0.004574924995047689,0.004190638082144333,0.004291627782249122,0.004870087379584932,0.004179528713785396,0.005342743017474665,Irish sovereign debt crisis
2010-05-14,0.003286971790932731,0.004925219920725535,0.004505115852267021,0.004577208250781701,0.0053677732257525505,0.004391520233796561,0.0057844820410298415,Irish sovereign debt crisis
2010-05-17,0.0032118244561490684,0.004740743513891494,0.004372640916028723,0.004352010142417792,0.005210409276204179,0.0041781789850594605,0.005590478249747313,Irish sovereign debt crisis
2010-05-18,0.004409423482934837,0.004665444946635358,0.004266251652208564,0.0042993554131417625,0.005146914214185922,0.00410599017788163,0.005508713275758912,Irish sovereign debt crisis
2010-05-19,0.003912442420851408,0.004882777279562048,0.004503490403469068,0.00442821526393527,0.005446462999824825,0.004206015738060001,0.005829701992521071,Irish sovereign debt crisis
2010-05-20,0.004261796102364893,0.005449601918060987,0.004864637846008055,0.004885213748373125,0.006300314282221639,0.0045765075674057765,0.006621336146296338,Irish sovereign debt crisis
2010-05-21,0.00456341279758288,0.005448519317949382,0.004837924495107492,0.004844042200493219,0.006323816679783003,0.004652285958456378,0.006584527255906816,Irish sovereign debt crisis
2010-05-24,0.004572254881965742,0.005123636278548858,0.004534102478395623,0.00456316738890164,0.006009382951997735,0.004402521065767844,0.0061090075076814495,Irish sovereign debt crisis
2010-05-25,0.0032110091094489663,0.004927612010302324,0.004460835027595288,0.004299011729184072,0.005920638022898461,0.004156013485654706,0.00580156178617909,Irish sovereign debt crisis
2010-05-26,0.0019030249731015758,0.004688465650010905,0.0042611094169191285,0.004097351132274978,0.005671238641989376,0.0039430353670070525,0.005469593691863991,Irish sovereign debt crisis
2010-05-27,0.0006643530466156852,0.004422510257028707,0.004163551959208911,0.0039171662939234304,0.005092587557445796,0.00383492908830603,0.0051043163862593615,Irish sovereign debt crisis
2010-05-28,0.0006494816817245457,0.004235201931363342,0.004071511760791199,0.0038065273367272226,0.004675748840120061,0.0036851425298758604,0.0049370791893023685,Irish sovereign debt crisis
2010-05-31,0.0010292166771889869,0.003967969841932576,0.0038199765344607037,0.003605488328695202,0.004288181609919642,0.0034799107690755417,0.004646291967511791,Irish sovereign debt crisis
2010-06-01,0.0018508761655755368,0.0037985961521488877,0.0036031856425510207,0.003482770045505745,0.0040676239779673185,0.0033496928958225386,0.004489708198897816,Irish sovereign debt crisis
2010-06-02,0.002150322136783361,0.003300570572729893,0.0031639439098071136,0.0029825176173394617,0.0034168457830745665,0.002952700614105617,0.003986844939322706,Irish sovereign debt crisis
2010-06-03,0.0020019474120805607,0.002854590676756242,0.0027264730519933377,0.0025834100361645145,0.0029100692984656493,0.0026066528327450267,0.0034463481644126806,Irish sovereign debt crisis
2010-06-04,0.0017187503704918941,0.002976512289183211,0.0027428593421633778,0.00271927273325556,0.0031143244090267906,0.0026955923230835024,0.0036105126383868228,Irish sovereign debt crisis
2010-06-08,0.0014443835913844954,0.003082412504846842,0.0028042060201077545,0.0028125513895794676,0.0032494563650537944,0.002811895591667531,0.0037339531578256644,Irish sovereign debt crisis
2010-06-09,0.0004964389900862574,0.003061499707565971,0.0027164106305507278,0.00283388403234894,0.003226397311425999,0.0028583016734539,0.0036725048900502896,Irish sovereign debt crisis
2010-06-10,0.0001883434908226101,0.0030670167790727613,0.002752214518749736,0.002853397505730101,0.003135483644722157,0.0029313519518079016,0.003662636274353909,Irish sovereign debt crisis
2010-06-11,0.00015929041055489808,0.0029324266334506957,0.0026875352420884808,0.0027186213190085245,0.002920972904082568,0.002805398090749272,0.0035296056113246336,Irish sovereign debt crisis
2010-06-14,0.0001527186747982619,0.002630113255508886,0.002451831608709164,0.002448784129825675,0.002611749529072759,0.002496613664452845,0.0031415873454839877,Irish sovereign debt crisis
2010-06-15,0.00024861665348921414,0.0024403690592697544,0.002342218095722749,0.0022683147480809687,0.0023428845295931445,0.00233580727536449,0.00291262064758742,Irish sovereign debt crisis
2010-06-16,0.0008459771416521036,0.001937609846231458,0.0018842132266814915,0.0018290546656559402,0.0018469085411588122,0.0018682553325522731,0.0022596174651087725,Irish sovereign debt crisis
2010-06-17,0.0009122846311651669,0.0015402437327062357,0.0015616434870324649,0.0014582663859410603,0.001483691049170828,0.0014594495819627096,0.0017381681594241145,Irish sovereign debt crisis
2010-06-18,0.0009987840565787351,0.001161569452528076,0.0011946511450188658,0.0010986800653465254,0.0011377643391550624,0.0010997138651641608,0.0012770378479557661,Irish sovereign debt crisis
2010-06-21,0.0012261870948546759,0.0008396812814480426,0.0008424092678196146,0.0008382653421803163,0.0008357496546437509,0.0008339513489847433,0.0008480307936117879,Irish sovereign debt crisis
2010-06-22,0.002502858767696234,0.0007047576703525792,0.0006705452942775603,0.0007430566890092675,0.00071403280021002,0.0007432429483484817,0.0006529106199175666,Irish sovereign debt crisis
2010-06-23,0.001894624180942811,0.0007431322114120484,0.0006956064124938342,0.0007800025437228405,0.0007801450185153625,0.0007762120522750385,0.0006836950300531662,Irish sovereign debt crisis
2010-06-24,0.002664650345058963,0.0008734429190432784,0.0008098786081259438,0.0009075824521409704,0.0009426909018990789,0.0008921135679896075,0.0008149490650607919,Irish sovereign debt crisis
2010-06-25,0.0028395697300135077,0.0009396694827540566,0.0008268189268842816,0.0009854035344448544,0.0010513268933151948,0.0009819842959647006,0.0008528137631612514,Irish sovereign debt crisis
2010-06-28,0.002644263677839992,0.0009914731706191244,0.0008673986094432247,0.0010411841708558977,0.0011272042147673935,0.0010411032906788142,0.0008804755673502919,Irish sovereign debt crisis
2010-06-29,0.002040231056979339,0.0013238168402567151,0.0011181078570950246,0.001387548973248271,0.0015851991723076207,0.001314545600480166,0.0012136825981524935,Irish sovereign debt crisis
2010-06-30,0.002552270406140805,0.0014399802320402555,0.0012164843687278851,0.0015206033873630313,0.001749168602677939,0.0014112350526752308,0.0013024097487571906,Irish sovereign debt crisis
2010-07-01,0.0019812943260464795,0.001730062866605491,0.001475767854426469,0.0017748443669988352,0.0021516354424042385,0.0016321068840723925,0.0016159597851255212,Irish sovereign debt crisis
2010-07-02,0.0017087574593227465,0.0018992094722487228,0.0016308842890366054,0.0019119280278151079,0.0023800110130293393,0.001764439111410268,0.0018087849199522924,Irish sovereign debt crisis
2010-07-05,0.0017043448225326917,0.0020614570084908556,0.0018354545016512685,0.0020178202522681283,0.002567866964400926,0.001839549286599105,0.0020465940375348508,Irish sovereign debt crisis
2010-07-06,0.0010993362931826943,0.0020898333577795735,0.0018679637320517435,0.0020368258077436093,0.0025549438012684397,0.001885975868681042,0.002103457579153032,Irish sovereign debt crisis
2010-07-07,0.0005874957550060451,0.002097227605347319,0.0019065825194889735,0.0020722411213621845,0.0024408567826219555,0.00197153950848243,0.0020949180947810527,Irish sovereign debt crisis
2010-07-08,0.0006857904729763358,0.002136482977331837,0.001980170237416978,0.0021005192819535004,0.002383811614086025,0.0020454291698105156,0.002172484583392165,Irish sovereign debt crisis
2010-07-09,0.0008246664983009125,0.00209602277263037,0.0019961445658520796,0.0020492035048601644,0.0022643678975455567,0.002009236112688165,0.0021611617822058843,Irish sovereign debt crisis
2010-07-12,0.0009467885993808961,0.001855345603758836,0.0018086963138184554,0.0017940320341968494,0.0019854514130186094,0.001752062449309712,0.0019364858084505532,Irish sovereign debt crisis
2010-07-13,0.0006689327847442297,0.0017556943913535014,0.0017676573829094315,0.0016970414449282622,0.0018026991169594125,0.0016668417332023184,0.001844232278768083,Irish sovereign debt crisis
2010-07-14,0.0010255330736492296,0.001391080433269094,0.0014625388643357499,0.0013407930777147457,0.0014364703380343104,0.0012838246480972083,0.0014317752381634561,Irish sovereign debt crisis
2010-07-15,0.0011531786364306898,0.001211521617854042,0.0013028359531813839,0.001155582395386695,0.0012777223298559358,0.0011011657856562617,0.001220301625189933,Irish sovereign debt crisis
2010-07-16,0.0010448410108293785,0.0013344208808838708,0.0014412397618579118,0.001266354770909295,0.0014489446518615343,0.0011649795438459169,0.0013505856759446968,Irish sovereign debt crisis
2010-07-19,0.0009930763876633878,0.0014689316268175934,0.001598520527518622,0.0013650560123354225,0.00160525312351414,0.0012501521661356118,0.0015256763045841703,Irish sovereign debt crisis
2010-07-20,0.0009941986879053182,0.001446113976658972,0.001624167516686263,0.0013346194931089397,0.0015928395861061636,0.0012272226155551262,0.001451720671838368,Irish sovereign debt crisis
2010-07-21,0.000759078829700245,0.00146352362669724,0.0016304388122010294,0.0013487095456979146,0.00161467229705292,0.001249933971018788,0.0014738635075155497,Irish sovereign debt crisis
2010-07-22,0.00026655549158991474,0.0014303691404202803,0.0015926517717804916,0.0013608465778527192,0.0015246049819312008,0.0012950943418280573,0.0013786480287089323,Irish sovereign debt crisis
2010-07-23,0.00022465572007308025,0.00137223267594445,0.0015114043507588515,0.0013475240678263002,0.0014245494587062828,0.001304993722113541,0.0012726917803172746,Irish sovereign debt crisis
2010-07-26,0.0003835490073106924,0.0013009487658814892,0.0014139999449731143,0.0013093845924740085,0.0013056654011073222,0.0012980949182503328,0.0011775989726026679,Irish sovereign debt crisis
2010-07-27,0.0003822552171506673,0.0011171635493710647,0.0012107987014356289,0.0011413353182887875,0.0011251015689712992,0.001132061247566879,0.0009765209105927295,Irish sovereign debt crisis
2010-07-28,0.000260707218626161,0.0010602369986846122,0.0011347589901443895,0.0010841770598700293,0.001090518848564149,0.0010793935062677646,0.0009123365885767284,Irish sovereign debt crisis
2010-07-29,0.00026265272475843517,0.0008185535637398482,0.0008378946550645703,0.0008904039391895731,0.0008611604238608543,0.0008998225880215153,0.0006034862125627281,Irish sovereign debt crisis
2010-07-30,0.00038996950364986356,0.0006686879957419316,0.0006978422759627539,0.0007188855390819182,0.0007224110228867299,0.0007163937723249997,0.0004879073684532564,Irish sovereign debt crisis
2010-08-02,0.00041815026320554503,0.0005575763222140294,0.0005498947263890827,0.0006240416871353576,0.0006054925074593397,0.0006360862932383534,0.00037236639684801355,Irish sovereign debt crisis
2010-08-03,0.0004872977985042945,0.00046479712649731217,0.0004581495090675751,0.0005291595705867833,0.0005153005511019222,0.0005343696269580603,0.00028700637477221963,Irish sovereign debt crisis
2010-08-04,0.001249222469129512,0.0003910472782384253,0.00038405153237388933,0.0004503708323843953,0.00044195074280938587,0.0004512789186090738,0.00022758436501538196,Irish sovereign debt crisis
2010-08-05,0.001272041052245908,0.0003203722329173415,0.00030450135684318016,0.00036989044581706013,0.0003742285525171761,0.0003725083026363703,0.00018073250677292074,Irish sovereign debt crisis
2010-08-06,0.0013372156223002349,0.0002991943832316519,0.00027452469709839876,0.00034324790352738033,0.00036205862817990676,0.0003533955306909964,0.00016274515666157735,Irish sovereign debt crisis
2010-08-09,0.001066625072113479,0.00030101616275382613,0.0002727761497267067,0.00034359312160884143,0.0003657532735670977,0.0003617233274769068,0.0001612349413895782,Irish sovereign debt crisis
2010-08-10,0.001242468061188064,0.0003264370143537036,0.00029377463202872174,0.0003703262587347184,0.0003999910843716309,0.00039397678939212755,0.0001741163072413194,Irish sovereign debt crisis
2010-08-11,0.00048149449483983665,0.00043841905485623436,0.00038721280722550563,0.0004979906675793267,0.0005542575194960532,0.0005158812157826102,0.00023675306419767585,Irish sovereign debt crisis
2010-08-12,0.0007973430056588052,0.0005298653252904013,0.0004557824897416519,0.0005972117929598668,0.0006816143902576484,0.00061933358014673,0.00029538437334610966,Irish sovereign debt crisis
2010-08-13,0.0008822667926357094,0.00066563854144544,0.0005659498473355639,0.0007367162896907073,0.0008631168500186542,0.0007640923649369392,0.0003983173552453356,Irish sovereign debt crisis
2010-08-16,0.0009467700833758363,0.0006151360479202597,0.0005093580182581399,0.0006741727385671876,0.0007956471046304983,0.0007011306572694002,0.00039537172087607253,Irish sovereign debt crisis
2010-08-17,0.004247178418262563,0.0005905112556210074,0.000481539518700883,0.0006421298106851601,0.0007433028778109797,0.0006873166785572357,0.000398267392350779,Irish sovereign debt crisis
2010-08-18,0.004282168474991579,0.0005363880531413573,0.00043697575396160683,0.0005817378025473928,0.000669696724606938,0.0006240999759107835,0.0003694300086800647,Irish sovereign debt crisis
2010-08-19,0.0040364315562199165,0.0006062880517253512,0.0004898653682032473,0.0006528409509333221,0.000764219930988085,0.0006913356754733804,0.00043317833302872075,Irish sovereign debt crisis
2010-08-20,0.003765428378654088,0.0007040342891763482,0.0005699161481063428,0.0007473170598759744,0.0009004722005900465,0.0007853637240293069,0.0005171023132800704,Irish sovereign debt crisis
2010-08-23,0.003685769376890518,0.000745524365331282,0.0005981828625548858,0.0007769525599599363,0.000950534577404656,0.000821336729907331,0.0005806150968296006,Irish sovereign debt crisis
2010-08-24,0.00031528523575292044,0.0009914492452237108,0.000792520331212588,0.0010073408206908235,0.001284576835754649,0.001032187385158949,0.0008406208533015445,Irish sovereign debt crisis
2010-08-25,0.0007123466313084997,0.001176496616362129,0.0009461866740243722,0.0011566336866828098,0.0015212355240452064,0.0011858581839516785,0.0010725690131065779,Irish sovereign debt crisis
2010-08-26,0.000650176555025777,0.0013450204535466349,0.0010832822190360292,0.0012962772271455573,0.0017085358400841198,0.0013119753921188692,0.0013250315893485987,Irish sovereign debt crisis
2010-08-27,0.0010338361292194997,0.001393126825133755,0.001140965431131128,0.0013296716629394593,0.0017177491187957367,0.0013585788575344742,0.0014186690552679755,Irish sovereign debt crisis
2010-08-30,0.0010401871426294644,0.0014139789063844553,0.0011750333558743094,0.0013524873191922205,0.0017321770063135216,0.0013607041587536941,0.001449492691788531,Irish sovereign debt crisis
2010-08-31,0.0009418759724172364,0.0013219967418824897,0.0011155986602989925,0.0012550831925979516,0.0016348863158794713,0.001245075572873795,0.0013593399677622375,Irish sovereign debt crisis
2010-09-01,0.0005892227707269478,0.0012411909895620507,0.0010592902634129191,0.001189838542372821,0.0014823534778688062,0.0012076949561238572,0.0012667777080318508,Irish sovereign debt crisis
2010-09-02,0.0006244169640695342,0.001145413205990457,0.000990128393859042,0.0010882158326438495,0.0013131650762267626,0.0011001816004783981,0.001235375126744233,Irish sovereign debt crisis
2010-09-03,0.0002318409093122365,0.001110298806074721,0.0009677250575809502,0.00104116856459562,0.0012208320239672696,0.0010749485601467621,0.0012468198240830025,Irish sovereign debt crisis
2010-09-06,0.00038062733525989935,0.0010632852388170462,0.0009632217702935538,0.0009892864367267,0.001128943226909517,0.0010334412771965092,0.0012015334829589515,Irish sovereign debt crisis
2010-09-07,0.0003570600476925174,0.001018421813984495,0.0008890925113961443,0.0009696591033443487,0.00108099906399486,0.0010320115571181736,0.0011203468340689477,Irish sovereign debt crisis
2010-09-08,0.0002769326500943954,0.0010127785726845866,0.0008656296610969932,0.0009751941964651979,0.0010811831511094263,0.0010529192285080057,0.0010889666262433094,Irish sovereign debt crisis
2010-09-09,0.0005365775111185741,0.0009733190774342812,0.0008161149255022037,0.0009594410998715503,0.0010233630937872859,0.0010543773611971419,0.0010132989068132238,Irish sovereign debt crisis
2010-09-10,0.0007532941732670342,0.0007401242484538131,0.0006147704847548635,0.0007702434612339804,0.0007830643692802797,0.0008550696442751125,0.0006774732827248295,Irish sovereign debt crisis
2010-09-13,0.0007005276287803437,0.0006716792242977699,0.0005629200648719985,0.0007093381182168663,0.0007127178269453978,0.000792265033217121,0.0005811550782374661,Irish sovereign debt crisis
2010-09-14,0.0006810165777423825,0.0005848493619010729,0.0004888320230849315,0.0006286808814212786,0.0006352999932219518,0.0006996056456198883,0.0004718282661573146,Irish sovereign debt crisis
2010-09-15,0.0008757921932861017,0.0005266354446430498,0.0004610949603950643,0.0005636580124395866,0.0005841467452842126,0.00061634721082786,0.00040793029426852565,Irish sovereign debt crisis
2010-09-16,0.0006442375880550682,0.0004551638821263963,0.00038760072764412225,0.0004926824856030449,0.0005245239937035705,0.0005371221676503853,0.00033389003603085873,Irish sovereign debt crisis
2010-09-17,0.00045207465238411554,0.0004418716461521849,0.00037592617696876566,0.00047262648363350615,0.0005182158291196122,0.0005152004087371584,0.00032738933230188206,Irish sovereign debt crisis
2010-09-20,0.0003843115813356034,0.0004117925530637065,0.00034382134827268176,0.00045374617917685786,0.0004771101890273784,0.000501304478059361,0.00028298057078225366,Irish sovereign debt crisis
2010-09-21,0.00041717257668229577,0.00039436827534309194,0.00032874001404519686,0.00043930080809519194,0.0004551121172446504,0.0004868075818896618,0.00026188085544075884,Irish sovereign debt crisis
2010-09-22,0.00022427946437087042,0.0004303895575291551,0.00036353202879915047,0.00047799763577464747,0.00049927024039721,0.0005263310434113217,0.00028481683926344576,Irish sovereign debt crisis
2010-09-23,0.00017952191417099848,0.00045779626180578946,0.000383570108213586,0.0005091205004332421,0.0005383683946558882,0.0005609307604154693,0.00029699154531076153,Irish sovereign debt crisis
2010-09-24,0.00018307280060463738,0.0005117336236831191,0.00043272947246680133,0.0005710978493134569,0.0005873928284297309,0.0006314613500378174,0.00033598661816778967,Irish sovereign debt crisis
2010-09-27,0.00015515728088178341,0.0005600292084373288,0.00047852948379137957,0.0006269515484674601,0.0006360449614711634,0.0006869742699713922,0.00037164577848524863,Irish sovereign debt crisis
2010-09-28,0.0003280202626460284,0.0005785421519247293,0.0004901261772398352,0.0006432006475850486,0.0006512341833525993,0.0007048819227687265,0.0004032678286774372,Irish sovereign debt crisis
2010-09-29,0.00043929985858337577,0.0005656823720456638,0.0004769491043882464,0.000624060068128751,0.0006391869516106978,0.0006848424582940519,0.00040337327780657186,Irish sovereign debt crisis
2010-09-30,0.00044140994870729586,0.0005528448208854179,0.00046106619637907044,0.0006057641468117139,0.0006304358861815283,0.0006707521913402471,0.00039620568371453004,Irish sovereign debt crisis
2010-10-01,0.00041828107782118196,0.0005247852103486779,0.0004309954277013874,0.0005694962541051071,0.0006096138861852357,0.0006384459998829929,0.00037537448386866664,Irish sovereign debt crisis
2010-10-04,0.00042333311833120163,0.0005358532438102072,0.00044467091937997204,0.00057957134313517,0.0006301924333892188,0.0006507286880841956,0.0003741028350624795,Irish sovereign debt crisis
2010-10-05,0.0002093936652506927,0.0005537586719733696,0.0004597968705705093,0.0006000348682551657,0.0006428734130677518,0.0006859699578273421,0.00038011825014607907,Irish sovereign debt crisis
2010-10-06,0.00014776729761838053,0.0005515693345477376,0.00046330059311430803,0.0005994014911395448,0.0006319999993707391,0.0006843620689166558,0.0003787825201974405,Irish sovereign debt crisis
2010-10-07,0.00025208434188143237,0.0005156459991056206,0.00043398547544729163,0.0005629554365185886,0.0005879565433688967,0.0006370517875595392,0.00035628075263378705,Irish sovereign debt crisis
2010-10-08,0.0002692095077766249,0.00047848759418567976,0.00040320954536287516,0.0005237812514641546,0.0005442732325490193,0.0005893697912806225,0.0003318041502717273,Irish sovereign debt crisis
2010-10-11,0.0002711309868615182,0.00041552337197666355,0.0003502111479490302,0.0004584696241267718,0.0004765457327899329,0.0005066157482877745,0.00028577460672980884,Irish sovereign debt crisis
2010-10-12,0.0002842938789884657,0.00038519371601410086,0.00032589918843990327,0.00042387162375355004,0.0004385029622467258,0.00046170386011645754,0.00027599094551386766,Irish sovereign debt crisis
2010-10-13,0.000248311857087748,0.0003626876674869061,0.00030607788581038623,0.0004029023648857516,0.00041249290217390674,0.0004388078783749022,0.0002531573061895839,Irish sovereign debt crisis
2010-10-14,0.0010369736438739932,0.0003681305870003959,0.00031022326375721294,0.00041219896941716087,0.00041918668438851336,0.0004431153503771635,0.00025592866706192896,Irish sovereign debt crisis
2010-10-15,0.0011246904937415837,0.0003742154225451137,0.0003169217075893202,0.00041949046473072836,0.00042414954276390757,0.0004449017520646153,0.00026561364557699707,Irish sovereign debt crisis
2010-10-18,0.0011166109181939541,0.00036892975462067995,0.0003130757340439852,0.0004168201397359765,0.0004169116001796169,0.00044238498852773405,0.00025545631061608704,Irish sovereign debt crisis
2010-10-19,0.0011239397605038851,0.00038835079214204096,0.00032526556607863295,0.00044111256734759443,0.0004423256449357751,0.00046935191252565466,0.0002636982698225477,Irish sovereign debt crisis
2010-10-20,0.0011179189146909708,0.00040455363953498594,0.0003360399920333486,0.00046018173197257765,0.0004625348367230817,0.0004930907774615902,0.0002709208594843317,Irish sovereign debt crisis
2010-10-21,0.00017266235592846497,0.0004250506375332155,0.0003532768086887246,0.0004842738459108794,0.0004770419765131752,0.0005267027309427691,0.0002839578256105298,Irish sovereign debt crisis
2010-10-22,6.294492778495864e-05,0.0004230180146377123,0.0003486967522455717,0.0004818175637865065,0.0004721474098279694,0.0005269922008892747,0.0002854361464392393,Irish sovereign debt crisis
2010-10-25,6.28471115631981e-05,0.00040809188172016755,0.0003369763478934571,0.0004647303990673535,0.0004566604480868792,0.0005073316533265869,0.0002747605602265609,Irish sovereign debt crisis
2010-10-26,5.4361399010520605e-05,0.00037812908535334765,0.00031137228824550497,0.00042963954142465326,0.00042956225394830794,0.00046435260782214983,0.00025571873532612203,Irish sovereign debt crisis
2010-10-27,6.410666349653011e-05,0.0003618389233340826,0.0003001516158028446,0.0004096905313008607,0.00041693132231573166,0.0004405465593652383,0.00024187458788573743,Irish sovereign debt crisis
2010-10-28,0.0004003869429559855,0.0003323993040177395,0.00028015662799323266,0.00037751231827435933,0.0003885179046792862,0.0003994710307389488,0.00021633863840287047,Irish sovereign debt crisis
2010-10-29,0.0008050284627023807,0.00028560137221734274,0.0002450329784550035,0.0003243076398875317,0.0003392755202695192,0.00033718264434553396,0.0001822080781291255,Irish sovereign debt crisis
2010-11-01,0.0008526571964105357,0.0002494850543319796,0.00021634441101177205,0.00028166537978689644,0.0003001824029985698,0.0002929531381701798,0.0001562799396924798,Irish sovereign debt crisis
2010-11-02,0.001207338793553919,0.0002361464605309304,0.00020688472424900206,0.00026454266433277113,0.0002853995491020841,0.00027885392474617256,0.00014505144022462218,Irish sovereign debt crisis
2010-11-03,0.0016670696615817583,0.00023149780453488546,0.00020462577527292127,0.00025689515729995934,0.0002814994250784009,0.00027448906987882955,0.00013997959514431643,Irish sovereign debt crisis
2010-11-04,0.0015828598686810603,0.00024303205970845008,0.00021703645866822803,0.00026875650108894935,0.00029200660234823236,0.00029256928721328653,0.0001447914492235542,Irish sovereign debt crisis
2010-11-05,0.001179359746413013,0.00026789812917800307,0.00023939794275341437,0.00029649293516641407,0.0003204107779472199,0.0003228168801605662,0.0001603721098624009,Irish sovereign debt crisis
2010-11-08,0.0011889650948715782,0.0002775462012015652,0.00024726438022595616,0.0003064943091447955,0.0003280040513810984,0.0003351793343789521,0.00017078893087702393,Irish sovereign debt crisis
2010-11-09,0.0010831974599731697,0.0002992318891903496,0.00026316221107302695,0.0003279694384050993,0.0003473865541184289,0.00036704352243301363,0.00019059771992217938,Irish sovereign debt crisis
2010-11-10,0.0008288620584768094,0.0003516851681448374,0.000303581494158295,0.00038203337816725407,0.0004051904775090327,0.0004336890240704494,0.00023393146681915586,Irish sovereign debt crisis
2010-11-11,0.0015079447269501541,0.00039871376278826937,0.0003368217859450689,0.00042735332022819037,0.0004559880077393739,0.0004892468779859628,0.00028415882204275094,Irish sovereign debt crisis
2010-11-12,0.0015755254251251024,0.0004204221276162873,0.00034604077151200195,0.00044489571926007034,0.0004812485582269534,0.0005159590462999534,0.0003139665427824577,Irish sovereign debt crisis
2010-11-15,0.0017383694841344845,0.0004265445665644475,0.0003433780263643406,0.00044986945944032155,0.0004891308899492381,0.0005265931491943204,0.000323751307874017,Irish sovereign debt crisis
2010-11-16,0.0026254227080819664,0.0005123840881749799,0.00040039249184120325,0.0005365864935883744,0.0005977232746504311,0.000624606364721812,0.0004026118160730781,Irish sovereign debt crisis
2010-11-17,0.002469154090582051,0.0005384187808533843,0.0004161591773622892,0.0005616541972702754,0.000623902645765612,0.0006518958913179213,0.00043848199255082333,Irish sovereign debt crisis
2010-11-18,0.001675311201846416,0.0005784488909884493,0.00045107256160281526,0.0006040187485076669,0.0006410167649117352,0.0007135244150019911,0.0004826119649180384,Irish sovereign debt crisis
2010-11-19,0.0016271359420070082,0.000586112855564061,0.00046018017590146915,0.0006128062231306707,0.0006260041134719735,0.0007214485438873593,0.0005101252214288326,Irish sovereign debt crisis
2010-11-22,0.0014198850474069038,0.0006038496755781073,0.0004754273687359546,0.0006297731632690793,0.0006373556844814658,0.0007305891089167926,0.0005461030524872441,Irish sovereign debt crisis
2010-11-23,0.00025885809806886173,0.0007599283272889722,0.0006016563934266129,0.0007842542098963568,0.0008090769129355117,0.0008766324863374597,0.0007280216338489192,Irish sovereign debt crisis
2010-11-24,0.000521519076540776,0.0009157972789062259,0.000737088935988911,0.0009382270778270181,0.0009444543239857063,0.0010383818856889403,0.0009208341710405542,Irish sovereign debt crisis
2010-11-25,0.0008264347933576296,0.0011044880365226413,0.0009171334901926544,0.0011276390870966781,0.0010978709473370603,0.0012302976715608135,0.0011494989864260002,Irish sovereign debt crisis
2010-11-26,0.0008209356585081718,0.0012440254299192913,0.0010552273050768,0.001264248916846717,0.0012117148037292336,0.0013551918524852572,0.0013337442714584492,Irish sovereign debt crisis
2010-11-29,0.0008190704714680347,0.001374288921539547,0.0012012830275688951,0.0013743500322023392,0.001358045263762874,0.0014459409163829614,0.0014918253677806653,Irish sovereign debt crisis
2010-11-30,0.0010991395452883928,0.0014652799858150102,0.0013248580956524152,0.0014399782568611259,0.001454133742210553,0.0014615187795243912,0.001645911054826566,Irish sovereign debt crisis
2010-12-01,0.0008083019788905897,0.0015591823648354653,0.00148095191815465,0.0015274141678955696,0.0015100042254051504,0.0015388482816602056,0.001738693231061751,Irish sovereign debt crisis
2010-12-02,0.0004595330248022663,0.0015894029936525881,0.001547628981200086,0.0015651034189398806,0.001491397006385412,0.0015956724297841278,0.0017472131319534354,Irish sovereign debt crisis
2010-12-03,0.0004673386859147632,0.001502248129523235,0.0015013903846650169,0.0014765408085228525,0.0013888459408715398,0.0014977098591936228,0.0016467536543631432,Irish sovereign debt crisis
2010-12-06,0.0005112203515687543,0.0012642640186699273,0.0012634503479288003,0.001244217316093927,0.001185530447648638,0.001258579522956777,0.0013695424587214945,Irish sovereign debt crisis
2010-12-07,0.0002484215720674273,0.0010500522454036873,0.001053291091765865,0.001040889726032811,0.0009892846666287023,0.0010618321918031053,0.0011049635507879526,Irish sovereign debt crisis
2010-12-08,0.00021574755042641253,0.0009325267419420097,0.0009621821895637938,0.0009158662330004398,0.0008761404896399259,0.0009377973631049656,0.0009706474344009238,Irish sovereign debt crisis
2010-12-09,0.0001309458219505807,0.0007952906586746047,0.0008122717889469344,0.0007831557861473348,0.000747398783023674,0.0008192175299694395,0.0008144094052856403,Irish sovereign debt crisis
2010-12-10,0.00015736169745940616,0.0006863786378692559,0.0006795361601275445,0.0006925467760127257,0.0006494784607968858,0.0007361893318265035,0.0006741424605826195,Irish sovereign debt crisis
2010-12-13,0.000126017172857751,0.0005734760574765875,0.000569161806768273,0.0005890653657416673,0.0005526683610772576,0.0006227704902781262,0.0005337142635176133,Irish sovereign debt crisis
2010-12-14,0.0003009486771352492,0.0004825065178706302,0.0004711206481783158,0.0004959594241283932,0.00047048198744652366,0.0005226968816531994,0.0004522736479467193,Irish sovereign debt crisis
2010-12-15,0.00030468716740322826,0.00041854400421282667,0.0003963019960860445,0.0004322411407910056,0.0004208384129473353,0.0004598744520840311,0.00038346401915571686,Irish sovereign debt crisis
2010-12-16,0.0002964295594015756,0.00034845530113922923,0.00031207302702517155,0.00037096363169843047,0.0003627126368703148,0.0004024385044070409,0.00029408870569518845,Irish sovereign debt crisis
2010-12-17,0.0002502843251918615,0.0003291808553617751,0.0002900325491575712,0.0003491502247871023,0.0003547106845213493,0.0003829341566842609,0.00026907666165859194,Irish sovereign debt crisis
2010-12-20,0.00023363465352326231,0.0003060770508143148,0.00026373755658419003,0.0003276458058876338,0.000340966247600855,0.0003622360011705743,0.00023579964282832093,Irish sovereign debt crisis
2010-12-21,3.8379173598695416e-05,0.00030807881850277965,0.00026589554930174964,0.0003303157776318192,0.00034355113522094375,0.0003694047811337275,0.0002312268492256581,Irish sovereign debt crisis
2010-12-22,3.2415313058854685e-05,0.0002969892164551229,0.00025528066921905635,0.0003205528610415015,0.000333488928937511,0.0003602966919749044,0.00021532693110264115,Irish sovereign debt crisis
2010-12-23,3.096351230068093e-05,0.00026882396952182145,0.00023030926041822653,0.000292736702634795,0.0003102692731709805,0.00032805048942184564,0.0001827541219632597,Irish sovereign debt crisis
2010-12-24,5.895825329096332e-05,0.0002509121346956499,0.00021589964626354032,0.00027254033409659456,0.000295914101713117,0.00030394472765368107,0.00016626186375131666,Irish sovereign debt crisis
2010-12-29,4.8312028037055534e-05,0.00023571572101965208,0.000203787970225736,0.00025578877558990877,0.00028287184594502336,0.0002844560179366693,0.00015167399540092286,Irish sovereign debt crisis
2010-12-30,4.210629508903398e-05,0.00023294359051537515,0.00020224472214410504,0.000251866759762237,0.00028490827009161715,0.0002803344875299132,0.00014536371304900317,Irish sovereign debt crisis
2010-12-31,4.136524838539104e-05,0.00022713031887253474,0.0001974499226739973,0.00024564383489542854,0.0002826704728020207,0.0002723989346777706,0.00013748842931345662,Irish sovereign debt crisis
2011-01-04,0.000252673221250762,0.00043760906042620087,0.000452231276371608,0.0004755362750093206,0.00042284091553398614,0.0004220787216473419,0.0004153581135687474,Irish sovereign debt crisis
2011-01-05,0.00031266568959039656,0.0004357876825871086,0.00045958385960001406,0.00048206233622925847,0.0004243666919400523,0.0004109279883700627,0.00040199753679615567,Irish sovereign debt crisis
2011-01-06,0.0004295252460094149,0.0004250496558565818,0.0004547831750213991,0.00047411262803107994,0.00041851881790330237,0.00039284852159292445,0.0003849851367342031,Irish sovereign debt crisis
2011-01-07,0.0004621597601895496,0.0004172885106850696,0.0004501309421862872,0.00046690794620442874,0.00041387036072977796,0.00038114142756332095,0.0003743918767415332,Irish sovereign debt crisis
2011-01-10,0.00046188548845915885,0.00042752167469965426,0.00046437995300884806,0.0004812008457818346,0.0004283236981312594,0.00038646909488407896,0.00037723478169225037,Irish sovereign debt crisis
2011-01-11,0.00029169401668495713,0.00041281003938839283,0.0004429912570814112,0.00045092353408130733,0.0004192897631423536,0.0003828230750233589,0.0003680225676135333,Irish sovereign debt crisis
2011-01-12,0.00037627047176063604,0.0004057182456301562,0.00043386544782777087,0.000431850976343775,0.00041217167031786607,0.00038495261491209697,0.0003657505187492722,Irish sovereign debt crisis
2011-01-13,0.000816611937720624,0.00041536934363725674,0.00044788625359115745,0.00043969398330316205,0.00041567947418684774,0.0003964424956107661,0.0003771445114943503,Irish sovereign debt crisis
2011-01-14,0.0008286997649943733,0.00040340303254021834,0.00042996623063928474,0.0004277072021269913,0.00039420086049970316,0.00039299290833303286,0.0003721479611020797,Irish sovereign debt crisis
2011-01-17,0.0011016556495103984,0.00038998992393661665,0.0004044568206683893,0.0004171275965894035,0.0003744514935441623,0.0003898073385653211,0.0003641063703158073,Irish sovereign debt crisis
2011-01-18,0.0010930681106918487,0.00037846951824418735,0.00038419769603938663,0.0003957143542966741,0.00036182500609915246,0.00039265872829889227,0.0003579518064868314,Irish sovereign debt crisis
2011-01-19,0.000992042860435845,0.0004306065591444828,0.00043528162563813015,0.0004380566721060649,0.0004063130506986383,0.0004571854325382662,0.00041619601474131464,Irish sovereign debt crisis
2011-01-20,0.0004921538615588483,0.0005331077903172813,0.0005354667645982895,0.0005318748711495365,0.0005006909094475272,0.0005781996542506283,0.0005193067521404252,Irish sovereign debt crisis
2011-01-21,0.000502021998870922,0.0005670237794945144,0.0005492994094197636,0.0005452039562754424,0.0005349059868943413,0.0006378877127906126,0.0005678218320924117,Irish sovereign debt crisis
2011-01-24,0.0003980931932221112,0.0005705353209557141,0.0005288912833244021,0.0005231252972360836,0.00053207563033856,0.0006721820577919833,0.0005964023360875418,Irish sovereign debt crisis
2011-01-25,0.0010353579748848428,0.0005460508088049066,0.0004954816767520908,0.0005027775026943694,0.0005020285022690653,0.0006515391226149613,0.0005784272396940461,Irish sovereign debt crisis
2011-01-26,0.0010307578797857965,0.0005371914501391252,0.0004778396512893176,0.00048112835687431205,0.00048604526031411195,0.000656701631868754,0.0005842423503491309,Irish sovereign debt crisis
2011-01-27,0.0011116925049596271,0.0005591975244706137,0.0004930387672697983,0.0004932747725091569,0.0005007109015227048,0.0006880904448450281,0.0006208727362063804,Irish sovereign debt crisis
2011-01-28,0.001317475360874282,0.000676977019204508,0.0005946652638657426,0.0005871288813464013,0.0006026805340276632,0.0008308712094185583,0.0007695392073641745,Irish sovereign debt crisis
2011-01-31,0.001218660469043088,0.0008234042770309024,0.0007239998692500387,0.0007073312102870591,0.0007308708718074473,0.0010115642279394713,0.0009432552058704958,Irish sovereign debt crisis
2011-02-01,0.0005770873233326266,0.0009322279531091805,0.0008022220147242713,0.0007995576971606894,0.0008320106439574319,0.0011514713445873795,0.00107587806511613,Irish sovereign debt crisis
2011-02-02,0.0008375345032042221,0.0009935387697851818,0.0008096194907261797,0.0008502545041597687,0.000886393610380237,0.0012371936691435402,0.0011842325745161828,Irish sovereign debt crisis
2011-02-03,0.0006999219570675151,0.0010374140464947696,0.000796212237421888,0.0008590840631541815,0.0009275687518265568,0.001313658948447364,0.001290546231623857,Irish sovereign debt crisis
2011-02-04,0.0005764266664527711,0.0010316083182885759,0.000758021735992319,0.0008307149447275558,0.000917144698134344,0.001334213856114724,0.0013179463564739371,Irish sovereign debt crisis
2011-02-07,0.0005047610795771525,0.0010739859987259272,0.0007645657970707111,0.0008349111356758435,0.0009523603447606404,0.0014011153713790541,0.0014169773447433869,Irish sovereign debt crisis
2011-02-08,0.000476793252318743,0.0011442526125902029,0.0008166474097967317,0.0008918666380854633,0.0010292104487969653,0.0014629977543682013,0.001520540811903652,Irish sovereign debt crisis
2011-02-09,0.00015710090973200657,0.0012813361866172708,0.0008884904992296631,0.000993731332191188,0.0011768108713862886,0.0016146075852735166,0.001733040645005698,Irish sovereign debt crisis
2011-02-10,0.00022015640611051864,0.0011608614779811295,0.0008027221246409115,0.0009241305480132213,0.0010833288195960526,0.0014378305742886626,0.0015562953233667993,Irish sovereign debt crisis
2011-02-11,0.00026366148611148656,0.001090511328395567,0.0007392850797351812,0.0008547115973956443,0.0010217253122332998,0.0013565753463741247,0.001480259306239584,Irish sovereign debt crisis
2011-02-14,0.0005283295320976907,0.0009709861472088851,0.0006722316344105549,0.0007818045020734738,0.0009209003155526726,0.0011861645857582182,0.0012938296982495062,Irish sovereign debt crisis
2011-02-15,0.0006549041501897549,0.0008360040133299686,0.0006118150489861247,0.0007088666945384432,0.000807019476262389,0.0009757298348780899,0.0010765890119847964,Irish sovereign debt crisis
2011-02-16,0.0006733545041303538,0.0007444235204774063,0.0005623619387235557,0.0006425545945006532,0.0007224911710854269,0.0008491529702002866,0.0009455569278771089,Irish sovereign debt crisis
2011-02-17,0.0006133378823987363,0.0006959966770099431,0.000534430389495665,0.0006103994482700497,0.0006721846986284906,0.0007864680304079619,0.0008765008182475478,Irish sovereign debt crisis
2011-02-18,0.0006421522673460187,0.0006182445750040258,0.00047945771690344294,0.0005472264042462077,0.0005757543999655056,0.0007149390327416995,0.0007738453211632736,Irish sovereign debt crisis
2011-02-21,0.0004998870199576282,0.0006494928199949952,0.0005185538424818497,0.0005834760613955778,0.000596892642526798,0.0007586971243139695,0.0007898444292567811,Irish sovereign debt crisis
2011-02-22,0.0004072734087505813,0.0007648684974371058,0.0006027213565232809,0.0006685302801878532,0.0007030135062660971,0.0008947220683572678,0.0009553552758510297,Irish sovereign debt crisis
2011-02-23,0.0005405572450438722,0.0009160010113723416,0.0007436712804067563,0.0008073009840221635,0.0008598034124267317,0.0010673053719590872,0.0011019240080469696,Irish sovereign debt crisis
2011-02-24,0.0005439124867258076,0.0009476070845886506,0.0007764853344954211,0.0008340740193195447,0.0009219273580825316,0.0010929558403853419,0.0011125928706604148,Irish sovereign debt crisis
2011-02-25,0.0003439415485549814,0.0009354164529926954,0.0007647583904302779,0.0008175281428269098,0.0009254001616965794,0.0010785634311195893,0.001090832138890121,Irish sovereign debt crisis
2011-02-28,0.00022210348772542236,0.0009038488207216523,0.0007399645249665398,0.0007916087149470568,0.000899169493386718,0.0010409063772269223,0.0010475949930810243,Irish sovereign debt crisis
2011-03-01,0.00018823088833794547,0.001035126123894533,0.0008938275559589612,0.0009805107008839314,0.0010282504078612306,0.001138759505277918,0.0011342824494906239,Irish sovereign debt crisis
2011-03-02,0.00012610067471112814,0.0011228616277261009,0.0010023105637228167,0.0011150510570889427,0.00112267827325065,0.0011999800521734498,0.0011742881923946463,Irish sovereign debt crisis
2011-03-03,0.00016702972231330847,0.0011214464887453041,0.001036151495917614,0.0011748846501745307,0.0011187079480722958,0.0011572933588449323,0.0011201949907171473,Irish sovereign debt crisis
2011-03-04,0.0002619655371637994,0.0011914671788252787,0.0011542358748774454,0.0013246543623308712,0.0012107425825713767,0.0011599414000497128,0.0011077616742969888,Irish sovereign debt crisis
2011-03-07,0.00033086750677190064,0.0011841345828854943,0.0011756977872099128,0.0013886435490824479,0.0012164026908678082,0.0010938337143669371,0.0010460951729003652,Irish sovereign debt crisis
2011-03-08,0.0010373856165179066,0.0010257453040820467,0.0010349422938960675,0.001260585926180513,0.001046874957171672,0.0009095486677081973,0.0008767746754537836,Irish sovereign debt crisis
2011-03-09,0.0010893566150924317,0.0009524411401076558,0.0009452039362366057,0.001185506522634688,0.0009872253990765613,0.000838279403107494,0.0008059904394829297,Irish sovereign debt crisis
2011-03-10,0.00187590586389116,0.001069465385335175,0.0010703746006458749,0.001370420147303157,0.0011336191089346523,0.0009003613044093427,0.0008725517653828478,Irish sovereign debt crisis
2011-03-11,0.0017726217681684681,0.0011319285587266972,0.0011412092052941144,0.0014246109821744628,0.0012330563114699154,0.0009582082468261418,0.000902558047868852,Irish sovereign debt crisis
2011-03-14,0.001872445327350588,0.0013504361870374112,0.0013753801654890988,0.0016667992881097523,0.0015409560358435749,0.001116908835119975,0.0010521366106246554,Irish sovereign debt crisis
2011-03-15,0.0011981138310893941,0.001902286356580798,0.002028757412741441,0.00230522396728663,0.0022669713343414157,0.001498186395356585,0.00141229267317792,Irish sovereign debt crisis
2011-03-16,0.0010493401208792506,0.0027287212369665964,0.0031306321699855117,0.003179358769628138,0.0033131742652693194,0.0020350840269981537,0.0019853569529518587,Irish sovereign debt crisis
2011-03-17,0.0005729055593126846,0.002756305231430727,0.0031827218917622625,0.0029644115508266093,0.003324479091932076,0.002143833854506327,0.002166079768126362,Irish sovereign debt crisis
2011-03-18,0.00059442349076595,0.002315724305835197,0.0026707502379301343,0.002402281648848132,0.0026839429788544514,0.0018842810003386144,0.0019373656632046552,Irish sovereign debt crisis
2011-03-21,0.0004949987028365704,0.0019351516567179307,0.002182086469606662,0.001895275534129097,0.002215885393445415,0.001666422429280735,0.0017160884571277449,Irish sovereign debt crisis
2011-03-22,0.0005683902268623979,0.0017349344365947205,0.0019394172508307784,0.0015803655341333248,0.001980678613359931,0.0015697548479277153,0.0016044559367218532,Irish sovereign debt crisis
2011-03-23,0.000576665852932586,0.0014312293846011823,0.0015196577042922816,0.001330445138479973,0.0016188406881584019,0.001328770170549555,0.0013584332215256995,Irish sovereign debt crisis
2011-03-24,0.00023378970603890384,0.0011448048075340966,0.0011697564274070803,0.0008818808248456329,0.00131311740624286,0.0011710530475215553,0.0011882163316533545,Irish sovereign debt crisis
2011-03-25,0.0007443320885266268,0.0010761281861471103,0.0011211324677910801,0.000902624098249096,0.0011931986306848092,0.0010669774269294384,0.0010967083070811284,Irish sovereign debt crisis
2011-03-28,0.0006832071881255744,0.0009757264134548392,0.0009827384211062982,0.0007844054542504131,0.001067161087659369,0.0009962678788174232,0.0010480592254406922,Irish sovereign debt crisis
2011-03-29,0.0005790730756187553,0.0008852180700079327,0.0008217968577336365,0.0006660134544102778,0.0009575554881200055,0.0009676056709780239,0.0010131188787977196,Irish sovereign debt crisis
2011-03-30,0.0006922477322140042,0.0007945556787579955,0.0006925779804338725,0.0005649761029385298,0.0008469174513778181,0.0009140353857729769,0.0009542714732667803,Irish sovereign debt crisis
2011-03-31,0.0007061572885868829,0.0007482973679342064,0.000648896015530038,0.0005352812214192923,0.0007868742795966422,0.0008702182809184518,0.0009002170422066078,Irish sovereign debt crisis
2011-04-01,0.0001701761512147009,0.0006518650674858896,0.0004903939975191631,0.0004251794710038773,0.0006767960771599923,0.0008227241467451977,0.0008442316450012173,Irish sovereign debt crisis
2011-04-04,0.00029419959988538446,0.0006208942815683271,0.0004989667857258013,0.0004383104161144383,0.0006354581086847723,0.0007510925833601538,0.00078064351395647,Irish sovereign debt crisis
2011-04-05,0.0003452908439985746,0.0005560071633033442,0.0004732628823941928,0.0004419402957658278,0.0005529543579914846,0.000641214057860886,0.0006706642225043302,Irish sovereign debt crisis
2011-04-06,0.0003220312982365086,0.0005161173548620879,0.00045086932211522513,0.00041271434240935375,0.0004932075379948756,0.0005985004904345056,0.0006252950813564796,Irish sovereign debt crisis
2011-04-07,0.0002910258698810722,0.0005215112053499241,0.00046306807978149073,0.0004164158635847241,0.00048285847623669956,0.0006071659234125058,0.0006380476837342008,Irish sovereign debt crisis
2011-04-08,0.0003036816062459146,0.00047203515804540385,0.00042393478730693893,0.00040221644787989127,0.00043666994805364627,0.0005322534743869812,0.0005651011325995616,Irish sovereign debt crisis
2011-04-11,0.0004743324189974663,0.0004768827437497692,0.0004471893483313022,0.00042889298116133604,0.00044538605020413976,0.0005145394215178173,0.0005484059175342508,Irish sovereign debt crisis
2011-04-12,0.0004899741802013594,0.0005359013610537176,0.000515917882861658,0.0005025230640424634,0.0005124854384612619,0.0005575749698013118,0.000591005450101893,Irish sovereign debt crisis
2011-04-13,0.00041164899943457115,0.000525658039708772,0.0005078538401531008,0.0005018421455571896,0.0005105780537022386,0.0005418728116519378,0.0005661433474793928,Irish sovereign debt crisis
2011-04-14,0.0004537354177182566,0.0004882376852583037,0.0004908889069875581,0.0005020396189561971,0.00047763485251596895,0.0004771062292046063,0.0004935188186271878,Irish sovereign debt crisis
2011-04-15,0.00048571657121748507,0.00045880320173805777,0.00046971046518055296,0.00048374441357730617,0.0004492644413166952,0.0004411703102352182,0.00045012637838051623,Irish sovereign debt crisis
2011-04-18,0.0001832624646381789,0.0005433640928452204,0.0005738149354562071,0.0005855848813841817,0.000537895413991196,0.0005041601640668221,0.0005153650693276948,Irish sovereign debt crisis
2011-04-19,0.00015810234838409493,0.0005694448406044888,0.0006024155000292859,0.0006046947172529863,0.0005656985706918062,0.0005315546278586774,0.0005428607871896886,Irish sovereign debt crisis
2011-04-20,0.00016108572302054772,0.000558892141100873,0.000588745904501563,0.0005943336950894396,0.0005542273726923119,0.0005263030674239394,0.0005308506657971108,Irish sovereign debt crisis
2011-04-21,0.0002121929959865478,0.0005609081085387969,0.0005925223103178468,0.0006049637611078869,0.0005519394999169086,0.0005267962287587881,0.0005283187425925539,Irish sovereign debt crisis
2011-04-26,0.0002927721117427439,0.0005786727029935202,0.0006142486468808219,0.0006384776322613013,0.0005598788770749875,0.0005407758634280298,0.0005399824953224604,Irish sovereign debt crisis
2011-04-27,0.0003206259287136508,0.0005881202995955358,0.0006367711649284328,0.0006823414808927453,0.0005598863134711805,0.0005332796160994472,0.0005283229225858731,Irish sovereign debt crisis
2011-04-28,0.0007754512835603162,0.0005909163620984664,0.0006389456885133094,0.000706154242779679,0.0005609588992233724,0.0005275923214007882,0.0005209306585751823,Irish sovereign debt crisis
2011-04-29,0.0007923730601877042,0.000578033517577131,0.0006198284852531758,0.0007010587582819673,0.000550291044326496,0.000513950356123978,0.0005050389439000381,Irish sovereign debt crisis
2011-05-03,0.0008174121122366384,0.0006039452147302617,0.0006458167144607386,0.0007396675423464027,0.0005763456624774075,0.0005339986368429516,0.0005238975175238083,Irish sovereign debt crisis
2011-05-04,0.0007378612660935013,0.0007396749085118122,0.0007961393149689466,0.0009265799376942911,0.0007127095761408206,0.0006384927871555812,0.0006244529265994213,Irish sovereign debt crisis
2011-05-05,0.000766505509506069,0.0008069448081184196,0.0008618986167596031,0.0010018577716835147,0.0007819561930710549,0.0006969070248825098,0.0006921044341954163,Irish sovereign debt crisis
2011-05-06,0.00026906740245282595,0.0007730490412462307,0.0007805376378866605,0.0009127766620091779,0.000763085571587577,0.000711887076121093,0.0006969582586266449,Irish sovereign debt crisis
2011-05-09,0.0002687495880515334,0.0008326768298651321,0.0008265503421158252,0.0009526657207017046,0.0008292915391188108,0.0007930233664154976,0.0007618531809738217,Irish sovereign debt crisis
2011-05-10,0.00016285213858690482,0.0008446287797117796,0.0008153438101009622,0.0009068208167853008,0.0008535478945834507,0.0008437260971754234,0.0008037052799137606,Irish sovereign debt crisis
2011-05-11,0.0001615486872871346,0.0008659252023858393,0.0008167175778077126,0.0009112951713287076,0.0008710844408634689,0.0008835516810351119,0.000846977140894196,Irish sovereign debt crisis
2011-05-12,0.00017412086379714928,0.000937936214052334,0.0008745651866886888,0.000977554497294766,0.000948300755556347,0.0009691812383465067,0.000920079392375362,Irish sovereign debt crisis
2011-05-13,0.0001918173931921846,0.0010525112165749259,0.0010209776418185267,0.0011353922316322733,0.0010847221017292556,0.0010278109358169015,0.000993653171877672,Irish sovereign debt crisis
2011-05-16,0.0005447337748339994,0.0010360991416029823,0.0010037403202543037,0.001097840619035029,0.0010877232855134244,0.0010114020177884834,0.0009797894654236716,Irish sovereign debt crisis
2011-05-17,0.0005615681166702094,0.0010206574867050355,0.0009748455296276236,0.001127571966170588,0.0010995906820692326,0.0009742321595108882,0.0009270470961468449,Irish sovereign debt crisis
2011-05-18,0.0005265735464851822,0.0009444534597960735,0.0008697291696324675,0.0009741888678528052,0.0010462633094385076,0.0009337599606149641,0.0008983259914416242,Irish sovereign debt crisis
2011-05-19,0.0004598497149208497,0.000905321242249903,0.0007981159986038906,0.0008485802744617544,0.0010583160786191744,0.0009135113871049594,0.0009080824724597369,Irish sovereign debt crisis
2011-05-20,0.0006358360389220387,0.0009528856254708915,0.0008617765664095234,0.000893099199325128,0.001129502062072523,0.0009418037420929449,0.0009382465574543386,Irish sovereign debt crisis
2011-05-23,0.00025422589725290214,0.0012361841826063404,0.001163523232588972,0.0013042614316102865,0.001465200032491882,0.001131477360514544,0.0011164588558260163,Irish sovereign debt crisis
2011-05-24,0.0002451204546826331,0.0011301527370686508,0.0010419091722737657,0.001111639363968032,0.0013421879073371634,0.0010811257024382684,0.0010739015393260245,Irish sovereign debt crisis
2011-05-25,0.0002360842124700962,0.0010015475597160498,0.0009076097961664232,0.0009743696945156201,0.0011744283362072055,0.0009735012345363453,0.000977828737154655,Irish sovereign debt crisis
2011-05-26,0.00023607396415919725,0.0009230627972314921,0.0008402419941287179,0.0008926053247128548,0.0010783335653692582,0.0009023486406054316,0.0009017844613411984,Irish sovereign debt crisis
2011-05-27,0.00010311419439083029,0.0008366725044052926,0.0007481248984035671,0.0007941702829657618,0.0009698520873121931,0.0008357636361384893,0.0008354516172064527,Irish sovereign debt crisis
2011-05-30,0.00011744320243849649,0.0007718004427241205,0.0006933651290867797,0.0007258296036764427,0.0008793249163447561,0.0007742224169568102,0.0007862601475558136,Irish sovereign debt crisis
2011-05-31,0.0002012159207545591,0.0006994578668329157,0.000626745464247684,0.0006470328024734618,0.0007779145345743864,0.0007167313194882325,0.0007288652133808141,Irish sovereign debt crisis
2011-06-01,0.0003770231788641587,0.0007213305109947368,0.000686513309272699,0.0006844160610239672,0.000791216333824262,0.0007146451755919639,0.0007298616752607924,Irish sovereign debt crisis
2011-06-02,0.0006585394098503355,0.0007063408149628164,0.0006768197230485532,0.0006958478126439093,0.0007752020365306845,0.0006920969648107324,0.0006917375377802032,Irish sovereign debt crisis
2011-06-03,0.0006561447737484962,0.000724975830569696,0.0007000880839784741,0.0007628044114839644,0.0007951625682403994,0.0006799505071002464,0.000686873582045396,Irish sovereign debt crisis
2011-06-07,0.0006534116155000236,0.000651464975623533,0.000628567183879306,0.0006467640062156572,0.000714329252060141,0.0006288895897880169,0.000638774846174544,Irish sovereign debt crisis
2011-06-08,0.0006811706498726755,0.0006442519498891453,0.0006047417459509172,0.0006275976290379558,0.0007084992068834058,0.0006366258591812167,0.0006437953083922308,Irish sovereign debt crisis
2011-06-09,0.0005708038895081961,0.0006244857666860353,0.00057259238592104,0.00059595267542073,0.0006829629667488203,0.0006344070326817199,0.0006365137726578662,Irish sovereign debt crisis
2011-06-10,0.0003398091545036576,0.000766103999434715,0.0007085859166372996,0.0007311254649381783,0.0008417165894563939,0.0007723851009861219,0.0007767069251555809,Irish sovereign debt crisis
2011-06-13,0.00030331970995875896,0.0007311872914952592,0.0006637865682190018,0.0006542272187350197,0.0007904762669767747,0.0007751552013950172,0.000772291202150483,Irish sovereign debt crisis
2011-06-14,0.00041974166994799113,0.0007038888707801894,0.0006284634524937255,0.0006221466762623588,0.0007466450679989335,0.0007656453767478488,0.0007565437803980804,Irish sovereign debt crisis
2011-06-15,0.00028809446791845737,0.0009130905806972666,0.0008549112578491888,0.0008239572521314763,0.0009721221664428866,0.0009563992486699923,0.0009580629783927894,Irish sovereign debt crisis
2011-06-16,0.000355641276780552,0.0009272901739364222,0.0008549101538929659,0.0008110318094334983,0.0009754026006769576,0.0009938299412624787,0.0010012763644162103,Irish sovereign debt crisis
2011-06-17,0.00030690665764270155,0.0009051872538002974,0.00078257717098123,0.0007776171200547236,0.0009603174731424433,0.0009944804123544883,0.0010109440924686017,Irish sovereign debt crisis
2011-06-20,0.00028641218349291454,0.0008788137724900523,0.0007509573981299626,0.000751365381001859,0.0009216696612531582,0.0009789514787239004,0.0009911249433413813,Irish sovereign debt crisis
2011-06-21,0.00021963682331794032,0.0008453365488599238,0.0006947074913695043,0.0007002696358063407,0.0008791289187523284,0.0009727045035624833,0.0009798721948089627,Irish sovereign debt crisis
2011-06-22,0.00032468147367935567,0.0007953357567178507,0.0007019704800213138,0.0007342377456830347,0.0008286232432720867,0.0008479968845259425,0.0008638504300868765,Irish sovereign debt crisis
2011-06-23,0.00020589533849639516,0.0008403351598273874,0.0007655907919499494,0.0008562446334261762,0.0008860792525422993,0.0008499249062701754,0.0008438362149483371,Irish sovereign debt crisis
2011-06-24,0.00038655782408642973,0.0008513006918613387,0.0007747998710078939,0.0008581502997232314,0.0009281330399484099,0.0008472531825406649,0.0008481670660864938,Irish sovereign debt crisis
2011-06-27,0.0004349187148324721,0.0008024671575813695,0.0007521586096301258,0.0008178489995580753,0.0008812934208316971,0.0007757290154340853,0.0007853057424528634,Irish sovereign debt crisis
2011-06-28,0.00037639717497538633,0.000783802937933442,0.000748404142555995,0.0008362014817655337,0.0008657128792699084,0.0007272520269887156,0.0007414441590870571,Irish sovereign debt crisis
2011-06-29,0.00048198906808527483,0.0007116434782068841,0.0006649876983865672,0.0007518070501196431,0.0007840409418220255,0.000673938859985496,0.0006834428407206885,Irish sovereign debt crisis
2011-06-30,0.0004754420040050169,0.0006633905176515183,0.0006329564708488719,0.0006748995984380679,0.0007224658334848618,0.0006387161722775284,0.0006479145132082612,Irish sovereign debt crisis
2011-07-01,0.0003558532502498793,0.0006859350174120594,0.0006769321851596091,0.0007512669612874504,0.0007228164035008739,0.0006332136078309676,0.0006454459292813956,Irish sovereign debt crisis
2011-07-04,0.000524735216971077,0.0008190080572046144,0.0008927587923833638,0.0010322273717391938,0.0008264202983502301,0.0006627675786408531,0.0006808662449094312,Irish sovereign debt crisis
2011-07-05,0.000528062617003269,0.0008504150058698971,0.0009284228106752003,0.0011717524420479409,0.0008311506767638042,0.0006476133123103188,0.0006731357875522222,Irish sovereign debt crisis
2011-07-06,0.0003701954674385393,0.0007750438283145194,0.0008174939208314034,0.0010099994695113247,0.0007517802711709682,0.0006409628922984036,0.000654982587760497,Irish sovereign debt crisis
2011-07-07,0.0004000645152704901,0.0006956943503301641,0.0007159666162637278,0.0008075289960577602,0.0006814783128322604,0.0006335790977031251,0.0006399187287939471,Irish sovereign debt crisis
2011-07-08,0.000429882367818021,0.0007270326317520684,0.0007287470458551685,0.000816268293116418,0.0007114505966400199,0.000691616087417029,0.0006870811357317067,Irish sovereign debt crisis
2011-07-11,0.0003702011779707253,0.0009975832736600634,0.0010199714241716656,0.0011254827433725852,0.0010005527996579603,0.0009264929105428551,0.0009154164905552502,Irish sovereign debt crisis
2011-07-12,0.0003764875448331299,0.0011237553613366409,0.0011391247406965963,0.0012943719120358966,0.001139502245641335,0.001041009219272851,0.0010047686890365254,Irish sovereign debt crisis
2011-07-13,0.00042276472226836253,0.0010260554868767174,0.0009808764878838864,0.0010133722848935625,0.001104500699577871,0.001033296954532449,0.0009982310074958185,Irish sovereign debt crisis
2011-07-14,0.00042264933093327784,0.0011082726295414797,0.0010666935324930356,0.0011134770790699549,0.0012089267744938741,0.0010925781799872934,0.0010596875816632396,Irish sovereign debt crisis
2011-07-15,0.0005210151510169291,0.0010754051714447082,0.0010133144118619354,0.0010746443073020695,0.0011605062176876816,0.0010807867985625605,0.001047774121809294,Irish sovereign debt crisis
2011-07-18,0.00037935985137871596,0.0011930880998828079,0.001092932434335039,0.001043998223761982,0.0013541333576666936,0.0012607454101165952,0.0012136310735337298,Irish sovereign debt crisis
2011-07-19,0.00042537406324833713,0.0011976775415389338,0.0010761316775865387,0.0009902162535558583,0.0013733188356964438,0.0012987249534794911,0.0012499959873763374,Irish sovereign debt crisis
2011-07-20,0.0004995490682663367,0.0010794185655874707,0.000935795019833137,0.0008476530196347941,0.0012464244884471578,0.0012023129852632949,0.00116490731475897,Irish sovereign debt crisis
2011-07-21,0.0005538123930077522,0.001005827694895986,0.0008476145744039503,0.0008067046343851584,0.0011317947090879665,0.0011358614952625716,0.0011071630613402829,Irish sovereign debt crisis
2011-07-22,0.0003580378156839508,0.0010620684042697962,0.0009563043082867966,0.0008953963860303012,0.0011994698839133237,0.0011220719751364125,0.0011370994679821475,Irish sovereign debt crisis
2011-07-25,0.0008738279859166557,0.0010127942652284501,0.0008853084079910099,0.0008955756755946259,0.0011301592904213854,0.0010616116378256207,0.0010913163143096084,Irish sovereign debt crisis
2011-07-26,0.0010901243410283176,0.0010290173603219152,0.0009069680329808021,0.0009216796986897802,0.0011304688620470005,0.0010657334739359039,0.0011202367339560888,Irish sovereign debt crisis
2011-07-27,0.0016257708277869932,0.0013754083778590286,0.001263455480402647,0.0012348746045103846,0.0015150317244675235,0.0013754656949980003,0.001488214384916588,Irish sovereign debt crisis
2011-07-28,0.0028388362820366965,0.0015723144716449668,0.001413674640000331,0.0014121623695980713,0.0017414478994863805,0.0015961100141767331,0.0016981774349633177,Irish sovereign debt crisis
2011-07-29,0.0030756915712545274,0.0015697425550358975,0.0014172545267424127,0.0014266997470977123,0.0017598119133582699,0.0015799393677835452,0.0016650072201975464,Irish sovereign debt crisis
2011-08-01,0.004584086415722013,0.001993262048427623,0.0018978605051618279,0.0019045995700877455,0.002288891931316461,0.0018963900855775045,0.0019785681499945758,Irish sovereign debt crisis
2011-08-02,0.005138946347009854,0.0028845000676370725,0.002967174098078867,0.00292342127422775,0.003385328289648692,0.0025031391690185146,0.00264343750721154,Irish sovereign debt crisis
2011-08-03,0.004967339223282891,0.0035995330080586157,0.003943654056046581,0.00363514195866725,0.0041508920518072544,0.003050143443254525,0.003217833530517467,Irish sovereign debt crisis
2011-08-04,0.003925266795977194,0.005745416718212581,0.006703704191951023,0.005657083130499731,0.006533960715683075,0.0046853117036902365,0.005147023849238838,Irish sovereign debt crisis
2011-08-05,0.004507662140346341,0.005248743960898972,0.005779357617213604,0.004692114562483409,0.00596514934380685,0.004732239627931177,0.005074858653059816,Irish sovereign debt crisis
2011-08-08,0.0025944907897316174,0.00818276447107195,0.009364454411604863,0.00760974996702447,0.009024188901680753,0.007019435989006669,0.007895993086042987,Irish sovereign debt crisis
2011-08-09,0.0017719604316772518,0.00808123790103556,0.010214059059161774,0.0072732894674209375,0.00817984879827276,0.006999091329407342,0.00773990085091499,Irish sovereign debt crisis
2011-08-10,0.001361718072161498,0.010629731541061773,0.013965241329121457,0.010199494767686246,0.010400256071021026,0.008876132628592198,0.009707532908887942,Irish sovereign debt crisis
2011-08-11,0.003074865809431468,0.009419634169954016,0.013531021381413365,0.008355891593908404,0.008684429095808641,0.008139343303929063,0.008387485474710604,Irish sovereign debt crisis
2011-08-12,0.0024584232015146534,0.007646511347427781,0.011080997593971539,0.006298833167138954,0.007058238639948744,0.007047941162582627,0.006746546173497044,Irish sovereign debt crisis
2011-08-15,0.0025051625978970093,0.006668602552076901,0.010019917121017947,0.005341730019214089,0.005963418283896369,0.006296850134704528,0.005721097201551568,Irish sovereign debt crisis
2011-08-16,0.0025165419748419404,0.006084915855931271,0.009254309926266057,0.004689292502648799,0.005461050468431156,0.00588308108894701,0.005136845293363331,Irish sovereign debt crisis
2011-08-17,0.0025620991518453522,0.004977197833805927,0.007155841056149627,0.0040748705644160985,0.00458537475572175,0.004866614332654777,0.004203288460087385,Irish sovereign debt crisis
2011-08-18,0.000654036945576917,0.007213384247560943,0.010962204483128941,0.005900990894656847,0.0068001193783153715,0.006432520305128763,0.005971086176574792,Irish sovereign debt crisis
2011-08-19,0.0005169233169286452,0.007598146275291625,0.011097679467698615,0.005488774458330719,0.007263474016290696,0.007251774718963461,0.0068890287151746315,Irish sovereign debt crisis
2011-08-22,0.0006288285999069615,0.005487408027573683,0.007371941500139643,0.0038210262275398094,0.0051763593789200535,0.0056347222493311365,0.005432990781937769,Irish sovereign debt crisis
2011-08-23,0.0006285418510312143,0.004138992051001269,0.004985023324360169,0.002692561247285315,0.0040016997491113815,0.004570407483873134,0.0044452684503763495,Irish sovereign debt crisis
2011-08-24,0.0017532634097871178,0.003362302710139104,0.0037849413668623348,0.00211602904678077,0.003272740478081539,0.0038651282292118186,0.0037726744297590575,Irish sovereign debt crisis
2011-08-25,0.0017798864851331347,0.00327799479775236,0.003397350608007943,0.0019735700380082597,0.0032903633507842846,0.0038990879043989575,0.003829602087562355,Irish sovereign debt crisis
2011-08-26,0.0027053966686985376,0.0033192555015989396,0.0037649563355271736,0.0020570985582300722,0.0032838265699423673,0.0037801132184977692,0.003710282825797315,Irish sovereign debt crisis
2011-08-29,0.003656827875265736,0.0030262329119066056,0.0033797559743683333,0.001945793150314391,0.0029878421659601164,0.0034069692937405698,0.0034108039751496173,Irish sovereign debt crisis
2011-08-30,0.0036564750909318902,0.002802673956138008,0.0033002650717621216,0.0018308901138023854,0.002759426516445545,0.0030843151764242335,0.0030384729022557544,Irish sovereign debt crisis
2011-08-31,0.003187804492639075,0.002423983349859534,0.002687141595801665,0.0016662407253810127,0.002479545732047556,0.0026048790056503648,0.002682109690417072,Irish sovereign debt crisis
2011-09-01,0.0030964058011646177,0.0024760951419147983,0.0028920394438184537,0.0017179819855953444,0.0025289092537752558,0.0025439427221025076,0.0026976023042824286,Irish sovereign debt crisis
2011-09-02,0.003140444115906476,0.003373349246150037,0.00395210790221658,0.0023695177819463282,0.0035477186324812887,0.0033150653102246813,0.003682336603881306,Irish sovereign debt crisis
2011-09-05,0.0025606654560595007,0.004655938456500525,0.005495378353357094,0.003075849998396518,0.004915760960692966,0.004522276770948347,0.0052704261991076955,Irish sovereign debt crisis
2011-09-06,0.0027490242385842805,0.004495242437721053,0.004886587279889713,0.0029326279233959944,0.0047248764859503765,0.004608649256052562,0.005323471243316619,Irish sovereign debt crisis
2011-09-07,0.0023362638124591506,0.00364046980011876,0.0038060970630725338,0.0023604573944515164,0.003783211068534229,0.003838071238310662,0.004414512236224857,Irish sovereign debt crisis
2011-09-08,0.002335118122520874,0.003009400114847011,0.0031525119956687317,0.0019476811671154698,0.0030239373498725172,0.003254631449461316,0.0036682386121170197,Irish sovereign debt crisis
2011-09-09,0.0014787398691514804,0.00403463582215117,0.004465553052112698,0.0030223101686502065,0.004031844912847691,0.004072691373364451,0.004580779603780798,Irish sovereign debt crisis
2011-09-12,0.0010892390241872042,0.0043339756680591986,0.0046075492824119565,0.003180240997306644,0.00431915842312772,0.0045417157721876185,0.005021213865262054,Irish sovereign debt crisis
2011-09-13,0.001084683501287777,0.0036901487036388575,0.0036155447346246056,0.00251750542431054,0.0036472827812031507,0.0041359083683703115,0.00453450220968568,Irish sovereign debt crisis
2011-09-14,0.001053046870490292,0.0030843434275096594,0.0028511906790029346,0.0020703022772616715,0.002989517722289161,0.0036090307345186894,0.0039016757244758407,Irish sovereign debt crisis
2011-09-15,0.002113191662654253,0.00253084712371695,0.0024469072573226557,0.0017450616518941357,0.0023638905670667247,0.0029519826499454253,0.0031463934923558093,Irish sovereign debt crisis
2011-09-16,0.0021944193092341712,0.0022021499977626278,0.0021303050101670455,0.0015044091238250947,0.0020451346707521423,0.0025778897081219928,0.0027530114759468636,Irish sovereign debt crisis
2011-09-19,0.0021525791261743656,0.002458193755737304,0.0024375445584614913,0.0018009331420749744,0.0023341993835334575,0.0027716500132567833,0.002946641681359812,Irish sovereign debt crisis
2011-09-20,0.0029503006745167787,0.0021524894464824665,0.002051026094990156,0.0016120170320946664,0.002042967091145561,0.0024382344274553737,0.0026182025867265758,Irish sovereign debt crisis
2011-09-21,0.002620937498921951,0.0025212143901916723,0.0023387388640377887,0.0015457664792346163,0.0024803972697807412,0.002975987178184372,0.0032651821597208417,Irish sovereign debt crisis
2011-09-22,0.001574859224110904,0.003712636758101671,0.0035118587855018273,0.0022317605437765474,0.0038405124581385067,0.004229244232537631,0.004749807770553842,Irish sovereign debt crisis
2011-09-23,0.0013246865862887628,0.003475617183749872,0.003097030058860214,0.0019295248471251523,0.0035402313927352814,0.004162569490096829,0.004648730129931882,Irish sovereign debt crisis
2011-09-26,0.0011327628135712764,0.003060511740830398,0.002652814063628044,0.001835065404181532,0.003033277259624237,0.0037091585607222583,0.004072243415995919,Irish sovereign debt crisis
2011-09-27,0.001388930994309361,0.002593260170787522,0.002191758335108187,0.0016338748237125706,0.0025305237060111335,0.0031865351356900754,0.003423608853415646,Irish sovereign debt crisis
2011-09-28,0.0017599211175905356,0.0028047096135036848,0.0024903860018508097,0.0018230771863133343,0.0026944224197260995,0.00340587225918767,0.00360979020044051,Irish sovereign debt crisis
2011-09-29,0.002498890033775587,0.0025156326686104763,0.002281187173853093,0.0015617903099376517,0.0023452733489880287,0.0031296403969977493,0.00326027211327586,Irish sovereign debt crisis
2011-09-30,0.0025122620057810223,0.002691266271006305,0.002613795688644938,0.0015827306787339881,0.002625457877062966,0.003270275918633875,0.0033640711919557587,Irish sovereign debt crisis
2011-10-03,0.002595314977979085,0.003015907731007184,0.0031235802944475045,0.0017699319586875848,0.0030899210898780783,0.00350250645371035,0.003593598858312402,Irish sovereign debt crisis
2011-10-04,0.0014842882900869766,0.003313785890429445,0.003531280799055261,0.0018988799636703705,0.003575156126490672,0.0036809093458425794,0.0038827032170883403,Irish sovereign debt crisis
2011-10-05,0.0014072202435644941,0.0029093704072876685,0.0030533126789514075,0.001961394074682694,0.0030668793204819537,0.00309543140219818,0.0033698345601241076,Irish sovereign debt crisis
2011-10-06,0.0008348630793281916,0.002543700700247043,0.0026071509910728084,0.0018018915302237604,0.0026254365667893863,0.002695058624413042,0.0029889657887362184,Irish sovereign debt crisis
2011-10-07,0.0009720584028209745,0.002267511887768532,0.002380333635563311,0.0015935624659382107,0.0022687258308305407,0.002399805878810124,0.0026951316277004744,Irish sovereign debt crisis
2011-10-10,0.0008924388724945498,0.0019963492719230745,0.002155660712406063,0.0013367514243558577,0.001895103512916843,0.0021468606178016983,0.00244737009213491,Irish sovereign debt crisis
2011-10-11,0.0007727507238895688,0.0017929753287017555,0.0019472660339502539,0.0012714728982851937,0.0016663646943567405,0.0018972566254021868,0.0021825163915144036,Irish sovereign debt crisis
2011-10-12,0.000460260180529851,0.001643433527660949,0.0017594697244853665,0.0011950531365821405,0.001478464400865352,0.001743982848653105,0.0020401975277187807,Irish sovereign debt crisis
2011-10-13,0.0003427849876179131,0.0016712298906947395,0.001743295086469057,0.0011238112962964407,0.001498844179598196,0.0018464472274716988,0.0021437516636383064,Irish sovereign debt crisis
2011-10-14,0.0003154372968413085,0.0016125559939060778,0.0016338550714389357,0.001001945830020743,0.0014278600484520245,0.0018489292121842895,0.002150189807434397,Irish sovereign debt crisis
2011-10-17,0.0008144833572595135,0.001977878048923478,0.0021076211734143476,0.0012424457337090944,0.001794855151603978,0.002213645293918674,0.0025308228919712957,Irish sovereign debt crisis
2011-10-18,0.0009619783838395185,0.0019268771293845237,0.0020864975652465988,0.0011352085361596462,0.0017435467135226519,0.0021849089910334902,0.0024842238409602305,Irish sovereign debt crisis
2011-10-19,0.000943590076120823,0.001996164786014491,0.002221073610434524,0.0013020651507224788,0.0018522821500427172,0.002159873044441579,0.002445529974431156,Irish sovereign debt crisis
2011-10-20,0.0022431764279354336,0.0019883420498119637,0.002212099979950955,0.0012014916899300559,0.0019177567676718886,0.002198874483495357,0.0024114873280115627,Irish sovereign debt crisis
2011-10-21,0.002122682359129877,0.001812871172904982,0.0020702253946144815,0.0010984717015953614,0.0017848934626212088,0.0019430309856414017,0.0021677343200524565,Irish sovereign debt crisis
2011-10-24,0.0017136375389404854,0.001818476227392648,0.002104659740345047,0.0013484938625237248,0.001813246938454455,0.0018000269902550378,0.002025953605384975,Irish sovereign debt crisis
2011-10-25,0.003435538513833148,0.001968162520911974,0.0022997109994216834,0.0012533759463936524,0.0019398965429742402,0.0020294572091055308,0.002318371906664763,Irish sovereign debt crisis
2011-10-26,0.003418100945123158,0.0019104043559054706,0.0022174416554402807,0.0011104122339121987,0.0018905561547113672,0.0020439896900586274,0.0022896220454048785,Irish sovereign debt crisis
2011-10-27,0.002796718194941695,0.0017008838811246082,0.0019190065692661945,0.000911532357926025,0.0016661771229277173,0.0018910366602130915,0.002116666695290014,Irish sovereign debt crisis
2011-10-28,0.0028255170135180066,0.0015218565930014709,0.0018046343759211161,0.0008121618125378023,0.0015233718746818711,0.0016381922309216478,0.0018309226709449173,Irish sovereign debt crisis
2011-10-31,0.0026960082749567867,0.0019807027542908546,0.002482793050473312,0.0010528776023379911,0.0020772414673684253,0.00201633196656091,0.0022742696847136345,Irish sovereign debt crisis
2011-11-01,0.0008558228599653332,0.003561471959267744,0.00457058156134232,0.0024184866481807244,0.003934425603349161,0.003191440626349349,0.0036924253571171636,Irish sovereign debt crisis
2011-11-02,0.0009477645793561349,0.0033775332135713813,0.004208945456390596,0.0027384186287046177,0.003583709032048518,0.0029786684305107944,0.0033779245202023834,Irish sovereign debt crisis
2011-11-03,0.00020420483130627885,0.003064814698008147,0.0035745857977441844,0.002926188554955422,0.003238305958528517,0.0026267328434437798,0.00295826033536883,Irish sovereign debt crisis
2011-11-04,0.00033383601567718666,0.0029998540137785045,0.003454168735558348,0.0029208611155879406,0.0032314295894945305,0.002583194279471977,0.002809616348779727,Irish sovereign debt crisis
2011-11-07,0.0003345996090318378,0.002419036278254443,0.002881662138911553,0.0025042249548458033,0.0025703646864349877,0.0019931149154903535,0.0021458146955895202,Irish sovereign debt crisis
2011-11-08,0.0004036877356547485,0.0020336567599858685,0.0024668451326849273,0.002102512666611292,0.0021721007036895885,0.0016400631254579196,0.0017867621714856149,Irish sovereign debt crisis
2011-11-09,0.0003475501975488151,0.0023755290935054485,0.0029763008620215586,0.002499968874010725,0.0026031243631320336,0.0018048950167224298,0.001993356351640495,Irish sovereign debt crisis
2011-11-10,0.0005822964338474532,0.0018187107673941286,0.0024209790206178314,0.001748268885247877,0.001966621902222932,0.001393167132279671,0.0015645168966023323,Irish sovereign debt crisis
2011-11-11,0.0005536525258606435,0.0014850508909048277,0.0020068858294499683,0.001408670991950567,0.0015995175511220791,0.001118649553929218,0.0012915305280723065,Irish sovereign debt crisis
2011-11-14,0.0009590594045299874,0.0013203575323935857,0.0018643216517601287,0.001272563774739714,0.0013976577709687874,0.000965834340879486,0.0011014101236198118,Irish sovereign debt crisis
2011-11-15,0.0008427628617279118,0.001220637394001472,0.0017096632895817006,0.0011665652421850121,0.0012941212652839847,0.0009074108895694369,0.0010254262833872252,Irish sovereign debt crisis
2011-11-16,0.0009626925024899414,0.0011967566559646563,0.0016755202876932052,0.0012149399344777375,0.0012311905846304231,0.0008743337896909458,0.0009877986833309689,Irish sovereign debt crisis
2011-11-17,0.0007280572825992484,0.001279586023761172,0.0017527876922341617,0.001216101899001183,0.001331682242260772,0.000979355060635818,0.0011180032246739247,Irish sovereign debt crisis
2011-11-18,0.0005974058711226152,0.001157347732024507,0.0014594228765858219,0.0010065130575748385,0.0012196269045558845,0.0009938851469695176,0.001107290674436473,Irish sovereign debt crisis
2011-11-21,0.0014083778811167277,0.0014996932439940624,0.0017488923048670495,0.0013284439797548366,0.0016744510281528097,0.001297813805116618,0.0014488651020789993,Irish sovereign debt crisis
2011-11-22,0.001408962991338603,0.0014843174195587404,0.0015967972587501798,0.0012044351610313983,0.0017097541756207354,0.0013886309686993537,0.0015219695336920345,Irish sovereign debt crisis
2011-11-23,0.0034301204708532445,0.001678847350483005,0.0016717671498351725,0.0012252434153791657,0.00203449018835728,0.0016486019902254997,0.001814134008617907,Irish sovereign debt crisis
2011-11-24,0.0036370082038356356,0.001516051086908227,0.0015193577121170984,0.001007648478705734,0.001800611861735395,0.0015581976406148473,0.0016944397413680607,Irish sovereign debt crisis
2011-11-25,0.003639181010651247,0.001262921381078586,0.0012384206828574672,0.000832692711420601,0.0014792199539040893,0.00132225163123799,0.0014420219259727825,Irish sovereign debt crisis
2011-11-28,0.0026712077392242067,0.0010154057435927978,0.0009292135633583267,0.0006741232984402485,0.0011535843055553905,0.0011097063254573109,0.0012104012251527127,Irish sovereign debt crisis
2011-11-29,0.0026920937678076022,0.0008230431508724888,0.0006728988563135112,0.0005473348112962276,0.0008735450680593254,0.0009668504565281293,0.0010545865621652507,Irish sovereign debt crisis
2011-11-30,0.0005260363196346111,0.000757613168933215,0.0006241716926674192,0.0005230869549623857,0.000775395401951361,0.0008902089602185165,0.0009752028348663929,Irish sovereign debt crisis
2011-12-01,0.00047495209871531647,0.000782286982903649,0.0006472880473567133,0.0005498497522906618,0.0007879330578079251,0.0009224661074810896,0.001003897949581855,Irish sovereign debt crisis
2011-12-02,0.0005145671965899734,0.0007670747450216223,0.0006653355518036571,0.0005299807203672714,0.0007639329065688723,0.0008952488406141675,0.000980875705754143,Irish sovereign debt crisis
2011-12-05,0.0003876605546742036,0.0007049751127804601,0.0005495795370998848,0.00047946229462672747,0.000666845851844533,0.0008752329565998843,0.0009537549237312712,Irish sovereign debt crisis
2011-12-06,0.0003626238965215448,0.0007572414704606136,0.0006217898739597416,0.0005173235937706679,0.0007423226800857995,0.0009175231395683086,0.0009872480649185502,Irish sovereign debt crisis
2011-12-07,0.0005853156919417808,0.0008237606873776404,0.0007573482034267621,0.0005657309952934018,0.0008380726950840485,0.0009389462822467013,0.0010187052608372877,Irish sovereign debt crisis
2011-12-08,0.0005302262839242825,0.0010310808902955246,0.00096410694476118,0.000707068247768333,0.0010928218641684457,0.0011422433576651079,0.0012491640371145559,Irish sovereign debt crisis
2011-12-09,0.0005192751734981017,0.0011317083461934874,0.0011833986860252839,0.0007894191653216935,0.0012419181733266467,0.0011716795276089794,0.001272126178684834,Irish sovereign debt crisis
2011-12-12,0.0004040550655199212,0.0017003528201823864,0.0020769666286088273,0.0012438133707536633,0.0019504725578725754,0.0015478100268099045,0.001682701516866961,Irish sovereign debt crisis
2011-12-13,0.0007037375890284443,0.0017788041442332238,0.0022370944948975607,0.001330772093199181,0.0020503849811102075,0.00156704674073403,0.0017087224112251405,Irish sovereign debt crisis
2011-12-14,0.0005656670769103823,0.002307308873316329,0.00299173775558017,0.0019207292152289923,0.002693186046886868,0.0018793393787689316,0.002051551970116684,Irish sovereign debt crisis
2011-12-15,0.0005533182956089612,0.0020302845979420477,0.002468124504795493,0.0016590531409451477,0.002375955154218729,0.0017462726945107387,0.0019020174952401297,Irish sovereign debt crisis
2011-12-16,0.00060943444168305,0.001749206180920082,0.002067944751418536,0.0013532627840223094,0.00204308987151445,0.0015802863684406072,0.0017014471292045067,Irish sovereign debt crisis
2011-12-19,0.0006600284843163074,0.0015821402229470767,0.0018916298750955608,0.0011851256187726904,0.001836805910087103,0.0014489022975976828,0.001548237413182347,Irish sovereign debt crisis
2011-12-20,0.0003430511033281661,0.0013623007496506724,0.0015830251491412552,0.0009617919206531835,0.0015531390882127386,0.0013020381425076332,0.0014115094477385507,Irish sovereign debt crisis
2011-12-21,0.0006345678205856742,0.0012876807455878417,0.0014905711737384065,0.0009890097548882965,0.0014493029715818174,0.0012139420477549493,0.0012955777799757394,Irish sovereign debt crisis
2011-12-22,0.0009471491499415168,0.0012336156381910059,0.0014298214111412597,0.0009707320519674989,0.0013562794608905358,0.0011584745819073663,0.0012527706850483683,Irish sovereign debt crisis
2011-12-23,0.00116542863926137,0.0011654118099357767,0.0013588492065264098,0.0009384848477076571,0.0012401166130795894,0.0010988182682416824,0.0011907901141235443,Irish sovereign debt crisis
2011-12-28,0.0011366742381109106,0.0014353341893491953,0.0017509498453346453,0.0011909772734200884,0.001511613167367196,0.0012992137882950243,0.0014239168723290225,Irish sovereign debt crisis
2011-12-29,0.0011372017942840032,0.001322792213074226,0.0016885061834638934,0.0010640068546832054,0.0013779790677934634,0.0011757744901274747,0.0013076944693030921,Irish sovereign debt crisis
2011-12-30,0.0009642931362260847,0.0011634725304576073,0.001416673656162076,0.0009343150595027346,0.0012518739982438304,0.0010500901403805052,0.0011644097979988909,Irish sovereign debt crisis
2012-01-03,0.000810304146736517,0.0007222792676877133,0.0007049735604484009,0.0006761295552240342,0.000715696291540609,0.000796012624654503,0.0007185843065710192,Irish sovereign debt crisis
2012-01-04,0.000606428507869134,0.000708318844439352,0.0006953539183483533,0.0006798465427903386,0.0006697195257345958,0.0007849568354832777,0.000711717399840195,Irish sovereign debt crisis
2012-01-05,0.0006679047233768691,0.0006975735347529533,0.0006971396356909018,0.0006786059234445288,0.0006491936206911525,0.0007517697484007166,0.0007111587455374669,Irish sovereign debt crisis
2012-01-06,0.0006790873993526668,0.0006496811586971634,0.0006626550839115856,0.000651241323840177,0.0005971418601618451,0.0006667513396762612,0.0006706161858959482,Irish sovereign debt crisis
2012-01-09,0.000469490905971326,0.0006115197001513011,0.0006242144555428991,0.0006264286330977658,0.0005578026394708165,0.0006201782604734448,0.0006289745121715797,Irish sovereign debt crisis
2012-01-10,0.0002299237405660117,0.0005895193689563801,0.0005973308133776882,0.0006083901681590429,0.0005379319328344751,0.0006022283302198362,0.0006017156001908586,Irish sovereign debt crisis
2012-01-11,0.0001226627534277034,0.0005874050538854465,0.0005953442464755895,0.0006165337796294208,0.0005396743722367857,0.0005772662691233103,0.0006082066019621262,Irish sovereign debt crisis
2012-01-12,0.0008347908809912431,0.0006022565132451102,0.0006170248785831648,0.0006411116575306609,0.0005672364554385366,0.0005641438974183998,0.0006217656772547891,Irish sovereign debt crisis
2012-01-13,0.0009306396008836486,0.0006159998167734311,0.00063865571275698,0.0006670954157206954,0.0005786383087863388,0.0005575439885095774,0.0006380656580935641,Irish sovereign debt crisis
2012-01-16,0.0009274567804263102,0.0006054299590512811,0.0006202901540807487,0.0006724498756962182,0.0006011209788080826,0.0005215689643369066,0.0006117198223344494,Irish sovereign debt crisis
2012-01-17,0.0009776660122758477,0.0005630012399226407,0.0005712950078241868,0.0006311179500331418,0.0005700307779679491,0.0004770669530522769,0.0005654955107356491,Irish sovereign debt crisis
2012-01-18,0.0009719289934504184,0.0005185189488888046,0.0005252819447532524,0.0005818295737079775,0.0005398645525547084,0.0004334597546664667,0.0005121589187616184,Irish sovereign debt crisis
2012-01-19,0.00035308905365959603,0.0004968299182726433,0.0004965733765473459,0.0005552731779341598,0.0005147465059618046,0.0004296909280516369,0.0004878656028682695,Irish sovereign debt crisis
2012-01-20,0.00027267235492128155,0.000503093075542755,0.0005002919168339007,0.0005658368370930582,0.0005209164904255797,0.00043160642821162557,0.0004968137051496111,Irish sovereign debt crisis
2012-01-23,0.00030622881738993804,0.0004776559033505123,0.0004702266528654596,0.0005447175269421212,0.0005058884441230852,0.00039338243429932015,0.0004740644585225753,Irish sovereign debt crisis
2012-01-24,0.0002848147824827645,0.00046287910632493575,0.00045590344109286115,0.0005369898583015825,0.0004805185319005695,0.0003789072051888553,0.00046207649514081015,Irish sovereign debt crisis
2012-01-25,0.0006800274693209852,0.0004347741787215567,0.00043258371472605774,0.0005059150761732334,0.0004477674936140636,0.00035148923191380497,0.0004361153771806234,Irish sovereign debt crisis
2012-01-26,0.0004970070546555513,0.00042655824540142233,0.0004212095350056525,0.0004991258985410466,0.0004346921637697663,0.0003534035228804106,0.00042436010681023566,Irish sovereign debt crisis
2012-01-27,0.0009720370495890887,0.0004345979234548291,0.00042784033689185005,0.0005134924452292861,0.000442952893376584,0.0003593905652738824,0.0004293133765025429,Irish sovereign debt crisis
2012-01-30,0.0009382978632954352,0.0004720286197315581,0.0004625851482592012,0.000559657845464256,0.0005017596730484883,0.0003797452751897064,0.00045639515669613844,Irish sovereign debt crisis
2012-01-31,0.0009254203618531923,0.0004732740667341557,0.0004590586055764884,0.0005614033211806328,0.0005034249342246458,0.00037778254043695,0.0004647009322520612,Irish sovereign debt crisis
2012-02-01,0.0005588277896790608,0.00046186194558044873,0.0004460908459023422,0.0005468131690461466,0.0004780569210897948,0.00039064922604309317,0.0004476995658208667,Irish sovereign debt crisis
2012-02-02,0.0005724505670741271,0.00043050622292855413,0.00041447268712763884,0.0005140432445699811,0.00044700824377792,0.00036207738510866814,0.0004149295540585626,Irish sovereign debt crisis
2012-02-03,9.907316369077937e-05,0.000420932463482191,0.00040557735091500805,0.000495920064463508,0.0004343729163285759,0.0003676024163374861,0.00040118956936637673,Irish sovereign debt crisis
2012-02-06,9.88296913857091e-05,0.00039632508609990563,0.00038162112903583856,0.0004689650214394806,0.00041301943680871375,0.0003365772649283744,0.00038144257828712073,Irish sovereign debt crisis
2012-02-07,7.782010134860853e-05,0.00039791568920951307,0.00038531192687014584,0.00047080877692886735,0.0004182122600101104,0.00032603039974239977,0.000389215082496042,Irish sovereign debt crisis
2012-02-08,0.00019904918149380165,0.0003939486532881922,0.0003840445401456964,0.0004664601728446404,0.00041079201870666566,0.0003211647388352168,0.00038728179590874154,Irish sovereign debt crisis
2012-02-09,0.00018475331556200246,0.00038178554110776774,0.00037193152664673847,0.000452911126646748,0.00039476965264657535,0.00031406025926996575,0.00037525514032881114,Irish sovereign debt crisis
2012-02-10,0.00034957648647477977,0.0004149266161923181,0.0004072788157418947,0.0004929919533090936,0.00043726634642943365,0.0003365403859844399,0.0004005555794967288,Irish sovereign debt crisis
2012-02-13,0.0004450388514484185,0.0004081584152728042,0.0004032614918705587,0.00048025892546256385,0.00043898417529174033,0.00033090779409159003,0.0003873796896475682,Irish sovereign debt crisis
2012-02-14,0.0004968827159246162,0.0003901878611715591,0.0003817903299798171,0.00045837921917262273,0.00043159891525558405,0.0003102058643387268,0.00036896497711104485,Irish sovereign debt crisis
2012-02-15,0.0003732567852438169,0.00038640200871832336,0.000371997569261134,0.00045118161746765366,0.0004309801032965192,0.00031265609915491027,0.0003651946544113997,Irish sovereign debt crisis
2012-02-16,0.00037473854614070314,0.00034779875088452315,0.00033797330274575293,0.00040263506970900775,0.0003916196809183637,0.00027910208751814625,0.0003276636135313453,Irish sovereign debt crisis
2012-02-17,0.00026686266628101835,0.00032638023258689644,0.00031167666914147686,0.00037260623245794427,0.0003700926617781218,0.0002717678043806713,0.00030575779517626796,Irish sovereign debt crisis
2012-02-20,0.0001778922065501349,0.0003103311539097795,0.0002913084851628726,0.00034883039094297185,0.00034874781634035057,0.00027388856345407297,0.0002888805136486296,Irish sovereign debt crisis
2012-02-21,0.00013357299707252097,0.0003164542975980835,0.00029419778926787404,0.00035196626819554146,0.00035637556885092034,0.0002853769654073436,0.0002943548962687381,Irish sovereign debt crisis
2012-02-22,0.00017705544180698929,0.0003466241825203904,0.0003224598331110278,0.00038445485135315773,0.0003939925116971843,0.0003092283495221477,0.00032298536691843446,Irish sovereign debt crisis
2012-02-23,0.00026404449291390203,0.00034708802600289044,0.0003249174084688419,0.0003826066041796356,0.0003978517800747983,0.0003102328198226487,0.0003198315174685277,Irish sovereign debt crisis
2012-02-24,0.0002477855324814321,0.00034814385686704995,0.0003235516039249693,0.00038413599397269784,0.000398898674757818,0.0003144316020611089,0.00031970140961865587,Irish sovereign debt crisis
2012-02-27,0.00038856742588381957,0.0003375585570597333,0.0003135188789963391,0.0003717456694156325,0.0003834902811147117,0.00030791227828593756,0.0003111256774860457,Irish sovereign debt crisis
2012-02-28,0.0012467220466065537,0.00033181470335793726,0.00030881528327768944,0.0003649311620644216,0.0003761366167795519,0.0003035064718460722,0.0003056839828219511,Irish sovereign debt crisis
2012-02-29,0.001201128454480763,0.000339347039907951,0.0003147543929707964,0.00037204365492658753,0.0003844539581493662,0.0003141508000518518,0.000311332393441153,Irish sovereign debt crisis
2012-03-01,0.0018875608115503637,0.00034261271190846415,0.00031815190718340253,0.0003719322252337433,0.00037978717300481656,0.0003302429762036172,0.0003129492779167412,Irish sovereign debt crisis
2012-03-02,0.0018991567354748509,0.0003453620691681814,0.00032152585763080293,0.0003706946736882387,0.00036862522636870083,0.0003474581701118417,0.0003185064180413228,Irish sovereign debt crisis
2012-03-05,0.0020584098323480596,0.0004037291652506697,0.00037923723748406197,0.00043881370309966196,0.0004312460737824204,0.000397760778189379,0.00037158803369782524,Irish sovereign debt crisis
2012-03-06,0.001504209311243983,0.0006265871681237897,0.0006121881162532266,0.0006771653769827488,0.0007057916896618472,0.0005697150558420838,0.0005680756018790422,Irish sovereign debt crisis
2012-03-07,0.0014926866838138437,0.0007399327727526819,0.0007458888502346473,0.0007854160766515725,0.0008240970529058838,0.0006829589530836624,0.0006613029308876438,Irish sovereign debt crisis
2012-03-08,0.000874435389433134,0.0007678686589788254,0.0007696109356133332,0.0007913216584624227,0.0008314368148135728,0.0007730005041338752,0.000673973381870923,Irish sovereign debt crisis
2012-03-09,0.000923148572053643,0.0007643715647340188,0.0007617753745048916,0.0007760134663169182,0.0007956977011036837,0.0008141135353362771,0.0006742577464083236,Irish sovereign debt crisis
2012-03-12,0.0006660103101381022,0.0007683306775333823,0.0007677937771286782,0.0007831744230580059,0.0007714067374969748,0.0008141080210514857,0.0007051704289317664,Irish sovereign debt crisis
2012-03-13,0.0004300617100477043,0.0007813130142740047,0.0007882098431619442,0.0007881067252877363,0.0007649738368042742,0.0008353127695577144,0.0007299618965583544,Irish sovereign debt crisis
2012-03-14,0.00041983784937615014,0.000764178720586401,0.0007654443708954815,0.0007875991407880402,0.0007490058626174091,0.000784172321323863,0.000734671907307211,Irish sovereign debt crisis
2012-03-15,0.00038687627851602554,0.0007624277784313033,0.0007634412584363112,0.0007934274649313116,0.0007414445826924862,0.000763007430589607,0.0007508181555068007,Irish sovereign debt crisis
2012-03-16,0.00025705902615200165,0.00072962000636069,0.0007290920328575074,0.0007688429793842475,0.0007026213391470508,0.0007118232839774943,0.0007357203964371506,Irish sovereign debt crisis
2012-03-19,0.00021750913407336892,0.0007477178705134162,0.0007504109111852139,0.0007944015378322201,0.0007207589046739519,0.000682096943910786,0.0007909210549649096,Irish sovereign debt crisis
2012-03-20,0.00014050245324941308,0.0008098203113630464,0.0008280655038153407,0.0008679411464350245,0.0007826983035571558,0.0007074143960947445,0.0008629822069129669,Irish sovereign debt crisis
2012-03-21,0.00014141857660824347,0.0007740554366183728,0.0007963489043446708,0.0008392134975573806,0.000749081575752839,0.0006524936064447798,0.0008331395989921938,Irish sovereign debt crisis
2012-03-22,0.0002827027899645528,0.0008669823084984784,0.0009004587993282193,0.0009477218459871407,0.0008695930008077925,0.0006941768199301175,0.0009229610764391219,Irish sovereign debt crisis
2012-03-23,0.0003270397002669651,0.0007788292610117741,0.0008091400830335226,0.0008522011634715164,0.0008050286346782095,0.0006029759010154173,0.0008248005228602052,Irish sovereign debt crisis
2012-03-26,0.00043713142434851634,0.0007019556831798087,0.0007244307224453262,0.0007610717343375818,0.0007452885954693553,0.0005383772815277883,0.0007406100821189916,Irish sovereign debt crisis
2012-03-27,0.00048576211382775206,0.0005843401475782472,0.0005966894737011751,0.0006365228524312146,0.0006201277840200792,0.0004476167590028987,0.0006207438687358685,Irish sovereign debt crisis
2012-03-28,0.0008842492166266978,0.0005359965118523793,0.0005425861800289124,0.0005864600674009199,0.0005833420536852675,0.0004079850590894207,0.0005596091990573759,Irish sovereign debt crisis
2012-03-29,0.0006192803496344114,0.0005708646121598123,0.0005715742597049903,0.000622124024574966,0.0006495282091695836,0.0004288817215649303,0.0005822148457845917,Irish sovereign debt crisis
2012-03-30,0.0009418199514932916,0.0005497323036641533,0.0005439605897285989,0.0005956622330914474,0.0006262688466552761,0.0004303121833542104,0.0005524576654912342,Irish sovereign debt crisis
2012-04-02,0.0008211156785595616,0.0005237082218489534,0.0005151650156497571,0.0005619563992545344,0.0005822364512016418,0.00043803624871247904,0.0005211469944263542,Irish sovereign debt crisis
2012-04-03,0.0010895977206503145,0.0005499217415488868,0.0005421602480016534,0.0005907152226682863,0.0006072588572783031,0.00047056233512643,0.0005389120446697612,Irish sovereign debt crisis
2012-04-04,0.0007097674581631928,0.000730532471509722,0.0007336822776222731,0.0007847609998125188,0.0008428494591536499,0.0006019055143091507,0.0006894641066510178,Irish sovereign debt crisis
2012-04-05,0.0007114484074920435,0.0006405621205541657,0.0006483584306403559,0.0006937317514754745,0.0007469970112282023,0.0005172438227051425,0.0005964795867216537,Irish sovereign debt crisis
2012-04-10,0.0005559856469024072,0.0007807479717992739,0.0007940123264934192,0.0008449140934113519,0.0009627403953637807,0.0005934234688915203,0.0007086495748362973,Irish sovereign debt crisis
2012-04-11,0.0005558958360845069,0.000695836960948249,0.0007130478019665458,0.000747418558552536,0.0008376353501822213,0.0005551368355580535,0.0006259462584818882,Irish sovereign debt crisis
2012-04-12,0.0002576418447785577,0.0006314835226968257,0.0006364285810079079,0.0006597158933259936,0.0007491764231063746,0.0005443907008732985,0.0005677060151705534,Irish sovereign debt crisis
2012-04-13,0.0002807678864529639,0.0006674187839009667,0.0006662498945127411,0.000693606212926798,0.0007996704074247549,0.0005963385242699755,0.0005812288803705645,Irish sovereign debt crisis
2012-04-16,0.0007611120577862752,0.0005779237836983618,0.0005655262272963791,0.0006069806162150801,0.0006729495428771285,0.0005336540323288575,0.0005105084997743632,Irish sovereign debt crisis
2012-04-17,0.0005751022349000049,0.0005214542805249533,0.0005027418986879894,0.000540298922937353,0.0005849261358641601,0.0005110253484527866,0.00046827909668247745,Irish sovereign debt crisis
2012-04-18,0.0007267093997854897,0.00047148607890869074,0.0004542296864854697,0.0004956543726410632,0.0005205707417075445,0.00046312394268602236,0.0004238516510233541,Irish sovereign debt crisis
2012-04-19,0.0007089228864038071,0.0004584796164590732,0.000442111997672764,0.0004889874850923742,0.000499502937507037,0.0004512462932267698,0.00041054936879642077,Irish sovereign debt crisis
2012-04-20,0.0007437076778707804,0.000423935908507086,0.00040218804300100347,0.0004558273136631792,0.000454675875396989,0.00042653135242462433,0.0003804569580496337,Irish sovereign debt crisis
2012-04-23,0.0002931474871612462,0.0005217078511265727,0.0004991408348947581,0.0005639907811278162,0.0005782598452978893,0.0005080959130225837,0.00045905188128981606,Irish sovereign debt crisis
2012-04-24,0.00039833374341600677,0.0005366787273303257,0.0005160373626971408,0.0005778742229088538,0.0005793449921665127,0.0005383253572301918,0.0004718117016489296,Irish sovereign debt crisis
2012-04-25,0.00025072254032287665,0.0005221036749635934,0.0005034884671920011,0.0005501162879654136,0.0005433710021685802,0.0005597220983460352,0.0004538205191459368,Irish sovereign debt crisis
2012-04-26,0.00027254339738122014,0.0004987278785687932,0.00048777013322757025,0.000526012088959105,0.0005032155217483468,0.0005360560161039588,0.0004405856328049848,Irish sovereign debt crisis
2012-04-27,0.0009704557636997735,0.0004705631255106623,0.0004576438327504468,0.0004976790690213759,0.0004611246291434921,0.0005137586769790688,0.0004226094196589285,Irish sovereign debt crisis
2012-04-30,0.0012640975723665919,0.0004769568691225,0.00046892498138303746,0.0005100123390953842,0.00045397775865924875,0.0005174744203816263,0.00043439484609320353,Irish sovereign debt crisis
2012-05-01,0.0011478634202651177,0.00048734988137631035,0.0004809272251783353,0.0005206743726828793,0.0004569111966102349,0.0005304871251619052,0.0004477494872481969,Irish sovereign debt crisis
2012-05-02,0.0011751807497224747,0.0004704107467520953,0.0004618350245422576,0.0005109910257075651,0.0004428093465523104,0.0005082121644588192,0.0004282061724995243,Irish sovereign debt crisis
2012-05-03,0.0011987616600310977,0.00047337995463356323,0.0004700826420331613,0.0005210314875518048,0.00043651071402290377,0.0005058073343911715,0.0004334675951687748,Irish sovereign debt crisis
2012-05-04,0.0009119810846565371,0.0006429113265703259,0.0006582220202377157,0.0007192171895318413,0.0006076687758965861,0.0006464357097833754,0.0005830129374021112,Irish sovereign debt crisis
2012-05-08,0.0005882045695545142,0.0008738642215064067,0.000920758420745531,0.0009553709857537004,0.0008660491811120258,0.000850927256065388,0.0007762152638553884,Irish sovereign debt crisis
2012-05-09,0.0005735681187179758,0.0009286475763147725,0.0009831388380973514,0.0009868453886952024,0.0009244929033940385,0.0009395558300281195,0.0008092049213591505,Irish sovereign debt crisis
2012-05-10,0.0009080537928376713,0.0008960870259212912,0.0009292673473305553,0.00092932950505346,0.0008774160344768138,0.0009438354336525302,0.0008005868090930971,Irish sovereign debt crisis
2012-05-11,0.0008757686988345335,0.0008098540612783316,0.0008141448691255037,0.0008307992666632682,0.0008011914778301788,0.0008861342411391245,0.0007170004516335835,Irish sovereign debt crisis
2012-05-14,0.0004137525758910304,0.001015512635227414,0.0010245610696416857,0.0010418942800840029,0.0010341947499008307,0.0010598881327850275,0.0009170249437255226,Irish sovereign debt crisis
2012-05-15,0.0007561389261230764,0.0009919637627850988,0.0010078781677576548,0.0010228699845908347,0.000982556860306811,0.001049361837094293,0.0008971519641759011,Irish sovereign debt crisis
2012-05-16,0.0010539459646037397,0.0008203304262678873,0.000838216027193691,0.0008542131098430915,0.0008598317593643599,0.0008091895791826568,0.000740201655755638,Irish sovereign debt crisis
2012-05-17,0.0007299628144712471,0.0008868761486153049,0.0009019441021137354,0.0009313630728960082,0.0009703111506996587,0.0008279423088962796,0.0008028201084708433,Irish sovereign debt crisis
2012-05-18,0.0008604759524840004,0.0008621493358460921,0.0008722235882220756,0.0009075314893407292,0.000939481034945446,0.0008129786742080289,0.000778531892514181,Irish sovereign debt crisis
2012-05-21,0.0008441064241306865,0.0007971736813897375,0.0007953891478255835,0.0008122755212218676,0.0008769789229267045,0.0007760983902980473,0.0007251264246764848,Irish sovereign debt crisis
2012-05-22,0.0006611190948097456,0.0006876506430934873,0.0006586093512973601,0.0006904639001668318,0.0007497437762332488,0.0007060594063307395,0.0006333767814392557,Irish sovereign debt crisis
2012-05-23,0.0005253509606387044,0.0007170079010720397,0.0006848633596625836,0.0007179018580725964,0.0007708056600520917,0.0007461039645190095,0.0006653646630539166,Irish sovereign debt crisis
2012-05-24,0.000664641348704412,0.0006713734957347088,0.0006340228025305171,0.0006768534242733335,0.0007182184381837977,0.0007013008283275809,0.0006264719853583143,Irish sovereign debt crisis
2012-05-25,0.0007693698673106692,0.0006306903978510593,0.000594634348433372,0.0006451234801914325,0.0006369121283389593,0.000671666209004994,0.000605115823286539,Irish sovereign debt crisis
2012-05-28,0.0010595073688372486,0.000581488425756744,0.0005520851232443951,0.0006105008607118321,0.0005572893073461581,0.000617622180981488,0.0005699446564998469,Irish sovereign debt crisis
2012-05-29,0.0014904919212658614,0.0005679735016851246,0.0005464197929281402,0.0005987491067305354,0.0005216605046191643,0.0006065707509618269,0.0005664673531859564,Irish sovereign debt crisis
2012-05-30,0.0013339532010698011,0.0006930777336804254,0.0006848884551618784,0.0007495019713842842,0.0006312432795528325,0.0007092039611557208,0.0006905510011474111,Irish sovereign debt crisis
2012-05-31,0.0011566845231512652,0.0007997048848738444,0.0008081142533286021,0.0008603402653745158,0.0007264965968328328,0.0007975744935001246,0.000805998815333147,Irish sovereign debt crisis
2012-06-01,0.000909323541171826,0.0012094196133764132,0.0012439788217824075,0.0013118872502344873,0.0011942180514740999,0.0010889624045205654,0.0012080515388705076,Irish sovereign debt crisis
2012-06-05,0.0006243825123845734,0.0014942846100328886,0.001577681329708122,0.0015276903610920809,0.0014806392118578092,0.00134257462453678,0.0015428375229696516,Irish sovereign debt crisis
2012-06-06,3.683155556567369e-05,0.0015009084951386087,0.001586205209985053,0.0014674143184326383,0.0014458385398739898,0.0014811240222864595,0.0015239603851149026,Irish sovereign debt crisis
2012-06-07,6.219261672162805e-05,0.001190688348990524,0.0012209800996580418,0.0011609211027424342,0.0011458905132144812,0.001221567873831943,0.0012040821555057194,Irish sovereign debt crisis
2012-06-08,0.0004900037124654211,0.0009938107778935995,0.0010136547355108375,0.0009703112272255663,0.0009646582453430905,0.001006826356507487,0.0010136033248810163,Irish sovereign debt crisis
2012-06-11,0.0004876814444338244,0.000897660731756821,0.0009181114350558625,0.0008935685273015285,0.000884810347843935,0.0008623144983926504,0.0009294988501901289,Irish sovereign debt crisis
2012-06-12,0.0004953435137968799,0.0008126148115383119,0.0008395813814812908,0.0008118662896696826,0.0008003823014472078,0.0007618692859727581,0.0008493747991206201,Irish sovereign debt crisis
2012-06-13,0.0004935025203350306,0.0007371060856549504,0.000764944966918105,0.000745447619963448,0.0007322143721096665,0.0006696565059316237,0.000773266963351909,Irish sovereign debt crisis
2012-06-14,0.000513669039672192,0.0006790576774419975,0.0007125221107576548,0.0006854121187757393,0.0006830526398417071,0.0006108358354283893,0.0007034656824064973,Irish sovereign debt crisis
2012-06-15,0.00012394501510395574,0.0006563619868591778,0.000678224310855948,0.0006529278814341704,0.0006726564154863127,0.0006014776604250456,0.0006765236660944118,Irish sovereign debt crisis
2012-06-18,0.00018647354882888445,0.0005934708413690204,0.0006024077849534695,0.0005935750073565292,0.00062615642913731,0.0005270159621076169,0.0006181990232901762,Irish sovereign debt crisis
2012-06-19,0.00016687555370671614,0.0005293143761424491,0.0005334260972358696,0.0005312514551883977,0.0005644996079099598,0.00047207039652091587,0.0005453243238571027,Irish sovereign debt crisis
2012-06-20,0.0003375823954895609,0.0004804342526429126,0.0004785808660939615,0.0004878780358254256,0.0005247924387622982,0.0004163338491541944,0.000494586073378683,Irish sovereign debt crisis
2012-06-21,0.0002911289506697346,0.0005270671494523888,0.0005235525565952195,0.0005455203944832947,0.0005933208425279,0.000436947438101549,0.0005359945155539805,Irish sovereign debt crisis
2012-06-22,0.0008428790675883221,0.000559507508514468,0.0005628147858736169,0.0005779128215599005,0.0006313741242995752,0.0004709914393024268,0.0005544443715368206,Irish sovereign debt crisis
2012-06-25,0.0007959871026811461,0.0006900647156720922,0.0006857670542621768,0.0007174090463346927,0.0008421508931187411,0.0005629345876252026,0.0006420619970196478,Irish sovereign debt crisis
2012-06-26,0.0008655180374289731,0.0006553149165151265,0.0006566705723771878,0.0006696623139765681,0.0007720412834476044,0.0005670205158007398,0.0006111798969735323,Irish sovereign debt crisis
2012-06-27,0.0007748661952643058,0.0006008825564747775,0.0005958679613670649,0.000598439740442495,0.0006795916891988418,0.0005750594595897957,0.0005554539317756899,Irish sovereign debt crisis
2012-06-28,0.0007716223015196285,0.0005671352929611099,0.000551492246730602,0.0005652173562507253,0.0006405769643961169,0.0005599397427942616,0.000518450154633844,Irish sovereign debt crisis
2012-06-29,0.0003464757100013674,0.000516902347058515,0.0004994741821516683,0.0005023115259527728,0.0005585809793525503,0.000554982824072515,0.00046916222376306826,Irish sovereign debt crisis
2012-07-02,0.0003303199086254168,0.00048108385759574923,0.0004592086622879018,0.00046878961481191893,0.0005189430786129287,0.0005244385960910516,0.00043403933617494503,Irish sovereign debt crisis
2012-07-03,0.00027426900856331195,0.00045512870937685566,0.00043761455646611463,0.0004379637943690282,0.0004716712674048541,0.0005141737538959679,0.0004142201747483132,Irish sovereign debt crisis
2012-07-04,0.00019356759834311988,0.00044933908654260326,0.00043327023866743936,0.00043051880627001274,0.0004701049572168681,0.0005060655686711022,0.00040673586188759393,Irish sovereign debt crisis
2012-07-05,0.00033050134835535186,0.0004284595937679216,0.00042220470555816243,0.00040997903059376573,0.00044222626588442395,0.0004776291961583492,0.0003902587706449066,Irish sovereign debt crisis
2012-07-06,0.0002393561578934566,0.0004883700810425272,0.0004964570714060811,0.0004710294146623856,0.0004884397969178275,0.0005368370697580034,0.0004490870524683388,Irish sovereign debt crisis
2012-07-09,0.00040447786773364013,0.0004718171546330881,0.00048268726418437027,0.00046850358762863954,0.00047707260666305984,0.0004937498841258353,0.00043707243056353556,Irish sovereign debt crisis
2012-07-10,0.00038862655757668615,0.00047181253392158875,0.0004704366664383641,0.0004872492014794828,0.0005021571259791142,0.0004684602583222025,0.00043075941738877997,Irish sovereign debt crisis
2012-07-11,0.00038698306460885703,0.000430533052388166,0.0004164903426597641,0.00046323227455440726,0.00047820969010037377,0.0003987397953664532,0.00039599315925983164,Irish sovereign debt crisis
2012-07-12,0.00029161383930470085,0.00043804353656332333,0.0004200896231964126,0.00047815265409751267,0.0004925157519417003,0.0003940141350560979,0.00040544551852489315,Irish sovereign debt crisis
2012-07-13,0.00031301652853095495,0.0004361838327070765,0.00041878912454440737,0.0004758034980740201,0.00048636806094032455,0.0003985485146967885,0.00040140996527984193,Irish sovereign debt crisis
2012-07-16,0.0006882857985253853,0.000426936404163281,0.00040950733869930063,0.00046724349186207147,0.00045823471419394413,0.00040257319360991123,0.0003971232824511775,Irish sovereign debt crisis
2012-07-17,0.0010634134245058285,0.00040174630345100117,0.00039243765903514203,0.000441179216546022,0.00040423045670835104,0.0003918090230291765,0.0003790751619363141,Irish sovereign debt crisis
2012-07-18,0.0010717550989607072,0.0003720003243389921,0.000365138226636292,0.0004139175274782659,0.0003809510582936701,0.00034665096465406203,0.0003533438446326705,Irish sovereign debt crisis
2012-07-19,0.0013777585884628518,0.00034814272792504556,0.00033720325503725906,0.0003870073464033899,0.00036045582033166737,0.0003230875798345508,0.0003329596380183607,Irish sovereign debt crisis
2012-07-20,0.0013432910498788887,0.00039802657079835834,0.00038385332434016185,0.00044462059946074516,0.0004282411740060277,0.0003551064582594997,0.0003783112979253574,Irish sovereign debt crisis
2012-07-23,0.0010484287193964867,0.0005550601718945378,0.0005417372666695704,0.0006193208819583309,0.0006560051952571464,0.0004592346268083308,0.0004990028887793106,Irish sovereign debt crisis
2012-07-24,0.0007362845517199534,0.0007691923566717689,0.0007665129235567886,0.0008365973499779728,0.0009553905536326755,0.0006141746736290888,0.0006732862825623183,Irish sovereign debt crisis
2012-07-25,0.0007945624563195624,0.0007523521132959307,0.0007539475994496782,0.000796883721551286,0.0009189713050632581,0.0006273219614806058,0.0006646359789348255,Irish sovereign debt crisis
2012-07-26,0.0004474142623910017,0.00071073708747996,0.0007126336643505075,0.0007376296857268518,0.0008157641358681145,0.0006558611022562899,0.0006317968491980363,Irish sovereign debt crisis
2012-07-27,0.0004691188767637129,0.0006696374008524398,0.0006782471107153444,0.0006809346436019407,0.0007163830703504216,0.0006737219865126721,0.00059890019308182,calm
2012-07-30,0.0003228535807582864,0.0006474419731679136,0.0006413151152837638,0.0006606851076331451,0.0006822402486876396,0.0006618005626968783,0.0005911688315381414,calm
2012-07-31,0.000312753115564609,0.0006226888815778858,0.0006238359680620773,0.0006424414529054364,0.0005974283825339297,0.0006505885554305659,0.0005991500489574203,calm
2012-08-01,0.00026246266296272116,0.0006556203973195757,0.0006642600832920975,0.0006847328906186625,0.000604778318849641,0.000667904498372169,0.0006564261954653084,calm
2012-08-02,0.0003492001485173425,0.0006950517252704147,0.0007155361953797219,0.00074245065465886,0.000647567985540793,0.0006780562397834611,0.0006916475509892377,calm
2012-08-03,0.00027888999696791154,0.0006632569762400935,0.0006819240546177827,0.0007073830359765622,0.0006131338339198921,0.0006615525659358006,0.00065229139075043,calm
2012-08-06,0.0002045677157609187,0.0006539411236071599,0.0006575508308135373,0.0006980695554042371,0.0006239526005636965,0.0006416672390420772,0.0006484653922122515,calm
2012-08-07,0.00024241839779461555,0.0006545029641148628,0.0006579642656125568,0.0006975794469121086,0.000636660115780354,0.0006332426522856181,0.000647068339983676,calm
2012-08-08,0.00026992605821396385,0.0006168438146225347,0.000611752750885349,0.0006654154986374978,0.0006036746758075131,0.00057137986974561,0.0006319962780367037,calm
2012-08-09,0.0001833234183349681,0.0005551607259921744,0.0005431949207614998,0.000611734504480565,0.0005306686163149368,0.0005042301162066392,0.0005859754721972308,calm
2012-08-10,0.0002794745082384307,0.0005198073932044821,0.0005082607622231302,0.0005838170331041942,0.00048039117110768964,0.00046437121628427086,0.0005621967833031254,calm
2012-08-13,0.00030962301345974344,0.000505419010453708,0.0004961868758660995,0.0005791202917172968,0.00046763011612415214,0.00043772015917692344,0.0005464376093840683,calm
2012-08-14,0.00033343950589983406,0.0004951227053857151,0.000482919410554245,0.0005790166421205873,0.0004568479125347656,0.0004166594765760985,0.0005401700851428789,calm
2012-08-15,0.000438596173927768,0.0004980044926283056,0.0004894218106020157,0.0005900667429689914,0.0004560756784714115,0.0004086365403610893,0.00054582169073802,calm
2012-08-16,0.0004478343735593535,0.00048685088774964586,0.0004847627887893725,0.0005800750482109326,0.00045192167419266094,0.00038582675707616714,0.0005316681704790961,calm
2012-08-17,0.0003569643018366657,0.0004891140711266644,0.0004839479850263339,0.000580831352252972,0.00046335447395795125,0.0003800493988820337,0.0005373871455140307,calm
2012-08-20,0.00032647423460533217,0.0004740782204229639,0.00046515348422782163,0.0005704230701722635,0.0004512499588663785,0.00036233596104034147,0.0005212286278080141,calm
2012-08-21,0.0002164626850400117,0.0004750259427120207,0.0004617104414473981,0.0005811123658706157,0.00045206522167685973,0.0003625136393258061,0.0005177280452394239,calm
2012-08-22,6.790338704544615e-05,0.0005026095213676353,0.0004869384770037618,0.0006233792565322007,0.00048659528822257264,0.0003778079482582357,0.0005383266368214057,calm
2012-08-23,0.00010249248569990794,0.0005522060238910885,0.0005442307883264201,0.0006927032375703325,0.0005460420903796872,0.00040283112659170053,0.0005752228765873021,calm
2012-08-24,0.00017283189147908402,0.0005761741840089147,0.0005811282009848518,0.0007138707226675469,0.00056976887020351,0.00041858611568440214,0.0005975170105042624,calm
2012-08-27,0.00015764017143475811,0.0005409776559145391,0.0005406959544530297,0.0006678999315804323,0.0005368439695972732,0.00040404258745053463,0.0005554058364914255,calm
2012-08-28,0.00016911726312299048,0.0005209892892624136,0.0005163289112079587,0.000641941649480324,0.0005264998928939751,0.00038791493592126226,0.0005322610568085481,calm
2012-08-29,0.00020095395710605386,0.00046522166566397623,0.0004581832308161424,0.0005740059293252497,0.0004767285393307405,0.0003422689086754959,0.00047492172017225284,calm
2012-08-30,0.00042990597553675035,0.0004887961765660256,0.00048442753278007164,0.0006044244954467543,0.0005202263900867939,0.0003500437453368593,0.00048485871917964906,calm
2012-08-31,0.00045421470479415786,0.00048535829510213725,0.0004783601421390517,0.0005932174442194413,0.0005238467321803905,0.0003584631901412144,0.0004729039668305883,calm
2012-09-03,0.0004448128346271227,0.00047358201777646726,0.0004665486127683217,0.0005699417975495528,0.0005162722932498526,0.00035515063831742836,0.0004599967469971811,calm
2012-09-04,0.00044120846183844786,0.0004722787727884052,0.0004604637445003227,0.0005659581108748328,0.0005232656827908822,0.00036035216974469837,0.00045135415603128994,calm
2012-09-05,0.00040898166812388206,0.0004516357262750758,0.0004337907928210135,0.0005398233126699384,0.0005001952768338104,0.0003544961579873277,0.0004298730910632891,calm
2012-09-06,0.00014804820008176758,0.0004363515128458502,0.00041990316276182887,0.0005130313024096985,0.00047257372787539744,0.00036562091450013516,0.00041062845668219083,calm
2012-09-07,0.00018504311076248287,0.0004391585657345004,0.00042464921351734804,0.0005103973657558739,0.000465717438362021,0.00038234334435088737,0.00041268546668637166,calm
2012-09-10,0.00022786410145368783,0.0004057051613088833,0.00039749536643961627,0.00046986198384288137,0.0004242910662789025,0.00035389150208632234,0.0003829858878966938,calm
2012-09-11,0.00022733159531829192,0.000391475052290091,0.00038426267870349473,0.000450968830801005,0.0004099127677177565,0.0003424883550455084,0.00036974262918269054,calm
2012-09-12,0.00024475059912080284,0.0003577110657142058,0.000350971096046633,0.00041160892747872787,0.00038468950457709947,0.0003039672641759693,0.0003373185362925994,calm
2012-09-13,0.00038818709888871716,0.0003353284365786034,0.0003306910201218156,0.00037876426305493685,0.0003650667428451693,0.00028909674249279167,0.000313023414378304,calm
2012-09-14,0.00027316373717075075,0.0003247947193623138,0.00031627846835485574,0.0003590496908889231,0.0003583882986658065,0.0002901015741134871,0.0003001555647884966,calm
2012-09-17,0.0002498951169181791,0.00033227662990468733,0.0003239497751863696,0.000361092588899369,0.00036711254975555825,0.00029888173310602383,0.0003103465025761159,calm
2012-09-18,0.00026166496416534863,0.0003401692136162572,0.00033014893265480446,0.0003666677480282522,0.0003772374516599174,0.00031025316231966257,0.0003165387734186492,calm
2012-09-19,0.000407704018368627,0.00033200062413074166,0.0003193521218986808,0.0003563731973799454,0.0003637992489595086,0.00031136616925550874,0.00030911238316006493,calm
2012-09-20,0.0002517479086982605,0.0003183625207216891,0.0003040280474503631,0.0003432114916582632,0.0003343927957914935,0.0003078423874972396,0.000302337881211086,calm
2012-09-21,0.00021695358037518875,0.0003078402854433412,0.0002897929102094347,0.0003385220893560613,0.0003140988502462336,0.00030063935177351977,0.00029614822563145654,calm
2012-09-24,0.00019732027964156746,0.0003224489100914267,0.00030387447962669674,0.0003600662275730107,0.0003305215059634032,0.0003048927571960792,0.00031288958009794364,calm
2012-09-25,0.0002062339422312169,0.0003488848299507,0.00033358786680802747,0.000394100377815186,0.00035299639273510627,0.0003218392193093476,0.00034190029308583285,calm
2012-09-26,5.4859678406309615e-05,0.00043289569675890544,0.0004230240662470239,0.0004926867558302464,0.00044331657476916176,0.00038446212969538314,0.00042098895725271174,calm
2012-09-27,6.114831428430324e-05,0.000445720775667084,0.00044483691844165784,0.0005028345921443437,0.0004587317751820159,0.0003926857491177879,0.0004295148434496144,calm
2012-09-28,0.00018349179998948837,0.00045908357395730616,0.0004582930583932215,0.0005232960295762316,0.00048582923509202274,0.0003949219742833197,0.00043307757244173516,calm
2012-10-01,0.0003437499843109303,0.00041337641853189764,0.0004038592157468922,0.00047014529783793985,0.0004637617263830335,0.000345596250294409,0.00038351960239721357,calm
2012-10-02,0.00038993544410981804,0.00037508985728466876,0.0003566200976558334,0.00042504774179005805,0.0004249546361062233,0.00031853029923015197,0.0003502965116410771,calm
2012-10-03,0.00044249537029758795,0.0003523996385117856,0.000330555871937072,0.0003990791344108155,0.0003999599779004251,0.00030255661611849373,0.00032984659219212174,calm
2012-10-04,0.0004424988535695441,0.0003253474146700097,0.0003048691833901886,0.0003653949884254746,0.00036208421560324927,0.0002869357708335384,0.0003074529150975974,calm
2012-10-05,0.00032569873112943247,0.00030679830332815805,0.0002833779314023475,0.0003440122322411865,0.0003318803641849935,0.00028289863040418704,0.0002918223584080755,calm
2012-10-08,0.00016619556237289118,0.00033002619213037473,0.00030533363550253295,0.00036588984668977704,0.00034978778262560273,0.00031223278790039186,0.00031688690793356904,calm
2012-10-09,0.00014709587562471225,0.00038918549419876975,0.00036530432145978164,0.000428923040455028,0.0004126340363790093,0.0003671015929831415,0.00037196447971688836,calm
2012-10-10,8.279221085496623e-05,0.00047226299050085125,0.0004494748018706334,0.0005291913157700555,0.000505336802690377,0.00043255826757789104,0.0004447537645952992,calm
2012-10-11,8.554638577504972e-05,0.00046328644116178807,0.00043821143758715383,0.0005173123660994485,0.0004906822620332085,0.00042923152753773693,0.00044099461255139237,calm
2012-10-12,0.0001243874504510396,0.0004700894726487068,0.0004437012379719648,0.0005320224059077626,0.0004971460935159297,0.00042507337002605465,0.00045250425582182244,calm
2012-10-15,0.0001245638402211499,0.0004350110508550598,0.0004139115409772881,0.0004939220030771405,0.0004599640675127264,0.0003885845765299641,0.00041867306617818006,calm
2012-10-16,0.00025643315121262893,0.0004058951317467101,0.00038575558126449324,0.00045556708853045313,0.00042497068040185356,0.00037400366459621696,0.0003891786439405339,calm
2012-10-17,0.00029341027231078175,0.00036746677701614223,0.00035105369099995467,0.0004113843992054469,0.00038823698735873327,0.0003359600551456118,0.0003506987523709646,calm
2012-10-18,0.00036142940521622003,0.00034724683782954977,0.00032975463990186986,0.00038865213764168767,0.00037152597065403853,0.00031479233156973574,0.00033150910938041706,calm
2012-10-19,0.000314096147796679,0.00037526342866730795,0.00035735039005301103,0.00042161294609813243,0.0004064167092482056,0.00033543780372408057,0.00035549929421311004,calm
2012-10-22,0.000333466681790918,0.00035903694273574816,0.0003397768582134638,0.00040405428999632013,0.0003914451668072727,0.0003229748388346763,0.00033693355982700765,calm
2012-10-23,0.00021789149114749976,0.0004233439490149461,0.0003993900360136525,0.0004785551902216288,0.0004773017083497293,0.00037343302028784595,0.00038803979020187433,calm
2012-10-24,0.0001865405727724367,0.00043638713003067047,0.0004079630140775206,0.000489576589928528,0.0004916854337596774,0.00039641208683595754,0.00039629852555166887,calm
2012-10-25,0.00021483434354597315,0.0004185537982505547,0.00039043867840637123,0.0004631772482689638,0.00045562011564897055,0.0004025555425155505,0.00038097740641291754,calm
2012-10-26,0.0003019596130984134,0.000373583873912876,0.00034553371473392306,0.0004132837972521092,0.0004069791612920491,0.0003605176046454352,0.00034160509164086355,calm
2012-10-29,0.0004307852386852722,0.00036287799997051037,0.0003322998138023756,0.00041091031411305946,0.0003947575647857276,0.0003410120047521807,0.0003354103023992085,calm
2012-10-30,0.0003740523964113935,0.0003522115002589329,0.00031808012562028614,0.00040280997135184803,0.00038002152036723967,0.0003305018918969601,0.0003296439920583305,calm
2012-10-31,0.0005794814351255467,0.00034814350391493124,0.00031323248943172257,0.0004080503019131628,0.0003720352306686524,0.0003131461945298875,0.0003342533030312308,calm
2012-11-01,0.0005610995693891333,0.00034150860899462217,0.0003101465753162974,0.00040012932286293874,0.0003523291201961623,0.0003149699732595601,0.0003299680533381524,calm
2012-11-02,0.0004749660926693189,0.0003575918038614471,0.00032723231765067833,0.0004227656381997836,0.0003575151331581922,0.0003327217819542247,0.0003477241483443565,calm
2012-11-05,0.0003876920140635002,0.0003756707770730358,0.0003472734620784035,0.0004461453955155808,0.00036503276989509077,0.00035609541771777347,0.0003638068401583305,calm
2012-11-06,0.00041250936883486296,0.00038103325478218837,0.00035742758134833704,0.00044958753082889954,0.000357860641267701,0.0003723948655197843,0.00036789565494622006,calm
2012-11-07,0.0005226649017345056,0.0005181646646881624,0.0004909600582169917,0.0006259061535779771,0.0005090635093380774,0.00047548400186998147,0.0004894096004377837,calm
2012-11-08,0.0005757178846815002,0.0006883892517932315,0.000661244435852016,0.0008264222749967818,0.0007091893634855521,0.0006079569579451044,0.000637133226686703,calm
2012-11-09,0.000603014516491664,0.0006901992519212107,0.0006659803313021349,0.0008052204874538687,0.0007287582807172608,0.0006208362309343127,0.0006302009291984763,calm
2012-11-12,0.0007109929824512041,0.00063247193612898,0.0006039191920338794,0.0007297572509955599,0.0006562275397124131,0.0005752629510976118,0.0005971927468054356,calm
2012-11-13,0.0006960622803230996,0.0005807937727039202,0.0005467756095848214,0.000668045570224619,0.0005906156057894217,0.000529350811315561,0.0005691812666051785,calm
2012-11-14,0.00037613133411451013,0.0007063819320095985,0.0006691883786094644,0.0008162565581935738,0.0007299379835930885,0.000607565393812764,0.0007089613458391016,calm
2012-11-15,0.0002425972027641025,0.000801341831058501,0.000769776207513514,0.0009116929214246218,0.0008218292270895855,0.0006881027764895556,0.0008153080227752283,calm
2012-11-16,0.00022693219102180707,0.0008942441940055987,0.0008774735718028203,0.000993467067665582,0.0009317722259176358,0.0007591141426779908,0.0009093939619639639,calm
2012-11-19,7.290394860339659e-05,0.0008823187242994731,0.0008753942263860378,0.0009537632966090034,0.0008978267690542353,0.0007953156779685505,0.0008892936514795387,calm
2012-11-20,4.251253645702836e-05,0.00080804479610183,0.0007926722942462601,0.0008664756694106193,0.0008237234128481182,0.0007421843446395386,0.0008151682593646144,calm
2012-11-21,5.320707982986219e-05,0.0007137988116879909,0.0006984165664503173,0.0007691543161584237,0.0007274340242857423,0.0006365637063026119,0.0007374254452428594,calm
2012-11-22,0.000139154107970593,0.0006240851966954645,0.0006071100606138255,0.0006810545312422017,0.0006484455881560576,0.0005403476667226155,0.0006434681367426222,calm
2012-11-23,0.00013626493353849817,0.0005664232373581985,0.0005560991287966156,0.0006191319790186686,0.0005881103104496771,0.00048307581891081196,0.0005856989496152193,calm
2012-11-26,0.0001206245459835332,0.0005308452660967959,0.0005230261025102096,0.0005857406261007768,0.0005545457977986442,0.00044262284811795986,0.0005482909559563889,calm
2012-11-27,0.00011846973686003117,0.0005057146617620875,0.0004972533247308477,0.0005631408451412792,0.0005354837156869383,0.0004096659034054997,0.0005230295198458726,calm
2012-11-28,0.00013011000362688128,0.00046614379141804495,0.0004598027823387927,0.0005188298303247488,0.0004924072945934081,0.0003801471404334956,0.0004795319093997795,calm
2012-11-29,0.00018400272754506822,0.0004379161121215694,0.00042948674115641096,0.00048583286594005177,0.0004571906778875732,0.0003705714148070594,0.0004464988608167516,calm
2012-11-30,0.00017889156368918128,0.000406296062588655,0.00039340839912717135,0.0004571418102438175,0.0004186063937445721,0.00034422386111352895,0.00041809984871418515,calm
2012-12-03,0.00019339465388454945,0.00036947564896618046,0.0003590887937545612,0.0004206285772828288,0.00038136945366222595,0.00030893847469247156,0.00037735294543881503,calm
2012-12-04,0.0002302423037317899,0.00033283631197053527,0.0003233206540672375,0.0003812327076868772,0.00034124074780579584,0.0002786606273847963,0.00033972682290796973,calm
2012-12-05,0.00022202181398959164,0.0003083927801849499,0.00029746679597375964,0.00035311692390680886,0.00031156939466969855,0.0002658254463918694,0.0003139853399826129,calm
2012-12-06,9.133621616253542e-05,0.0002998222002008325,0.0002868858505448395,0.00033881986828948596,0.00029902989757088624,0.00026974224609402104,0.0003046331385049296,calm
2012-12-07,8.648027661592657e-05,0.0002888899217084422,0.00027634627094405226,0.0003241732730610285,0.00028857728475984443,0.00026614666874655285,0.0002892061110307327,calm
2012-12-10,9.136733241734694e-05,0.0002830314016703246,0.00026890862944773,0.00031731975101236676,0.0002842759727055334,0.00026211171265297926,0.0002825409425330136,calm
2012-12-11,8.899918860776248e-05,0.0002876779601586644,0.00027323447459730587,0.0003196836167277659,0.00028795524565601046,0.00026893513528002464,0.00028858132853221504,calm
2012-12-12,0.0003367199120987481,0.0002860075813125581,0.0002709319456117642,0.0003157670415213981,0.00028522581857281777,0.00027039151637741195,0.00028772158447939864,calm
2012-12-13,0.00032658140538778334,0.0002982980025039067,0.00028681204189391255,0.00032641056684031233,0.00029651350989867405,0.00028243617738764326,0.00029931771649899133,calm
2012-12-14,0.0003320631706541398,0.0002870518126013455,0.0002781399566226801,0.000310659055486361,0.00029586113028017724,0.0002673988322746184,0.00028320008834289094,calm
2012-12-17,0.0003313896438475441,0.0002795655411041064,0.0002735740355502623,0.0002950242130507855,0.0002908402680775459,0.0002642292072620027,0.0002741599815799357,calm
2012-12-18,0.0002954690741908537,0.0002789375528508119,0.0002732789174407859,0.00028771274379263986,0.00029443888732849524,0.0002700981210066745,0.00026915909468546405,calm
2012-12-19,4.0923845849722256e-05,0.00027904524963664394,0.00027401725547741097,0.00027699793543737564,0.0002823250577155405,0.00028954693720720904,0.0002723390623456837,calm
2012-12-20,0.00011523136376825195,0.0002724507646446516,0.00026862959030544487,0.0002643468115292038,0.0002658977726676731,0.0002944660343403103,0.0002689136143806263,calm
2012-12-21,0.0004115047535221052,0.0002853035452114961,0.00028187412884956,0.00027754123720209886,0.0002783147717011391,0.00030902595355987173,0.00027976163474481086,calm
2012-12-24,0.00043355542063230467,0.00029743615820572157,0.00029225856471678846,0.00028801580735370844,0.00029189032449622546,0.00032355755892333636,0.0002914585355385491,calm
2012-12-27,0.0004626613669208291,0.00028741104635488293,0.0002788005231423372,0.0002823234618896876,0.00028826272382912583,0.0003056626988269375,0.00028200582408632646,calm
2012-12-28,0.00045418681847159815,0.0002923052040640846,0.0002832827483302344,0.00028492398888507216,0.0002993306534098434,0.00030867752276712314,0.00028531110692815,calm
2012-12-31,0.00038996107471562163,0.00030073740541314146,0.000291944086322384,0.0002884197645244318,0.0003117021395618139,0.0003226792683753724,0.0002889417682817052,calm
2013-01-02,9.638218024261173e-05,0.00032288752235109586,0.0003476842646269395,0.0003205784924484767,0.00034584696044051875,0.00037488787740884644,0.0002254400168306977,calm
2013-01-03,5.683062286946974e-05,0.00033824620014153605,0.00036562609893408014,0.00033908659606461336,0.0003626878588484173,0.00039493614973956176,0.00022889429712100786,calm
2013-01-04,5.515122722864016e-05,0.00034213916176626476,0.00037450133440294756,0.00035252658427293795,0.0003737829591849539,0.000406525828296318,0.00020335910267416647,calm
2013-01-07,7.999759547689526e-05,0.0003400078817988433,0.00036469558319974566,0.0003443989471814381,0.00036588795572971126,0.00039119742994615667,0.00023385949293716493,calm
2013-01-08,7.51276176840341e-05,0.0003397855903409627,0.00035865107968014527,0.0003419698677319112,0.00036436335482801916,0.0003841457568024166,0.00024979789266232135,calm
2013-01-09,7.491352288986406e-05,0.0003284759708424301,0.0003459060157799125,0.00032949173632065924,0.00035406905665628333,0.00036691379281459784,0.0002459992526406977,calm
2013-01-10,0.0001279273275283385,0.000308562589421307,0.00032761081319786066,0.00030720122958112435,0.0003336633910135005,0.0003422893490462688,0.00023204816426778042,calm
2013-01-11,0.00010490937887518134,0.0002892907600283482,0.00029854647886414366,0.00027856930487316675,0.0003057766055755617,0.00030852587803603513,0.00025503553279283375,calm
2013-01-14,7.986490346924406e-05,0.000273384855666114,0.0002812434372010446,0.0002606428351529324,0.0002881756811467186,0.0002881522951651019,0.00024871002966477283,calm
2013-01-15,7.55219828059414e-05,0.00026969171927147546,0.00027485383645372197,0.0002509067938042242,0.00027848530233556297,0.00027768803059687795,0.0002665246331669899,calm
2013-01-16,7.315822203776402e-05,0.0002558445650151784,0.0002601943993398725,0.00023483507583287597,0.000260791836176244,0.0002589887790214679,0.00026441273470543153,calm
2013-01-17,0.00022962928047830559,0.00025306064125280026,0.00026099652201767924,0.0002329347030419034,0.0002557054482492106,0.00025727914062538245,0.0002583873923298254,calm
2013-01-18,0.0002674684138723924,0.0002605823613077597,0.0002651464696129907,0.00023476353627445564,0.00025592023783399585,0.00025822140712395076,0.00028886015569340543,calm
2013-01-21,0.00026730512269514085,0.0002560044926179487,0.0002608090035360763,0.00022633273270366907,0.00024711753581598136,0.0002475298227814941,0.0002982333682525227,calm
2013-01-22,0.0002598863721530105,0.0002567599543077845,0.0002629633682990471,0.00022500920080845876,0.0002458015789932694,0.00024726108095165264,0.0003027645424864946,calm
2013-01-23,0.00025886731720632926,0.00025141025176593675,0.0002579411031870963,0.0002178533616503661,0.00024030371427956923,0.00024082362692461778,0.00030012945278803433,calm
2013-01-24,4.821748866227576e-05,0.0002480263296939458,0.00025264109176005936,0.0002142697116025865,0.00023505221977401658,0.00023694899257029967,0.00030121963276276664,calm
2013-01-25,6.084662347421668e-05,0.0002513729007949608,0.0002598089959918984,0.00022126910386663351,0.0002395669435614689,0.0002431791293901756,0.0002930403311646274,calm
2013-01-28,0.00012933607090016014,0.00024706544796666396,0.0002552562764019691,0.00021481715509653594,0.00023348592974194542,0.00023377284178602978,0.0002979950368068396,calm
2013-01-29,0.0001434472073256956,0.00024019419554254274,0.0002463468426990781,0.00020386243094065306,0.00022369542557880843,0.00022178046915894196,0.0003052858093352322,calm
2013-01-30,0.0001529670165168092,0.0002434588168031754,0.0002454886148784674,0.00020017134746742085,0.00022156647727326315,0.00022005716970398536,0.00033001047469274024,calm
2013-01-31,0.00028318929892871846,0.0002398315906795078,0.00024115239094265226,0.00019320734716041932,0.00021704594962425517,0.00021462578268245994,0.00033312648298775227,calm
2013-02-01,0.00041569164789185197,0.00023857703858577484,0.00024790846406687285,0.0001977730651255912,0.0002219982659783219,0.00022273759735026686,0.0003024678004078213,calm
2013-02-04,0.0004053001541491467,0.00027809507750372063,0.0002857277996973144,0.00023199634464725753,0.0002573459462703911,0.0002611185348756063,0.000354286762028034,calm
2013-02-05,0.0005658044876436458,0.0003057509771127333,0.00031584369231450244,0.00025938182347052407,0.000284289073606549,0.0002929431999482805,0.0003762970962238104,calm
2013-02-06,0.0007873428650754322,0.0003252636837069332,0.0003325296777546182,0.0002759423479679024,0.00030330588564934767,0.00031249302981296097,0.00040204747734983663,calm
2013-02-07,0.0006570779025698903,0.00032694703025604296,0.0003370791374033171,0.0002844142920106863,0.0003115103933854673,0.0003227464501547728,0.00037898487832597165,calm
2013-02-08,0.0004906767890071832,0.0003333558319328705,0.00035183771858823533,0.0003032992471162882,0.0003269855469773933,0.0003439446510568185,0.0003407119959256174,calm
2013-02-11,0.000432808518083492,0.000342866882319131,0.0003578264223817184,0.00031389143549472357,0.0003359867876350236,0.00034942871560145314,0.0003572010504827364,calm
2013-02-12,0.00029794975111766057,0.00033673347859122067,0.00036184561775631395,0.0003235434528189592,0.00034177166548543986,0.0003553893333776943,0.00030111732351769576,calm
2013-02-13,6.821119762422258e-05,0.00033143914983045457,0.00036290596056305695,0.0003299263041577815,0.0003423152862632699,0.00035565575663091864,0.00026639244153724606,calm
2013-02-14,0.00030980804473867274,0.0003167781452024335,0.0003449760627632499,0.0003136159065411394,0.0003262612855120747,0.00032951420546222643,0.00026952326573347713,calm
2013-02-15,0.0006668971573082464,0.00031094501062588214,0.00033569508126185164,0.00030613937789439696,0.00031953102776306313,0.0003163465096421419,0.0002770130565679569,calm
2013-02-18,0.0006814343244658135,0.00029324472866335086,0.0003106796939669269,0.000279709913705548,0.000295088347950218,0.00028547006093118313,0.00029527562676287815,calm
2013-02-19,0.0006831728173945858,0.00028936869197874706,0.00030694477669133394,0.0002762082405177325,0.00028835882974442975,0.0002800224025941937,0.0002953092103460455,calm
2013-02-20,0.0006861159392969599,0.00030374000830222153,0.00031506103169879913,0.00028595144693591097,0.00029403001414285716,0.00028640273253111747,0.0003372548162024229,calm
2013-02-21,0.0005325158829203094,0.0003643085370359307,0.0003627648153312945,0.00033746167635621995,0.0003409098633133641,0.0003331468047410175,0.00044725952543775747,calm
2013-02-22,0.0001559041141250878,0.00040529006354145535,0.00041223904516862314,0.00039269522846849063,0.00038487978579332627,0.0003879978766161052,0.0004486383816607314,calm
2013-02-25,0.00030270689874250845,0.00045446079893021046,0.0004656222341925609,0.00047028654817736466,0.0004385589837539187,0.0004562677928018345,0.0004415684357253735,calm
2013-02-26,0.0006291203817616168,0.0005206608246057767,0.0005283443697366245,0.0005522065946386638,0.0005027636321169293,0.000538388792188953,0.00048160073434771344,calm
2013-02-27,0.0008475472998020364,0.0005683139982110928,0.0005755054696279828,0.0006128814232012627,0.0005445316133968601,0.0006000352427367249,0.0005086162420926331,calm
2013-02-28,0.0007596241180539595,0.0005807565385986582,0.0005832535753310536,0.0006260219445345191,0.000555740869392803,0.0006126326823425198,0.0005261336213923956,calm
2013-03-01,0.0007581044576350948,0.0005471170871558306,0.0005472444794859578,0.0005822079615482827,0.0005243389965624989,0.0005692433581219258,0.0005125506400604879,calm
2013-03-04,0.0006299223067259503,0.0005262620120335131,0.0005213689532165226,0.0005529512057258353,0.0005059023853533038,0.0005479761258545565,0.0005031113900173476,calm
2013-03-05,0.0002837859312008248,0.0005205514145865099,0.0005219009702803361,0.0005558302169284227,0.0005040618589885794,0.0005560861124716303,0.00046487791426358117,calm
2013-03-06,5.9751248461546826e-05,0.0005349429939612595,0.000533072076373838,0.0005635466903603882,0.0005118428022475687,0.0005581066736943656,0.0005081467271301371,calm
2013-03-07,0.0002485917587619828,0.000491494245822618,0.00048797739898282416,0.0005077589360834088,0.00046699223182825305,0.0004939311173325185,0.0005008115448860853,calm
2013-03-08,0.0005130407898140773,0.00043753220822671004,0.00043522633689369045,0.0004455808463907606,0.0004168429523165148,0.00043007208070829946,0.00045993882482428473,calm
2013-03-11,0.0006965911609705002,0.0003898630862642912,0.00038216623066505767,0.00038640074708529783,0.00037180840237456797,0.00038121991356906124,0.000427720137627471,calm
2013-03-12,0.0007354146934046695,0.00035551602021273644,0.00034717712361254956,0.00034566950519324667,0.0003421391252252875,0.0003497240593825574,0.000392870287650041,calm
2013-03-13,0.0008105136827405425,0.00031768813093315527,0.00031040177847696196,0.0003025223735483196,0.00030900703426784456,0.00031288843464099425,0.0003536210337316561,calm
2013-03-14,0.0007248781838493116,0.00029989697211123766,0.0003028772229149345,0.0002915475386471101,0.00030093551787323405,0.0003084406711376508,0.00029568390998325876,calm
2013-03-15,0.0004620953206145517,0.00030713706892294696,0.0003115142053212,0.0003004506599069299,0.00031223788109264696,0.0003181370866959444,0.0002933455115980132,calm
2013-03-18,0.00024779656630406115,0.00032458267310053014,0.00033243143660603545,0.00032507224347194435,0.0003357391577640477,0.0003455556888560846,0.0002841148388045384,calm
2013-03-19,0.00019180326238699106,0.00034029611650368866,0.00035368748394661086,0.0003500646728473286,0.00035955380767072786,0.00037267743718722704,0.0002654971808665492,calm
2013-03-20,0.00012040730519851543,0.00036041192156815083,0.0003785773084664538,0.0003800965226694648,0.00038477931465250573,0.00040436347803777975,0.0002542429840145499,calm
2013-03-21,0.0001484640510648472,0.00041523063854279486,0.0004305267458381954,0.00044290662740139187,0.00044065052236393927,0.00046310134411400665,0.00029896795299644123,calm
2013-03-22,0.00027272683049697224,0.0004334404492687081,0.00044739427635136984,0.00046292342537206473,0.00045584769156632873,0.00048097160198722034,0.0003200652510665568,calm
2013-03-25,0.00039739319922987257,0.000428437958312676,0.0004370947703901836,0.0004530916876376637,0.0004476309905256113,0.00046979964070466436,0.00033457270230525724,calm
2013-03-26,0.000531482604127596,0.00040238072490365455,0.0004115862105416366,0.00042548898820707353,0.00042510480960505014,0.0004436869253192542,0.0003060366908452583,calm
2013-03-27,0.0012387126419875843,0.0003869520307627499,0.0003858121677648766,0.0003922924735228213,0.0004040572234117536,0.00041375995109536716,0.00033883833801893093,calm
2013-03-28,0.0011168987882509765,0.0003668780917835977,0.0003630789928349471,0.0003664666885835847,0.0003835428534930072,0.00039327320716103125,0.0003280287168454182,calm
2013-04-02,0.0010310739263352138,0.00036139917437184383,0.0003621861765731599,0.0003659421987472465,0.000381446214442312,0.00039406347029925364,0.000303357811797247,calm
2013-04-03,0.0012564372434343968,0.0004034002759755244,0.00040210960260409346,0.0004158659015291297,0.0004263636622166548,0.00043959694608919564,0.0003330652674385484,calm
2013-04-04,0.0011491137592020177,0.00046506598142094746,0.0004585795812171315,0.000480549142872373,0.00048751070280973464,0.0005017631330396835,0.0003969273471658147,calm
2013-04-05,0.0005178934105563624,0.0006061765736088123,0.0005890453100408502,0.0006163844922486098,0.0006299883911912779,0.0006340965410177339,0.0005613681335455902,calm
2013-04-08,0.0005354839806727493,0.0006453040626980655,0.0006380048093456726,0.0006621142600000065,0.0006761260355694859,0.0006827395112613502,0.0005675356973138124,calm
2013-04-09,0.0005091578665666467,0.0006408728820426086,0.0006483181734247309,0.0006710839882672396,0.0006923080668570184,0.00069992529214998,0.0004927288895140741,calm
2013-04-10,0.0002492226022926979,0.0006644101580304897,0.0006787948164510875,0.0007140657941857247,0.000726970231023139,0.0007500969764188154,0.0004521229720736816,calm
2013-04-11,0.0002279876732211376,0.0006685366593707753,0.000681195904133108,0.0007220011994000856,0.0007267072378145703,0.0007549391592824895,0.0004578397962236229,calm
2013-04-12,0.00016069519956933182,0.0007214826869098698,0.0007288737163136824,0.0007670351655546347,0.00077858867118837,0.0007977719602090691,0.0005351439212835928,calm
2013-04-15,0.0001577334239933618,0.0008319311862226725,0.0008033108535190948,0.0008754508495257549,0.0008774335047192619,0.0008917648438383405,0.0007116958795109103,calm
2013-04-16,0.0008173739802513683,0.0008828785670064359,0.00084672354908178,0.0009262374814646336,0.0009299067970467988,0.0009563043552567636,0.0007552206521822034,calm
2013-04-17,0.0007530991452353701,0.0010457710509623208,0.0009678113243096047,0.0010775945645767383,0.0011068479219470597,0.0011232534728399727,0.0009533479711382281,calm
2013-04-18,0.0007466717474978535,0.0011069138970752376,0.001014117829725432,0.001143249051363509,0.0011885993857341313,0.0012078683930014339,0.000980734825551683,calm
2013-04-19,0.0008402042903489573,0.0010582974584673606,0.0009758630692374977,0.001101368313391563,0.0011581771091473084,0.001188960484675991,0.0008671183158844441,calm
2013-04-22,0.0008465842249363248,0.0009633002656617058,0.0008879993443925071,0.0010041056654788514,0.0010765158241159587,0.0011036477623780705,0.0007442327319431408,calm
2013-04-23,0.00021306079990268686,0.0009082721703297049,0.0008463650180731402,0.0009645636344715763,0.0010307705928539945,0.001079454637514194,0.0006202069687356194,calm
2013-04-24,0.0001882362769579829,0.000779029154797541,0.0007387264053170041,0.0008279405888467915,0.0008921008808803017,0.0009020046106738445,0.0005343732882697632,calm
2013-04-25,0.0002243284809851932,0.000692975294606489,0.0006619989845381317,0.0007262691737993555,0.0007764372343209266,0.0007658893415995689,0.0005342817387744621,calm
2013-04-26,0.0002817756386976836,0.0006507936539046815,0.0006161655740860534,0.0006638421797671034,0.0007108338307938203,0.0006849923064423707,0.0005781343784340595,calm
2013-04-29,0.0003492428946389321,0.0006128398655003319,0.000587351788255499,0.0006227933065115831,0.0006551032356815234,0.0006336151113540114,0.000565335885699043,calm
2013-04-30,0.00033048749793155305,0.0005824123175222331,0.000560851980403017,0.0005896376653610663,0.0006145102715272082,0.0005927821103580381,0.000554279559961836,calm
2013-05-01,0.00033928288898433753,0.000548502840308405,0.0005348478879410456,0.0005642112573760167,0.0005720373047610263,0.000556179380788111,0.0005152383706758256,calm
2013-05-02,0.0003182941905322413,0.0005226723928441114,0.0005118877157629753,0.0005450567024825695,0.0005397844368732357,0.000535392562080701,0.0004812405470210755,calm
2013-05-03,0.00015255423977799583,0.000511683476834277,0.0005075964225831682,0.0005496791932823473,0.0005230180104823021,0.0005380230218835546,0.0004401007359400125,calm
2013-05-07,5.709596722692665e-05,0.0005137823231164451,0.0005106517706696384,0.0005598940964370638,0.0005172582410349971,0.0005469464637441812,0.0004341610436963449,calm
2013-05-08,0.0001105300696319107,0.000506259719680866,0.0005061149993772341,0.0005584096173734638,0.0005045167672314104,0.0005399306719804607,0.0004223265424417605,calm
2013-05-09,0.00010805287388516722,0.0005058035420397681,0.0004962313095141968,0.0005461647691506014,0.00049343711522712,0.000525771174569278,0.00046741334173764395,calm
2013-05-10,9.236463220960393e-05,0.0004780271800666382,0.00046771462861926384,0.000513732373380591,0.00046837676873737384,0.000498784525499906,0.00044152760409605615,calm
2013-05-13,0.0003039787330154136,0.00039214596312011545,0.00037826290901735,0.0004083300760547316,0.00038343740739330153,0.00039942591274028317,0.00039127351039491083,calm
2013-05-14,0.00030179593630102986,0.0003479865731879974,0.00033653304268770534,0.0003508523662381885,0.00033695555741622814,0.0003509424783912541,0.00036464942120661097,calm
2013-05-15,0.00023108092433360552,0.0003227420897946627,0.00031577321346328317,0.0003207030486316008,0.0003130141145554349,0.00032867731198390695,0.00033554276033908746,calm
2013-05-16,0.00026848701153415257,0.00030658485341351964,0.0003018743713275474,0.0002988538158908111,0.00029751243366801436,0.00031157859873307567,0.00032310504744814965,calm
2013-05-17,0.0002668011787067236,0.0002974937823796984,0.00029365165803689757,0.00028403167277324273,0.00028749586893049534,0.0003014693621221274,0.00032082035003572874,calm
2013-05-20,0.0001220191528881804,0.0002852057045970655,0.0002883283053262141,0.0002748597652618625,0.0002815965142760152,0.00029528753552180874,0.00028595640259942686,calm
2013-05-21,0.00016328518600438918,0.0002714525959670507,0.0002741440066266618,0.000255011299873366,0.00026728585105416635,0.000274801372671763,0.00028602044960929603,calm
2013-05-22,0.00046080959852281563,0.00026763354070303565,0.00027263708150945343,0.0002503209721699152,0.0002639864743591336,0.00027007040047733757,0.0002811527749993383,calm
2013-05-23,0.0004156208045344471,0.0002886958768151933,0.00029299585901816806,0.000269891179130917,0.0002850351989530745,0.0002913816200588646,0.00030417552691494224,calm
2013-05-24,0.00046370467610978367,0.00028132961385796964,0.0002910454545559407,0.0002646610934460245,0.0002838325102741934,0.0002862589846696661,0.0002808500263440235,calm
2013-05-27,0.0004186308168033682,0.0002710522255385613,0.00028892278634976666,0.0002627965447834986,0.0002831077073370491,0.0002838094546105162,0.00023662463461197566,calm
2013-05-28,0.0004908871726803508,0.00027733405328680293,0.0002979911618615292,0.00027152973120495586,0.00028841164852000297,0.0002906049632265375,0.00023813276162098896,calm
2013-05-29,0.00040612981023836476,0.0003254169611341131,0.0003492711321133209,0.00032394889796943374,0.00033558308131946833,0.00033772198854496564,0.00028055970572337703,calm
2013-05-30,0.0005697166480230616,0.0003431024772185209,0.0003723109464796471,0.00034762849604548876,0.0003521925970934818,0.00035522719777894275,0.00028815314869504405,calm
2013-05-31,0.0005362282214896568,0.0003915777456319292,0.0004192282189621426,0.0004056006237591814,0.00039783578446356754,0.000403290174665248,0.00033193392630950666,calm
2013-06-04,0.0007361426164601628,0.00041820477623046536,0.00043629705858285703,0.00043647418599494466,0.0004188214503147923,0.000430082077940338,0.0003693491083193952,calm
2013-06-05,0.0006682381819695121,0.0004959010119915454,0.0004999747737069781,0.0005274260067081501,0.0004975581974802416,0.0005133726298675802,0.00044117345219477696,calm
2013-06-06,0.0004543618381367726,0.0005953822505196422,0.0005994228765228292,0.0006455576650727424,0.0006097965017276961,0.000635213091220239,0.0004869211180547045,calm
2013-06-07,0.0004046405031937573,0.0006693398997546096,0.0006894542580875006,0.0007530474377859408,0.0006986068619228322,0.0007565988417485726,0.00044899209922820166,calm
2013-06-10,0.0003887983109055114,0.0006665223534905125,0.0006941329014949237,0.000749338560959384,0.000701271269346415,0.0007494161197166636,0.0004384529159351763,calm
2013-06-11,0.00017701358957065709,0.0007670624499405853,0.0007850641115541413,0.0008511776549993714,0.0008004576357502483,0.000838591228125854,0.0005600216192733118,calm
2013-06-12,0.00014092760884721418,0.0008874110472290265,0.0008917145017323621,0.0009747812270714441,0.0009221714328035797,0.0009534834386153112,0.0006949046359224357,calm
2013-06-13,0.00032042789879074146,0.0009112449438756203,0.0009420385434553052,0.001021068040760011,0.0009743866256251854,0.001012330892578431,0.0006064006169591688,calm
2013-06-14,0.00020698850539436976,0.0009285959209208928,0.0009469394728057533,0.0010313207778136324,0.0009920052066834373,0.0010348638884611176,0.0006378502588405237,calm
2013-06-17,0.0008845072705451008,0.0008348350358681967,0.0008571224885011336,0.0009327707800509687,0.0008939134733272224,0.0009348537408883406,0.0005555146965733177,calm
2013-06-18,0.0012701480244971955,0.0007439710377343077,0.0007520510301340597,0.000816565576287745,0.0007923969184552572,0.000826429156735935,0.0005324125070585416,calm
2013-06-19,0.0015511898559941435,0.0007097146571630141,0.0006885564913925816,0.0007607862817177858,0.0007453303492095531,0.0007773243239317825,0.0005765758395633679,calm
2013-06-20,0.001430806790924391,0.0008457661862511703,0.0007751667149476499,0.0009018926960526044,0.0009110585861946934,0.000919226803948189,0.000721486130112714,calm
2013-06-21,0.0014299403332593574,0.0008947425206653822,0.0008126520129573595,0.0009446956407997559,0.0009957739652740338,0.0009859939987838674,0.0007345969855118952,calm
2013-06-24,0.0009833734862114303,0.001105114660801479,0.0009684189333562704,0.0011282578954739943,0.0012349968808979524,0.0011781576831601337,0.001015741911119044,calm
2013-06-25,0.0005872609929104132,0.001176363418770562,0.0010662906365400497,0.001240068686562824,0.0013486202921666245,0.0013221032469464698,0.000904734231636842,calm
2013-06-26,0.0003662450638355965,0.0012257455262377867,0.0011658959129501733,0.0013262176727414576,0.0014275414979637473,0.0014532791440178682,0.0007557934035156875,calm
2013-06-27,0.0007178787763682286,0.0012082609287210212,0.0011906316734503278,0.001325995893707678,0.0014076578139729878,0.00147775990483434,0.0006392593576397726,calm
2013-06-28,0.001007345280566603,0.001111959996249771,0.0011049054443005933,0.0012149569043843212,0.0012808623329058316,0.001347213962906375,0.0006118613367517339,calm
2013-07-01,0.0008033245801035896,0.0009956630860811933,0.0009937715639288039,0.001097242571740177,0.0011455981461513162,0.0012175261923296204,0.0005241769562560499,calm
2013-07-02,0.0008547728133190931,0.0008454497615230245,0.0008384589737788086,0.0008999110402175145,0.0009687233626534427,0.0009843557995435311,0.0005357996314218251,calm
2013-07-03,0.000792251256470638,0.0007389242657758765,0.0007355277892805513,0.000768549394566049,0.0008484342554213891,0.0008294070791525487,0.0005127028104588443,calm
2013-07-04,0.00037835743647651423,0.0006504258023560359,0.0006684978969032877,0.0006835458931426098,0.0007495840150772242,0.0007250708883973601,0.00042543031825969797,calm
2013-07-05,0.00010387421081397344,0.0006819085382130492,0.0007143925409198397,0.0007108997700688818,0.0007668665611182636,0.0007405572406947381,0.00047682657826352237,calm
2013-07-08,7.716156867444642e-05,0.0006766213038884412,0.0007309631173100321,0.0007206729276476731,0.0007446821946968916,0.0007306112352970785,0.0004561770444905304,calm
2013-07-09,0.0002463033679098315,0.0006717423094924428,0.0007439568881174512,0.0007290073256095417,0.0007226837194588791,0.0007245185508750644,0.00043854506340127743,calm
2013-07-10,0.0002559930081014427,0.0005947416818092131,0.0006582304480111789,0.0006355654863113986,0.0006330622435836971,0.0006200200660670219,0.0004268301650727688,calm
2013-07-11,0.0006729630287398448,0.0005035274899809437,0.0005598031895502158,0.0005375570561175326,0.0005200253958913388,0.0005104548539857581,0.0003897969543598727,calm
2013-07-12,0.0006725916470498199,0.00044858676715107363,0.0004906299408042207,0.00047076829401051525,0.0004527537789948403,0.0004448864611397633,0.00038389536080602843,calm
2013-07-15,0.0006764129176834088,0.0003934990989802105,0.0004160747642744476,0.000394469960510462,0.00038621089430119045,0.0003741594758127769,0.0003965804000021753,calm
2013-07-16,0.0004942418706203648,0.00039078954472667235,0.0003986579742935231,0.0003778369793815869,0.0003743901713123432,0.00036097604334415546,0.000442086555301753,calm
2013-07-17,0.0007668899705585365,0.0003853978869319119,0.00038513845000380856,0.0003638891444875242,0.00036359702845040534,0.0003514154525098298,0.00046294935920799184,calm
2013-07-18,0.00035259258496550923,0.0003817434429096196,0.0003892357584568672,0.00037040097995514476,0.0003655585726228736,0.0003618839705005015,0.0004216379330127111,calm
2013-07-19,0.0004505496872362989,0.00036717219193545,0.00037194981313286003,0.00035453104526452536,0.0003507116028547358,0.0003483741613401783,0.0004102943370849506,calm
2013-07-22,0.0004489315636007622,0.0003362752981139486,0.00032874288225475426,0.00031422869888429527,0.0003139083939899686,0.00031443400234398085,0.00041006251309674423,calm
2013-07-23,0.00041260655544705027,0.00033060177564063953,0.0003121031707003908,0.0002977764257508749,0.0003021992915752573,0.0003048854100843496,0.000436044580092325,calm
2013-07-24,0.0001616194524139529,0.0003234385379704839,0.0003112748027407966,0.00029890335759534797,0.0003032627818492734,0.00031118880581225606,0.0003925629418547454,calm
2013-07-25,0.0004205094495402572,0.00031467678552537864,0.00031175712361924507,0.0002980337612088969,0.0003047272369051481,0.0003129977463445318,0.0003458680595490712,calm
2013-07-26,0.0003619261623008953,0.00032540935027117223,0.00032252340332662645,0.0003076952390324645,0.0003175614899609804,0.0003234414126455198,0.00035582520639027015,calm
2013-07-29,0.00036148633396837943,0.0003236060014577912,0.00032077761713122867,0.00030396271933859093,0.00031573186281065845,0.0003183272587703815,0.00035923054923809623,calm
2013-07-30,0.00036026532255556496,0.0003056648087669011,0.00029819127136552386,0.00027924950794619804,0.00029368045518612365,0.00029224213341208716,0.00036496067592457277,calm
2013-07-31,0.0003407353737843029,0.0002823729468129644,0.0002717196052542542,0.0002515026575338091,0.0002664434901350754,0.000266117274163792,0.00035608170697789117,calm
2013-08-01,0.00018689222776197716,0.00027735162071077483,0.00027555572405872425,0.00025435156407706304,0.00026576771526859775,0.0002720542449840224,0.0003190288551654667,calm
2013-08-02,0.00020483998214092044,0.00027094428855408347,0.0002720867849849124,0.00024960383319176134,0.000259682629251711,0.00026861172182909355,0.00030473647351293904,calm
2013-08-05,0.000245471040146539,0.00025887015040265996,0.0002618079791958361,0.0002364967727219252,0.0002482621567483655,0.0002561967044747408,0.00029158713887243205,calm
2013-08-06,0.0002632496937528116,0.00026276896534460593,0.00026403921320350795,0.00023385038723112801,0.00024739820192355006,0.00025560515127299636,0.0003129518730918472,calm
2013-08-07,0.00024498186359706784,0.00027521602514564674,0.00027343886810314306,0.0002414776341986663,0.00025674128525652657,0.00026478747289980975,0.0003396348652700884,calm
2013-08-08,0.0003738852550325467,0.00028342588392618563,0.0002861025046657829,0.0002539178251688014,0.00026890806137048215,0.00027950548788468083,0.0003286955405411807,calm
2013-08-09,0.0003153022829576463,0.00028830992311113673,0.00029829742622946063,0.00026873203466498886,0.0002824574762868701,0.0002950707765552979,0.0002969919018190663,calm
2013-08-12,0.0003228092840896706,0.00030224908576470094,0.00030571397413327187,0.00027927368767399866,0.0002926026337467067,0.00030328079868102237,0.0003303743345885051,calm
2013-08-13,0.00035716057992547773,0.0003040798250168098,0.00031075366578713125,0.0002863916920701954,0.00029821158106297404,0.000308315754808152,0.0003167264313555963,calm
2013-08-14,0.0003592783356609103,0.0003008724818109263,0.0003073027406544169,0.0002848337733157965,0.00029549780131492867,0.0003030055782548002,0.0003137225155146891,calm
2013-08-15,0.00017890210223831275,0.000346513972965035,0.0003431430020891651,0.0003282037781427435,0.0003344943240386188,0.0003424285642360035,0.00038430019631864403,calm
2013-08-16,0.0001660425800625941,0.0003691532363992163,0.0003602477863867356,0.0003532421331302761,0.0003564408049121075,0.00036496897532071034,0.00041086648224625196,calm
2013-08-19,0.00011556426718692597,0.00038305787064458325,0.00037491734858435154,0.0003773573486857675,0.00037779812424719407,0.00039106114324031024,0.00039415538846529274,calm
2013-08-20,0.0004926848990190885,0.00041193227629108067,0.0004010880512337814,0.00041160818826443594,0.0004123491349735656,0.0004279340379492906,0.0004066819690343296,calm
2013-08-21,0.0005212322679985145,0.0004172672370585472,0.0004038002710630324,0.0004206115635449844,0.00042117171704882496,0.0004370810210203733,0.00040367161261552095,calm
2013-08-22,0.0008357698600742577,0.0004173455472490094,0.00041144744231459034,0.00043493516632290966,0.00043181348115908287,0.0004541085031105245,0.00035442314333793986,calm
2013-08-23,0.0008346171334317956,0.0003938570178419645,0.00039295484141427516,0.0004133360045619254,0.00041244519057170013,0.0004328685505804119,0.0003176805020815098,calm
2013-08-26,0.0010269665219171135,0.0003494005094315529,0.0003482563595594289,0.00035645516325796654,0.0003617392270725358,0.00037044994773631094,0.00031010184953152213,calm
2013-08-27,0.0006164710948506934,0.00039637996501916173,0.00038363503787324063,0.0003983579871540437,0.00040768876148793875,0.0004101427280458553,0.0003820753105347302,calm
2013-08-28,0.0008407676767540243,0.00043914219768152117,0.0004167456733930083,0.0004334597929816442,0.0004494880536803672,0.00044836995906528477,0.0004476475092873013,calm
2013-08-29,0.0006321798935262646,0.0004473040319700911,0.00043630413749225244,0.00045590129500615995,0.00047443121100821306,0.00047545198073474954,0.0003944315356090803,calm
2013-08-30,0.0006359677106594501,0.0004415861886157504,0.0004410123342790203,0.00045859746820671313,0.00048106266225553826,0.00047734492311954607,0.0003499135552179343,calm
2013-09-02,0.00044375269502454676,0.0004361546923033821,0.00044819986649010616,0.00046829743563012806,0.0004837672595776951,0.00048357032266613264,0.00029693857715284874,calm
2013-09-03,0.0005201769610815975,0.00044616587319755527,0.0004648444288973983,0.00048439452962439113,0.0004954706459557995,0.000494909672388806,0.00029121008912138136,calm
2013-09-04,0.00027197408794200125,0.0004833284681268259,0.0005033670479393627,0.0005250817921280587,0.0005307540759504595,0.0005304749558622086,0.00032696446875403966,calm
2013-09-05,0.00012498872525497037,0.0004888228847600682,0.0005124420849660822,0.0005324737607030363,0.0005349694590937681,0.0005363242226648812,0.00032790489637257345,calm
2013-09-06,0.00016197884929009494,0.0004398799959862808,0.00046176185612405927,0.00047340306889328583,0.000478441439620859,0.00046700300000392244,0.0003187906152892775,calm
2013-09-09,0.00041819053646477,0.00037186445671190616,0.00038749016697888774,0.00038938591310959495,0.000398247709818639,0.00038582060133046404,0.0002983778923219451,calm
2013-09-10,0.0003217608083921083,0.00034267781188900085,0.00036086929314915755,0.00035922778432833085,0.0003654527685755741,0.00035995267281927645,0.0002678865405726654,calm
2013-09-11,0.000314805978358903,0.0003242140727111473,0.00034283281102377407,0.00033810049060413303,0.0003442458962862236,0.0003390243698597189,0.00025686679578188696,calm
2013-09-12,0.0003220486545489667,0.0003088099633144427,0.00031990713548620204,0.0003136467318317772,0.0003220456303462189,0.0003184518096864049,0.00026999850922161076,calm
2013-09-13,0.00031775925736880073,0.0003052149424248704,0.000309778374015814,0.00030245736811636373,0.0003132163962807298,0.0003114265146481663,0.0002891960590632779,calm
2013-09-16,6.88150185847313e-05,0.00030036964137903206,0.0003142627826794065,0.0003061801200806526,0.00031483420589061684,0.0003199460095083174,0.00024662508873616717,calm
2013-09-17,8.751810759632333e-05,0.00028268671515942564,0.0002979610617276376,0.0002833785238248391,0.0002952924738813115,0.00029761241779642544,0.00023918909856691443,calm
2013-09-18,8.649713707964985e-05,0.0002691661816868457,0.0002868002519829902,0.0002657397176259802,0.0002799639439459485,0.00028196634260654906,0.0002313606522727602,calm
2013-09-19,7.547103698038477e-05,0.00026033827465916926,0.0002795451336603219,0.0002556098527879342,0.00027243886462492836,0.0002735773461386231,0.00022052017608403883,calm
2013-09-20,5.5579046966578404e-05,0.00027008891380488347,0.00028695987289581123,0.0002627714344661895,0.00028115175351151945,0.0002819513647364892,0.00023761014341440773,calm
2013-09-23,4.850857018543627e-05,0.00027854680850050977,0.0002953976169424153,0.0002705113846913552,0.0002906296591050493,0.00029207513152355765,0.00024412025024017153,calm
2013-09-24,0.00013939792701860452,0.00028145923851069266,0.000298707324696127,0.0002752388529422121,0.0002959447794299137,0.000298553528855264,0.00023885170662994644,calm
2013-09-25,0.0001422599016628045,0.00026055415225543637,0.00027264029281507524,0.0002448275702750185,0.00026890911016856216,0.0002681499004088183,0.00024824388760970784,calm
2013-09-26,0.00014282967109985646,0.00024150023590055396,0.00025132414538452374,0.00021933084844691022,0.0002457956927927282,0.00024832174373781425,0.00024272874914079337,calm
2013-09-27,0.00014198216521011284,0.00023237644752698312,0.0002412890906120818,0.00020641494933897473,0.0002355487793759995,0.00024152354620421854,0.00023710587210364108,calm
2013-09-30,0.00014421496572743637,0.00022416483061789874,0.00023898899052473912,0.0001991824540700866,0.0002310100186321834,0.00023889683664765157,0.00021274585321483304,calm
2013-10-01,0.00016460525769233447,0.000227367873567571,0.00024760591452894874,0.0002064438208170557,0.00023904311703748686,0.0002510277802518197,0.00019271873520254398,calm
2013-10-02,0.00020346468167148831,0.00022550787342079265,0.00024899033493799887,0.00020595660684893355,0.0002410362453698291,0.00025094469145175817,0.00018061148849544354,calm
2013-10-03,0.0004477155143410376,0.00023724367101409793,0.00026416077894746934,0.00021939338964859298,0.0002559187406270467,0.0002663618769176191,0.0001803835689297616,calm
2013-10-04,0.0004361674587746024,0.0002409754279010361,0.0002707842835010034,0.00022522258935228626,0.0002617070140137185,0.0002742373807866341,0.00017292587185153833,calm
2013-10-07,0.000448238463650602,0.0002457420733219547,0.0002791675405066654,0.00023294009955065724,0.0002702630471767743,0.0002847057186440437,0.0001616339607316329,calm
2013-10-08,0.0004657990514738517,0.0002734242862691921,0.00030937466403875216,0.0002678024219427952,0.0003070373570503027,0.00032444572481754233,0.00015846126349656795,calm
2013-10-09,0.00048561808116081586,0.0002955889058813449,0.00032587960747950935,0.00028943915711445296,0.00033062077794112374,0.00034639705266683706,0.0001856079342048011,calm
2013-10-10,0.00022942487886055938,0.00031810953294456057,0.00035608878425696846,0.0003225074416628032,0.00035869520442842023,0.0003856189835901441,0.00016763725078446676,calm
2013-10-11,0.0003005370187809783,0.0003317048833305354,0.00037290712799934464,0.0003425034642656699,0.0003722993916725288,0.00040293959886403383,0.00016787483385109983,calm
2013-10-14,0.00028977067303529455,0.0003221186050212132,0.00035585634415141325,0.00033338648409360073,0.00035904621329807014,0.0003881098142456424,0.00017419416931733928,calm
2013-10-15,0.00014653725887286224,0.000327882562770924,0.00035969995693674187,0.00034698935340736925,0.0003688672586989353,0.00040252250649499633,0.00016133373831657692,calm
2013-10-16,0.00010971238306658725,0.000337925382934554,0.0003706585754985238,0.0003653364624021094,0.0003822089254437622,0.00042316634128393475,0.00014825661004443994,calm
2013-10-17,0.00012245394605752734,0.00033247289930348823,0.00036052839770671813,0.00035782546028502264,0.0003732505021343053,0.0004095683160539672,0.0001611918203374278,calm
2013-10-18,7.345254072543879e-05,0.0003354855003062004,0.000359151083545792,0.0003598693982208976,0.00037469936435753686,0.00040947296240032526,0.00017423469300645062,calm
2013-10-21,7.127642511276824e-05,0.00030134829219325034,0.00031756200705264543,0.00031503823900629285,0.0003334160951217086,0.00035341593888438266,0.00018730918090122226,calm
2013-10-22,6.693945419946842e-05,0.00028150324187959297,0.0002990598576714079,0.00029015615463190555,0.00030967424783016537,0.00032308075285396353,0.00018554519641052244,calm
2013-10-23,9.364822164175742e-05,0.00028010743289200526,0.0002973109678734546,0.00028556575739208676,0.00030560990298180465,0.00031548901228588337,0.00019656152392679693,calm
2013-10-24,0.00020735186682285854,0.00028038223484415424,0.0002985322270477139,0.0002850653365052118,0.0003049102254516375,0.0003117167026034924,0.0002016866826127156,calm
2013-10-25,0.00018919033119199093,0.0002865956247566066,0.0002980188241249198,0.000286300203214394,0.0003052721507387513,0.00031026732427277235,0.00023311962143219547,calm
2013-10-28,0.0002258176086885421,0.00027279283463971395,0.0002820179524289334,0.00026642485626317405,0.0002868494093669059,0.00028977359092007487,0.00023889836421948132,calm
2013-10-29,0.0002784218359709757,0.0002501145809996496,0.0002619737364475977,0.0002377162000908395,0.0002598543986869716,0.00025901768994942567,0.00023201087982341347,calm
2013-10-30,0.00027727719017693234,0.0002432622274536893,0.00025452007464038545,0.0002265046328207537,0.00025027888914316994,0.000251562739614382,0.00023344480104975547,calm
2013-10-31,0.00015060816049460832,0.000238939007827511,0.00025580798907146133,0.0002255174900897639,0.00025086218581422823,0.0002553312868638857,0.00020717608729821588,calm
2013-11-01,0.0001453462138857205,0.00023871662282277825,0.00025876673659891366,0.00022673257992781735,0.0002544466095597898,0.00025953471136159714,0.00019410247666577324,calm
2013-11-04,0.0001697382370573956,0.00024446052302953906,0.0002668537402338897,0.000232795436430326,0.0002619723902986959,0.00026769726721431313,0.0001929837809704707,calm
2013-11-05,0.00015521728689483783,0.0002518074912867891,0.0002769727883441126,0.0002425595364779068,0.000271963568513942,0.0002798380438358285,0.00018770351926215557,calm
2013-11-06,0.0001507928883443422,0.00025960942054084846,0.0002871476692231399,0.0002533314350505754,0.00028187458312035755,0.000292538723946195,0.0001831546913639746,calm
2013-11-07,0.00017298941481194003,0.00025271144858527464,0.00028320818046870385,0.0002465699754163589,0.0002737607919230275,0.00028193308885388643,0.00017808520626439676,calm
2013-11-08,0.0001752235131477056,0.00024222401001981173,0.00027258058147865003,0.00023678912808510573,0.0002643544628411049,0.0002716747117206384,0.00016572116597355962,calm
2013-11-11,0.0001376096981787333,0.00023129661256205544,0.0002630142229856361,0.00022759346980641564,0.0002567020556298147,0.00026382219304713544,0.00014535112134127535,calm
2013-11-12,0.00018868013033441266,0.00023194355275868087,0.0002623945449310333,0.0002273947738447101,0.0002580584346273818,0.0002651956101877977,0.00014667440020248146,calm
2013-11-13,0.0001657041706499339,0.000242895747689732,0.0002731312588526488,0.00023808337177393628,0.00026986683487293316,0.0002779710863922395,0.00015542618655690224,calm
2013-11-14,0.00014463168501757315,0.000249753350741535,0.00028481072218855476,0.0002490289791176891,0.00028042778067910733,0.0002904113265702792,0.00014408794515204448,calm
2013-11-15,0.00014365254637450925,0.0002526969948940029,0.0002891567039273511,0.00025354341961668716,0.0002839335091824091,0.000293074415534614,0.00014377692620895334,calm
2013-11-18,0.0001452396808593014,0.00026375395264922067,0.00029922662853551897,0.00026708190531113466,0.0002957109756830894,0.00030358376121489294,0.00015316649250146698,calm
2013-11-19,5.7343289162170936e-05,0.00027944955194705693,0.0003148760284573041,0.0002858791420564489,0.0003139735338517897,0.0003202587997459254,0.00016226025562381634,calm
2013-11-20,6.501567679650759e-05,0.00028268780213663397,0.00031921182378026006,0.00029651491086611745,0.00032219905489372017,0.0003288216352532747,0.00014669158588979754,calm
2013-11-21,9.841537535978997e-05,0.0002746613563725596,0.00030757209935259076,0.0002858792089556586,0.00031067584377498115,0.00031769031591984625,0.00015148931385972097,calm
2013-11-22,9.311449952717648e-05,0.0002641368886392897,0.0002960925336510928,0.00027354819282475386,0.00029864290899770643,0.0003065825837442842,0.000145818223978611,calm
2013-11-25,6.905692085169542e-05,0.00025716356282849185,0.0002882433027155548,0.0002667429100201891,0.0002921840182329375,0.0002985677816886336,0.00014007980148514432,calm
2013-11-26,0.000538343194509697,0.00023900396263743691,0.00026461533791888856,0.00024181922584557805,0.00026772164527396106,0.00026823328766099457,0.0001526303164877623,calm
2013-11-27,0.0005559173819104827,0.00023164590984667052,0.0002574240435766191,0.00023351189188650586,0.00025808251075890617,0.000258811282943808,0.0001503998200675132,calm
2013-11-28,0.0005569094706871406,0.00023278562455559718,0.00025745767997610765,0.00023290154542095277,0.0002553602953724784,0.0002570561322867109,0.0001611524697217363,calm
2013-11-29,0.0006359167543002438,0.00021907302572037184,0.0002429612219650001,0.00021302464701443815,0.0002366737818674604,0.0002340426599714787,0.000168662817783482,calm
2013-12-02,0.0006521590031737682,0.00020805162149174867,0.00023134483090175856,0.0001968196001829803,0.00022165906481570177,0.00021963564956044393,0.0001707989619978587,calm
2013-12-03,0.0001821656430871488,0.00023273569226292447,0.0002542026945131136,0.00021570988691623142,0.0002430625247353708,0.00024284601622662815,0.00020785733892327848,calm
2013-12-04,0.0001826958966610444,0.00025731605306740946,0.0002793276196915757,0.0002366721093654627,0.0002668130304848513,0.000267649766076234,0.00023611773971892388,calm
2013-12-05,0.00024273846321513237,0.0002850608896491682,0.00031040262591908765,0.00026490067964750433,0.00029638903506323447,0.0002980003372932501,0.0002556117703227644,calm
2013-12-06,0.00016385991227168347,0.00030922170991280415,0.0003435645930881238,0.00029771905868478983,0.0003243327792174229,0.0003332370171480656,0.0002472551014256188,calm
2013-12-09,0.00023460196149163105,0.0003264830050734211,0.0003551925428098379,0.0003130589317120703,0.0003351446179459502,0.00034574129516245713,0.00028327763773679,calm
2013-12-10,0.0002895780875849809,0.00033158011521438604,0.00035354782811561705,0.0003141765190545396,0.00033389625861274036,0.00034232133709186357,0.00031395863319716975,calm
2013-12-11,0.0002631482154669293,0.0003537640627479921,0.00037361849025636826,0.0003411440735995234,0.00035787695000778996,0.0003662421637235818,0.00032993863615269687,calm
2013-12-12,0.0003133031042309199,0.0003917636508966804,0.00040666534017912316,0.00038124201755173573,0.00039701627743843055,0.00040463019042755286,0.0003692644288865597,calm
2013-12-13,0.0004422039154644177,0.00036217640484704377,0.00036593636046332263,0.00034112619172957164,0.00036017338669664864,0.00035761239447700606,0.00038603369086866987,calm
2013-12-16,0.0003529110053520687,0.00034814715571533693,0.0003537461983390186,0.0003319408092614473,0.00034800555358833227,0.00034761597385439454,0.00035942724353349193,calm
2013-12-17,0.0003101607865351737,0.0003540122521628307,0.0003580218312040328,0.0003394189195555065,0.00035202316030341846,0.0003538247310809955,0.00036677261867020027,calm
2013-12-18,0.0005614305443937963,0.00036687334495402225,0.00037584764616622687,0.0003573002382898188,0.0003623127711557391,0.00037010866281370975,0.0003687974063446167,calm
2013-12-19,0.00048140364017738315,0.00036527207137703615,0.0003827280647266764,0.00036544026586983903,0.0003647250313576251,0.00037344699613873816,0.00034001999879230185,calm
2013-12-20,0.00038855981782857913,0.0003784832329664474,0.00039776940694271116,0.00038374402649494403,0.0003729350865171239,0.0003860104608116336,0.0003519571840658241,calm
2013-12-23,0.00039972961024717975,0.0003748664932125357,0.0003893137965407816,0.000376118537052942,0.00036019119935863967,0.00036936393250559227,0.00037934500060472304,calm
2013-12-24,0.0004311893361039019,0.0003741929765686773,0.0003818384853973493,0.0003700647051583901,0.00035259829651053864,0.00035746795431619674,0.00040899544146091177,calm
2013-12-27,0.0001627663296852719,0.00036310116217852577,0.0003701229182413355,0.00036017148764102126,0.0003434408589472926,0.0003457668629329986,0.0003960036831299807,calm
2013-12-30,0.0004453631217365393,0.00035750236351504705,0.00035891546862706105,0.00034979859059262766,0.0003367778988083089,0.0003320000622511244,0.0004100197972961131,calm
2013-12-31,0.0004280287533786935,0.0003565141550489452,0.00035640232300738193,0.0003445280822508964,0.00033147241931589193,0.0003280536407693556,0.00042211430990120037,calm
2014-01-02,0.0004988848834408241,0.00042848212748023264,0.0004112362398116223,0.0004099244411130676,0.00040948115575507806,0.0004637079077986076,0.0004480608929227873,calm
2014-01-03,0.0004594772230573463,0.00042606532689345056,0.0004018920903678372,0.0004090156622911292,0.00041257373404430045,0.000461927363580425,0.0004449177841835609,calm
2014-01-06,0.0005963454593626324,0.0004092870883363837,0.0003876691549423305,0.0003982238640216777,0.00039484207877554713,0.00043617293951276107,0.00042952740442960214,calm
2014-01-07,0.000251375464713262,0.00038052940642380623,0.0003648962925938821,0.0003635695654650586,0.00037894871186162893,0.0004017694153768993,0.00039346304682156213,calm
2014-01-08,0.00028375341450509705,0.00036410512725128203,0.00034828939684786045,0.0003653589475318379,0.0003589668762442231,0.0003787224821507268,0.0003691879334817619,calm
2014-01-09,0.00020640681746672218,0.00036513918120462563,0.0003453685878333911,0.00037201374186915793,0.00035464469744573104,0.00037987573647359446,0.00037379314240125363,calm
2014-01-10,0.0002274776814024769,0.0003623667672089183,0.00034331383046266346,0.0003696660290179413,0.00034926383569568344,0.0003750801306692712,0.00037451001019903193,calm
2014-01-13,8.65782258173111e-05,0.0003769705599570637,0.0003613121782162872,0.0003701746100252573,0.0003695790347821668,0.00038808835785229356,0.0003956986189093136,calm
2014-01-14,9.046368398500141e-05,0.00038472958510188523,0.00037133577895834605,0.00036714821093229705,0.0003780707223180406,0.0003957286466362729,0.0004113645666644697,calm
2014-01-15,4.79828652932634e-05,0.00037858650814492743,0.00036547030820966125,0.0003490814226178044,0.00038269528407937543,0.000388310056610515,0.00040737546920728107,calm
2014-01-16,0.00010649533583941654,0.00038229986748259125,0.0003648237596543146,0.00035784925954187734,0.0003845410532181666,0.0003857522710243748,0.0004185329939742228,calm
2014-01-17,0.0005064652643429217,0.00037660698925542387,0.00036235251966947003,0.00035600233560567846,0.0003880227726281026,0.0003824410686779811,0.0003942162496958872,calm
2014-01-20,0.0007707649278832449,0.0003768563379190962,0.0003619252986755508,0.0003597574728505805,0.0003851823896944272,0.0003751235369153814,0.0004022929914595413,calm
2014-01-21,0.0010626376653723336,0.0003620447262008015,0.00034692038901732396,0.00035177268451411963,0.0003699017625543878,0.00035479126970269586,0.0003868375252154803,calm
2014-01-22,0.0010539803698648895,0.0003457579294251451,0.0003279496838801797,0.0003485205442963861,0.0003466859720450555,0.0003328603802561215,0.00037277306664798267,calm
2014-01-23,0.0010581785658487178,0.0003682861944336367,0.00034849439067678755,0.00037094814850957005,0.00037419773713935476,0.0003499834648289404,0.00039780723101353065,calm
2014-01-24,0.0006802853838517287,0.00054848739566051,0.0005066086051209373,0.0005468893392231125,0.0005745815831961073,0.0005205446064807113,0.0005938128442816814,calm
2014-01-27,0.0004202114023171359,0.0007354888141157542,0.0006705061651839583,0.0007342836062831217,0.0007850497400675954,0.000686160568780432,0.0008014439902636635,calm
2014-01-28,0.00012184905889137888,0.0007065974742527934,0.0006607140680700806,0.0006804883122818199,0.0007819807047895201,0.0006589707700310331,0.0007508335160915137,calm
2014-01-29,0.0001566860005592709,0.0006805636601772734,0.0006579267608104406,0.0006754952155288078,0.0007422512763751299,0.000636492153782569,0.0006906528943894203,calm
2014-01-30,0.00030777551703666694,0.0006474735211397767,0.0006302223396402624,0.0006600659998718254,0.0007006865836316661,0.0005972457548487997,0.0006491469277063303,calm
2014-01-31,0.00044445934708381256,0.000708119428923985,0.0006863922877624943,0.0007458707822032094,0.0007470325338492577,0.0006543292044191811,0.0007069723363857826,calm
2014-02-03,0.0004660164243277064,0.0008944038692061121,0.0008469070370771412,0.0009941342652725943,0.0009181654912131478,0.0008304408342993441,0.0008823717181683337,calm
2014-02-04,0.0005613081322436111,0.0008187168547356951,0.0007768517455580802,0.0009583854767493157,0.0008122770029515353,0.0007579810258017191,0.0007880890226178254,calm
2014-02-05,0.00071455267120092,0.000740878776144492,0.0006883613868571832,0.00088883260239058,0.0007102520082100673,0.0006883896260686068,0.0007285582571960224,calm
2014-02-06,0.0004976175071248731,0.0005851017220131363,0.0005685396116025536,0.0006717246699073544,0.0005694205986229775,0.0005563967687835619,0.000559426961149234,calm
2014-02-07,0.00032551762319764507,0.0005010900738129789,0.0005108864125548016,0.0005603322758317882,0.0004838642483018301,0.0004817462802207634,0.0004686211521557109,calm
2014-02-10,0.0003581788563686313,0.0004310761991794366,0.000451177946287118,0.00047735749692234824,0.0004118904244291314,0.0004161068027216681,0.00039884832553691734,calm
2014-02-11,0.00026511997809552614,0.00041468232423957625,0.00043391316959128466,0.00046527785960112514,0.00039475611931375285,0.00039926660489730755,0.00038019786779441107,calm
2014-02-12,8.932986574519257e-05,0.0003811888290581826,0.0003995907950561978,0.0004215497256759234,0.0003658716942526785,0.0003735021770795972,0.00034542975322651584,calm
2014-02-13,9.088076500143138e-05,0.0003853333448778461,0.0003992685760453876,0.00042705287770399626,0.0003636730030268822,0.0003828686572534523,0.00035380361035951215,calm
2014-02-14,9.212643998212818e-05,0.0003706289958831953,0.0003802511871236355,0.0004177498322249954,0.00034582297494547664,0.0003598461909956007,0.0003494747941262684,calm
2014-02-17,0.0001288786100588833,0.000363168457272451,0.00036572101676801206,0.0004115255868532375,0.00034233844631502316,0.0003518881868921645,0.0003443690495338178,calm
2014-02-18,0.0004834185111755508,0.00034866373412629456,0.00034388362168054804,0.00040425941428041593,0.0003261149529853216,0.0003324807094170667,0.00033657997226812077,calm
2014-02-19,0.0005551452164490976,0.00034286401726491055,0.00033082860420247735,0.00040406961280254066,0.0003197400778534183,0.000322817333828312,0.00033686445763780437,calm
2014-02-20,0.0005916201526131382,0.00032396749651668826,0.00031290448838662343,0.0003805656651209085,0.0003050122323392247,0.00030357564926447697,0.00031777944747220785,calm
2014-02-21,0.000712746656389449,0.00029737157745143226,0.00028591986516383606,0.00035043203347694823,0.0002877008212299729,0.00028009883267569955,0.0002827063347107046,calm
2014-02-24,0.0012224334752104612,0.0002759559147330039,0.00027052134379252117,0.0003092935548284375,0.00028176975577746293,0.0002603878736673711,0.0002578070455992268,calm
2014-02-25,0.0008835453663289084,0.0002523400746170018,0.0002494472783208395,0.0002768806774767107,0.00026823871547033463,0.00023516510079673694,0.00023196860102038717,calm
2014-02-26,0.000808138326367139,0.00025775774813888613,0.0002445308534876852,0.0002966784731627821,0.00026979743070166526,0.00023650275368012534,0.00024127922966217256,calm
2014-02-27,0.0008209192384229127,0.00025463155916584845,0.00024407854269088095,0.0002855934316675522,0.0002654390893782041,0.00023833214882254091,0.00023971458327006395,calm
2014-02-28,0.0010136829097337143,0.0002814904884019661,0.00026918333000470487,0.0002993072213517765,0.0003037593249762603,0.00027429290878642473,0.000260909656890664,calm
2014-03-03,0.000428601113745936,0.0003971062861408667,0.000366378533691168,0.0004171309642061953,0.00042722195110567136,0.0003925716593980167,0.00038222832230328207,calm
2014-03-04,0.00047707011603206033,0.0004138513412295518,0.0003857267445269282,0.00041914669191837884,0.0004606663284325167,0.00041441182864389005,0.0003893051126260454,calm
2014-03-05,0.0006540022208543238,0.00042997774218905756,0.000394683475639012,0.0004345914410535039,0.0004643346020716474,0.0004424328194123067,0.0004138463727688179,calm
2014-03-06,0.0006528133839330503,0.0004122727764928636,0.00038120440092980737,0.00041923940712476274,0.000428981323514836,0.00042827074806847036,0.0004036680028264412,calm
2014-03-07,0.0006608003180105361,0.00045917387963312795,0.00041146067626437625,0.0004652273685165912,0.00046446604989583515,0.0004896018139543758,0.0004651134895344611,calm
2014-03-10,0.000828132861207711,0.00046258798223025745,0.00040933950323408726,0.00046524294159538856,0.00046457141965729025,0.0004987636714718598,0.0004750223751926615,calm
2014-03-11,0.0007760972245535179,0.0004494339383390337,0.00040427046893731636,0.00043938893754575785,0.00045681595244208354,0.00048796971014082634,0.00045872462262918436,calm
2014-03-12,0.0007482433067996084,0.0004816277443060467,0.0004257547495956356,0.0004718183435216685,0.00048407100143084636,0.0005308214622922823,0.0004956731646898006,calm
2014-03-13,0.0006980821521636423,0.0005770765341181006,0.0005122659379295959,0.0005402982507245468,0.0005878983412401303,0.0006495374521727246,0.0005953826885235052,calm
2014-03-14,0.0003799591914141835,0.0006468139764289563,0.0005754855313340028,0.0005911663603429112,0.0006643842222386388,0.0007349821700991397,0.0006680515981300889,calm
2014-03-17,0.0003654267208097853,0.0006284154864717687,0.0005814902899856472,0.0005402422472628974,0.0006564124961305665,0.0007356336797412821,0.0006282987192384497,calm
2014-03-18,0.0005765170382828857,0.0005996392669478043,0.0005744659916255939,0.0005011472101107997,0.0006155789732127954,0.0007252876055746248,0.0005817165542152071,calm
2014-03-19,0.0005677481448982609,0.0006837635084714541,0.0006595991795785331,0.0005717372475615096,0.0006725216413024112,0.0008540587275038336,0.0006609007464109828,calm
2014-03-20,0.0005769616778167881,0.0006653006555623007,0.0006489827463151937,0.0005546429492708158,0.0006367428612339944,0.0008444246171461785,0.0006417101038453208,calm
2014-03-21,0.0005800595879279863,0.0006367737505143658,0.0006200474809166187,0.0005280239461329755,0.0006068808673452785,0.0008138838765639688,0.0006150325816129874,calm
2014-03-24,0.0004071923437901218,0.000750383815698638,0.0007175335830878756,0.0006248545883508573,0.000710194335470778,0.0009817648569267936,0.0007175717146568851,calm
2014-03-25,0.0004649561218380452,0.0007071488007759742,0.0006816065594277591,0.0005759015695876179,0.000688987341397981,0.0009325762835269197,0.0006566722499395929,calm
2014-03-26,0.00031589685623449035,0.000705102201510032,0.0006832554954110145,0.0005733922572973687,0.0006877746354880005,0.0009441054741824741,0.0006369831451713017,calm
2014-03-27,0.00031593225043396615,0.0006483976311294136,0.0006352912205715534,0.0005353374528402694,0.0006178448683936817,0.000867482785131858,0.0005860318287097054,calm
2014-03-28,0.0003990147125550373,0.0005706594675124037,0.0005712297054879252,0.0004697128266360232,0.0005530655096661183,0.0007650174236746986,0.000494271872097253,calm
2014-03-31,0.0005593460057545131,0.0005269392296886409,0.0005333064773944629,0.0004375288740136646,0.0005066548150169656,0.0007027927554135513,0.0004544132266045596,calm
2014-04-01,0.00044327213342877425,0.0004915027475366458,0.0005029648636401837,0.000405221620664048,0.0004785934321063579,0.0006512875794520522,0.0004194462418205869,calm
2014-04-02,0.00047536755100340114,0.00044860988122019413,0.00045109325874759004,0.0003898198874784059,0.00043941764570470254,0.0005628137800095105,0.0003999048341607618,calm
2014-04-03,0.00047093581571508924,0.00042128683356828546,0.00041736057985605795,0.0003868985418322677,0.0004095883897921845,0.0005029351133497359,0.00038965154301118097,calm
2014-04-04,0.0005294898264129274,0.0004084632868842407,0.0004117307260779346,0.0003679912482780054,0.00040974613609673214,0.0004773570951935103,0.0003754912287750214,calm
2014-04-07,0.0004457663083944629,0.000498763959476298,0.0005069197090938997,0.0004429016240715006,0.0005028393519964615,0.0005903325106543301,0.0004508266015652983,calm
2014-04-08,0.000377552999048475,0.0005419396500914603,0.0005418737704187454,0.0005035732441362286,0.0005664297345391481,0.0006121216446527787,0.0004856998567104005,calm
2014-04-09,0.0005839188628576904,0.0005075311457894383,0.0005181745405638937,0.0004702746713557856,0.0005433529071834236,0.0005595927601375842,0.0004462608497065044,calm
2014-04-10,0.0005885686627666154,0.000568865674580142,0.000595698195485738,0.0005278613785995185,0.0006022233132302575,0.0006204863655476064,0.0004980591200375896,calm
2014-04-11,0.0007026731047589103,0.0006864921994633834,0.0006972274098581366,0.0006921561315483273,0.0007536873749270604,0.0007155707877433284,0.0005738192932400643,calm
2014-04-14,0.0006932178047472231,0.0007637270838773128,0.0007537501277901973,0.0008194964978295082,0.000832274433949993,0.0007676234254002437,0.0006454909344166222,calm
2014-04-15,0.0006202317210596917,0.0007877446875908139,0.0007710388965875129,0.0008840990045631358,0.0008662188122114183,0.0007431412514621654,0.0006742254731298373,calm
2014-04-16,0.0004698184020460542,0.0006660384143582845,0.0006825212758439472,0.0006961383089687804,0.000737629190081823,0.0006413151836017889,0.0005725881132950832,calm
2014-04-17,0.0005310731577043158,0.0006195028280101107,0.0006333242818048947,0.0006392325715221645,0.0006657333702727032,0.0006159937046196169,0.0005432302118311744,calm
2014-04-22,0.00033884428346777707,0.0005372802485715423,0.0005520085635165671,0.0005587740650380654,0.0005767514171316951,0.0005248733306806616,0.00047399386649072176,calm
2014-04-23,0.00028305104289561527,0.0006033169995694524,0.0006030624813579276,0.0006552022775556452,0.0006169289657845223,0.0006119032715519528,0.0005294880015972138,calm
2014-04-24,0.00025684460141776536,0.0005792568654419022,0.0005749862916675224,0.0006385370205965118,0.0005721088648954029,0.0005926730950231917,0.0005179790550268823,calm
2014-04-25,0.00019937436192220428,0.0006518863416798337,0.000631038330613864,0.0007242271058661334,0.0006541362741479477,0.0006574013640178274,0.0005926286337533959,calm
2014-04-28,0.00014911752508045862,0.0006000908227547539,0.0006010193401152536,0.0006199765961388763,0.0006064881370673494,0.0006133593689760273,0.0005596106714762628,calm
2014-04-29,0.00019483645379427995,0.0005326714690752625,0.0005475346924481425,0.0005222876747892605,0.0005511001216524222,0.0005526945896946279,0.0004897402667918593,calm
2014-04-30,0.0004274299498689168,0.0005129527136183304,0.0005234355905921172,0.0005157939171606824,0.0005311598775781199,0.0005388166751580807,0.00045555750760265185,calm
2014-05-01,0.0005216957521837453,0.00046427658720789706,0.00046489021157649876,0.00048767050796885643,0.0004621308264171598,0.00048099654187303497,0.00042569484820393554,calm
2014-05-02,0.0005058345792615923,0.0004668085886786157,0.0004512386851128188,0.0004938141981849708,0.00046042016034750005,0.0004980615712620337,0.0004305083284857555,calm
2014-05-06,0.0005306921987972916,0.0004701677979589198,0.00046388944623781313,0.0004846898747653002,0.00045770114186195103,0.0005005619061426873,0.00044399662078684776,calm
2014-05-07,0.0004987348384916967,0.0005323719324356113,0.0005072748839930237,0.0005382034593138666,0.0005305061479625472,0.0005813419184664159,0.0005045332524422034,calm
2014-05-08,0.001197582485373481,0.000494936165538381,0.0004769724904820578,0.00047794817599200787,0.0005092177154108406,0.0005523470791645297,0.00045819536664246986,calm
2014-05-09,0.0011137533109172922,0.0004912754279070661,0.0004804931928756146,0.0004576149108858501,0.0005054615530917611,0.000557770338964573,0.0004550371437175313,calm
2014-05-12,0.0017742214487466309,0.00045740488054681007,0.00045562951284969043,0.00041056936790404556,0.0004784089994394149,0.0005275777105420422,0.00041483881199885715,calm
2014-05-13,0.0017315898315693455,0.00043592465704744816,0.0004320188223791916,0.00039628720780415756,0.00045537499630458065,0.0005021948982075557,0.00039374736054175553,calm
2014-05-14,0.0017389484335480516,0.0004424822577304625,0.00043366836573382285,0.0004086216567926395,0.00045204572766899064,0.0005075131850912024,0.0004105623533656573,calm
2014-05-15,0.000826095606515459,0.000623895692110335,0.000584761418941765,0.0005600202313041532,0.0006397582014557408,0.0007349659901158926,0.0005999726187341237,calm
2014-05-16,0.0008171130893345866,0.0006548380278461116,0.0006086376360901983,0.000578512765939463,0.0006871732985233628,0.0007682975997712825,0.0006315688389062515,calm
2014-05-19,0.00022452597083926341,0.0005985171737985814,0.0005692414011700299,0.0004976900477893045,0.0006507364797740415,0.0007136594047515817,0.00056125853550795,calm
2014-05-20,0.00023102976396657048,0.000590167101075704,0.0005669660510403148,0.00048705905291791633,0.000642181947915937,0.0007106755498173949,0.0005439529036869572,calm
2014-05-21,0.0001640357318798941,0.0005471473403595911,0.0005400599009142159,0.00043747655704528697,0.0006018096176966461,0.0006753972711066181,0.00048099335503518873,calm
2014-05-22,0.00014283386545791937,0.0005158474149043864,0.0005136798519862001,0.00041502597452847,0.0005677596758055005,0.0006409237712709134,0.0004418478009308479,calm
2014-05-23,0.00014783685097485854,0.00047430950580698865,0.00047798002325518237,0.0003893772520663587,0.0005148760991312122,0.0005851898417773269,0.00040412431280486324,calm
2014-05-26,6.566563326929028e-05,0.00044587751785576783,0.0004500745916792107,0.00036338923583937617,0.0004943283719164337,0.000547580840711469,0.00037401454913234977,calm
2014-05-27,0.00012251935753231755,0.0004313832550342899,0.0004371613572341589,0.00035419235674624184,0.0004769294666039582,0.0005267491453516835,0.00036188394923540715,calm
2014-05-28,9.3552958540587e-05,0.0004088988186746201,0.0004049486201755804,0.00035506358771265304,0.0004475860142760499,0.0004846611669613761,0.0003522347042474409,calm
2014-05-29,0.00023614191142176127,0.000379482654069952,0.00037208249338546956,0.00035422642449837956,0.0004036907725690256,0.00042864227636391333,0.00033877130353297195,calm
2014-05-30,0.00023404128476070784,0.0003510647979194075,0.00034253772924516286,0.0003513340831528247,0.0003627145226796904,0.0003796391582981511,0.00031909849622120846,calm
2014-06-03,0.00023627090997535848,0.0003359730425949145,0.0003232407185357876,0.00035275292498302514,0.0003363150786640608,0.0003502436547069136,0.00031731283608478527,calm
2014-06-04,0.0002819813097327956,0.00031370100090323603,0.00030171723431389295,0.00033942229355498585,0.0003129422784118348,0.00032246816635147764,0.000291955031883989,calm
2014-06-05,0.0002734101688142478,0.00029397637174982097,0.0002848488686101021,0.00031982804441225374,0.0002945860148164683,0.00029775766019859935,0.00027286127071168153,calm
2014-06-06,0.00031881254439984,0.00028189162170056336,0.0002752727442035074,0.0003008015536387625,0.000290301330789638,0.0002833179380605255,0.0002597645418103832,calm
2014-06-09,0.0003685828504597297,0.00027085281428073065,0.00026328053752578984,0.00029218413187607177,0.00027977029218079,0.00026695185995264997,0.0002520772498683518,calm
2014-06-10,0.0003722114389532365,0.0002658445965931637,0.0002564850364157139,0.00029016972025588863,0.00026965178764696375,0.0002594900094291084,0.00025342642921814384,calm
2014-06-11,0.0003680301109306954,0.0002846417121171816,0.00026905111977117456,0.0003039273557270819,0.0002924426248018438,0.00027670914107684203,0.00028107831920896583,calm
2014-06-12,0.0006007670398072207,0.0002946076183269992,0.0002813324831454152,0.0003067470532108635,0.00030390387246472086,0.00027981644639548883,0.0003012382364185078,calm
2014-06-13,0.0005544719007418992,0.0003137929114382499,0.0002939513971385187,0.0003229816419169386,0.00032786201422935543,0.00029386093594834905,0.0003303085679580878,calm
2014-06-16,0.0006020090067341487,0.0003262343858594241,0.00029785403533925004,0.00034623290065133837,0.0003411609342233961,0.0003028990610438369,0.0003430249980392993,calm
2014-06-17,0.000618775466905676,0.0003068805482006626,0.0002722850282197762,0.00032165229027820416,0.00032733401499430574,0.0002814896112634855,0.00033164179624754135,calm
2014-06-18,0.0005459556170240492,0.0003184148855120395,0.00028362173222952627,0.00033212265205526744,0.0003387908488149868,0.00029113764167106704,0.0003464015527893499,calm
2014-06-19,0.00031661304264380975,0.00028025977043045754,0.00025837063628771523,0.0002692753249054016,0.0003045873185104137,0.00027505895427771756,0.00029400661817103945,calm
2014-06-20,0.000165442265512633,0.00031141222236906474,0.0002857185387692471,0.00030472012803078494,0.0003374846956683051,0.0003069052219334175,0.0003222325274435689,calm
2014-06-23,8.938129186298601e-05,0.00032768240017239987,0.0002972717749680876,0.00031803172643284484,0.0003447826308843258,0.00033681758328758864,0.0003415082852891524,calm
2014-06-24,0.00018645833517742729,0.0003450855489005204,0.0003169019764335449,0.00033078265583564383,0.0003609095421090464,0.00035809988979025164,0.00035873368033411497,calm
2014-06-25,0.0001504324009318002,0.0003831891039313154,0.00035499725910234653,0.0003638517593907828,0.0004023552332957572,0.00040340718188772753,0.00039133408597996335,calm
2014-06-26,0.0004212984643794808,0.0003804079956624199,0.00035457946199428863,0.00035931454856383575,0.00039530453271394476,0.0004049019563286354,0.0003879394787113949,calm
2014-06-27,0.0004452018269078755,0.0003720518459703876,0.0003513404709921689,0.0003659484483671359,0.00037588715716624995,0.000383256406338646,0.0003838267469877373,calm
2014-06-30,0.0005502990284881428,0.00037166525359061305,0.0003504428901057419,0.00037463743861411956,0.0003655575626457245,0.00038038810821109574,0.00038730026837638354,calm
2014-07-01,0.0007527998646928002,0.00036468493967398553,0.00035045597445015734,0.0003596074649861782,0.0003628658815937091,0.00037422859032295734,0.0003762667870169259,calm
2014-07-02,0.00076326791945599,0.0003526695585317214,0.00034121806088877174,0.0003596451040797537,0.00034203222888017646,0.00035158792514997263,0.0003688644736599326,calm
2014-07-03,0.0005465189059213415,0.00033502692683834635,0.0003306670808191587,0.0003279464781074158,0.00033181881781785846,0.00033868725223638597,0.00034601500521091284,calm
2014-07-04,0.0005276432539643596,0.0003438281263136259,0.0003427665281525876,0.00033559222806894427,0.0003347878709500025,0.0003461663029571362,0.0003598277014394591,calm
2014-07-07,0.0004890906166117037,0.0004059895230757983,0.00040099650279786024,0.00038938621662363144,0.00039088531460186913,0.00041160710524318204,0.00043707247611244883,calm
2014-07-08,0.0001678387158141809,0.0005482457408944444,0.0005308124349801751,0.0005194978993595868,0.0005275012058445709,0.0005643499183534008,0.0005990672459344885,calm
2014-07-09,0.0003020987234645734,0.0005601762273097733,0.0005466219468468896,0.0005195700390957706,0.0005477605755380377,0.0005814591941113756,0.0006054693809567931,calm
2014-07-10,0.00028535399662412835,0.0006349192440126691,0.0006141315735646221,0.0005885817997986201,0.000625618052551525,0.0006745735936520776,0.0006716912004965009,calm
2014-07-11,0.00033037824469569647,0.0005741221162697486,0.0005549072641592681,0.0005386837461110533,0.0005645579614233083,0.0006051434959912896,0.0006073181136638235,calm
2014-07-14,0.0002629430449947,0.0005254310499165713,0.0005135233972806169,0.0004794893471242351,0.0005244355137801611,0.0005641681129785033,0.0005455388784193408,calm
2014-07-15,0.00036054683541255397,0.0004905691284753331,0.0004799204301821069,0.0004549432336446025,0.00048459501430679044,0.000525153004772884,0.0005082339594702814,calm
2014-07-16,0.00023104959371418718,0.000450668162248455,0.00044542978650839244,0.0004133181243594017,0.00045129080668220977,0.0004861870527130857,0.00045711504097918556,calm
2014-07-17,0.00018964303904588426,0.0005292862245638635,0.0005212840086152898,0.0004900442166303376,0.0005168229581074902,0.0005734063600145751,0.0005448735794516253,calm
2014-07-18,0.00016508748217047815,0.0005715688291850144,0.0005660581675682228,0.00053304795787726,0.0005442386504900529,0.0006145928586717718,0.0005999065113177651,calm
2014-07-21,0.00014025247625716836,0.0006019929726794868,0.0005938867632421515,0.0005696371804350966,0.000567825267060554,0.0006521143560552939,0.0006265012966043386,calm
2014-07-22,8.277830190945467e-05,0.0005570265577957447,0.0005522711361828756,0.0005248471307942278,0.0005365365910700273,0.0006010413533225749,0.0005704365776090176,calm
2014-07-23,0.00011479860981639686,0.00048682925157918065,0.0004862384998566322,0.00046914460054605007,0.00047412870597013547,0.0005228785937519893,0.00048175585777109623,calm
2014-07-24,0.0003352231128865512,0.00044418158187488246,0.00043916278095725464,0.0004359330463039117,0.0004283904234457929,0.00046675010349271525,0.0004506715551747379,calm
2014-07-25,0.0003602662273556573,0.00046379144418786717,0.0004525929222215527,0.00045236693577798955,0.00044609463029895855,0.00048800297072419755,0.0004798997619166375,calm
2014-07-28,0.0003672813708965444,0.0004429570447075813,0.0004246500152026189,0.0004381615127881135,0.0004249103910006815,0.00046100432385456626,0.0004660589806919261,calm
2014-07-29,0.0003376711801048774,0.0004337720406179963,0.0004134826954672674,0.0004213221312241096,0.00042092413513663505,0.0004510635577571042,0.00046206768350486515,calm
2014-07-30,0.0003282587148651874,0.0004255734146357183,0.0003966868814618701,0.0004248734441337769,0.0004079747596198013,0.0004391394027392919,0.0004591925852238514,calm
2014-07-31,0.00011067341018697278,0.0005490282668247472,0.0005050584665028361,0.0005353245200345731,0.0005298260777992401,0.0005680107430215637,0.0006069215267655232,calm
2014-08-01,7.86608994000175e-05,0.0006497624154370468,0.0005950733751419037,0.000610144752332703,0.0006484814566386171,0.0007004013040756979,0.0006947111889963119,calm
2014-08-04,0.00022923508669300547,0.0006290491140232387,0.0005948876697280185,0.0005770290413299477,0.0006315065220619902,0.0006802524469549391,0.000661569890041298,calm
2014-08-05,0.00022182513021023508,0.0006370924973377274,0.0006179156343833889,0.0005800631322506822,0.0006314379503108184,0.0006822182306363165,0.0006738275391074313,calm
2014-08-06,0.0001984372472405742,0.0005812478829588302,0.0005493774896144159,0.0005421577242311887,0.0005700474669400967,0.0006235972984326047,0.0006210594355758452,calm
2014-08-07,0.0002848340886617709,0.0005592204478227197,0.0005318350793468758,0.0005226914982924777,0.0005450985757793875,0.0005965290082014396,0.0005999480774934178,calm
2014-08-08,0.0002742504461361228,0.000537729955584114,0.000523538290282511,0.000492665206753961,0.0005132502228481937,0.0005762242202328002,0.000582971837803104,calm
2014-08-11,0.00018770786364684372,0.00047932509933070746,0.00047454503414436295,0.0004314722001610561,0.00046654881626474986,0.0005163834332480033,0.0005076760128353648,calm
2014-08-12,0.00019626404856772387,0.00046706188055897654,0.00046648875884570875,0.00042131726534521595,0.00044823124316351086,0.0005125074763649028,0.0004867646590755443,calm
2014-08-13,0.0002477866879729745,0.00043446651107051934,0.00044026220731845854,0.0003916776232701624,0.0004141125566170386,0.00047794683267197324,0.00044833333547496414,calm
2014-08-14,0.00023155813657646586,0.0004203680899082287,0.00042855143111715125,0.00037969957187346866,0.0003960950510073826,0.0004642970625676479,0.00043319733297549344,calm
2014-08-15,0.0002247941807654433,0.00041226596856338605,0.00040969763366811,0.00038735657629815513,0.00038076398245699927,0.00045469805384262845,0.0004288135965510373,calm
2014-08-18,0.00019547340475587375,0.0003947980123088543,0.0003926647912256583,0.000367158165216079,0.0003682550145324024,0.00043638938759420594,0.0004095227029759257,calm
2014-08-19,0.00024789294692573584,0.00039529197168646846,0.00039296488093035523,0.0003684875903634877,0.0003666961097389551,0.00043338343693598546,0.00041492784046355893,calm
2014-08-20,0.0002181548879930426,0.00041652850250576914,0.0004083444792624414,0.00039439428716851684,0.00038163574063730676,0.00045134652515512586,0.00044692148030545467,calm
2014-08-21,0.0001541406687518374,0.000409747006205652,0.00040090927938565607,0.0003872466578378619,0.00038030942321726495,0.00044238755465932994,0.00043788211592814697,calm
2014-08-22,0.0001721605283616483,0.0004139683502337707,0.00040351605503856846,0.00039362907321065704,0.0003830554715642391,0.00044381190744607245,0.0004458292439093165,calm
2014-08-25,0.00019741615803158143,0.00040029766718603416,0.00038919430745197614,0.0003751271196449928,0.00038039700459717706,0.00043083472899699016,0.00042593517523903477,calm
2014-08-26,0.00013294061853481808,0.0003903939148245859,0.0003759356069641242,0.00036573131799778034,0.00037862564645634993,0.00042067767297138256,0.00041099932973329227,calm
2014-08-27,0.00022680501457428753,0.00037948352328383284,0.00036219950963713144,0.0003664997626178928,0.000365231917499239,0.0004097653658612451,0.0003937210608036557,calm
2014-08-28,0.0004088508700145601,0.00038736748189424527,0.0003667462356175382,0.0003718668467976595,0.00036889244600191374,0.0004181897835197848,0.0004111420975343301,calm
2014-08-29,0.0003901064057151951,0.0003802146815337645,0.00035898552235252466,0.00037479048038210807,0.0003626207827130362,0.0004014361061938854,0.00040324051602726803,calm
2014-09-01,0.0004487033180016218,0.0003688582790861347,0.00034877444513604303,0.0003662590325937478,0.0003542658802587745,0.00038204757658519853,0.0003929444608569097,calm
2014-09-02,0.00044770379336330613,0.0003550813543337101,0.00033416200260069146,0.00036452688207432157,0.00034067028454244956,0.0003587702087058124,0.0003772773937452754,calm
2014-09-03,0.0003379255919110207,0.00034262206932984287,0.0003231002234696588,0.00034646833969456957,0.00033416565004357115,0.00034741295787987027,0.00036196317556154466,calm
2014-09-04,0.00015258423679125676,0.0003372451283562093,0.00032041724905008517,0.000329034035375092,0.0003351634245712263,0.0003451807853820699,0.000356430147402573,calm
2014-09-05,0.000158759595788187,0.00032355032357394577,0.0003128020634683812,0.00031822711734675544,0.00032606482121343025,0.000330639668645688,0.00033001794719547385,calm
2014-09-08,0.0001077678630217895,0.00035237170878996404,0.0003356526216967438,0.0003445695987330472,0.00035111379646346263,0.00035559677697973957,0.0003749257500768269,calm
2014-09-09,0.00015884899429322423,0.0003667579902193031,0.00035206678696403663,0.0003558648891022007,0.00035977570591796655,0.0003570004153643213,0.0004090821537479904,calm
2014-09-10,0.00014648101316564743,0.00036826019873813264,0.0003503352481168509,0.00036297740926924984,0.0003608061993692185,0.00034804432017848734,0.0004191378167568566,calm
2014-09-11,0.00038570421070535524,0.000355565433031162,0.0003349853081070588,0.00036085426092309587,0.0003471707854923344,0.0003304344292603893,0.00040438238137293156,calm
2014-09-12,0.0004791309692042129,0.0003514453546433987,0.00033276218837344966,0.00035424681306682243,0.0003429687162550245,0.0003208944112921192,0.0004063546442295779,calm
2014-09-15,0.0004055079497140858,0.00034844656621484755,0.00032653132874212805,0.0003632727064373069,0.00033682635345925956,0.00031558050696058054,0.000400021935474963,calm
2014-09-16,0.0004689067772547771,0.00034213445795510213,0.00032438546454264866,0.0003620632055405528,0.0003389128200266481,0.0003113993813875725,0.0003739114182780883,calm
2014-09-17,0.0004631410902371807,0.00032417811974048716,0.00031056635088295645,0.0003421010283246003,0.00032190747575617547,0.0002976580969459747,0.00034865764679272907,calm
2014-09-18,0.0002221538198082235,0.00030249423010310535,0.0002985379157620827,0.0003009917838512424,0.0003106051757992554,0.00028478318479244576,0.00031755309031050055,calm
2014-09-19,0.00012205585945884635,0.0003009422149473232,0.00029551498414875075,0.0003136131615744691,0.00030132403390246444,0.00028321942810433055,0.000311039467006601,calm
2014-09-22,0.00012451384283575047,0.00030315450188181647,0.0003025063951559281,0.00031222015869273695,0.00030066715030552466,0.0002847854277914438,0.0003155933774634488,calm
2014-09-23,0.00015230693605576106,0.00035485467847049033,0.0003524409972530266,0.00035518111511252237,0.00035712900504940623,0.0003382842823527205,0.0003712379925847759,calm
2014-09-24,0.00019971317235919315,0.00034757742832036795,0.0003503568322423625,0.0003360743933137374,0.0003566033724549795,0.00033474298902696765,0.00036010955456379257,calm
2014-09-25,0.0007442819324868027,0.00038372206035312465,0.00039316313275100374,0.00036151423928180055,0.0003943503744236334,0.0003722526973457363,0.00039732985796344907,calm
2014-09-26,0.0009140886767359574,0.0003538007592414431,0.0003672432068405272,0.00033558348539327573,0.00035671851891027663,0.0003424908001337274,0.00036696778492940863,calm
2014-09-29,0.0009431263162276216,0.00034778939868912673,0.00035706266363302,0.0003263257461772736,0.0003490709857182877,0.0003391439667148838,0.0003673436312021685,calm
2014-09-30,0.0015056091084638963,0.00033330251633165696,0.0003415656849148384,0.00031714984370801954,0.0003326761673292892,0.00032085482579196175,0.000354266059914176,calm
2014-10-01,0.0016935900480048464,0.00036297077167392404,0.00037966087124984954,0.00034901721390035345,0.0003535721381594745,0.0003441449534363619,0.00038845868162358077,calm
2014-10-02,0.0012852619455014532,0.0004230026288866984,0.00041563056334891423,0.00043206031604517664,0.00041033897571824443,0.0004167230466871783,0.0004402602426339785,calm
2014-10-03,0.001393289457624503,0.00041868063577110384,0.000419879276006085,0.00042339112105642943,0.00040790064501799626,0.0004233582047514809,0.00041887393202352764,calm
2014-10-06,0.0013979878157994994,0.0003785322291988367,0.00038866980910685087,0.00038855034952077537,0.000353381391960236,0.0003855942566923351,0.0003764653387139863,calm
2014-10-07,0.0007546392515993794,0.0005517383847757242,0.0005595896109203634,0.0005579745798021874,0.0005224896248877593,0.0005566959591553194,0.0005619421491129919,calm
2014-10-08,0.0012041430213407507,0.0006518616251156399,0.000683108790097622,0.0006463219699420781,0.0006282661941561411,0.0006426037255571059,0.0006590074458252524,calm
2014-10-09,0.0011233149487884118,0.0009722119273630576,0.0010314665042631661,0.0009131884855932349,0.0009174606467818484,0.0009646887098349541,0.001034255290342085,calm
2014-10-10,0.0018483778789795335,0.0014522016719131791,0.0015305543326233973,0.0013971113532684535,0.0013697809654470753,0.0014615697683516991,0.0015019919398752703,calm
2014-10-13,0.0018460476466125005,0.0018510971072793752,0.0019431511428630469,0.0018779638567648102,0.001684580745026214,0.0018467962935090451,0.0019029934982337602,calm
2014-10-14,0.002597394665596453,0.0015883664377736306,0.001634245473754563,0.001658860156611138,0.0014487571367909672,0.0015865877584802259,0.00161338166323126,calm
2014-10-15,0.002013254674808179,0.0019124251642367366,0.0019508279437256053,0.0020438479818461093,0.0018110665873869113,0.0019029944330156067,0.0018533888752094508,calm
2014-10-16,0.0019544183066142434,0.0014962122099495688,0.0014651983109685597,0.0016455343680852978,0.0014506837365890215,0.0014580646255852746,0.0014615800085196896,calm
2014-10-17,0.0009913894367171792,0.0011224578180956545,0.0011423387461490322,0.0011595025400957207,0.0011222022125350908,0.0011514560490214168,0.0010367895426770127,calm
2014-10-20,0.0009565411781739228,0.0010292371113477302,0.0010702557302525047,0.0010754668030070439,0.001009583234706597,0.001077787814379622,0.0009130919743928839,calm
2014-10-21,0.000162863319888898,0.0009364652371595218,0.0010034246013122547,0.0009807908294281172,0.0009086850651677896,0.0009850229241127272,0.0008044027657767206,calm
2014-10-22,9.629798067126654e-05,0.001076916044328478,0.0011141997159255803,0.001196876742749316,0.001001645938879784,0.0011383366338928265,0.000933521190194884,calm
2014-10-23,9.687125661048866e-05,0.0010462252471514942,0.0010480905429917373,0.0012459258143851756,0.0009458881473598999,0.0010818546651057998,0.0009093670659148578,calm
2014-10-24,0.00047997323815198,0.0011654681742430733,0.001108888923971562,0.001453273247017587,0.0010278698202437285,0.0011932301545916164,0.0010440787253908725,calm
2014-10-27,0.0006462170209418898,0.0011483780185474468,0.0010166712388497666,0.0014800332382140333,0.001044922611345799,0.0011530655287591148,0.0010471974755685207,calm
2014-10-28,0.0006336281778658346,0.0010750458368781412,0.0009166032589361823,0.0013854270133778503,0.0010030017320747894,0.0010636499683068627,0.0010065472116950222,calm
2014-10-29,0.0008534371487693747,0.0010231182393392844,0.0008390325474751621,0.0013327382262096495,0.0009705859424410907,0.000980228109218124,0.0009930063713523964,calm
2014-10-30,0.0008558865088222054,0.0009111980252666464,0.0007419295240302732,0.0011967303649937752,0.0008516331076582987,0.0008478170545197682,0.0009178800751311168,calm
2014-10-31,0.0006525503666702572,0.0008328163061223536,0.0006731827376163202,0.001085928153227379,0.0008039866624153862,0.0007548908562481369,0.0008460931211045456,calm
2014-11-03,0.0004866375878794169,0.0007446176174866978,0.0005889065790489495,0.0010071862115930276,0.0007220857361814258,0.0006574933009412248,0.0007474162596688604,calm
2014-11-04,0.0004801582551450359,0.000749766111408827,0.0005858329535550912,0.0010261917974145837,0.0007318135237008462,0.0006531587413777731,0.0007518335409958404,calm
2014-11-05,0.00031625555980311135,0.0006884166548915171,0.0005539234877677733,0.0009267849612304572,0.0006684564952726414,0.000609185235251039,0.0006837330949356745,calm
2014-11-06,0.0003152383082866038,0.0006067152960967999,0.0005038779889522207,0.0008168563229025852,0.0005586931745603063,0.0005428890729475743,0.0006112599211213133,calm
2014-11-07,0.0001442180845132142,0.0006151431961555837,0.0005055903468548572,0.0008116325954637627,0.0005595240389062972,0.000565909213527361,0.0006330597860256402,calm
2014-11-10,0.00019650858882581102,0.000536488602425011,0.00047067737449388167,0.0006325819174456194,0.0004963329758433221,0.0005150455668130486,0.0005678051775291831,calm
2014-11-11,0.00023507661646401435,0.0004831505239359565,0.0004318988061041073,0.0005453658991411816,0.00044943284018214097,0.00045224765895272097,0.0005368074152996315,calm
2014-11-12,0.0002655823924125544,0.0005030290958930497,0.0004387469698512904,0.000539684258631291,0.0004684613448590502,0.00047772171106701816,0.000590531195056599,calm
2014-11-13,0.00028643429404985675,0.0004748909726776193,0.0004170255003496797,0.0005009718035193069,0.00044293203767738524,0.0004514607738365834,0.0005620647480051411,calm
2014-11-14,0.000528670930074294,0.00045302766449697665,0.00039137644407362095,0.0004817338435655707,0.00041591530734808073,0.00042386238771165017,0.0005522503397859607,calm
2014-11-17,0.0005132598898869024,0.0004186880838375228,0.00036779715411373474,0.0004484398287085957,0.000386069731246317,0.00039426716993999037,0.0004968665351789765,calm
2014-11-18,0.000525613947758041,0.0003719484759086764,0.0003453796648524101,0.00037282774251713973,0.00035445382895830165,0.00036592026117337795,0.0004211608820421527,calm
2014-11-19,0.00045656849097832036,0.0003615001459591427,0.0003434940047453924,0.00035652897231487504,0.0003467236634876982,0.0003627176179807712,0.00039803647126697666,calm
2014-11-20,0.0006748857181665548,0.00034052185676475266,0.00033106327105429797,0.0003405878593190658,0.00032717505263259194,0.0003473239615564207,0.00035645913926138665,calm
2014-11-21,0.00038581331380480667,0.00032625679287316516,0.0003259378808427153,0.0003101906121524412,0.00032259920811134236,0.0003409149190978862,0.0003316413441614405,calm
2014-11-24,0.0003493808497564536,0.00034126304529920115,0.0003410235454761168,0.00031423937586200787,0.00033426843777169203,0.0003593335941467042,0.00035745027323948485,calm
2014-11-25,0.0003411822845840956,0.00035189993947300354,0.0003499562503035266,0.00032280804661653144,0.0003463910412045632,0.00037404354038792897,0.0003663008188524674,calm
2014-11-26,0.0004106253723946036,0.00038143006662373446,0.00037491814557122783,0.00034903204244816156,0.0003749149691769839,0.00041109184565309387,0.00039719333026920484,calm
2014-11-27,0.00032233425071181065,0.0003958219869875586,0.00038546766381573666,0.0003581183075470593,0.00039140989775229634,0.0004289230343461433,0.0004151910314765578,calm
2014-11-28,0.0007117484547215197,0.0003995652280846507,0.000385731009484313,0.0003702807622710927,0.0003901506047398791,0.00042500050856053735,0.00042666325536743155,calm
2014-12-01,0.0007459293290681052,0.00041305164786894783,0.00039712678853765524,0.00038641738816149314,0.00039765041612929486,0.00042801129126680387,0.00045605235524949207,calm
2014-12-02,0.0012817492107752226,0.0004065561451374087,0.0003916467777112949,0.0003821254181953,0.0003985834893632431,0.00041885757912268803,0.0004415674612945173,calm
2014-12-03,0.0011733586533350289,0.0003884881735659814,0.0003777746072790891,0.0003677680874439526,0.00039495895386085,0.00040050577276309375,0.00040143344648292136,calm
2014-12-04,0.0010450190338458514,0.00040202573242134295,0.00038430897287694977,0.00037763973469527595,0.0004160963821808935,0.00041768418694841387,0.0004143993854051814,calm
2014-12-05,0.0010312107605921434,0.0003800043546574381,0.00036742080208239646,0.0003545086958412738,0.00040461773343233414,0.0004014772416356585,0.00037199730029552786,calm
2014-12-08,0.0015565585766978895,0.0004378605283888351,0.00041904432033886056,0.0004115526551317054,0.00045701001446083725,0.0004621859931220313,0.00043950965889074116,calm
2014-12-09,0.0010628543570481528,0.0005307337289443303,0.00048638230899329443,0.0005207229960401034,0.0005463792603990468,0.0005790430025568489,0.0005211410767323582,calm
2014-12-10,0.0011049298719833086,0.0006234068045299666,0.0005708584296306476,0.0005996912458080046,0.0006354640261042629,0.0006695756138563672,0.0006414447072505505,calm
2014-12-11,0.0016193458972315758,0.0005944348313117256,0.0005551293726792901,0.0005556193983794692,0.0006206504760754104,0.0006493210978846138,0.0005914538115398447,calm
2014-12-12,0.001246535199321158,0.0008427222072742502,0.0007776059920455231,0.0007738210837284304,0.0008930311945191073,0.0009530497070795464,0.0008161030589986442,calm
2014-12-15,0.0006889194785471936,0.0012208416846084262,0.0011399524823140134,0.0010856222651527434,0.0013187023757813823,0.0014263776547766048,0.0011335536450173865,calm
2014-12-16,0.0006969788012327734,0.0011971392157883278,0.001140448129592836,0.0010472706461119002,0.001334323452250945,0.0014063235391085804,0.0010573303118773774,calm
2014-12-17,0.0006682924089551082,0.001056521077480292,0.0010473470720481438,0.0009084722607081831,0.0011440508068099248,0.0012690618107662707,0.0009136734370689379,calm
2014-12-18,0.0001671770530015434,0.0009349779649500678,0.0009428209169227541,0.000814410974184128,0.00097697249594365,0.001138401292150427,0.0008022841455493805,calm
2014-12-19,0.0001770584438591736,0.0008860091717206944,0.0008801935273815024,0.0008130415711222981,0.0008753456385756264,0.0010862022830289589,0.0007752628384950856,calm
2014-12-22,0.00017933146665110528,0.0008247090332778272,0.0008023494136196987,0.0007932730217167536,0.000791419719201345,0.0010034239790053638,0.0007330790328459757,calm
2014-12-23,8.704239048273135e-05,0.0007445553695330366,0.0007054916442541925,0.000754460385322824,0.000715995603784182,0.0008892375417424757,0.0006575916725615086,calm
2014-12-24,0.0002089525979854831,0.0006636066570764592,0.000615662027592086,0.0006904680603719265,0.0006423139413248976,0.0007784529738108745,0.000591136282282511,calm
2014-12-29,0.0004069489283592522,0.0005719174425953585,0.0005315591581237751,0.0005951363802771015,0.0005532406838550714,0.0006638390889915576,0.0005158119017292872,calm
2014-12-30,0.00039391831862885913,0.0005670300674355513,0.0005285243152219382,0.0005777721939965979,0.0005499509797873312,0.0006512848913355352,0.0005276179568363542,calm
2014-12-31,0.0005202799651209859,0.0005860268542168838,0.0005564034002144604,0.0005821068368288042,0.0005737814136149305,0.0006728037107474215,0.0005450389096788024,calm
2015-01-02,0.0005264021816709138,0.000580841702963742,0.0005430665247750708,0.0005745787856375767,0.0005909579521122753,0.0005637008268339999,0.0006319044254597873,calm
2015-01-05,0.0003782290781257505,0.0007380569059386289,0.0006130610128392263,0.0007460391977304241,0.0007761128288973544,0.0007208738947199599,0.0008341975955061797,calm
2015-01-06,0.0006255945140802285,0.0008537270842487558,0.0006845472295746124,0.0008467952837854689,0.0009028933920187197,0.0008381843606557567,0.000996215155209222,calm
2015-01-07,0.0007216711733426352,0.0007594939492376526,0.0006538019254505977,0.0007489800031082265,0.0008075095661013796,0.0006910276152350507,0.0008961506362930084,calm
2015-01-08,0.0008178586706657017,0.0006235014699173973,0.000602909239825595,0.0006000283821164272,0.0006847108967234601,0.0004962384823583562,0.0007336203485631481,calm
2015-01-09,0.000833100724198895,0.0006681756025843327,0.0006066173294017047,0.0006830055052148064,0.0007307298218826561,0.0005617636205677939,0.0007587617358547024,calm
2015-01-12,0.0009086067857067868,0.0006682110762923815,0.0005713347375888709,0.0007051928295114229,0.000729573462455763,0.0005917589537676408,0.0007431953981382099,calm
2015-01-13,0.0004248131631621739,0.0005900747773350402,0.0005250135736413969,0.0006234050423426507,0.0006522183476182872,0.0005280216501117992,0.0006217152729610673,calm
2015-01-14,0.0004444339322256886,0.0006553340156018619,0.000561549379162741,0.0007019305751616109,0.0007008909960044273,0.0006348597801859968,0.0006774393474945334,calm
2015-01-15,0.00039220327777177686,0.0006590934808008942,0.0005844709167004725,0.0006790236037832457,0.0006885110202741607,0.0006810239136341449,0.0006624379496124476,calm
2015-01-16,0.0008107283268936106,0.0006169021480075705,0.0005814537463266111,0.0006104608245452408,0.0006243895706417092,0.0006710374515445208,0.0005971691469797706,calm
2015-01-19,0.0007392587258028685,0.0006093047080181718,0.0005844561617620168,0.0005712976031796139,0.0005782708526304827,0.0007663190793001128,0.0005461798432186327,calm
2015-01-20,0.0008195959229321813,0.0005564828977694243,0.0005164000035255033,0.0005350678338088859,0.0005188866129235775,0.0007228947393978332,0.0004891652991913216,calm
2015-01-21,0.0007392781554507323,0.0005180763157772005,0.00047875778181674845,0.0004889844734289941,0.0004683785564784198,0.0007118741564556156,0.0004423866107062245,calm
2015-01-22,0.0005669435498178049,0.0004456596936976819,0.00046635612132054906,0.00042446349702153805,0.0004081271127326097,0.0005443087748634443,0.0003850429625502683,calm
2015-01-23,0.00015014441649564448,0.00044294119270397813,0.00047935506343349966,0.00042171718293908684,0.00040771895726497963,0.000529091939404997,0.0003768228204773274,calm
2015-01-26,0.00014412632295622167,0.0004435835574130895,0.0004739526280841807,0.0004304224428127036,0.0004085721417642435,0.0005346359621343388,0.0003703346122699807,calm
2015-01-27,0.00038522381475313927,0.0005566402343228428,0.0005468116252625055,0.0005695647587918171,0.0004897075381108544,0.0007148339182594085,0.00046228333118962815,calm
2015-01-28,0.0003819857392344658,0.0006493784130176185,0.00062746061994562,0.0006909407548478929,0.0005618527074542725,0.0008227755684103448,0.0005438624144299625,calm
2015-01-29,0.00037960497990559213,0.0006134964718457519,0.0006332249730247279,0.000650768464832952,0.0005291900538238417,0.0007319121865553868,0.0005223866809918506,calm
2015-01-30,0.00036363530686958374,0.0007330603077362085,0.0006682499520498882,0.0007812232003204299,0.0006348014951304868,0.000976491680826121,0.0006045352103541168,calm
2015-02-02,0.000395403400561136,0.0007466008757001419,0.000582627400685481,0.0007804151030436251,0.0006634040985891275,0.0011243117828350583,0.0005822459933474178,calm
2015-02-03,0.00018026009661784183,0.0007340403340946113,0.0005329771604066798,0.0007512709751147943,0.0006897000086542698,0.0011541846775920352,0.0005420688487052771,calm
2015-02-04,0.00021738727934409566,0.0006519496905557643,0.0004886620684683995,0.0007232025218332492,0.0006602344021091576,0.0009084628232874104,0.00047918663708060473,calm
2015-02-05,0.00025233529926826605,0.0006313218736604237,0.00043808976134874833,0.0006505233888312327,0.000574497655572559,0.001090814082088173,0.0004026844804614057,calm
2015-02-06,0.00024807511531441334,0.0006833043513285942,0.0004115091512221476,0.000670556211820513,0.000617492320934149,0.001314362674083041,0.0004026013985831204,calm
2015-02-09,0.00022748311185346044,0.0006604030743717412,0.00041587840774841376,0.0006543224977540636,0.0005315715394613077,0.001298020588363143,0.00040222233853177844,calm
2015-02-10,0.0001370514040137564,0.0007182913487564916,0.0004198751813688332,0.0006959640829812029,0.0006263094820437935,0.0014447994481964624,0.0004045085491921659,calm
2015-02-11,0.0003670382451916649,0.0006488137033322597,0.0003949924169842652,0.0006379159877473031,0.0006031636720390305,0.0012268957254673268,0.0003811007144233727,calm
2015-02-12,0.00035788472421321613,0.0004897329640220971,0.00038299804892182195,0.00047424238607680094,0.00042377957175088746,0.0008576291850423453,0.0003100156283186294,calm
2015-02-13,0.0003806677891162092,0.0004608814882610747,0.00037397795086225796,0.00042969652248864824,0.0003967311948984677,0.0008150709103662448,0.0002889308626897549,calm
2015-02-16,0.0006884778104651253,0.00039714423602151444,0.0003733918850310045,0.0003735034189178979,0.00034902137571928287,0.0006121981864344804,0.0002776063140049067,calm
2015-02-17,0.0006729054175114176,0.0003776666705660203,0.00037278378522637374,0.0003562639457977687,0.00033388763693995705,0.0005413094737024201,0.00028408851116358183,calm
2015-02-18,0.000375210898842759,0.00033094499618391656,0.0003663088097388388,0.00031784806101462794,0.0003014786231586092,0.0004008872238970022,0.0002682022631105046,calm
2015-02-19,0.0003589760373094413,0.00033888501320579885,0.00036671101563639976,0.00032982375922076897,0.00032552663303393254,0.0003912615489944372,0.00028110210914345575,calm
2015-02-20,0.0005096052004071608,0.0003194398256630674,0.0003761512072720277,0.00030950552010059075,0.0003088885670733693,0.0003252733196340099,0.0002773805142353392,calm
2015-02-23,0.00020119889234128513,0.0002842095896528166,0.0003783162710233255,0.00027576880176699933,0.0002782204691937403,0.0002259812078808548,0.00026276119839916323,calm
2015-02-24,0.0003191677568936401,0.0002664049037368502,0.0003655119334889313,0.00024820189687616777,0.00025581327364677784,0.0002032180887798654,0.0002592793258925085,calm
2015-02-25,0.0004224970114403404,0.000275374891741953,0.0003458057646922986,0.0002659301757632441,0.00026948538339028244,0.00022321799600931257,0.00027243513885462736,calm
2015-02-26,0.0005246760612133778,0.00027468247567123357,0.00033199101609719455,0.0002672801551486051,0.000271933175117416,0.0002260719686594659,0.0002761360633334864,calm
2015-02-27,0.0003481000941848615,0.0002823536556823604,0.0003340984662928934,0.0002886560881679737,0.00028455433183290486,0.00022160581325356528,0.00028285357886446457,calm
2015-03-02,0.0003965138916864742,0.00030542223623278455,0.00033969550741340745,0.00032303209132649374,0.00030892674253800775,0.00025410431335800334,0.00030135252652801044,calm
2015-03-03,0.0003232084766981217,0.00036736296023446023,0.00038105565357620486,0.0003956442559824528,0.00037280096639934136,0.00032568451603164533,0.00036162940918265686,calm
2015-03-04,0.0004111412814109177,0.00040811054240001915,0.00041557389891405064,0.00042492427370239476,0.00042210514209526425,0.00037131712663638006,0.000406632270652006,calm
2015-03-05,0.0009396495984644947,0.0003923120812868254,0.00042581722928319236,0.0004048105292735322,0.0004065373250589474,0.00033576036101840234,0.0003886349618000527,calm
2015-03-06,0.0009796679415318532,0.000413554146435253,0.0004293073167356161,0.00043015882923821616,0.00042858294094171403,0.0003678510314105911,0.00041187061385012747,calm
2015-03-09,0.0011719186395868011,0.0004444278987721545,0.00044039653842735827,0.00045821461799289327,0.000459103577675834,0.0004251679687732934,0.0004392567909913937,calm
2015-03-10,0.0015107735906425878,0.0005555167333288829,0.0004974084542533516,0.0005798367194878869,0.000576949980121092,0.0005765393803394377,0.0005468491324426457,calm
2015-03-11,0.0014905024705045096,0.0005209757569093999,0.0005003929648631109,0.000522805996680995,0.0005621884516998653,0.0005096566486878927,0.0005098347226151349,calm
2015-03-12,0.0008494719288603504,0.00048048014665356037,0.0005108058472999839,0.000460542017347132,0.0005073473561174062,0.00044577182164471215,0.0004779336908585676,calm
2015-03-13,0.0011148253295838924,0.00046199982092725553,0.0005283540594625603,0.00044459144660999095,0.0004892391481524292,0.00038439888776347795,0.00046341556264781924,calm
2015-03-16,0.0008951722623916018,0.0004913018975381347,0.0005879188118531369,0.0004626331293568506,0.0005144810397793267,0.00040958853519321793,0.00048188797150814126,calm
2015-03-17,0.0005129359367059385,0.0006769358732281562,0.0007498574698215698,0.0006429404164329032,0.0006870438016889195,0.0006543884225401749,0.0006504492556572137,calm
2015-03-18,0.0004024424177113527,0.0007689758520477678,0.0008742201283797148,0.0006930830109611833,0.0007548469075196562,0.0007857444883405349,0.0007369847250377501,calm
2015-03-19,0.0006374151659104475,0.0007630119735653867,0.0008217181453885421,0.0006945730377158829,0.0007434725978182369,0.0008267005714750763,0.0007285955154291955,calm
2015-03-20,0.00033290206082767644,0.000679575327786034,0.0007647546591207957,0.0006186006656664616,0.0006783821958832777,0.0006794621381626866,0.0006566769800969482,calm
2015-03-23,0.0005471027770289317,0.0006997582018073646,0.0007475967559540112,0.0006607410920991513,0.0007074005360231216,0.0007101309234274044,0.000672921701533135,calm
2015-03-24,0.0007281091048453164,0.0006990065854492975,0.0006907366915082636,0.0006753411807924864,0.000716055084878547,0.0007457833450948809,0.0006671166249723093,calm
2015-03-25,0.0006646787597320899,0.000776098666217473,0.0007314697258056196,0.000790365388896363,0.0007888277576025665,0.0008141284371018859,0.00075570202168093,calm
2015-03-26,0.00043123635996552905,0.0009080019958740641,0.0007892580937178459,0.0009118729044941429,0.0009419872557943828,0.0010024149811305601,0.0008944767442333892,calm
2015-03-27,0.0007418358742342578,0.0008055811620074641,0.0007198161519398323,0.0007970911844869591,0.0008519398088201257,0.0008575724692088233,0.0008014861955815795,calm
2015-03-30,0.0005112851283972187,0.0006824133871139732,0.0006653821252315766,0.0006562151554905139,0.000745469399963662,0.0006495123082342775,0.0006954879466498363,calm
2015-03-31,0.00049806271484658,0.0007490870596740978,0.0007265472354829105,0.0007519214131000423,0.0008202561674397871,0.0006763395220737604,0.0007703709602739892,calm
2015-04-01,0.0004987237058354315,0.000727433288607387,0.0006625155000470154,0.0007392187701216753,0.0007951229329064714,0.0007005214647571382,0.0007397877752046349,calm
2015-04-02,0.0005236879152443148,0.0006646873253000196,0.0005703814307810954,0.0006819066874960557,0.0007214779689219481,0.000693384789099038,0.0006562857502019614,calm
2015-04-07,0.00021194863888527284,0.0005528480137091862,0.0005059257933495301,0.0005691634665459092,0.0006210355850205974,0.0005107917065550218,0.0005573235170748725,calm
2015-04-08,0.000290556098816465,0.0004950858667998022,0.0004700547758783073,0.0005197091578912029,0.0005512281026979479,0.000434721292981731,0.0004997160045498222,calm
2015-04-09,0.0001286196293482666,0.0004955626465286604,0.0004601037501282553,0.0005158382351325699,0.0005610793636456629,0.0004390217416714526,0.0005017701420653614,calm
2015-04-10,0.0003423536354029307,0.00044495031612489997,0.00042570897790942435,0.00045873416445125397,0.0004958946005354066,0.00040045416198846513,0.00044395967573994974,calm
2015-04-13,0.00031639544170189134,0.00044261852177490793,0.0004117162281601561,0.00046164800234837924,0.0004874430330875608,0.0004179626087125625,0.0004343227365658809,calm
2015-04-14,0.00038262571667120376,0.0004162284607647005,0.00037905422911423234,0.0004534805230710077,0.0004600258741744082,0.00037266855407824584,0.00041591312338560866,calm
2015-04-15,0.0003123518473571888,0.0003679200391439225,0.0003523721079805733,0.00040391781333658493,0.00039089887150362945,0.0003265175812710443,0.00036589382162778073,calm
2015-04-16,0.00030726440719136544,0.00037159363512776286,0.00034429919985854904,0.0004114604612186118,0.00039377009019131724,0.0003387887169959789,0.00036964970737435733,calm
2015-04-17,0.00012103032694023729,0.00046501870789564145,0.00039691553235610887,0.0005145992164239505,0.000481367383882079,0.000478112137393592,0.0004540992694224767,calm
2015-04-20,0.00020606940329353328,0.0004389851433651358,0.00039455315947733066,0.0004710522060782584,0.00045567061608447936,0.00044778395361053374,0.0004258657815750771,calm
2015-04-21,0.00025045584241904437,0.00040688154660252295,0.0003825788314172791,0.00043150517593973,0.00041753013364773193,0.0004097941589894255,0.00039299943301844813,calm
2015-04-22,0.0013367525060053983,0.00042560125451867654,0.0003914837226641135,0.00045463602214827515,0.00044237466957150397,0.00042524248245170624,0.0004142693757577839,calm
2015-04-23,0.001371839216665542,0.00041894460776577285,0.0003869892208443203,0.00044792890369596094,0.00042626854190825963,0.00043045878395611426,0.0004030775884242089,calm
2015-04-24,0.0013544460039634951,0.00039505144496722956,0.00037507929781642474,0.00042289864435467856,0.0004062182631693459,0.0003923626091306069,0.0003786984103650916,calm
2015-04-27,0.00130458575538975,0.0003803578845374713,0.00037191222608037866,0.0004062448529792323,0.00040053543792877266,0.00036067599130535873,0.00036242091439361423,calm
2015-04-28,0.001292215314224898,0.0004236194627732362,0.00040618247761525116,0.0004600718646793345,0.00044102589822710993,0.00041288008378633883,0.00039793698955814684,calm
2015-04-29,0.00024236254119068372,0.0005935786865203805,0.0005474506233271011,0.0006340689801220779,0.0006118949487998238,0.0006148104028743049,0.0005596684774785947,calm
2015-04-30,0.0007167657501273157,0.0007107572100980835,0.0006801368933757883,0.0007176378809918797,0.0007293785025131453,0.0007352755102918578,0.0006913572633177457,calm
2015-05-01,0.0007796632945963394,0.000663087313291518,0.0007125005452274371,0.0006327512628190394,0.0006486604210502771,0.0006714603817962692,0.0006500639555645668,calm
2015-05-05,0.0009775932390244438,0.0007265548033520367,0.000785874757040014,0.0006936872670202652,0.0007237984732078019,0.0007175326814518498,0.0007118808380402531,calm
2015-05-06,0.0008847288341200505,0.000776102692617224,0.0008420037975556267,0.0007263843092958479,0.00078261089986482,0.0007421399463469943,0.0007873745100228308,calm
2015-05-07,0.0009244364936783885,0.0006995134887208844,0.0008154249712986697,0.0006378578821230228,0.0007026603220607369,0.0006222553182677011,0.0007193689498542915,calm
2015-05-08,0.00043305657983613,0.000576966352890982,0.0007737466090037466,0.0005126948146518986,0.0005765942179697163,0.0004376481905115818,0.0005841479323179663,calm
2015-05-11,0.0003916569377268065,0.0005971919350845995,0.0008101352136073558,0.0005479707090751335,0.0005868440326299199,0.0004381173126430347,0.0006028924074675538,calm
2015-05-12,0.0004645615390273538,0.0006989587633709218,0.0009327310614094568,0.0006560580712050773,0.000678943662974268,0.0005273624964031645,0.0006996985248626423,calm
2015-05-13,0.0004913570824831303,0.0006936503081060993,0.0008865816738472224,0.0006391997434982182,0.0006622597326034767,0.0005771586137824373,0.000703051776799142,calm
2015-05-14,0.0004109095770289045,0.0006212513026466246,0.0008316332189241935,0.0005583590620264679,0.0005898817136729874,0.0004889889096962109,0.0006373936089132637,calm
2015-05-15,0.0003913194744624755,0.0005997385711998253,0.0007754865000560514,0.0005453744211793303,0.0005680941247883332,0.00047905628149790864,0.0006306815284775028,calm
2015-05-18,0.0003619913273922048,0.0005620153583674547,0.0007208100371185148,0.0005191134058220066,0.0005340998780836744,0.00044958620837621524,0.0005864672624368621,calm
2015-05-19,5.586034955478487e-05,0.0005045898308732936,0.0006570714116415869,0.000472248868627545,0.00048782509594522626,0.000381773161680968,0.000524030616471142,calm
2015-05-20,0.00028663315397913403,0.00046922877815231995,0.0005941208547605695,0.0004500381137568305,0.00044617409495294663,0.000374146403887327,0.0004816644234039263,calm
2015-05-21,0.00026867299182113143,0.00046277995726012677,0.0005664637592133257,0.0004431037334666382,0.0004308064512057959,0.00038999964554594084,0.0004835261968689331,calm
2015-05-22,0.00045968782506247404,0.00044598829242829195,0.0005207494544547969,0.0004348859970709946,0.00041717909641329136,0.00038874798676748423,0.00046837892743489275,calm
2015-05-25,0.0007377201239955996,0.0004421512326295234,0.00048192253826868095,0.0004382213363696772,0.00041939981436032786,0.00040081221792318835,0.0004704002562257423,calm
2015-05-26,0.000743182489480555,0.00047430786310170977,0.0004698050536512568,0.00048274295109451346,0.0004622593759845279,0.00043726800316210766,0.0005194639316161431,calm
2015-05-27,0.0005278438385914227,0.0004447341973564544,0.00045047797436691784,0.0004486378381392088,0.00045132577093945196,0.0003742755865712106,0.0004989538167654828,calm
2015-05-28,0.0005698496079324408,0.00043942512439143564,0.00042003887419303043,0.00045539197389973286,0.0004528315942966992,0.0003805912643129581,0.0004882719152547579,calm
2015-05-29,0.00038937614244724766,0.0005340246088433909,0.0004585615252090943,0.0005657927434243869,0.000552414617793178,0.0005080054860640841,0.000585348671726211,calm
2015-06-02,0.0001234254530546876,0.0006123987040000036,0.0005041192747469266,0.0006327110033426922,0.000618935096085806,0.0006642030963634926,0.0006420250494611002,calm
2015-06-03,0.0003629399541663656,0.0005743876994831037,0.0004970562387593293,0.0005756724156111503,0.0005750994463588632,0.0006234024502481425,0.0006007079464380334,calm
2015-06-04,0.0005357722597625483,0.0006181884883685116,0.0005323603904462765,0.000610974885026354,0.0006140722431240872,0.000686025099886157,0.0006475098233596836,calm
2015-06-05,0.000525748483571562,0.0006492666892134063,0.0005582107023362771,0.0006312975716893941,0.0006410427407975536,0.00073989890258736,0.0006758835286564466,calm
2015-06-08,0.0005599827277339558,0.0006768340077924201,0.0005841511092197395,0.0006551858193697672,0.0006696209771202811,0.0007696448881316872,0.0007055672451206258,calm
2015-06-09,0.0005454509099129241,0.0006303382491230695,0.0005543687252439075,0.0006070332596575039,0.0006167927987983107,0.0007148974176123754,0.0006585990443032501,calm
2015-06-10,0.0003132851524671627,0.0005328816039611997,0.0005254473437617307,0.0005075096224257114,0.0005241009763161423,0.0005446828200697675,0.0005626672572326462,calm
2015-06-11,0.00012852470807924018,0.0004828094219104048,0.0005099013339528301,0.000465259258451621,0.00047259594531159427,0.00046228935032226865,0.00050400122151371,calm
2015-06-12,0.0002756529262601492,0.000529394793775489,0.0005486960181897027,0.0005225117862407816,0.0005076709337143534,0.0005191971287732136,0.0005488981019593936,calm
2015-06-15,0.0003291748391715366,0.0006182223821561342,0.000623247518014877,0.0006126383815439493,0.000584089910048405,0.0006295909558929505,0.0006415451452804891,calm
2015-06-16,0.00039566519943456116,0.000586193829839052,0.0005928705518934431,0.000575416144872309,0.0005503469661045048,0.0006030433324978956,0.0006092921538271078,calm
2015-06-17,0.0004054325108935574,0.0005668877070057458,0.0005582880049191419,0.0005579987454044431,0.0005354425983969232,0.0005964695615273692,0.0005862396247808514,calm
2015-06-18,0.00037093078988911386,0.0005195987203121597,0.0005240300387602107,0.0005076367340195962,0.0004991085443823975,0.0005313038878951717,0.0005359143965034222,calm
2015-06-19,0.00019993746018077933,0.00050808570266834,0.0005181259623192574,0.000501729108903948,0.000489673245155745,0.0005155013012019771,0.0005153988957607723,calm
2015-06-22,0.000736340718073943,0.00045010161224934167,0.0004990320443583376,0.00044430794249257884,0.00044563662187386145,0.0004184453204318231,0.0004430861320901075,calm
2015-06-23,0.0007201096308990009,0.0004199175680885796,0.0004785704864161625,0.0004272862369869191,0.00041992853645769746,0.0003720800662255674,0.00040172251435655146,calm
2015-06-24,0.000870638587914526,0.00045817700696066597,0.000505968500689335,0.0004744426983669005,0.0004499009181339279,0.00041707645683973044,0.00044349646077343615,calm
2015-06-25,0.0008694431928664291,0.0004528321579167304,0.0004834242163466125,0.0004696201816102632,0.00043563444691130116,0.0004323328945564906,0.0004431490501589843,calm
2015-06-26,0.0008638306669275577,0.00043762903581099613,0.0004436500457848453,0.0004513071579855809,0.00041384694759249936,0.00044912527333701376,0.0004302157543550418,calm
2015-06-29,0.00045721889512343676,0.0006211312101226052,0.0005585391140380643,0.0006548757173078893,0.0006038050085352465,0.0006599122534389217,0.0006285239572929046,calm
2015-06-30,0.0004898830709480363,0.000715684825086977,0.0006490951026933729,0.0007263716663887739,0.0007022876443514907,0.0007612061071589397,0.000739463604842308,calm
2015-07-01,0.0003559389636116169,0.0006458450217456085,0.0006595296930416848,0.0006285962447832784,0.0006461997889141052,0.0006162344934201149,0.000678664888568859,calm
2015-07-02,0.0007442180428532686,0.0005662686691166322,0.0005631028072997057,0.0005685554169505887,0.0005710696975145528,0.000539620174268401,0.0005889952495499131,calm
2015-07-03,0.0010665894400283065,0.0005218917716020784,0.0004848724210797947,0.0005342790284325603,0.0005234313414931739,0.0005193747262867216,0.0005475013407181412,calm
2015-07-06,0.0011028758187929413,0.0005767103072859912,0.0004967001620016145,0.0005953861201256703,0.0005805249644743848,0.0006034489943543476,0.0006074912954739384,calm
2015-07-07,0.0010748128295928986,0.0006418391020224458,0.0005464963507050935,0.0006508467373994302,0.0006450062399008931,0.0006870596276686546,0.0006797865544381578,calm
2015-07-08,0.0010453387489458312,0.0007439698312830829,0.0006159136019091274,0.0007518142511269358,0.0007614616421371992,0.000788460632914562,0.0008021990283275905,calm
2015-07-09,0.0006987810961826762,0.000648066623997469,0.0006139408287029238,0.0006363373850310536,0.0006744599214561139,0.0006050861560368617,0.0007105088287603924,calm
2015-07-10,0.000375405257653366,0.0005649936914730568,0.0006085570223204854,0.000538887231932299,0.0005746703998250366,0.0004920837099476679,0.0006107700933397953,calm
2015-07-13,0.00012152752781896803,0.0005463857786153876,0.0006272002066419973,0.000523274343708314,0.00053386914759793,0.00047145143504893894,0.0005761337600797572,calm
2015-07-14,9.937293874991993e-05,0.0005747653535867106,0.0006451169133162757,0.0005634071047929631,0.0005352700844637077,0.0005387119080222561,0.00059132075733835,calm
2015-07-15,0.00015504687441288234,0.0005749340846652437,0.000614121045720086,0.0005770392729003242,0.0005219568934096497,0.0005913057053119187,0.00057024750598424,calm
2015-07-16,0.00011427038197417353,0.0005741031022818924,0.0006031870336981781,0.0005673553623590939,0.0005182251405159029,0.0006145661074929336,0.0005671818673433539,calm
2015-07-17,0.00013154040499805536,0.0005723457963027759,0.0005644268377618148,0.0005717448934770289,0.0005178926832803545,0.0006500240924231912,0.0005576404745714907,calm
2015-07-20,0.0007760106789370739,0.0005427325318833494,0.0005120710690256172,0.0005428637632666522,0.0004968131046491113,0.0006373279960709675,0.0005245867264043986,calm
2015-07-21,0.0008363653729136053,0.0005807681834005599,0.0005152148908330091,0.0005791078750560225,0.0005345501320369616,0.0007143434177274877,0.0005606246013493187,calm
2015-07-22,0.000826020093264359,0.0005913192947647653,0.0005168835298914832,0.0005815228906799118,0.00054826343010707,0.0007353520143869837,0.000574574608758378,calm
2015-07-23,0.0008365335327235364,0.0005725726197779457,0.0004916700093877236,0.0005634762342648701,0.000533203178997566,0.0007124860960068004,0.0005620275802327681,calm
2015-07-24,0.0009115353711878146,0.000639678254968483,0.0005136977069419196,0.0006359812080961771,0.000609161344678926,0.0008054103279467185,0.0006341406871786738,calm
2015-07-27,0.000584833316450415,0.000865857558769463,0.0006429329624235252,0.0008505690118038405,0.0008468224450668613,0.0011171847752130919,0.0008717785993399961,calm
2015-07-28,0.0004912362258597557,0.0008139033493216724,0.0006944153894442647,0.000775107552655289,0.000813005633438064,0.0009315233741863559,0.0008554647968843889,calm
2015-07-29,0.0005524363481147483,0.0007557420990310355,0.0006933690203231331,0.000693032444291509,0.0007483464407650419,0.0008563747386824047,0.0007875878510930894,calm
2015-07-30,0.0007456746651059524,0.0006410217683065248,0.0006098121110292902,0.0005991147834345495,0.0006283750445383546,0.0007189560676263385,0.0006488508349040911,calm
2015-07-31,0.0006638007076870782,0.000565495269003349,0.0005626232624133351,0.0005342994318644717,0.0005428285134188026,0.0006185592338713476,0.0005691659034487875,calm
2015-08-03,0.00033486170030586407,0.0005152765429836845,0.0005548370647910383,0.0004883603406954259,0.0004994859592197071,0.000504048000348937,0.0005296513498633139,calm
2015-08-04,0.0003639531628671219,0.00047110476257492104,0.0004896564291293949,0.00046508555450688145,0.0004646764324293388,0.00044542328985532905,0.0004906821069536609,calm
2015-08-05,0.000984729745386311,0.00042579178999777137,0.00044478699978138,0.00042428460114109126,0.00043067217309541425,0.00038773134100548404,0.0004414838349654872,calm
2015-08-06,0.0011592432567126404,0.0004895642939853327,0.00047579901936127073,0.0004967624908812185,0.0004894937143097084,0.00048257268525412543,0.0005031935601203404,calm
2015-08-07,0.0011544166921125581,0.0005378833001076025,0.0005002522391509858,0.0005444357187325378,0.0005380447269092284,0.0005571959747929807,0.0005494878409522794,calm
2015-08-10,0.0011611179620156847,0.0004961327899305884,0.0004698286093151458,0.000501608837830728,0.0005009225654738433,0.0005016386880741663,0.0005066652489590586,calm
2015-08-11,0.0011897394814920658,0.0005771558025524777,0.0004980494646024665,0.0006000480006359058,0.0005796566683477935,0.0006295654299055481,0.0005784594492706749,calm
2015-08-12,0.0005860040207413378,0.0007313820637934846,0.0005879098389830104,0.0007378360894720206,0.0007227239012741664,0.0008878014892139709,0.0007206390000242543,calm
2015-08-13,0.0006772030539916515,0.0006771830458977293,0.0006046562229552509,0.0006574378909287386,0.0006598012092015107,0.0007853572468306863,0.00067866265957246,calm
2015-08-14,0.0016673393245377238,0.0006087982545125712,0.0005915959241757046,0.0005821065915716882,0.0005827263877579196,0.0006740143727935879,0.0006135479962639561,calm
2015-08-17,0.004349469958265919,0.0005581753032644504,0.0005623886626443763,0.0005337311042247707,0.0005261729397059736,0.0006074010450829549,0.0005611827646641765,calm
2015-08-18,0.005807578924907982,0.0005186903302791636,0.0005394758834578034,0.0005037499046273716,0.0004891164436190177,0.0005375692583033298,0.0005235401613882962,calm
2015-08-19,0.005685473453984697,0.0005975293699584542,0.0006096944458300329,0.0005950758431064535,0.0005726918081692835,0.0005968798389105299,0.000613304913775972,calm
2015-08-20,0.006426663711062518,0.0009015950340716181,0.0008383206944398295,0.0009087312328247783,0.0009084074087940352,0.0008942328012153641,0.0009582830330840833,calm
2015-08-21,0.005441343990663437,0.001666103765650071,0.0013567134514782797,0.0016419644950081,0.0017999649112851461,0.0016965380412021997,0.0018353379292766294,calm
2015-08-24,0.002984072047307715,0.0032660558003215546,0.0024278002303332368,0.003021460658870297,0.0036955647401913793,0.003481195893993944,0.003704257478218914,calm
2015-08-25,0.001996977955294524,0.0032034073900403387,0.0026428171943201945,0.002925382948468154,0.0037341195216362374,0.0033546235015037883,0.0033600937842733166,calm
2015-08-26,0.0019892187345003204,0.0026023203763097607,0.0024946651465319655,0.0022182540287681123,0.0028298732254122645,0.0029175800854376066,0.0025512293953988555,calm
2015-08-27,0.0011148551599889493,0.0020819612561525816,0.002179309948086875,0.0017291021783379394,0.0021241910455037185,0.002356210692395652,0.002020992416438723,calm
2015-08-28,0.0012386696113530138,0.0017257586205153164,0.0018160170694545782,0.0014967095524481373,0.0016678693701231784,0.002046811806966269,0.00160138530358442,calm
2015-08-31,0.0010485011985762534,0.001680561482796351,0.001682812565664787,0.001513502485494864,0.001605278467270389,0.0020918614306634016,0.0015093524648883145,calm
2015-09-01,0.0005839453820718959,0.002489826183353844,0.0021018316770830135,0.0023982792552865247,0.0025551814535575866,0.003146141380436396,0.0022476971504056986,calm
2015-09-02,0.0009446545092009629,0.0022430349869849335,0.002004861815270385,0.0021701448156015075,0.0022192321032263726,0.00278356743320087,0.002037368767625532,calm
2015-09-03,0.0006367740477977456,0.001746355374583311,0.001682407300223326,0.0016647611580540755,0.0017475486695746585,0.002032687549656815,0.001604372195407681,calm
2015-09-04,0.0005529539207686109,0.002017799039104556,0.0018027482817477335,0.002000722879925046,0.0020792504704506705,0.002362777008235806,0.001843496555163525,calm
2015-09-07,0.0005532719645119227,0.002110114959211055,0.001780743426446843,0.0021072453586544445,0.00216632201578918,0.002586179593902633,0.0019100844012621737,calm
2015-09-08,0.0005892431033225969,0.001784648333537418,0.00161350512276765,0.0017511803856841784,0.0017688820417735764,0.0021453646111771808,0.0016443095062845037,calm
2015-09-09,0.00023608151439352253,0.0019341400678411756,0.0015683505016557441,0.001858793890977644,0.0018762324533898405,0.002627691320979853,0.001739632172202797,calm
2015-09-10,0.0002231312016062155,0.0019122992039607631,0.0015015769829617072,0.001871026035146818,0.0018195923381843471,0.002667793385044306,0.0017015072784666387,calm
2015-09-11,0.00023274578440346855,0.0018135584864450796,0.0014404667542828036,0.0017897992493264682,0.0017180202788133966,0.002523932770552507,0.0015955733792502227,calm
2015-09-14,0.00022293260853674342,0.0016511919566708478,0.0013555435198733237,0.0016128257827515537,0.0015844944165069094,0.0022377734638471384,0.0014653226003753126,calm
2015-09-15,0.0006286477125419863,0.0014310647760456326,0.001257398767134672,0.00136258255034377,0.0013912249415288004,0.0018504466931345512,0.0012936709280863693,calm
2015-09-16,0.0006285382338961441,0.0012746851427114963,0.0011284653103552824,0.0012093623081685483,0.001256099133108112,0.0016289092988024795,0.0011505896631230585,calm
2015-09-17,0.0014577661230006191,0.0011005023742091846,0.0009638184876640971,0.0010356365914551105,0.0010939011607705572,0.001436733721943908,0.0009724219092122508,calm
2015-09-18,0.0016850643019555554,0.0013293460123778356,0.0010392359151855828,0.0012959072807522576,0.001398982745689252,0.0017233495564755548,0.0011892545637865299,calm
2015-09-21,0.001821497537278226,0.001197720594006863,0.0009707678685954979,0.0011367821171990942,0.0012780145487475746,0.0014865453975247463,0.0011164930379674025,calm
2015-09-22,0.0020556201762031876,0.001479005414880005,0.0011766266411623618,0.001400916792328507,0.0016617782877428001,0.001698787886669207,0.001456917466497148,calm
2015-09-23,0.0023768784093813854,0.0013153159157280536,0.00110231509340342,0.00119616134606955,0.0014276979228461494,0.0015511081384895569,0.0012992970778315906,calm
2015-09-24,0.0015621047966098908,0.0013983517183039158,0.0012551931107227063,0.0012670211062241364,0.00154383370877434,0.0015154822641913741,0.0014102284016070232,calm
2015-09-25,0.0013191415146472573,0.0010718690039815519,0.0011309169887231706,0.0009396438363804159,0.001136020385077125,0.0010462559433689056,0.0011065078663581415,calm
2015-09-28,0.0019524217271354514,0.0012438971890201811,0.001330696924015027,0.0011325893384230685,0.0013488225175337424,0.0010709511848916084,0.0013364259802374598,calm
2015-09-29,0.0012240874398048449,0.0013785985462075757,0.0015394693107941943,0.0011946367553850937,0.0014480717817653263,0.0012631818075318911,0.0014476330755613732,calm
2015-09-30,0.001185248103005997,0.0011527745036159847,0.0015296315992342844,0.0009455070948636102,0.0011726680261148767,0.0008797389459259035,0.001236326851941249,calm
2015-10-01,0.0011553088919207069,0.0010773167350806555,0.0014979453619004598,0.000873257371714158,0.0010652179006118106,0.0007950542973419742,0.0011551087438348736,calm
2015-10-02,0.0011468709531058004,0.0010501812130691555,0.001486119749648894,0.0008268384461220321,0.0010050534324736705,0.0007879687016210774,0.0011449257354801047,calm
2015-10-05,0.00034534713060334365,0.0009391413528857759,0.00138536982606956,0.000737471877255824,0.0008845309720479788,0.0006697267364073856,0.0010186073526481313,calm
2015-10-06,0.00034237509778487917,0.0009256906494454359,0.0012572309736232086,0.0007808597471859587,0.0008849291156674679,0.0007094052757268953,0.0009960281350236493,calm
2015-10-07,5.457265726855038e-05,0.0010156368983002574,0.0012958073183212445,0.0009029044739059111,0.0009841356983410572,0.0008070089300384229,0.0010883280708946514,calm
2015-10-08,0.000305591995138541,0.0009740216469340129,0.0011760131533945812,0.0008865995759024719,0.0009435954030769872,0.0008284374260258948,0.0010354626762701298,calm
2015-10-09,0.0003382181089488219,0.0008865997784622863,0.0010209433285500156,0.0008244323809944998,0.000898668438796071,0.000775789049058345,0.0009131656949125009,calm
2015-10-12,0.00033790211989320073,0.0007871038752079905,0.000826247454093336,0.0007512256768578296,0.0008210774541445442,0.0007344245828329006,0.0008025442081113427,calm
2015-10-13,0.0003326275761894724,0.0007656568622865824,0.0007318310077132683,0.0007470914776435608,0.0008273824712671469,0.0007398855851199818,0.000782093769688954,calm
2015-10-14,0.00041047095447035667,0.0007668285706286588,0.0006742936481336115,0.0007621940543175497,0.0008505939581655746,0.0007584818335473222,0.000788579358979236,calm
2015-10-15,0.0002421974999372565,0.0006795966875204099,0.0006247374504505549,0.0006642511845486869,0.0007800663566079377,0.0006104121677419231,0.0007185162782529467,calm
2015-10-16,0.00045328270764133816,0.0006389213177632884,0.0005908701972769251,0.0006252629259748749,0.0007384580419650384,0.0005623790994829934,0.0006776363241166101,calm
2015-10-19,0.0005012559846136503,0.0005463297338173455,0.0004898799685643141,0.0005542707745233662,0.0006342392474991297,0.00047093471766451576,0.0005823239608354016,calm
2015-10-20,0.0006935797790477694,0.00051648086404651,0.0004210803288314852,0.000545154721946361,0.000601385139966845,0.0004724422629222927,0.0005423418665655655,calm
2015-10-21,0.0006917231885081508,0.000479063970186661,0.00039296069443962953,0.0005078586527993008,0.0005627240612807462,0.00042685993429897854,0.00050491650811465,calm
2015-10-22,0.000660116875455424,0.0004391069647081522,0.0003795986469312253,0.0004623742055925064,0.000526772707682264,0.00037346074166908063,0.0004533285216656848,calm
2015-10-23,0.0003968151548382524,0.00041327014415039863,0.0003867488207775733,0.00043451682028136873,0.0005005497494359725,0.0003231850016597674,0.00042135032859731084,calm
2015-10-26,0.0004625929572721521,0.0004291411386196899,0.00039702757156380897,0.0004621980280985653,0.0004932333492457243,0.0003800927734736847,0.0004131539707166666,calm
2015-10-27,0.00026803888431307986,0.0005253409740961346,0.00045543200276947315,0.0005681594008144954,0.0005556011936929174,0.0005734289356380119,0.00047408333756577544,calm
2015-10-28,0.00021770837657876852,0.0005402568935511229,0.0004966081140722598,0.000566957383666813,0.0005680863873921863,0.0005879100963912424,0.0004817224862331131,calm
2015-10-29,0.00016783839822090378,0.00054652074326352,0.0005173593296914488,0.0005616194861700139,0.0005454705945683243,0.0006422356424890553,0.00046591866339875765,calm
2015-10-30,0.0002586117880387272,0.0005265623856155743,0.0005291928354263494,0.0005394578266550785,0.0004940013916613043,0.0006134826808555545,0.00045667719347958484,calm
2015-11-02,0.00026503491429444,0.0005216142318417886,0.0005470658558735442,0.0005180983332863059,0.0004937087695991346,0.0005929754809757988,0.0004562227194741589,calm
2015-11-03,0.00026455442558282393,0.0004933548303613516,0.0005061728773638077,0.00048419128921275354,0.0004473526625366692,0.0005978095637350664,0.0004312477589584612,calm
2015-11-04,0.00024736007418242796,0.00046144382672475524,0.0004945271781951325,0.00045891234265402626,0.0003968969707108357,0.0005394044245668471,0.00041747821749693495,calm
2015-11-05,0.00034294128069393065,0.00045282377697923907,0.0004595576662863822,0.00045707952132777077,0.0004028291624226816,0.000527904019787684,0.0004167485150716764,calm
2015-11-06,0.00024101802258412813,0.000415060353687433,0.0004229606643875283,0.0004256584813986201,0.00037498097901148247,0.0004697643971531619,0.00038193724648637195,calm
2015-11-09,0.00012589454261112727,0.0005030824343049068,0.0004712054991731957,0.0005191570818828288,0.000470083924277223,0.000578330681191888,0.0004766349849993987,calm
2015-11-10,0.0003074308856185326,0.00047930321565511057,0.00045197417575823366,0.0004973254126103833,0.0004521408326802746,0.0005289190081278264,0.0004661566490988347,calm
2015-11-11,0.0003063023603103449,0.0004619503400271791,0.00043373652948710845,0.00047799966590814005,0.00045743232333013086,0.00047776016345477243,0.00046282301795574373,calm
2015-11-12,0.0006137711920089244,0.0005604365605413206,0.0004807958065320607,0.000590140922074753,0.0005707019410186771,0.0005874016864545657,0.0005731424466265459,calm
2015-11-13,0.0006213667772224812,0.0006574499470920654,0.0005219644506669827,0.0006940059022278534,0.0006861733497193107,0.0007065642318460532,0.0006785418010001267,calm
2015-11-16,0.0006197805549648754,0.000597251540569051,0.000501455969738815,0.0006239929996897702,0.0006032616343864981,0.0006265811447976569,0.000630965954232515,calm
2015-11-17,0.000583427737916252,0.00049815992323305,0.00046458320063925713,0.0005115448205150079,0.0005189521671773583,0.000471501827338097,0.0005242176004955297,calm
2015-11-18,0.0006641233023883525,0.00046562322470194734,0.00045753658781903046,0.00046986051137249194,0.0004887743079996385,0.0004223869202508515,0.0004895577960677241,calm
2015-11-19,0.0004813906315147003,0.00042012696791176045,0.00044637658491548194,0.0004164292030877728,0.0004533904654459464,0.00034758966470853803,0.00043684892140106324,calm
2015-11-20,0.0004695455761729974,0.00039024141067001844,0.00043449084924832704,0.00038747459042181274,0.0004166688970643416,0.00031260785958266813,0.00039996485703294244,calm
2015-11-23,0.0005003232015276509,0.00036899943910264737,0.00041202245167812384,0.00037315978750632135,0.0003840345475053558,0.00030194287009614225,0.0003738375387272936,calm
2015-11-24,0.00035779176951904624,0.00039777533148075816,0.0004307915528246475,0.0004065177681803644,0.0004042916335297148,0.0003487167254090398,0.0003985589774600242,calm
2015-11-25,0.00029063660235871644,0.00037593299780224935,0.0004160556738554364,0.00038416897950860346,0.0003854869203526949,0.00032337482583324264,0.0003705785894612692,calm
2015-11-26,0.00045901196971815777,0.00035350411819838325,0.0003994294254797717,0.00036507143290233465,0.0003610453247943679,0.0003002877574395732,0.000341686650375869,calm
2015-11-27,0.00045532528461715837,0.0003520011368196519,0.00038602268551748476,0.0003663405483314013,0.0003521368746120875,0.00031120067431525,0.00034430490132203613,calm
2015-11-30,0.0006153392419771034,0.000351822427843106,0.00038896489336427876,0.0003617987963482857,0.0003502720272955877,0.0003096792870816273,0.00034839713512575056,calm
2015-12-01,0.0007933422431945754,0.00037030923099011124,0.00040040961624642586,0.00037445982802765203,0.00036530347321348737,0.0003368925966574116,0.00037448064080557967,calm
2015-12-02,0.0008058891391858508,0.00040980194796983257,0.0004250747180802306,0.00041470186995080005,0.000400942145695629,0.00038690796355117665,0.0004213830425713263,calm
2015-12-03,0.00043391287188509646,0.0006266235049839817,0.0005604842849796382,0.000640019323647969,0.0006150290842171855,0.0006587008757490015,0.000658883956326114,calm
2015-12-04,0.0005063324769203065,0.0006289546560892707,0.0005618798645806681,0.0006188785809193167,0.000605317002341155,0.0006944439519404155,0.0006642538806647986,calm
2015-12-07,0.00034546648974674,0.0006128401710449044,0.0005464208379968421,0.0005966330759795932,0.0006116770485314407,0.0006626370310813795,0.0006468328616352664,calm
2015-12-08,0.00026450248157134076,0.0007225276790474147,0.0006055223589546764,0.0007207094979345972,0.000730785634220624,0.0008109940259244627,0.0007446268782027127,calm
2015-12-09,0.00022534909985618657,0.0008192829624558806,0.0006630810081248909,0.0008162247477155355,0.0008292291994541787,0.0009580548610473372,0.0008298249959374606,calm
2015-12-10,0.0004195596547039919,0.0007724214812826467,0.0006520819338762474,0.0007534428933568792,0.0007698940985695838,0.0008955753740862761,0.0007911131065242468,calm
2015-12-11,0.00034735040470721426,0.0009434123941415925,0.0007554820105525557,0.0009318764068398805,0.0009761167236589616,0.00107841124645021,0.0009751755832063544,calm
2015-12-14,0.0003414070870666984,0.0009696711726714241,0.0008083628976445229,0.0009336966898902312,0.0010047267437883628,0.0011040315539983395,0.0009975379780356643,calm
2015-12-15,0.0002471104987204017,0.0008122423364341572,0.0007704235900327748,0.0007445811413787317,0.0008373282131523058,0.0008628524890431592,0.000846026248563815,calm
2015-12-16,0.00038224986829487196,0.0007128759346659302,0.0006745589570142978,0.0006459924945319286,0.0007026001911781425,0.0008199539177310736,0.0007212741128742081,calm
2015-12-17,0.00018602752483331384,0.0006599931624857563,0.0006230874976525861,0.0006041548461374412,0.0006552868296877276,0.0007746897719440463,0.0006427468670069807,calm
2015-12-18,0.00037962420497833043,0.0007429787374840258,0.0006026890651235963,0.0007187718283417678,0.0006993171447444877,0.0010118608134724806,0.0006822548357377965,calm
2015-12-21,0.00035716737492986594,0.0007403856654119473,0.0005842708593091312,0.0007410969726641074,0.0006908756855917855,0.0010194798759382722,0.0006662049335564406,calm
2015-12-22,0.0004416048493276482,0.0006895732119435856,0.000542887686157485,0.0006894545606376313,0.0006232129483545847,0.0009805658451814579,0.000611745019386769,calm
2015-12-23,0.0004716190920165281,0.0005784166523301314,0.0005082067616531655,0.0005680309842225257,0.0005313103122716244,0.000778760575759548,0.0005057746277437934,calm
2015-12-24,0.00047623754402648354,0.0004993606194027396,0.0004679753056086347,0.0004929268348328985,0.0004604404413061534,0.0006650841442158773,0.0004103763710501336,calm
2015-12-29,0.00033556557226169367,0.00042326920359038597,0.00045556999370358563,0.0004160535212466877,0.00038749678317805364,0.0005229233247594295,0.00033430239506417313,calm
2015-12-30,0.0006773791307718789,0.0004105869195669503,0.00046295121794228555,0.000420324216350203,0.0003565416711467077,0.0004979452849668751,0.0003151722074286798,calm
2015-12-31,0.0005870137147136628,0.00046827538413507475,0.0005247109158441861,0.0005036148510682686,0.00039225835439844514,0.0005564994410832854,0.00036429335828118837,calm
2016-01-04,0.00042513221388744155,0.0007206279806878168,0.0006826082380850313,0.0007306420389592145,0.0007836979001908942,0.000771085530116139,0.0006351061960878048,calm
2016-01-05,0.0005324000362034562,0.0007617518478113446,0.00073424600282068,0.0007774109028649589,0.0008056361214840006,0.0008082757459702256,0.0006831904659168584,calm
2016-01-06,0.0004851345095165459,0.0008652121048692663,0.0008450170873815412,0.0008837411464339213,0.0009198924521036105,0.0009065302225726638,0.0007708796158545942,calm
2016-01-07,0.0007263496994181146,0.0012072196820759374,0.0011659083613292003,0.0012110598578095556,0.0013430385966227184,0.001252311295696243,0.0010637802989219695,calm
2016-01-08,0.0011547671169032307,0.0013617745466792154,0.001385432021179886,0.0013512934604584144,0.0014478020993599252,0.00144547023274414,0.0011788749196537118,calm
2016-01-11,0.00119700154903631,0.001109250423378991,0.0011523039595297668,0.0010966383958082172,0.0011716917950633317,0.0011494610650003825,0.0009761569014932556,calm
2016-01-12,0.0012558677517434697,0.0008722699097861603,0.0008923472323416614,0.0008786339234323439,0.0009407563388250856,0.0008731266151499492,0.0007764854391817609,calm
2016-01-13,0.0023372459950862135,0.000879459597888511,0.0009050574223357416,0.000869740446694073,0.0009383821458931235,0.0009166681636374996,0.0007674498108821182,calm
2016-01-14,0.0019860150952363217,0.000978040198731889,0.0010060162672433724,0.0009563083020998031,0.001047777833671182,0.0010619779276286004,0.0008181206630164867,calm
2016-01-15,0.0018131277542398606,0.0014208889884413521,0.0014543770911804028,0.0013214972096459267,0.0015612802327116657,0.0016060156198577278,0.001161274788811038,calm
2016-01-18,0.0017885260910283076,0.0017581812951654812,0.0018046091236533501,0.001608892121322745,0.0019413721976857554,0.0019773192259914018,0.0014587138071741538,calm
2016-01-19,0.001663233745984638,0.0013695714252122669,0.0013937658079250805,0.0012943585484825242,0.0015283434597642685,0.0014221570030085162,0.0012092323068809445,calm
2016-01-20,0.0006067078045125634,0.0018214264277134045,0.001799952022128474,0.0016935617879938064,0.0020459075855999544,0.0019314498940620549,0.0016362608487827343,calm
2016-01-21,0.0007802220478725748,0.0015407516350938314,0.0015095086694413172,0.0014858195440269348,0.0017348545421244478,0.001530141847689678,0.001443433572186779,calm
2016-01-22,0.0009430470535919455,0.0013233871514427857,0.0012933217208872692,0.0013277004327252376,0.0014494089049153197,0.0012637109926784036,0.0012827937060076984,calm
2016-01-25,0.001191497199018151,0.001393390480571978,0.0013457807405237734,0.0013889504705267754,0.0014856466687382598,0.0014082000068783135,0.0013383745161927672,calm
2016-01-26,0.001337434033791967,0.001292192315546544,0.0012467386757230856,0.001306993501795397,0.001344636899968884,0.001329355080479768,0.0012332374197655848,calm
2016-01-27,0.0017156236190964608,0.0013191677372010855,0.0012494870151762718,0.0013244555684499245,0.0013664808548091412,0.001418728239980785,0.0012366870075893063,calm
2016-01-28,0.001461194991503259,0.001544471643236987,0.0014648233734278848,0.0015204485693190756,0.0016029449151373281,0.001706938724979534,0.0014272026333211132,calm
2016-01-29,0.0011956373292407033,0.0013782164761938602,0.0013160315522229092,0.0013966836380074903,0.0014360082706022725,0.0014506006808895303,0.001291758239247099,calm
2016-02-01,0.0039631517424843325,0.0012534170366084864,0.001178349363897599,0.0012747894419401877,0.0013111412546445624,0.001294003580748231,0.0012088015418118517,calm
2016-02-02,0.00377798589266957,0.0015812498948947044,0.0014698202743870733,0.0015705675643561874,0.0016773868993654577,0.0016391888951137186,0.001549285841251085,calm
2016-02-03,0.004249795317751736,0.0018499255372617304,0.0017478982835682356,0.0018295744149288366,0.0019645798726748466,0.0018408288124232358,0.0018667463027134967,calm
2016-02-04,0.0048123465257450485,0.00183119263750531,0.0017469893120496678,0.0018221622631525796,0.0019576756364813653,0.0017130233562930876,0.0019161126195498491,calm
2016-02-05,0.004749049586017139,0.0021980091723654486,0.0020969201996316835,0.002177245911190357,0.0023907520518897476,0.0019660211687079817,0.002359106530407474,calm
2016-02-08,0.0024659434795320004,0.003286405357629667,0.003142963925045958,0.00316949614731916,0.0036426573649608477,0.0028828894564796002,0.003594019894342766,calm
2016-02-09,0.0024725220418312707,0.003035940958176749,0.0029924703251215366,0.003025055086338972,0.003241168510633526,0.0024454684192027855,0.0034755424495869227,calm
2016-02-10,0.0025805946057138934,0.0021783919207459933,0.002143587062397629,0.0022494716541173357,0.0022733039484747145,0.001645470818841134,0.002580126119899154,calm
2016-02-11,0.0018713447561446227,0.002463499142544443,0.0024171369048763673,0.002481307782304349,0.002621253838694555,0.0019010947573914324,0.0028967024294555086,calm
2016-02-12,0.0017822596201373616,0.00208736059625214,0.0020905863611850924,0.0021724287678518074,0.002122334134159513,0.001547770731227522,0.0025036829868367648,calm
2016-02-15,0.0010642710103611493,0.001713425531725214,0.001729326709191103,0.0018125128643407002,0.001701277546795295,0.0012720561402842295,0.0020519543980147418,calm
2016-02-16,0.0011091835691346339,0.0016270686672037837,0.0016843989689105487,0.0016917787888385747,0.0015588661393852617,0.0012868030024119144,0.0019134964364726195,calm
2016-02-17,0.00017966943387814422,0.0014872194513333784,0.001537626199915421,0.0015346750440395965,0.0014035582466987884,0.0012172152348599473,0.001743022531153138,calm
2016-02-18,0.0003669514879711061,0.0014378712308248769,0.001454523648597439,0.0014537702580487695,0.0013408423580058353,0.0012919626644448319,0.0016482572250275085,calm
2016-02-19,0.0005888612596636884,0.0012201977194098458,0.0011924616694742975,0.0011946757519330738,0.001166490068108091,0.001160205891320397,0.0013871552162133703,calm
2016-02-22,0.0008251603692350954,0.0010572238013101178,0.001018321075467454,0.0010125873041300112,0.0010148144244732289,0.0010283445942474937,0.001212051608232401,calm
2016-02-23,0.0007594886566450473,0.0012084607131227134,0.0011485883872368761,0.0011116511728466573,0.0011620071640969765,0.0012452482228403146,0.001374808618592743,calm
2016-02-24,0.0007061996725314662,0.001349383722360466,0.0013043799915201653,0.001217246115695848,0.0013026877245309748,0.0014083685005553005,0.001514236279500041,calm
2016-02-25,0.0005449926566920591,0.0012302198661687863,0.0011968350428749265,0.0011337750415390093,0.0011960738261704283,0.0012262358485539135,0.0013981795717056536,calm
2016-02-26,0.00033540672500495506,0.0010864017088980747,0.0010388619846847334,0.0010129690116037861,0.0010699585134782666,0.0010612982898131217,0.0012489207449104653,calm
2016-02-29,0.00013924188699777993,0.0010701012615953792,0.0010049922353985062,0.0009977708688092806,0.0010440759310398474,0.0010769896160958742,0.0012266776566333883,calm
2016-03-01,0.00016892361292041166,0.0009344915597118251,0.0008877938324842408,0.0008953150785406305,0.0008945301237489521,0.0009472859946977116,0.0010475327690875906,calm
2016-03-02,0.00016767576667656655,0.0008578664972261573,0.0008157314131658977,0.0008240793926306268,0.0008146565240611822,0.0009029566782960317,0.0009319084779770482,calm
2016-03-03,0.00021998635216272024,0.0008432680734542867,0.0008039045957491217,0.0007995833362158075,0.0007896197912120944,0.0009173060090503801,0.0009059266350440302,calm
2016-03-04,0.0005543203155600865,0.0007813438325490418,0.0007437178697438161,0.0007456151339415031,0.0007343091500192727,0.0008538878758722933,0.0008291891331683238,calm
2016-03-07,0.0005109828348929308,0.0007665367325187377,0.0007278042495511317,0.000727928232839725,0.0007280165591580731,0.00084606499911732,0.0008028696219274386,calm
2016-03-08,0.0008062621032098178,0.0008598332489186946,0.0008194933168333198,0.0008094097413304291,0.0008149520056537146,0.0009504546995917932,0.0009048564811842166,calm
2016-03-09,0.0008214300397000211,0.0007930791284358436,0.0007723330180603717,0.0007698040427563071,0.0007452249918182875,0.000856959748671957,0.0008210738408722944,calm
2016-03-10,0.0007465845430719328,0.0008081311785918139,0.0007749188674264799,0.0007726222122693706,0.0007708006728902831,0.0008862130199011902,0.0008361011204717449,calm
2016-03-11,0.00046419587217758486,0.0006932226923694946,0.0006640026577623765,0.0006930583866461209,0.0006774005108839378,0.0007161813997309452,0.0007154705068240925,calm
2016-03-14,0.00043421553864845896,0.000638209240243675,0.0006082136084982083,0.0006488765776166816,0.000631243248399154,0.0006478971761610557,0.0006548155905432757,calm
2016-03-15,0.00010041710837741178,0.0006929679785950299,0.0006630364136104592,0.0006993148746715922,0.0006902116907802831,0.0006983521477081133,0.0007139247662047017,calm
2016-03-16,0.0001368497325053086,0.000687816905793129,0.0006683698348709693,0.0007079363404742975,0.0006860053253150654,0.0006706095947058572,0.0007061634335994551,calm
2016-03-17,0.00012414717733723915,0.0007181867461468991,0.0007096589665504691,0.00073829426999958,0.0007044253429052478,0.0007009242669962784,0.0007376308842829201,calm
2016-03-18,0.00018850214945587544,0.0006764125557667953,0.000671902606523646,0.0007132735485807184,0.000667034496329091,0.00063943620203321,0.000690415925367311,calm
2016-03-21,0.00023412201488813217,0.0006281026154678316,0.0006270277258789403,0.0006600654742314245,0.0006088332291070195,0.0006010302503640802,0.0006435563977576933,calm
2016-03-22,0.00025803029559922535,0.0005722473057087558,0.0005733468079965875,0.0005969343097775977,0.0005491113744087768,0.0005518756321868082,0.0005899684041740086,calm
2016-03-23,0.00021677816685760064,0.0005407763282318094,0.0005424769581619455,0.0005629023988818445,0.0005141941943531497,0.0005236968229755586,0.0005606112667865488,calm
2016-03-24,0.00021694455108065726,0.0005215742156006707,0.0005305427745402883,0.0005329891833732799,0.0004876260931642697,0.000519424501979284,0.0005372885249462307,calm
2016-03-29,0.00019431073426437885,0.0004893691124135429,0.0004977363174559174,0.0004988130498957515,0.0004549754913544404,0.0004895879585485231,0.0005057327448130818,calm
2016-03-30,0.00015655477598025528,0.0004428450179063953,0.0004513477441537979,0.00045761184700654565,0.0004225053630869247,0.0004306501827353888,0.0004521099525493195,calm
2016-03-31,0.00018596427582480375,0.0004488749518090281,0.0004599109413515682,0.0004598959100742571,0.0004310361908668434,0.0004431785082122654,0.0004503532085402064,calm
2016-04-01,0.00019799475046290208,0.0004840980491349173,0.0005046615286001414,0.0004893040106724498,0.00045937158251307454,0.0004944232106631064,0.00047272991322581416,calm
2016-04-04,0.00019925896365464,0.0004735544947455122,0.000506925843927512,0.00047184972663573215,0.0004429217233022609,0.00048470796395707943,0.0004613672159049766,calm
2016-04-05,0.00010716119740780863,0.0005805183489246257,0.0006290109333645756,0.0005570079910795804,0.000534584002575245,0.000627637664046621,0.0005543511535571063,calm
2016-04-06,0.00041355723843360164,0.0005756752938088615,0.0006372175167085721,0.0005555723253614643,0.0005301280025713535,0.0006098885402734908,0.0005455700841294265,calm
2016-04-07,0.00037030817792067935,0.0006511843343405601,0.0007354764151574333,0.0006132005233121904,0.0005963274492118492,0.0007043430265384786,0.0006065742574828489,calm
2016-04-08,0.00041442338349070943,0.0005986628115058044,0.0006741615037752433,0.0005721657826275978,0.0005604167484115571,0.0006301447034048718,0.0005564253193097524,calm
2016-04-11,0.00041349833920785114,0.0005391356117460603,0.0006043459336286177,0.0005163836247182398,0.0005088465288335784,0.0005662375927339803,0.0004998643788158856,calm
2016-04-12,0.0004557394767134874,0.0004916429856261838,0.0005504654905990448,0.0004746875283885683,0.0004667102696454982,0.000511118255231456,0.0004552333842663516,calm
2016-04-13,0.0001828450955192908,0.00042502642237545244,0.0004656461263987317,0.00042142736354240515,0.00042141007762969883,0.00042221179940755293,0.0003944367448988738,calm
2016-04-14,0.0002731483577510335,0.0003804015432503572,0.00040463310972879484,0.00038036079061004255,0.00039288175309524126,0.0003682213448766314,0.0003559107179410758,calm
2016-04-15,0.0002213912629162357,0.00038648369859136365,0.0004029127298578722,0.0003812128060860163,0.00040352755622718317,0.0003779661631480882,0.00036679923763765837,calm
2016-04-18,0.0002371970089338188,0.00036444362892699945,0.0003772895808505334,0.00036149146596938886,0.0003861557247708145,0.0003461536364581483,0.0003511277365861122,calm
2016-04-19,0.0003278119551171343,0.000346253577768842,0.00035161621660450074,0.00034892304440887865,0.0003762985845225622,0.00031719109968976304,0.00033723894361850545,calm
2016-04-20,0.0003515432506075992,0.0003541211747576277,0.000353328388407209,0.00035932437455584874,0.00038774194662286434,0.0003237506588410932,0.00034646050536112294,calm
2016-04-21,0.0002852416562131349,0.00037997699412209256,0.0003783663441543201,0.0003842949166315633,0.00041590030351130867,0.00034060482853887547,0.0003807185777743952,calm
2016-04-22,0.00041866357749836656,0.0004104148001663541,0.0004011712245687308,0.00041823204059091056,0.0004394981695464643,0.00038586843652586123,0.00040730412959980375,calm
2016-04-25,0.0007843108090816491,0.00044572778099174993,0.00043058864824138286,0.000458818150597379,0.0004635647095723784,0.00043224779677913174,0.0004434195997684776,calm
2016-04-26,0.0006525587607389414,0.0004525426754967674,0.00043471767600981415,0.00047266418635798696,0.0004652103556973465,0.00043685098268204426,0.0004532701767366453,calm
2016-04-27,0.0005955545057389818,0.0004686081183303571,0.0004464834816101398,0.0004979109763048792,0.00047091078512826124,0.00045375003917752824,0.00047398530943097694,calm
2016-04-28,0.0005613627234559418,0.0004958534410757557,0.0004745199518566188,0.0005318258745731582,0.0004943793798665794,0.00047050746338554033,0.0005080345356968815,calm
2016-04-29,0.0005072105160366773,0.000631752782441763,0.0006076009200202338,0.0006646315540788541,0.0006238671843264645,0.0006141695543721144,0.0006484946994111482,calm
2016-05-03,0.00024687470595366587,0.0008955785104244574,0.0008666347618571329,0.0009125686587999198,0.0008964409600676861,0.0008803016938578008,0.0009219464775397473,calm
2016-05-04,0.00023202542652628425,0.0010503877569115593,0.0010420167307837805,0.0010622853449709728,0.0010518733516004474,0.0010066185940416947,0.0010891447631609012,calm
2016-05-05,0.0002314160610126005,0.0009409651248482576,0.0009347581186937031,0.0009504999720828586,0.0009364049047398058,0.0008769735035459876,0.0010061891251789325,calm
2016-05-06,0.00024144301668658707,0.0007760967771124181,0.0007912562123170674,0.0007859524413580711,0.0007608668218066,0.0007200712234276165,0.0008223371866527355,calm
2016-05-09,0.00017779546326925758,0.0006525617652637321,0.0006555755826805157,0.0006560255881332513,0.0006465158115356637,0.0006053772365766752,0.0006993146073925546,calm
2016-05-10,5.747627602658647e-05,0.000576684361575299,0.0005804281361408397,0.0005839037630544063,0.0005695448738180465,0.000532362347295304,0.0006171826875678987,calm
2016-05-11,7.238460045295564e-05,0.0005721589827515576,0.0005876571199004676,0.0005741395199276739,0.0005502935849443467,0.0005436960186144945,0.0006050086703708054,calm
2016-05-12,8.546249806785923e-05,0.0005680365934350155,0.0005763142581682403,0.0005587535322912327,0.0005437681989418731,0.0005614613196306356,0.0005998856581430957,calm
2016-05-13,0.00019808835845929785,0.0005644933219993942,0.0005747073700731141,0.0005513355277313685,0.0005406702366518818,0.0005568759911479582,0.0005988774843926487,calm
2016-05-16,0.00019066585777361534,0.000521582797138855,0.000535217651619316,0.0005180644937222888,0.0005014471392434026,0.0005042494298917294,0.0005489352712175379,calm
2016-05-17,0.0005865301233047154,0.0005252980942272209,0.0005496628222184371,0.0005193638233299347,0.0004967920998431985,0.0005188650728795051,0.0005418066528650286,calm
2016-05-18,0.0007446787605352394,0.0004820518111976469,0.0004977833595933552,0.0004778804758428169,0.0004622176679285554,0.00047949042370051424,0.0004928871289229927,calm
2016-05-19,0.0007294229655148644,0.000512487305875802,0.0005265854835758539,0.0004990124631246487,0.0004871383503333919,0.0005254042714364161,0.000524295960908699,calm
2016-05-20,0.0006645630212702173,0.00048296357306265917,0.0004939246422389652,0.0004781634313563004,0.0004671500177390067,0.00048131534510973426,0.0004942644288692895,calm
2016-05-23,0.0006368990882515405,0.00047786789826832906,0.00048603569787132275,0.0004753690623368615,0.0004655714608536771,0.0004796657521307051,0.0004826975181490784,calm
2016-05-24,0.00024155693787270772,0.00044036373394623645,0.0004472651567564142,0.00045066756515188116,0.00043885757150128,0.0004243629736643564,0.0004406654026572505,calm
2016-05-25,0.0001474925785900499,0.00042283200924985614,0.00042751903419464344,0.0004416690918094942,0.00043010542398961107,0.00039695188406277274,0.0004179146121927593,calm
2016-05-26,0.00013941623620458747,0.00042235330847204883,0.00042262564014624383,0.000438858969863555,0.0004327519373231627,0.00040565184955620434,0.0004118781454710783,calm
2016-05-27,0.00010802491731329289,0.00041889432266908725,0.0004183445025707691,0.0004360511450923496,0.00042630162399079054,0.00040827798455407306,0.0004054963571374541,calm
2016-05-30,0.00023479665023213274,0.0004053432155723071,0.0004088525194222691,0.00042082033451025275,0.0004070355816750219,0.0004013938779005836,0.00038861376435340793,calm
2016-05-31,0.0003240343545428392,0.00041078965243956077,0.000418178157389873,0.00042097734643427786,0.0004073555379121213,0.00041635809475320325,0.00039107912570832847,calm
2016-06-01,0.00031963186114415654,0.0004352089401581297,0.0004406965822010885,0.0004381553548805529,0.0004307647949553938,0.0004520949274159546,0.0004143330413376587,Brexit referendum
2016-06-02,0.000745726225883429,0.00041190181731326855,0.0004307221662503682,0.0004110101175532398,0.000399819468224722,0.00042855597499078066,0.0003894013595472318,Brexit referendum
2016-06-03,0.0012574638886442325,0.0004321601570557745,0.0004579764401145591,0.0004238442888821229,0.0004124234275825281,0.0004607490841649427,0.00040580754453471983,Brexit referendum
2016-06-07,0.0014525505227049919,0.0004073422615586535,0.0004237387362736246,0.0004044224712746119,0.0004014600164905346,0.00042001319177464966,0.00038707689197984673,Brexit referendum
2016-06-08,0.0013813840807689799,0.0004441267925507081,0.00046207486723928194,0.0004383657310393818,0.0004315824615748024,0.0004653905729926282,0.0004232203299074464,Brexit referendum
2016-06-09,0.001615081879383522,0.000489832521513628,0.0005083838715736638,0.00047648911202613535,0.0004787863450296743,0.000518862389283505,0.0004666408896551615,Brexit referendum
2016-06-10,0.0014294339898593925,0.0006719533872283351,0.0007006145837927032,0.0006286637490221388,0.0006624193595375659,0.0007270214610722185,0.0006410477827170491,Brexit referendum
2016-06-13,0.0028685025258559163,0.0009925232998007779,0.00104347344500009,0.0008925159752904559,0.0009958440597277465,0.0010711632836321902,0.0009596197353534071,Brexit referendum
2016-06-14,0.002549217844119681,0.001206233857010316,0.0012679332933185385,0.001070245505533934,0.0012420709154672305,0.0012543290432403716,0.001196590527491505,Brexit referendum
2016-06-15,0.0025636952584459772,0.001105009252909163,0.0011599639217209083,0.0010090893117284839,0.0011509719149052889,0.0010640156821622136,0.0011410054340289188,Brexit referendum
2016-06-16,0.0024161682080626303,0.0011173389604284315,0.0011639416623577905,0.0010182664326531304,0.0011742922403002174,0.0010556879550401715,0.0011745065117908476,Brexit referendum
2016-06-17,0.008656844279866191,0.0010394491547798261,0.0010608134054200242,0.0009707222507150049,0.0010947228513717405,0.0009463074723796292,0.0011246797940127314,Brexit referendum
2016-06-20,0.017529786375109165,0.0008745967067261525,0.0008834361293637079,0.0008547769053545173,0.0009218731032848448,0.0007675828079576291,0.000945314587670064,Brexit referendum
2016-06-21,0.018304036435461624,0.000796793004202135,0.0008035034201913671,0.0007879514677807415,0.0008237242365042959,0.0007184539555176117,0.0008503319410166585,Brexit referendum
2016-06-22,0.018932919170486326,0.0007412936971050809,0.0007410637457774996,0.0007349521743368568,0.0007600982195223814,0.0006851262680719609,0.0007852280778167056,Brexit referendum
2016-06-23,0.018863732751586655,0.0006988061124315226,0.0006973189456747712,0.0007006277125166295,0.0007064454394129123,0.0006476798861142444,0.0007419585784390557,Brexit referendum
2016-06-24,0.012738587736214797,0.0015037903041515682,0.0014818269470904936,0.0013491240761279422,0.0015514508339326033,0.0014700738156721534,0.0016664758479346487,Brexit referendum
2016-06-27,0.0020857197429122567,0.003372076336821187,0.0032384255820827744,0.0028440039940229446,0.003657071705774706,0.0033079884888096356,0.0038128919134158773,Brexit referendum
2016-06-28,0.002003384053693395,0.0037596475979469954,0.003674801653516039,0.003372117036089145,0.003995192894166938,0.003465461294155058,0.004290665111807798,Brexit referendum
2016-06-29,0.0016522660590971934,0.003546413169342691,0.0034928540871690906,0.003359870273181132,0.003604717732051635,0.0032725316418736705,0.004002092112437926,Brexit referendum
2016-06-30,0.0017218814591534936,0.0033450569795353386,0.0032729597951241703,0.0032790485474160722,0.003194061448211272,0.003308958227794432,0.003670256879130749,Brexit referendum
2016-07-01,0.0016035101061842806,0.00298865559970397,0.002851647138052777,0.002988955630187305,0.002777243609930853,0.0031430029058911197,0.0031824287144577965,Brexit referendum
2016-07-04,0.0017770935867271291,0.0028903692856696427,0.0027278189876351775,0.0029099930445916247,0.0026723577319294986,0.0031089042438383935,0.00303277242035352,Brexit referendum
2016-07-05,0.0012082894866056817,0.003426691501109766,0.0032178727565733865,0.003468795986997976,0.003222984276154551,0.0035417668376622044,0.0036820376481607135,Brexit referendum
2016-07-06,0.0009208656831054142,0.003596127285139851,0.0034472679089617734,0.003704274434564977,0.003421737362661829,0.003420490930176597,0.003986865789334076,Brexit referendum
2016-07-07,0.0008770660989305701,0.0029770116115726023,0.002876181203371171,0.003135860799938753,0.002833078476186599,0.0026197789420261386,0.0034201586363403493,Brexit referendum
2016-07-08,0.0007256089538096925,0.0024588610277414347,0.0024060867107928794,0.002640774630600977,0.0023021571354543127,0.0020879785055596374,0.0028573081562993656,Brexit referendum
2016-07-11,0.00037578106866957285,0.0021030992480352696,0.00204904729636919,0.002255284641028599,0.001959327806545042,0.0018104848984292206,0.002441351597804297,Brexit referendum
2016-07-12,0.00025409866604668484,0.001901385011815957,0.0018437859270778395,0.0020023850451733344,0.0017460367489166148,0.0017115653830900397,0.0022031519548219567,Brexit referendum
2016-07-13,0.0003755836297079275,0.0015990107814777544,0.0015258971634082685,0.0016301350991917778,0.0014980069138949132,0.0014950687102976003,0.0018459460205962114,Brexit referendum
2016-07-14,0.000369417961882409,0.0014209194116148501,0.0013364628607484903,0.001406599224967974,0.0013346497053820146,0.0013560284131272496,0.0016708568538485221,Brexit referendum
2016-07-15,0.0002845695080388813,0.0013145733534239115,0.001217559867900403,0.001251922346247426,0.0012485687956938132,0.0012780860347812771,0.0015767297224966378,Brexit referendum
2016-07-18,0.0002925167090852972,0.00116978463974613,0.0010701882431033971,0.001085742149522643,0.0011149475520973423,0.0011534101314530849,0.0014246351225541832,Brexit referendum
2016-07-19,0.0003594435940646494,0.0010784577035317239,0.0009816120477563826,0.0009863935602198828,0.001033507701948127,0.0010679920625657187,0.001322783145168508,Brexit referendum
2016-07-20,0.00023582599107176656,0.0009568760482750411,0.0008616302313809221,0.0008760229184738419,0.0009234341884626038,0.0009372941848567688,0.001185998718201069,Brexit referendum
2016-07-21,0.0001292778948034743,0.0009797791506929662,0.0008769478781010094,0.0008861420077437645,0.0009426278328776409,0.0009564381565405551,0.001236739878201861,Brexit referendum
2016-07-22,0.0002451393199785472,0.0009125760546682376,0.0008300323492409778,0.0008241799924317945,0.0008630822551315613,0.0008991162087151064,0.0011464694678217481,Brexit referendum
2016-07-25,0.0003468055757351268,0.0008488901071629946,0.0007713026637836182,0.0007638941547187086,0.0007946834514408354,0.0008474780027159458,0.001067092263155865,Brexit referendum
2016-07-26,0.00046036393225497166,0.0007404293008564884,0.0006742829037064948,0.000691113223798414,0.0006999779707724575,0.000706838695267658,0.0009299337107374176,Brexit referendum
2016-07-27,0.00043987022737211395,0.0006345917567636654,0.0005847509111273696,0.0006171941852302725,0.0005918430932616587,0.0005953372738204489,0.000783833320378577,Brexit referendum
2016-07-28,0.00048776060941210715,0.0005963143571166539,0.0005572301583643855,0.0005871784468449734,0.0005546487435872014,0.0005641066102349947,0.0007184078265517145,Brexit referendum
2016-07-29,0.0006769611653590095,0.0005543842369077222,0.000520271580859171,0.0005554660377826402,0.0005194567566838588,0.0005217454128334749,0.0006549813963794662,Brexit referendum
2016-08-01,0.0005863283373051629,0.0005609790717496914,0.0005282427658913495,0.0005615769080228869,0.0005235732620344274,0.0005343403824701043,0.000657162040329689,calm
2016-08-02,0.0005222225131618554,0.0006804837054099835,0.0006425957560090899,0.0006712513908081281,0.0006359807170051989,0.0006587855864712177,0.0007938050767562833,calm
2016-08-03,0.0005933911579128647,0.0006741912462636683,0.0006511656467210617,0.0006734066759124849,0.0006266577387772928,0.0006397236464975496,0.0007800025234099528,calm
2016-08-04,0.0007228110161162747,0.000609947106452613,0.0005880413416249788,0.0006170224348132704,0.0005748141325624363,0.0005747301815007665,0.0006951274417616129,calm
2016-08-05,0.0005253696638996353,0.0005597099622504303,0.0005382521319905109,0.0005789034170614692,0.0005331644023647529,0.0005142935734952464,0.0006339362863401722,calm
2016-08-08,0.00048658800113305126,0.0005329649069933404,0.0005101473664537298,0.000556663560420617,0.0005126478902794716,0.0004902438602365305,0.0005951218575763527,calm
2016-08-09,0.00036934101375512646,0.000491101396088868,0.00046675015483156634,0.0005199204617422561,0.00048438020627930003,0.00044731736092434323,0.0005371387966668741,calm
2016-08-10,0.00029697770169593657,0.0005203753401420175,0.0004953234726067447,0.0005466208460369098,0.0005108790959404355,0.0004788390719627123,0.0005702142141632849,calm
2016-08-11,0.00013671342972561252,0.0005306606863897856,0.0005046388865885235,0.0005613925526035692,0.0005188268439844669,0.0004835746987795607,0.0005848704499928076,calm
2016-08-12,4.708288008819991e-05,0.0005436068062073715,0.0005134010507567893,0.0005756219371728081,0.0005284334696927087,0.0005006570149070634,0.0005999205585074881,calm
2016-08-15,5.808735499801289e-05,0.000532746762074623,0.0005089860648633563,0.0005628578750544562,0.0005110568075891986,0.0004946745406030028,0.0005861585222631009,calm
2016-08-16,0.0001213138824104895,0.0005553183770604703,0.0005382655161666949,0.0005808229161173604,0.0005248977795668828,0.0005273357398268499,0.000605269933624564,calm
2016-08-17,0.0001266135157605937,0.0005674889883553787,0.0005581788605468483,0.0005863765461443022,0.0005291689723947159,0.0005535430220721271,0.0006101775406188994,calm
2016-08-18,0.00010736076006836562,0.0005476435114117023,0.0005378259203429408,0.0005614820217982899,0.0005131648677885187,0.0005327272512117019,0.00059301749591706,calm
2016-08-19,0.00016025179899974355,0.0005424282178805268,0.0005347052418323467,0.0005495902209231357,0.000511316130542572,0.0005352017863330494,0.0005813277097715308,calm
2016-08-22,0.0001988559954278784,0.0005222923931180728,0.0005147007378482407,0.0005254474657465164,0.0004951928044199808,0.00052390355025277,0.0005522174073228552,calm
2016-08-23,0.0001359291318448194,0.0004966725672269703,0.00048549851481125933,0.0005002823205072962,0.00047553670747267,0.0004929877653326619,0.0005290575280109641,calm
2016-08-24,0.0001570658257024598,0.0004827473718904709,0.0004758149150949417,0.000487032332742706,0.00046072859292267063,0.0004789016314923228,0.0005112593871997133,calm
2016-08-25,0.0001638954988935032,0.00048162699223004674,0.00047931526491620346,0.0004844773616859804,0.00045861940458440516,0.00048624314724980423,0.0004994797827138404,calm
2016-08-26,0.000398194011382317,0.0004665091806593459,0.0004624627588066352,0.0004701898794033431,0.00044827458246675,0.000469093604564403,0.00048252507805559837,calm
2016-08-29,0.00035357239198371537,0.0004617428415202237,0.0004593935102704974,0.00046769332216045455,0.00044226492188864804,0.0004640873870578279,0.0004752750662236904,calm
2016-08-30,0.0004120893778014007,0.0004435094754932244,0.00044269314495029306,0.0004505059646413056,0.00043046299111942714,0.00044289853796469243,0.00045098673879040365,calm
2016-08-31,0.0003895868169193724,0.0004576270526796813,0.0004589330274502365,0.00046116854439264416,0.00044499966154796464,0.0004646817298063244,0.0004583523002012367,calm
2016-09-01,0.0003809464869165689,0.00045175910379040166,0.00044948827750369695,0.00045080593967043633,0.00044055439926171306,0.0004686182460903508,0.00044932865642581104,calm
2016-09-02,0.0003533189310099996,0.0004335312206655773,0.00042636201905913877,0.0004369747380487921,0.0004285650789059258,0.0004392458416874255,0.0004365084256266042,calm
2016-09-05,0.0003994997576924675,0.0004200969976960661,0.0004158393073201569,0.0004278715007064209,0.00041291635899489657,0.0004253846603845608,0.0004184731610742947,calm
2016-09-06,0.0003568752978247155,0.00042245902661045985,0.0004218292148153644,0.00043201322172281657,0.00041351479836348754,0.00042834197164653536,0.0004165959265040951,calm
2016-09-07,0.00035458421448632575,0.000410778443620091,0.0004090696870050301,0.0004197087110302828,0.00040489516256866687,0.00041727254349945426,0.0004029461139970213,calm
2016-09-08,0.00037342101797279434,0.0004106989605423904,0.00041151519629157056,0.00041695888968199804,0.00040355642596259854,0.0004180559202979216,0.0004034083704778635,calm
2016-09-09,0.00010261324468881111,0.0005437814201003643,0.0005424571124344708,0.000534024974653822,0.0005328232490477065,0.000564454084440354,0.0005451476799254684,calm
2016-09-12,5.033710561175547e-05,0.000630507895255205,0.0006443744450527015,0.0006193907464876535,0.0006150244301513811,0.0006468478507476161,0.0006269020038366727,calm
2016-09-13,5.900992750456469e-05,0.0007406730335284959,0.0007780895827555032,0.00071853824843329,0.0007198316795086456,0.0007546237727779388,0.000732281884167102,calm
2016-09-14,6.482428586639944e-05,0.0007023295718322486,0.0007497224866652349,0.0006866112936069154,0.0006683364426251818,0.0007093481776069051,0.0006976294586570053,calm
2016-09-15,0.00013823558326424412,0.0006351037710440711,0.0006820650670055851,0.000632233109603194,0.0006002313115592944,0.0006310363574289121,0.0006299530096233699,calm
2016-09-16,0.00018379406842798985,0.0006443413110481311,0.0006934953785395285,0.0006345081157854063,0.0006020524639840511,0.0006579996588420099,0.0006336509380896599,calm
2016-09-19,0.0004237111173866273,0.0005576007992488248,0.0005929569494731545,0.0005434353181688827,0.0005282379273971093,0.0005675872429270941,0.0005557865582778836,calm
2016-09-20,0.0004119808060553812,0.0005066500193518693,0.0005278077379955587,0.0004877612981332386,0.00048280038435398925,0.0005242146284242491,0.0005106660478523107,calm
2016-09-21,0.00046916933953631304,0.0004603877922269025,0.00047945485742221063,0.0004470676871477013,0.00043660364358533,0.00047319357924879857,0.0004656191937304722,calm
2016-09-22,0.00042271250332149906,0.0004112577430686378,0.0004252436776656911,0.00040692312430364486,0.0003998777494158098,0.0004072206420137787,0.0004170235219442644,calm
2016-09-23,0.00040648078031599067,0.0004372127679398006,0.00045387109053142074,0.0004288984078618819,0.0004201804696088103,0.00043788097412398,0.00044523289757290987,calm
2016-09-26,0.00016654673352693874,0.0005808234015964554,0.0006040773348217987,0.0005495915527326392,0.0005482057128134274,0.0006112157934268071,0.000591026614187604,calm
2016-09-27,0.00018071055872787475,0.0006234616389514946,0.0006640031020553812,0.0005902565621730056,0.0005835696517319949,0.0006483963164942974,0.0006310825623027939,calm
2016-09-28,0.0001753210015857012,0.0005976676935259741,0.00063948374403242,0.0005783871922005833,0.0005657386133923563,0.0005982454033478048,0.000606483514656706,calm
2016-09-29,0.0001633112074466949,0.0006499312771516847,0.0006993912043580593,0.0006240303921784586,0.0006121575271018883,0.0006532898205565553,0.0006607874415634625,calm
2016-09-30,0.0007234357890834652,0.0006169840982980766,0.0006630677783492206,0.0006058341466092259,0.0005880892081804643,0.0006029275512848222,0.0006250018070666506,calm
2016-10-03,0.000750453918693358,0.0005595243901946823,0.0005979274131028545,0.0005544758894929437,0.0005393343788483593,0.0005445672260199669,0.0005613170435092868,calm
2016-10-04,0.0007243922973476677,0.0005075156091871519,0.0005359429507406807,0.0005033171347584786,0.0005014483362523484,0.00048429545865814254,0.00051257416552611,calm
2016-10-05,0.0006880201075215269,0.0005174755656485653,0.0005410310265387864,0.0005127549253285717,0.0005078135994639825,0.0005080645908637091,0.0005177136860477768,calm
2016-10-06,0.0006595535389039715,0.0004979447677254904,0.0005135726368429044,0.0004916153375468083,0.000492194835841932,0.0004970057536047434,0.0004953352747910643,calm
2016-10-07,0.0003195860802124055,0.0005807346956111437,0.0005836177559174057,0.0005614418137235124,0.0005847223072038035,0.0005914791150054542,0.000582412486205543,calm
2016-10-10,0.0002974859150399125,0.0005914144064846544,0.000587920182486533,0.0005839177861002101,0.0005979831999607131,0.0005837385649046553,0.0006035122989711605,calm
2016-10-11,0.0006462150731837554,0.0006110448309372938,0.0006244539713590617,0.0006093604527558032,0.0006163086019035376,0.0005822962857523795,0.0006228048429156869,calm
2016-10-12,0.0006235046812180939,0.0006135969415770002,0.0006252048202450997,0.0006145070680144127,0.0006161592492291158,0.0005834818367467443,0.0006286317336496284,calm
2016-10-13,0.0007005446374453061,0.0006375176706009055,0.0006514056310532156,0.0006363623733002259,0.0006335089988104162,0.0006215309212756233,0.000644780428565047,calm
2016-10-14,0.0004534078997416065,0.0005727438413734666,0.0005659710610357314,0.0005824778344675556,0.0005828890621138883,0.0005453902561812925,0.0005869909930688648,calm
2016-10-17,0.0004483747837393011,0.0005615220844865053,0.0005538203298762939,0.0005702501018559935,0.0005672223985605562,0.0005391967206260838,0.0005771208715135991,calm
2016-10-18,0.00021396995505772501,0.0005343531020059281,0.0005216133368160572,0.0005516214340444747,0.0005412930929373739,0.000500916604606354,0.0005563210416253806,calm
2016-10-19,0.00021443226656121055,0.0005110800315186045,0.0004993262008718216,0.0005309598028713739,0.0005127257894143386,0.00048136604088083994,0.0005310223235546486,calm
2016-10-20,0.00017825544872915103,0.00048259271081266405,0.0004678560055586217,0.0005059202593280342,0.000488276505590848,0.0004564684853946075,0.0004944422981912087,calm
2016-10-21,0.00017113407904788047,0.0004670083010148659,0.00045304064050932194,0.0004854039714404894,0.0004644991997747485,0.0004561519725891618,0.00047594572076060807,calm
2016-10-24,0.00018186695495809612,0.0004292620230895803,0.0004282204834444299,0.00044383216257180694,0.0004176469534888849,0.0004212190004427035,0.00043539151550007625,calm
2016-10-25,0.00012527049103788627,0.00043244333273493636,0.0004376439854992803,0.00044496354770831716,0.00041174599327726966,0.00043035521444549684,0.0004375079227443177,calm
2016-10-26,0.0001772134202098023,0.0004261373308549364,0.0004384124683604113,0.0004367836071525064,0.0004013396047109009,0.00042573275959572406,0.0004284182144551391,calm
2016-10-27,0.00013502634620753964,0.00043211760385344114,0.00044905830111979317,0.0004405961501282008,0.00040038215677785677,0.00043540476129055893,0.00043514664995079595,calm
2016-10-28,0.0001322272752604333,0.0004184778043681515,0.00044146996223345085,0.0004266176695915318,0.00038443455893613263,0.0004188764900581744,0.0004209903410214676,calm
2016-10-31,0.0004648929435661979,0.0004068291792653945,0.0004271327514109727,0.0004103178190642941,0.00037317990267817967,0.0004153840181290563,0.00040813140504446954,calm
2016-11-01,0.0004916386678931042,0.0004479360249381335,0.0004711666203530718,0.00044271960221508965,0.00040907586039685533,0.0004630147090089508,0.0004537033327167001,calm
2016-11-02,0.0009896828610019266,0.0005112841516871613,0.0005379331906643209,0.0005001900659337619,0.0004625289711208117,0.0005323489077351324,0.0005234196229817799,calm
2016-11-03,0.0009843910492024534,0.0005222770526320325,0.0005571094486628505,0.0005096116668797092,0.00047158479866396465,0.00053790802303609,0.0005351713259175481,calm
2016-11-04,0.0009889224329996899,0.0005014842363791371,0.000541992706147566,0.000487291555332382,0.0004527109369070715,0.0005174848563625177,0.0005079411271461486,calm
2016-11-07,0.00074320415841697,0.00044131856282013284,0.0004774006274157452,0.0004390703190726423,0.00041009070230486503,0.0004334567778796688,0.00044657438742774303,calm
2016-11-08,0.0006628501190742297,0.000404273840803866,0.0004372218602599583,0.0004027967386903845,0.0003844459050404836,0.00039228378418900616,0.0004046209158394978,calm
2016-11-09,0.00027691630324956846,0.00037900350904020955,0.000411620735925034,0.00037910141885175137,0.0003693626365220316,0.00035557235492383605,0.00037936039897839473,calm
2016-11-10,0.0005207835128503367,0.0003718128446048185,0.00040505416929664416,0.00036566676471050554,0.0003592425978607006,0.00036249026673276444,0.0003666104244234775,calm
2016-11-11,0.0005237815780755902,0.0003661364320002041,0.0003979591319026484,0.00035329254879101735,0.0003559386459089468,0.00036479662982309615,0.0003586952035753115,calm
2016-11-14,0.00045810177232513195,0.00036444138971720736,0.0003883306244230549,0.0003479911723290054,0.00035637239274729116,0.00037418353929106866,0.0003553292197956167,calm
2016-11-15,0.0004556941731137583,0.0003521169415227158,0.0003746591551215297,0.00033525139317370996,0.0003497964882219692,0.00035450043594526665,0.0003463772351511031,calm
2016-11-16,0.00030248142130819586,0.0003981617375028058,0.0004213076012700338,0.0003721940045754271,0.0003929886257372968,0.00041128814580785586,0.0003930303101234154,calm
2016-11-17,0.00010065083297744457,0.0003970247255969263,0.0004206515998716112,0.0003719842240666249,0.000398718035525928,0.0003921029827206789,0.0004016667857997884,calm
2016-11-18,9.705815425545493e-05,0.0004154701658857247,0.0004369824136705513,0.0003955606364027124,0.000411519531207181,0.0004141384096545737,0.0004191498384936049,calm
2016-11-21,0.00019522168751767973,0.0004185394037125634,0.00044414288435647804,0.00040061390887166903,0.0004157061665440516,0.00040674536681427657,0.00042548869197634153,calm
2016-11-22,0.000195498785296606,0.0004066296185986246,0.0004268151833946799,0.00039567047022677374,0.000410575321464368,0.0003863789286755509,0.0004137081892317505,calm
2016-11-23,0.00018493510678756417,0.0004405446320595932,0.0004556942460097717,0.0004382049915073112,0.00042943420172118806,0.0004379275702310227,0.0004414621508286722,calm
2016-11-24,0.000162717052446527,0.00042698677736762526,0.00043636011254043726,0.0004248661098269463,0.00041976454580502394,0.0004278433451727689,0.00042609977349294975,calm
2016-11-25,0.00016319845426158013,0.0004226917114648009,0.00043189282549285546,0.00042479392332617466,0.0004088710374636567,0.00042490515163106534,0.00042299561941025265,calm
2016-11-28,0.0001199629660995698,0.00047723261404264693,0.0004887207756911267,0.00047137795148640473,0.0004598778446592251,0.00048702035572731654,0.0004791661426491618,calm
2016-11-29,0.0001511659716338403,0.0004805902150174187,0.0004922470113577342,0.0004771869188155032,0.0004621723821273964,0.0004838337959876074,0.00048751096679885243,calm
2016-11-30,0.0001655724864714288,0.00046287088848295555,0.0004753723574832351,0.0004610770487990611,0.00044566616589086425,0.00046186652519037856,0.0004703723450512385,calm
2016-12-01,0.0003941418451503732,0.0004858315054897887,0.0005027364066609524,0.000477997175129628,0.0004649534958191856,0.0004896402694498798,0.000493830180389298,calm
2016-12-02,0.0004364014334539247,0.0004740060524039775,0.0004908692256993503,0.00046345855894033996,0.00045087641323527023,0.00048122928594526314,0.0004835967781996637,calm
2016-12-05,0.00039869880560338886,0.00044539016705656323,0.00045734146077523936,0.0004416067001762343,0.00042948218242160475,0.00043966643847652117,0.0004588540534332166,calm
2016-12-06,0.00036893243054097287,0.0004320337471524371,0.0004405681306928801,0.0004325416442155773,0.0004191174349338121,0.00041943074187449265,0.0004485107840454231,calm
2016-12-07,0.00041771887698749096,0.0003953315410911035,0.00040439413417661934,0.000402398226267128,0.00039264912141117486,0.0003721527545975911,0.0004050634690030043,calm
2016-12-08,0.0004634738524514467,0.0003794434290998349,0.00038430578119521923,0.00039012412286639294,0.0003870706686388093,0.00035035081957508226,0.00038536575322367097,calm
2016-12-09,0.0004299577302143347,0.0003738332382881387,0.000379863259681,0.0003852615188842548,0.00038313608968353237,0.00034144247080742426,0.000379462852384482,calm
2016-12-12,0.0003807320723001925,0.0004132421837259038,0.00041758052071467854,0.0004238371759534106,0.0004103495923186289,0.00039739398308789517,0.000417049646554906,calm
2016-12-13,0.00037990799442380016,0.0004227699718232254,0.00042729245855294286,0.00043486352092383636,0.00041629080682011293,0.0004097337657450342,0.00042566930707420053,calm
2016-12-14,0.0003335535479090487,0.0004737680262576222,0.00047999340865714535,0.0004822562783612145,0.00046539564525751963,0.0004622148202887958,0.0004789799787234359,calm
2016-12-15,7.367059187721902e-05,0.0004906222806917611,0.0004918755166591636,0.0005065842079151602,0.000484110240651445,0.00047146785160742736,0.0004990735866256094,calm
2016-12-16,7.902208608043311e-05,0.00048382582207346975,0.00047924965262528477,0.0005027009935321604,0.0004838483179038104,0.0004619085566689958,0.0004914215896370971,calm
2016-12-19,9.414843973240744e-05,0.00044929849247506593,0.0004522628571848817,0.00046583333075822086,0.00044547413355697403,0.00043036477158767854,0.0004525573692875742,calm
2016-12-20,9.545477847625073e-05,0.00044048442904755903,0.0004455283014819707,0.00045416992809948467,0.00043010685515970794,0.00043329702343365364,0.0004393200370629782,calm
2016-12-21,7.82271832303634e-05,0.00043255130385854476,0.0004406579153140422,0.0004415147740376957,0.00041589114279295226,0.00043600008976663437,0.0004286925973813994,calm
2016-12-22,4.532251231163571e-05,0.0004219172340646976,0.00042989042536204414,0.00043015315449940954,0.00040136686623551036,0.00043028825814143734,0.0004178874660850867,calm
2016-12-23,9.720025512968575e-05,0.00039984636475341875,0.0004055987573562373,0.00041004009917043323,0.00037821790966731877,0.0004093336309776937,0.0003960414265954108,calm
2016-12-28,0.00011440975162192797,0.0003902608160032234,0.00039909794508714413,0.00040037021144631097,0.0003647414476877894,0.0003978314807985513,0.00038926299499632137,calm
2016-12-29,0.00011866997983348525,0.0003808772174408516,0.00038768548678875804,0.0003892738721007722,0.000352505649829607,0.0003948300021594394,0.00038009107632568144,calm
2016-12-30,0.00012630927907664275,0.00036175579543237053,0.00037117861824201087,0.00036748704061726606,0.00033642190097475183,0.00036917342057144094,0.0003645179967563832,calm
2017-01-03,0.0001417511967604282,0.00035250555998720204,0.00031663361171659397,0.0003302911656192888,0.0004060224260024918,0.00035824107062545934,0.0003513395259721764,calm
2017-01-04,7.733995169807142e-05,0.00034609529669007267,0.0003095047637911676,0.00032162496550063345,0.0003981917204794102,0.0003537414207933877,0.00034741361288576447,calm
2017-01-05,4.8957313845342854e-05,0.0003379401185470883,0.00029979662867912147,0.0003114324542262262,0.00038775913338454776,0.00034794743231002885,0.0003427649441355172,calm
2017-01-06,0.00010207679609098787,0.00033704513072766275,0.000297842719863048,0.00030733051731580345,0.0003882561713568778,0.0003486053112175381,0.0003431909338850466,calm
2017-01-09,0.00024164232687823352,0.0003423363878208003,0.00030262681586596546,0.0003092785844634149,0.0003974365598868832,0.0003546126432775033,0.0003477273356102347,calm
2017-01-10,0.00022616270029754667,0.0003400160379722035,0.000300162139785387,0.00030879082181079653,0.0003947894015679126,0.00035246137721227865,0.00034387644948464277,calm
2017-01-11,0.00023912917990297574,0.0003393001132848223,0.00029996679217540956,0.0003091191119068939,0.00039578904502284777,0.00035089778168732123,0.00034072783563163906,calm
2017-01-12,0.00029031555630578266,0.00034690430708313153,0.00030817086801346224,0.0003177672160005406,0.00040622948144461603,0.0003582802971091116,0.0003440736728479273,calm
2017-01-13,0.00024899987690834386,0.00035764847929000137,0.00031815808696638437,0.00033098126441004957,0.0004193553919461829,0.00036874894649821234,0.0003509987066291774,calm
2017-01-16,0.00011649989848924649,0.0003877471240440083,0.00034608778808576307,0.000362035700211391,0.00045458966451315396,0.00039791130600815646,0.000378111161401577,calm
2017-01-17,0.000282151096161748,0.00039479200447190146,0.00035561243625168126,0.00036994093267752183,0.0004614716568169261,0.00040183103419964296,0.00038510396241373505,calm
2017-01-18,0.0003549410331517598,0.00039997675687917226,0.00036192670366598615,0.00037618453278245645,0.0004671113628564811,0.0004056165308625727,0.00038904465422836507,calm
2017-01-19,0.00034313299895330734,0.00040097997617535,0.0003611857243165949,0.0003773382090537808,0.0004635704435023696,0.00040756631901985333,0.00039523918498415156,calm
2017-01-20,0.0003189010899833369,0.00040294094030537194,0.0003615379155409188,0.000379287202392613,0.0004635951517926197,0.00041069644793676824,0.00039958798386393967,calm
2017-01-23,0.0005064922927338393,0.00041871222480624676,0.0003752421026620344,0.0003952154306669285,0.00048097070295042166,0.0004270807504926783,0.00041505213725917127,calm
2017-01-24,0.0003978427800919716,0.00045165963595808695,0.0004061872927737734,0.00042629220751038706,0.0005191181674186337,0.00045837397268125036,0.0004483265394063904,calm
2017-01-25,0.00040355484766985047,0.0004804443946410022,0.0004340541796412672,0.000457738255317489,0.0005500030130048056,0.0004859664372445861,0.000474460087996863,calm
2017-01-26,0.0003654863232911372,0.0004984420295912129,0.0004519800786112095,0.0004784177726711861,0.0005693764813022588,0.000500277062135905,0.0004921587532355055,calm
2017-01-27,0.0004030562763355057,0.00047028025667887087,0.000430464815659088,0.0004531398209966949,0.0005365052005151765,0.00046868544308085314,0.0004626060031425416,calm
2017-01-30,0.0002914497765200129,0.0005063513327225077,0.0004678595372500896,0.000490288878965825,0.0005773327148403382,0.0005025700049196366,0.0004937055276366491,calm
2017-01-31,0.00030051181345708413,0.0005479269225674616,0.0005113554485556871,0.000529398130413443,0.0006229239910760716,0.000546363292070608,0.0005295937507214982,calm
2017-02-01,0.00020817410357958468,0.0005524760628806095,0.0005158927406068831,0.0005363137115044706,0.0006223737801405784,0.0005547842057393858,0.0005330158764117292,calm
2017-02-02,0.0003087611368870258,0.0005281565285125912,0.0004943013880637411,0.0005154743245938084,0.0005892868725758516,0.000530893459712097,0.0005108265976174579,calm
2017-02-03,0.0002710398165859888,0.0005118559361899993,0.0004805908356995852,0.0005019369461377903,0.0005638207511545427,0.0005158099702404708,0.0004971211777176076,calm
2017-02-06,0.0003036777321111709,0.000539527894147598,0.0005120325119994049,0.0005296948755558169,0.0005911984369142024,0.0005437463163097503,0.0005209673299588152,calm
2017-02-07,0.0002448441184590145,0.0005441982692806266,0.0005192725013586739,0.0005325374325427288,0.0005953028487689065,0.0005465733848212545,0.0005273051789115693,calm
2017-02-08,0.0002539613052219455,0.0005118177580311394,0.0004871002077100847,0.0004994816690631148,0.0005558506654834388,0.0005137121897376965,0.0005029440581613625,calm
2017-02-09,0.0001519996770187647,0.0005036544179202708,0.0004771756835363592,0.0004927366722444773,0.0005429072720858877,0.000508142338063386,0.0004973101236712442,calm
2017-02-10,0.00015224341248573303,0.0004517357728674981,0.0004299572965640464,0.0004420070855455675,0.0004916626212702449,0.00045022898918128154,0.0004448228717763498,calm
2017-02-13,2.9318149361971833e-05,0.00043300445459639364,0.0004098648485681623,0.00042454003057698387,0.0004755686771387466,0.00043166274716722677,0.0004233859695308488,calm
2017-02-14,0.00016036381099842267,0.000412152887560265,0.0003861049806586164,0.0004024988430993234,0.00045737583478115077,0.0004094981317317086,0.00040528664753052603,calm
2017-02-15,0.0001550391071167019,0.00039832744153790874,0.0003705816758706849,0.0003861920317332707,0.00044714023613818535,0.0003963913627777394,0.00039133190116966333,calm
2017-02-16,0.0002754110924507618,0.00038660031359343965,0.0003581144903934756,0.00037238614290335,0.000438233725702972,0.00038576600375277295,0.00037850120521462757,calm
2017-02-17,0.00033196895753005614,0.00035804748447012153,0.0003301241819858577,0.0003417701588461291,0.00040821166629534064,0.00035813823214886933,0.0003519931830744111,calm
2017-02-20,0.0003752903492087524,0.0003386533513514536,0.0003119394211219932,0.00032067196014099885,0.00038971680261455714,0.0003402236970678751,0.00033071487581184364,calm
2017-02-21,0.00024358444238048208,0.0003393930849939169,0.00031157778046296395,0.0003211111121093587,0.0003931093715679268,0.0003423799007216336,0.00032878726010770147,calm
2017-02-22,0.0008063621566179407,0.0003407690472442699,0.00031149966204875227,0.000322834426796303,0.0003979045400133181,0.00034246793918718646,0.00032913866817578947,calm
2017-02-23,0.000703043144794195,0.00035559673555740965,0.0003236558174732263,0.00033767263597894606,0.00041654783237378114,0.0003580458872751472,0.00034206150468594733,calm
2017-02-24,0.0006463548692601853,0.00038554336269086976,0.00035178285811827633,0.0003657110614126732,0.00045132208178441375,0.00038998416692516137,0.00036891664521382427,calm
2017-02-27,0.000605230349720844,0.000400437213596367,0.0003659292447293809,0.00038031274695881826,0.00046467099200276745,0.0004066193045229632,0.00038465377976790535,calm
2017-02-28,0.0006733713976910512,0.00040418428445394144,0.00036941858701705876,0.0003846727505663209,0.00046442454259283287,0.000410365976663755,0.0003920395654297394,calm
2017-03-01,0.0001295367796448516,0.0004213271100034508,0.00038640702159248,0.0004047311659153003,0.00047922022168027297,0.00042862994549606803,0.0004076471953331327,calm
2017-03-02,0.00012017627532706407,0.0004400953974535454,0.00040302759514453703,0.00042579670173355824,0.000497418298856278,0.00044320283329808734,0.00043103155823526624,calm
2017-03-03,0.00012884138933650266,0.0004184844427710559,0.0003847863760243518,0.0004048408387034786,0.00047475440636725736,0.0004179291585829427,0.0004101114341772492,calm
2017-03-06,0.00012701251401039403,0.00040987241045957283,0.0003780805258101502,0.0003960964850686011,0.0004670710687679396,0.00040927909543563294,0.0003988348772155403,calm
2017-03-07,0.0001098609487562598,0.0004126902555308681,0.0003788284583457866,0.00039751821776429664,0.0004718661694818517,0.0004120424045250596,0.000403196027537346,calm
2017-03-08,9.761085902068586e-05,0.0004033640838823332,0.00036580224862874013,0.00038489106227537854,0.0004589940936510789,0.0004058331773007947,0.00040129983755567356,calm
2017-03-09,0.00012192353709712814,0.00038920821734896775,0.00034981400230870693,0.00036867927439370596,0.00044166778351613286,0.000394949514526983,0.0003909305119993099,calm
2017-03-10,0.00013407924474640015,0.00037913257437274925,0.0003394248418887567,0.000356814828633727,0.0004301051755442295,0.0003870054493122827,0.0003823125764847505,calm
2017-03-13,0.0001394321389597365,0.00036209649293479797,0.00032369077709563335,0.00034009115175963247,0.0004130550904984181,0.0003697687062943247,0.00036387673902598105,calm
2017-03-14,0.00019897418456646512,0.0003599740331786608,0.0003190997692780926,0.0003371564203889127,0.0004095192679287531,0.00036873770106103746,0.00036535700723650845,calm
2017-03-15,0.000289811549360301,0.0003595513720625746,0.0003186788679768867,0.00033365177211029076,0.00041035992589915856,0.00036937339766279526,0.0003656928966637416,calm
2017-03-16,0.00031064698700816626,0.00036453230865643324,0.0003225983750156088,0.0003380310828452884,0.00041813030557019877,0.00037497219087017703,0.00036892958898089313,calm
2017-03-17,0.00030926361546748177,0.00036569622954959417,0.00032277286753119606,0.000339806794815215,0.0004202248146470218,0.0003754472988120942,0.00037022937194244393,calm
2017-03-20,0.0003597637803011134,0.0003683566058496577,0.00032524576297652917,0.0003427566836232448,0.0004245100867119907,0.0003778624517174168,0.0003714080442191069,calm
2017-03-21,0.0002549878281683951,0.0004119607935389669,0.00036345817592656606,0.0003856430479974942,0.000475350070717031,0.0004206532192813058,0.0004146994537724377,calm
2017-03-22,0.0001501565914456203,0.0004592549397104325,0.00040617940738261007,0.0004292491320368286,0.0005295141596309783,0.0004682827558125221,0.0004630492436892231,calm
2017-03-23,0.00013009207047321627,0.000482574224755776,0.0004265556273763936,0.0004529853084882203,0.0005550744956962922,0.0004926819493615698,0.0004855737428564042,calm
2017-03-24,0.0001498082793396192,0.0004885793458414342,0.0004325425069764083,0.00046136970680396404,0.0005587608432980205,0.0004965801087028146,0.0004936435634259635,calm
2017-03-27,0.00014259844264092326,0.0005052734343268758,0.00044943157747958946,0.0004790206371969099,0.0005745854717038149,0.0005131065942248576,0.0005102228910292068,calm
2017-03-28,0.00013121799737897136,0.0005099348987166871,0.00045689174723599754,0.0004888419729466721,0.0005752397698263902,0.0005163193866005917,0.0005123816169737836,calm
2017-03-29,0.00014853165704238022,0.0004880148774636943,0.000440557948710794,0.00047178473659962444,0.0005498299301991417,0.0004907311262723922,0.00048717064553651914,calm
2017-03-30,0.00013064705116157466,0.00047501716316720647,0.0004299686485302557,0.00046316166058355305,0.0005333169817823799,0.0004769790863448713,0.00047165943859497244,calm
2017-03-31,0.00011530613271196735,0.0004673050407217452,0.00042276278086138323,0.0004589700570541205,0.0005243573276722365,0.00046869328463011083,0.0004617417533908751,calm
2017-04-03,9.717344699809438e-05,0.00047860128145120527,0.00043436824772052283,0.0004727545809593378,0.0005370919637717576,0.0004782128354487002,0.00047057877935570755,calm
2017-04-04,0.00012110669122600897,0.00045918297669816043,0.00041769534836510336,0.00045410499588727487,0.0005145713966631571,0.0004575666926573496,0.00045197644991791747,calm
2017-04-05,0.00012350262001258215,0.00045344060708400627,0.00041334896797169993,0.0004487649563384956,0.0005074429646416787,0.0004533303141386182,0.000444315832329539,calm
2017-04-06,0.0001727047075371774,0.0004394577789041154,0.0004002087498900267,0.00043393813633775926,0.000491273207561458,0.00044065512116407023,0.0004312136795672625,calm
2017-04-07,0.0001555691994910778,0.0004217679216692483,0.0003824071908151925,0.00041488344945340256,0.00046959683784951884,0.0004251184472898907,0.0004168336829382371,calm
2017-04-10,0.0001386287188248532,0.00040999535287956446,0.00037022893356817096,0.0004017379814983561,0.00045541811859497604,0.0004161048009377339,0.0004064869297985849,calm
2017-04-11,0.00011814778770810395,0.0004136112820183553,0.00037342465027157034,0.000404016421196368,0.0004605816606330731,0.0004206877864231318,0.0004093458915676333,calm
2017-04-12,0.00010681301682760267,0.00041695337533685504,0.0003758750287515235,0.00040611751626386526,0.00046372224848018745,0.00042429952055561245,0.00041475256263308655,calm
2017-04-13,0.0009561582358992407,0.0004451399321441224,0.00040165545047536605,0.00043332528735907043,0.0004957914277484532,0.000451282922531645,0.0004436445726060777,calm
2017-04-18,0.0009655066782137175,0.00046882610558466876,0.0004245401389036886,0.00045526746246943485,0.0005233696768721843,0.0004756574798775417,0.0004652957698004942,calm
2017-04-19,0.000949850308410935,0.0004674732549412483,0.0004221028661846761,0.00045197755430167905,0.0005222079378897169,0.000475218608515376,0.00046585930781479313,calm
2017-04-20,0.000982908786024362,0.0004524703072987599,0.0004080399734736623,0.00043492482716916606,0.0005054517664137517,0.00046038235402623813,0.0004535526154109814,calm
2017-04-21,0.0009787580657883285,0.00043740497758768226,0.0003930120816976559,0.0004184220748714131,0.0004903772444761921,0.00044598579754378495,0.0004392276893493649,calm
2017-04-24,0.0003550681108240627,0.0004408623813314063,0.0003953133606186693,0.00042596467301788966,0.0004958067229632474,0.00044964652023639384,0.0004375806298208313,calm
2017-04-25,0.00034087934691728964,0.0004444997816252995,0.00039837137754751074,0.00043261440399633823,0.0005013907778526335,0.0004476820023525039,0.0004424403463775111,calm
2017-04-26,0.0004601974281600263,0.000409409471176059,0.0003686576629299946,0.0003977459254905734,0.0004644062485691036,0.00040826682262470936,0.00040797069626591386,calm
2017-04-27,0.0005506835046392558,0.0003954558163269042,0.0003560778198281234,0.0003830025953440163,0.00045028207494420995,0.0003959156594366593,0.00039200093208151206,calm
2017-04-28,0.0005773243696520815,0.00038106048053233453,0.0003430641089136507,0.00036663901699423977,0.0004348872124763466,0.00038262748759024045,0.000378084576687195,calm
2017-05-02,0.00030740948065850407,0.0003821555282035267,0.00034319384667220304,0.00036702155348892373,0.0004349375641669476,0.0003875238984962792,0.00037810077819328024,calm
2017-05-03,0.00032084114532220174,0.0003735373585736737,0.00033543125039367907,0.000358841123126127,0.00042643556309256635,0.0003779041201479775,0.0003690747361080183,calm
2017-05-04,0.00020650596090875136,0.0003742833052463378,0.0003356274210936318,0.0003615395332974545,0.00042758810789225406,0.0003795910835698186,0.00036707038037853026,calm
2017-05-05,0.0001552381426882261,0.00038657027154550205,0.0003470289062050728,0.00037629815826134636,0.0004401551047547706,0.0003913748150888834,0.00037799437341743715,calm
2017-05-08,0.00013187406306065664,0.000391699013891267,0.0003524986994436724,0.0003841218047692158,0.00044496908565486035,0.00039439707466107815,0.00038250840492750856,calm
2017-05-09,0.00014113191054379383,0.0003967640296588329,0.00035798717378403446,0.00039118776598730715,0.0004487210763165298,0.00039828300038383075,0.00038764113182246254,calm
2017-05-10,0.00042681585679405117,0.000395507644631047,0.0003574525192291993,0.00039060711095832224,0.00044513547573585136,0.0003952985728605174,0.0003890445443713449,calm
2017-05-11,0.0004366486574723719,0.0003963867297453699,0.0003601679207093895,0.0003909862244086897,0.0004455371919995516,0.0003953900026648061,0.0003898523089444125,calm
2017-05-12,0.0004406561586327976,0.00041004214229865344,0.00037287578418157915,0.0004045648846007086,0.0004615578966647792,0.0004082122964979303,0.00040299984954827013,calm
2017-05-15,0.00043120878105880144,0.00041420358332924816,0.00037758204052246045,0.00040818515988679064,0.00046605086253154545,0.0004117216622971047,0.0004074781914083398,calm
2017-05-16,0.0004073970140079306,0.000409048907349715,0.0003706331378972723,0.00040155039334605514,0.0004585119096019486,0.0004074989986171575,0.00040705009728614155,calm
2017-05-17,0.00011675101038402702,0.0004810321782989504,0.0004359325215784331,0.0004730789509220656,0.0005392760043078896,0.0004754093986392139,0.00048146401604714985,calm
2017-05-18,0.00010182098614113264,0.0005234991571617596,0.00047650792618743137,0.0005108992524287526,0.0005838899864474677,0.0005188464436354473,0.0005273521771096988,calm
2017-05-19,1.982376018963779e-05,0.0005508237963002382,0.000500983447887111,0.0005356719234850304,0.0006087151997717952,0.000550194574707433,0.0005585538356498215,calm
2017-05-22,1.9743838018812913e-05,0.0005168557903427034,0.00047296942662837754,0.0004998631918450101,0.0005711255986995653,0.0005165121654453256,0.0005238085690952381,calm
2017-05-23,2.1917972839155852e-05,0.0004814741300768879,0.00043901761298681554,0.00046406063887716674,0.0005356904660582889,0.00048368969348957727,0.00048491223897259144,calm
2017-05-24,6.137904206475875e-05,0.0004503319791750785,0.0004085347435427244,0.0004320903189101291,0.000504481971476871,0.0004548726978116686,0.00045168016413399956,calm
2017-05-25,0.0003099560689408059,0.00039918345010843767,0.0003652629615936212,0.00038029438348123097,0.0004527763746616898,0.000401130245978904,0.00039645328482674255,calm
2017-05-26,0.0003128324498053831,0.0003546214714295778,0.0003254262361130843,0.0003363911040934521,0.0004063560832396569,0.0003560800844755235,0.0003488538492261718,calm
2017-05-29,0.0004211324451720439,0.00032075730700616687,0.0002951926329034934,0.0003026710501288149,0.0003711972871116025,0.00032138814390965777,0.0003133374209772657,calm
2017-05-30,0.00041095845688335955,0.0003055207237104456,0.0002807040449240403,0.00028741822012639585,0.0003557099597066205,0.00030869783568499313,0.00029507355811017843,calm
2017-05-31,0.0003753605452917358,0.0003037718880915208,0.0002774340340643355,0.00028595801616853846,0.0003546824219618642,0.0003092336048409885,0.00029155136342187747,calm
2017-06-01,0.0001299852808586652,0.0003137844636841983,0.0002867203938558215,0.00029472730125832574,0.00036550705621917536,0.0003223525165762057,0.0002996150505114634,calm
2017-06-02,0.0001853001412576179,0.00032198145704201723,0.000294521302541454,0.0003027724097894954,0.00037786819035448826,0.00032911088740450385,0.0003056344951201448,calm
2017-06-06,0.00011658187849777881,0.00035232297344510975,0.00032297604462023095,0.00033337242271241945,0.0004135639118680218,0.00035922038502995187,0.0003324821029949245,calm
2017-06-07,0.00012480852476346802,0.0003586213962008849,0.00033048147496533647,0.00033876755643653543,0.00042099236521182023,0.0003637138218727554,0.0003391517625179772,calm
2017-06-08,0.00014697050898013127,0.00035704021722161134,0.00032817125776765893,0.0003381950375506795,0.0004176375057898592,0.00036297143859626333,0.0003382258464035955,calm
2017-06-09,0.00018233672295746008,0.00035180819307376786,0.00032242566116703886,0.0003346319893099502,0.00041226795840143077,0.0003567350313377105,0.0003329803251527088,calm
2017-06-12,0.0001681941426098719,0.0003671141070003165,0.0003355933518329414,0.00035182270335636,0.00042894772352927544,0.00037319485046589197,0.00034601190581711377,calm
2017-06-13,0.00014898416101419913,0.00038189418858502604,0.0003495780736426653,0.0003684849330842211,0.00044356570193607376,0.0003882940208789567,0.0003595482133832136,calm
2017-06-14,0.00014020829800591856,0.00038496845300768265,0.0003525903603459034,0.0003734196517674375,0.0004457776782522443,0.0003899217050352873,0.00036313286963754053,calm
2017-06-15,0.00010379050575779725,0.0004064004096125606,0.0003733787048667778,0.0003964649168594029,0.0004686836607562663,0.00041107381685226196,0.000382400948728094,calm
2017-06-16,0.00023866852523054405,0.00041217338774556254,0.00037844983230108406,0.0004042074156093272,0.0004726154277511169,0.00041729687933384407,0.00038829738373244064,calm
2017-06-19,0.00019470116890224322,0.00042209184869443155,0.00038901576913986333,0.00041674528521037945,0.00048119328696098783,0.0004259205529129143,0.0003975843492480131,calm
2017-06-20,0.0004948615653193716,0.00044554564710314363,0.0004122130078103697,0.00044521068468147577,0.0005035502057170027,0.0004470542559411337,0.0004197000813657361,calm
2017-06-21,0.0005042576717526095,0.0004331829460595962,0.0004022672674926164,0.0004327406443402442,0.0004903514203204867,0.00043182565525594547,0.0004087297428886885,calm
2017-06-22,0.0005255427245411692,0.00039369638918321513,0.0003671002651763187,0.00039084426898334694,0.0004481462527151062,0.00038953072673478435,0.00037286043230651977,calm
2017-06-23,0.0003530491962065188,0.0003920191396482978,0.0003645154606521867,0.0003867813045412826,0.00044816792423007883,0.00039008755796670404,0.0003705434508512372,calm
2017-06-26,0.00040179610957248325,0.0003681605294294222,0.00034247845378077604,0.0003601276838254697,0.000423481188735947,0.00036609975513659924,0.00034861556566831886,calm
2017-06-27,9.899209016635281e-05,0.00039592998529301585,0.0003689528271039161,0.00038775349892893724,0.00045640918523728825,0.0003934204709533879,0.00037311394424154965,calm
2017-06-28,9.925442296484611e-05,0.00041200540177737717,0.00038647587754377403,0.0004011017962836456,0.00047306896002419815,0.00041009239380423144,0.0003892879812310366,calm
2017-06-29,0.00019878075395205456,0.00045835660936884525,0.00043448865062990495,0.00044567359515225815,0.0005233618811526095,0.00045964629172257836,0.0004286126281868751,calm
2017-06-30,0.0002102307306705926,0.00046177608058839057,0.0004394925750336952,0.00044613229426015717,0.000526658888445315,0.000467251128793595,0.0004293455164091905,calm
2017-07-03,0.00020778949397149131,0.0004593767443364302,0.00043373917510773266,0.00044411007499900804,0.000524956467696436,0.0004680704063132816,0.0004260075975656926,calm
2017-07-04,0.0003259539737876252,0.00045260500207382583,0.00042450192883410987,0.0004379554814520879,0.0005167953990577848,0.0004625381894131982,0.00042123401161194853,calm
2017-07-05,0.0003771053566866749,0.00043606293787583925,0.00040603675125607273,0.0004218321903084309,0.0004966936013349834,0.00044587272146861655,0.00040987942501109233,calm
2017-07-06,0.0002572048712215795,0.00046648463379138984,0.00043367947133168616,0.00045228291120056816,0.0005316612866367281,0.00047485509129225353,0.0004399444084957133,calm
2017-07-07,0.0002465388782670317,0.0004709232543854367,0.00043656212488893734,0.0004545609809636874,0.0005325985013954433,0.00047898562895482114,0.0004519090357242941,calm
2017-07-10,0.00020664705800401502,0.0004661615619864764,0.0004284543569219378,0.00044859486612095563,0.0005262894586928576,0.0004762696758443099,0.00045119945235232124,calm
2017-07-11,0.00011958612810759096,0.00047163006376989844,0.00042926539308316223,0.000452355298917908,0.0005313537996015479,0.000481266763946919,0.00046390906329995526,calm
2017-07-12,6.187432320114122e-05,0.00048080028947940126,0.0004352459350214323,0.0004629005547080734,0.0005406105112820431,0.0004902162938540405,0.0004750281525314169,calm
2017-07-13,0.00028093007561596513,0.0004577597156333555,0.00041456499133169796,0.00044153380095676985,0.0005149427429889153,0.0004631441260020012,0.000454612916887393,calm
2017-07-14,0.0003856978566647822,0.0004296805289211006,0.00038989478283684483,0.0004134006310489828,0.0004843316860840891,0.000433015571463594,0.000427759973171992,calm
2017-07-17,0.0004547923620975556,0.00040096172335258505,0.0003628988773362229,0.00038613761885747253,0.0004535823116156573,0.0004058703086600419,0.0003963195002935305,calm
2017-07-18,0.0004648745021029728,0.0004024208659693982,0.00036354609088020594,0.0003874062076514278,0.0004572576435503011,0.0004114248110132538,0.0003924695767518023,calm
2017-07-19,0.0004850802705949826,0.0003943515015951811,0.0003578897895775127,0.0003791287784324531,0.00044912415780628065,0.00040319301952556344,0.00038242176263409566,calm
2017-07-20,0.00029036948926427765,0.0003949276715948133,0.00035727269623643635,0.00038030318924872007,0.0004481831107336555,0.000404473095126264,0.0003844062666289905,calm
2017-07-21,0.00041441561236111864,0.00042140985346508856,0.000382825447688709,0.00040439347586968433,0.0004762019706987992,0.00043518184855223513,0.00040844652451601523,calm
2017-07-24,0.0003432248344443297,0.00044996129120424363,0.0004110587243801061,0.0004310239394454885,0.0005048318881079681,0.0004651164037951133,0.00043777550029254226,calm
2017-07-25,0.0003243806997664865,0.00046620450240968234,0.00042762106466658,0.00044783860379283126,0.0005186715816000073,0.0004819965134056927,0.0004548947485833008,calm
2017-07-26,0.0003764418019031726,0.00046438007337133377,0.0004263165123250377,0.0004492255052232798,0.0005118420454923268,0.00047919457469724005,0.0004553217291187843,calm
2017-07-27,0.0003555989861145757,0.0004638370056135178,0.0004268004504828385,0.0004518160382773592,0.0005100997740726515,0.0004776835510324859,0.00045278521420225406,calm
2017-07-28,0.00025706613658226554,0.0004955725491156078,0.00045922116912692373,0.0004849677873421395,0.000542776519342529,0.0005063213456689881,0.00048457592409745866,calm
2017-07-31,0.0002855314980434868,0.0004956047200162345,0.0004630465706623998,0.0004849734020567392,0.0005422542059950172,0.0005023033839395322,0.00048544603742748494,calm
2017-08-01,0.00024786028100810614,0.0004957106771236648,0.0004634441499586936,0.00048820072683666566,0.0005405031477704912,0.0005009319071483508,0.0004854734539041223,calm
2017-08-02,0.0002322706944511688,0.0005055674463068511,0.0004740543878376885,0.0004989797771650029,0.0005512103796143634,0.000509481725710969,0.000494110961206232,calm
2017-08-03,0.00022841772961942664,0.0004961027935429629,0.0004668237510057983,0.0004905116892188772,0.0005397891614586785,0.0004978095215382071,0.00048557984449325346,calm
2017-08-04,0.0001286667230124506,0.0004945610758923425,0.00046368403977381175,0.0004924028212930897,0.0005365347431296142,0.0004971743413554816,0.0004830094339097148,calm
2017-08-07,0.0002890620102186379,0.0004973866472365415,0.00046683958615400644,0.0004968199223212896,0.0005407072463775323,0.0004974886341660461,0.00048507784716383343,calm
2017-08-08,0.0005534292479254909,0.00048365099733138964,0.00045523531201646227,0.0004835853315510015,0.0005274522162589452,0.00048028935738605555,0.0004716927694444837,calm
2017-08-09,0.0005984914607982211,0.0004891241114167797,0.00046054041077479743,0.0004873728094590693,0.0005358867322812796,0.00048817125080929225,0.0004736493537594607,calm
2017-08-10,0.0006953428467395329,0.0005026592884938093,0.00047892058987739755,0.0005044871056248245,0.0005514211294718721,0.0004999497842502663,0.0004785178332446863,calm
2017-08-11,0.0008060263077198668,0.0004857128361296496,0.0004580074783173131,0.00048386213558476325,0.0005314915182908979,0.0004845677251141008,0.00047063532334117296,calm
2017-08-14,0.000634304994715171,0.0004876615670758859,0.0004566093390873403,0.0004836400582994189,0.0005323327100600857,0.0004902293752402391,0.00047549635269234565,calm
2017-08-15,0.00044900460165924014,0.00048240773221406755,0.00044696674740446154,0.0004773079484176715,0.0005238413675881326,0.0004874606104769366,0.0004764619871831357,calm
2017-08-16,0.00046945995945304125,0.0004844607161272506,0.0004452918931515078,0.0004800327027596888,0.0005252345937599363,0.0004907429742270907,0.0004810014167380291,calm
2017-08-17,0.0004423316948775708,0.0005435954553132438,0.000497081110157929,0.0005453438470196093,0.0005871202926735925,0.0005436942299741859,0.0005447377967409025,calm
2017-08-18,0.0004158641092168162,0.0006106290216350486,0.0005603891739851242,0.0006124879053730356,0.0006547834967111761,0.0006046924068325264,0.0006207921252733805,calm
2017-08-21,0.00043140665282626864,0.0006501210198534065,0.0006013969166602678,0.000646852990686816,0.000695055998341796,0.0006436768093457124,0.0006636223842324406,calm
2017-08-22,0.0005319229877672326,0.0006731499699825887,0.0006249898154878708,0.0006732593301040023,0.0007125929316748844,0.0006684218271714269,0.0006864859454747584,calm
2017-08-23,0.0004364722026955925,0.0007314830707039859,0.0006868531411305306,0.0007330260800242078,0.0007684494325828975,0.0007217442192509827,0.0007473424805313107,calm
2017-08-24,0.0004806768120589723,0.0007338201759343008,0.0006865429499987855,0.0007306849098280693,0.0007612228845064433,0.0007241442427031244,0.0007665058926350814,calm
2017-08-25,0.0005386743328853466,0.0007411613639243389,0.0006904673074532024,0.0007281006392930786,0.0007645006754120605,0.0007297579670172983,0.0007929802304460543,calm
2017-08-28,0.0005255966248389251,0.0007230553045342359,0.0006731574191653834,0.0007001162699432815,0.0007465003683184855,0.0007128414995791505,0.0007826609656648791,calm
2017-08-29,0.0003465031117071672,0.000756648423458841,0.0007142190036393927,0.0007201097554105476,0.0007839240784602754,0.0007484961221935356,0.0008164931575904534,calm
2017-08-30,0.00032646938591587935,0.0007587216128169298,0.0007231136133902269,0.0007190829120738921,0.0007779517512652999,0.0007519805123475679,0.0008214792750076622,calm
2017-08-31,0.00021312123179389732,0.0007531912688202109,0.0007206533724281003,0.0007165409651126328,0.0007639567511184862,0.0007487143807853164,0.0008160908746565192,calm
2017-09-01,5.031436874087479e-05,0.0007413480639315588,0.0007078268249829163,0.0007122962092569154,0.0007484814927487954,0.000738464856494629,0.0007996709361745382,calm
2017-09-04,3.301022198091985e-05,0.0007302789710514538,0.0007023640073810263,0.0007039568724910519,0.0007364726483188418,0.0007220548317233284,0.0007865464953430205,calm
2017-09-05,4.460931623249668e-05,0.0006931672668084444,0.0006665656170462697,0.0006727657412873918,0.0007014741506614215,0.0006807552653340758,0.0007442755597130636,calm
2017-09-06,3.594589475524251e-05,0.0006511933346661644,0.0006243063533143465,0.0006354721976129079,0.0006672353414768857,0.0006369865504880699,0.0006919662304386117,calm
2017-09-07,6.42926673522269e-05,0.0005718498191382568,0.0005448878401720373,0.000558805819067108,0.000597974357811655,0.0005588101271020235,0.00059877095153846,calm
2017-09-08,6.366393664855474e-05,0.0005071644742125412,0.00047560022870034795,0.0004955272891848805,0.0005378645358693364,0.0005004047479764931,0.0005264255693316484,calm
2017-09-11,5.7815513600999954e-05,0.0004700452398747285,0.00043889744224725807,0.00046051787717716225,0.0005045870599132851,0.0004643641510812119,0.0004818596689547252,calm
2017-09-12,4.334560571188117e-05,0.0004464385368590609,0.00041611672447387847,0.0004384714510450124,0.00048499164476698654,0.0004414692129472161,0.00045114365106221097,calm
2017-09-13,4.8661255091113625e-05,0.0004124484047974394,0.00038216004415734227,0.0004047722540105375,0.0004563557035071272,0.00040792667213364006,0.00041102735017855006,calm
2017-09-14,8.539987947510777e-05,0.00039689887144793304,0.00036541161894825165,0.000388253051241333,0.0004436333434394189,0.0003945452503464139,0.0003926510932642478,calm
2017-09-15,8.307157326448507e-05,0.00038708491775312924,0.0003551535778017179,0.00037621024026574174,0.0004362015785229414,0.00038662067033277313,0.00038123852184247185,calm
2017-09-18,8.507906100386352e-05,0.00036787676496152327,0.00033768967117273746,0.00035556249219557084,0.00041959590472609285,0.00036738860864223824,0.00035914714807097663,calm
2017-09-19,8.87150889818834e-05,0.00033776098850505645,0.0003106881669588379,0.00032382757600603275,0.00038780465820158303,0.00033706588558339877,0.00032941865577543,calm
2017-09-20,0.00028221898332760975,0.00032032532187090037,0.0002939215603842272,0.00030497236892373323,0.00036823360028358666,0.000322473329050958,0.00031202575071199675,calm
2017-09-21,0.00023806188015238936,0.00031843327479356753,0.0002913730401306394,0.0003010723929990593,0.00036677616420021926,0.00032386414786796065,0.00030908062876995905,calm
2017-09-22,0.00029467821203539194,0.00031606915281595427,0.0002876993869703724,0.000297964556151249,0.0003650305342713666,0.0003225511482375337,0.00030710013844924966,calm
2017-09-25,0.00029187051776586947,0.00031091564049656425,0.00028265648224807,0.00029090510423619714,0.00035878967327095004,0.000318567620051226,0.0003036593226763782,calm
2017-09-26,0.00031161443311350257,0.0003043280800156114,0.0002760000225055232,0.0002846765217220065,0.00035043293736048006,0.00031265897591369095,0.0002978719425763564,calm
2017-09-27,0.00012920603698221515,0.0003114552429076817,0.00028221566598511747,0.00029081264449080615,0.0003573223661450115,0.0003226885729475714,0.0003042369649699023,calm
2017-09-28,0.0001359696463276945,0.00031938442774771835,0.0002887240739514173,0.00029910782565406997,0.00036739395478924743,0.00033049822850588515,0.000311198055837972,calm
2017-09-29,0.00011419251774878117,0.00033457128239037143,0.00030245155636710155,0.0003153683232966006,0.000385283879702997,0.0003451379921398724,0.00032461466044528535,calm
2017-10-02,0.00015164906510118493,0.00033370962537971157,0.0003037528482113699,0.00031563768873400864,0.00038824460510141135,0.0003386388155667543,0.00032227416928501347,calm
2017-10-03,0.0001293482722448519,0.0003375787724385007,0.00030797874384747313,0.0003212092365885201,0.00039431434024611437,0.00034001163808730585,0.00032437990342309015,calm
2017-10-04,0.00011203289525963735,0.00034237152387773666,0.00031220083277724565,0.00032770594108475816,0.0004013710200825723,0.00034273228721419703,0.0003278475382299103,calm
2017-10-05,8.345475290383231e-05,0.00034791783679456327,0.0003163007797282974,0.0003334143867026882,0.0004069188396371604,0.0003465726847472458,0.0003363824931574247,calm
2017-10-06,4.603167555374176e-05,0.00035688321978017914,0.00032335226174007786,0.0003407564029238488,0.00041625323146193995,0.0003562747243662991,0.00034777947840873005,calm
2017-10-09,2.0494049817637873e-05,0.0003698076690411167,0.00033357778859770905,0.0003515777755082778,0.0004305900099567926,0.0003700353451260948,0.0003632574260167093,calm
2017-10-10,3.7142528726045555e-05,0.00036802856735284147,0.00033270149628495614,0.0003481400670378078,0.0004282109497064191,0.00036873403074952674,0.0003623562929854976,calm
2017-10-11,3.903259237973898e-05,0.00035486511191280877,0.00032158844946039044,0.0003344101243797412,0.00041329808769254456,0.0003559683422231481,0.00034906055580821943,calm
2017-10-12,5.366891582719685e-05,0.0003354443258395774,0.00030515683595589663,0.00031488656099461026,0.0003917748940241763,0.0003363823820020338,0.00032902095622117,calm
2017-10-13,8.662900217775829e-05,0.00032171653030490475,0.00029218744193022317,0.00030156382331550147,0.0003753833791997834,0.00032442985796869565,0.0003150181491103201,calm
2017-10-16,0.0001008574660889115,0.00031569619935697924,0.00028620679958098747,0.0002947993612779837,0.00036892137081473604,0.0003201089544229528,0.0003084445106882362,calm
2017-10-17,0.00012718219979135508,0.0003141230246126887,0.00028397027659123183,0.00029262105599591994,0.00036657239715225283,0.00032039422055689447,0.00030705717276714446,calm
2017-10-18,0.00019857857411235074,0.0003119059297209992,0.0002817729910711278,0.0002898883315877406,0.00036514715763830624,0.0003186953381640636,0.00030402583014375786,calm
2017-10-19,0.0005481140924165318,0.0003160085774081722,0.0002848231354705918,0.00029479126587248823,0.0003695877002241331,0.00032428628896823017,0.0003065544965054179,calm
2017-10-20,0.0005627686564567857,0.0003185046762575934,0.0002861837673634279,0.0002968265156489658,0.0003696611789740228,0.00032873138151874983,0.0003111205377828005,calm
2017-10-23,0.0005389188269572269,0.00032482280871457334,0.00029147092491147564,0.00030102993062991083,0.00037562142332702727,0.0003370536552450905,0.0003189381094593625,calm
2017-10-24,0.0005710470263503563,0.0003351253365367097,0.0002992250512265839,0.0003098980892407383,0.00038690427172117874,0.0003480171737612115,0.0003315820967338361,calm
2017-10-25,0.0005262143826116993,0.000363370934073834,0.0003236431141275254,0.0003344168525516138,0.0004200016714868306,0.000377496356659435,0.00036129667554376556,calm
2017-10-26,0.00020297833418133533,0.00039068402218811227,0.00034646380149247746,0.00036181132305137756,0.0004499182896396336,0.000407048123722302,0.0003881785730347709,calm
2017-10-27,0.0001563270554507004,0.0004169966731614119,0.00037052192923439853,0.0003901030701869382,0.0004774322267495286,0.0004321193193088788,0.00041480682032731523,calm
2017-10-30,0.000159711405529278,0.0004209797028190245,0.00037506821041411435,0.00039648154213081947,0.00048073983928936744,0.00043139281172436,0.00042121611053646136,calm
2017-10-31,0.00016494692560707044,0.0004197896172304737,0.00037303659870711875,0.00039732982312012894,0.0004766264742189939,0.0004290550191966246,0.0004229001709095021,calm
2017-11-01,0.0002070921813174042,0.00042140718225843496,0.0003731524607737731,0.00040310252553957943,0.0004796606214684961,0.0004282366715367158,0.0004228836319736102,calm
2017-11-02,0.0002026044229571489,0.00042103274595884835,0.00037301371500273676,0.0004065154430913863,0.0004787540326887257,0.00042502314349580726,0.00042185739551558587,calm
2017-11-03,0.0002366631926394673,0.0004160349590620572,0.0003703625648080131,0.00040343272952844363,0.00047208387356182963,0.00041785921203075355,0.00041643641538124617,calm
2017-11-06,0.00039685288772442327,0.0004036902331801524,0.0003610119236277746,0.0003921027710623859,0.000456987832665551,0.0004040625912471814,0.0004042860472978692,calm
2017-11-07,0.00033616805387090857,0.0004079377247790234,0.0003657391156638453,0.0003963878171812526,0.00046152668295125964,0.0004105132256602673,0.0004055217824384922,calm
2017-11-08,0.00029004843430680433,0.0004048084449790203,0.000362017059358775,0.0003925741425359653,0.0004534182375838538,0.0004101236032050662,0.0004059091822114411,calm
2017-11-09,0.0005421599145919722,0.0004335278049818994,0.00038997271184022374,0.00041977346573095914,0.00048348974828848866,0.0004411108971871355,0.0004332922018626898,calm
2017-11-10,0.0005692613989732004,0.00045810770135086743,0.0004144785783012842,0.00044254394852408685,0.0005101456349156291,0.0004661952477220834,0.0004571750972912538,calm
2017-11-13,0.00044551676372787204,0.0004944546593971469,0.00045105879114146875,0.0004755100017532962,0.000549301992684051,0.0005016811689703033,0.0004947213424366151,calm
2017-11-14,0.0004321306771291525,0.0005198694266477155,0.00047863473585696035,0.0004983923231635778,0.0005747781751571386,0.000525158379641281,0.0005223835194196197,calm
2017-11-15,0.00044463726356770396,0.0005535641754654865,0.0005141635580925041,0.0005313590759380783,0.0006082030422363621,0.000556650510329922,0.0005574446907305662,calm
2017-11-16,0.000168795671893883,0.0005828707481229927,0.0005430092204068741,0.0005629587991903868,0.0006309703692490812,0.000588725365993512,0.000588689985775109,calm
2017-11-17,0.00010924902864944052,0.0006083979710257989,0.0005661276606981298,0.0005909232228939371,0.0006517720254902251,0.0006156913370815228,0.0006174756089651802,calm
2017-11-20,6.984007726514857e-05,0.0006071602349719911,0.0005631989536580081,0.0005929707895237271,0.0006477871207546747,0.0006139018277390928,0.0006179424831844532,calm
2017-11-21,6.505478010785711e-05,0.0005962799479665387,0.0005566618241509377,0.0005869426627258262,0.0006355122745275529,0.0005981888562415602,0.0006040941221868163,calm
2017-11-22,5.806347522728445e-05,0.000601957901775147,0.0005663334793032127,0.000592709429930537,0.0006448456778534037,0.0006029993532981203,0.0006029015684904612,calm
2017-11-23,8.877387335229378e-05,0.0005707159859006002,0.000536994559161173,0.0005588725302867222,0.000612466366187308,0.0005703236252249404,0.000574922848642857,calm
2017-11-24,8.0701975959262e-05,0.000532460067017979,0.0004992964842367441,0.0005206256938351655,0.0005739519331596475,0.0005324629154062727,0.0005359633084520651,calm
2017-11-27,0.00025755070836577657,0.0004895325679652371,0.0004571563216186367,0.0004777649719151459,0.0005324575451728333,0.0004915377861584234,0.000488746214961146,calm
2017-11-28,0.00025502999367735263,0.0004552052769596977,0.00042584598932649616,0.0004440487869425084,0.0004986740062305512,0.0004567520317036069,0.00045070557059532617,calm
2017-11-29,0.00022913220777517996,0.00042185613007419867,0.0003906979690659023,0.0004110659902114338,0.000461717288935274,0.00042590040817783046,0.0004198989939805531,calm
2017-11-30,0.00019540010674309896,0.0004166680485352066,0.00038537946196877827,0.0004030890942190559,0.0004586810972177596,0.00042209008578659334,0.00041410050348384585,calm
2017-12-01,0.0003011816096223014,0.00040963839965808363,0.000380712711079541,0.0003936421158342108,0.00045576225177471947,0.00041619075973566586,0.000401884159866281,calm
2017-12-04,0.00016347180185471335,0.0004104052684494203,0.0003786711081510524,0.00039602462905053115,0.00046100076608089933,0.0004183810397474142,0.00039794879921720453,calm
2017-12-05,0.0001633765568181977,0.00038889025202309247,0.00035987386509870375,0.00037498752556308065,0.00044130313817123366,0.00039229111617558425,0.00037599561510686,calm
2017-12-06,0.00015928748592357312,0.00036956365644478736,0.0003404416540093307,0.0003571263512485247,0.0004210758260610807,0.0003736942443830602,0.0003554802065219406,calm
2017-12-07,0.00019144785540580798,0.00035823378888732093,0.00032870761679127926,0.00034604003671313876,0.0004107567030886999,0.0003629226544576614,0.00034274193338582564,calm
2017-12-08,0.00015040543640368502,0.00036306028474461283,0.0003331145088193958,0.00035187821755577225,0.0004166100303284182,0.0003684028119889225,0.0003452958550305553,calm
2017-12-11,0.0001464375854587814,0.0003760143780246734,0.00034518321375931433,0.00036504301086790066,0.00043277167821206657,0.00037950638804293307,0.00035756759924115245,calm
2017-12-12,0.0001849419733951736,0.0003578327860008701,0.000331510996958287,0.0003456068751890255,0.0004159662387594891,0.00035624026930636125,0.0003398395497911874,calm
2017-12-13,0.00019063808388320878,0.00034098108876355225,0.0003160752482572212,0.00032811268269509493,0.0003990632391533787,0.0003392306207086203,0.0003224236530034461,calm
2017-12-14,0.00016727303524805554,0.0003463995889668237,0.0003207123393450389,0.0003329024717961297,0.0004071832053284893,0.00034567138184928383,0.00032552854651517676,calm
2017-12-15,0.00010240902287136397,0.0003617295315948121,0.0003355953892575588,0.0003465091106582067,0.00042622825827192263,0.0003607666876769091,0.00033954821210946336,calm
2017-12-18,6.710081940960941e-05,0.00037627148431199455,0.0003494627223227581,0.0003606189855230981,0.000444222604883983,0.0003753042025138733,0.00035174890631626046,calm
2017-12-19,3.978806733717311e-05,0.0003991887948095527,0.00037060401793685867,0.0003849215222161101,0.0004692295715796082,0.0003986132803916826,0.00037257558192350395,calm
2017-12-20,3.667335627388695e-05,0.0004164438326295641,0.00038674869384155644,0.0004025792912999262,0.0004885595208336082,0.00041747508358709476,0.0003868565735856347,calm
2017-12-21,2.3221885440271474e-05,0.0004211332908019666,0.00039076367246782326,0.0004080273392836549,0.0004915042025763078,0.00042298676665107724,0.00039238447303097004,calm
2017-12-22,2.8287063177107123e-05,0.00040126530071927884,0.0003724037989026465,0.0003885829963509489,0.00046756469640474486,0.000402446044924883,0.0003753289670131713,calm
2017-12-27,8.633898516082717e-05,0.00037467613811651725,0.0003460041438580782,0.0003622573523053737,0.0004330910858717231,0.00037748756258623023,0.00035454054596118097,calm
2017-12-28,0.00011939884071107463,0.000365208294413708,0.0003368783368835773,0.0003514704483429903,0.0004205227904665804,0.0003713346460285561,0.00034583525034683583,calm
2017-12-29,0.00011786175924129686,0.0003653595063344602,0.00033769112534875605,0.00035074728596335206,0.0004214213182399599,0.0003720255560032774,0.00034491224611695544,calm
2018-01-02,0.00011304862060606738,0.00026212685549055877,0.0002455339225234959,0.0002345523339410024,0.00029155180821727926,0.0002636982279312711,0.00027529798483974494,calm
2018-01-03,0.00022282147480615625,0.00023851775168053403,0.00024577051892463175,0.00023383755492082184,0.00025182082558906075,0.00021385397451100093,0.0002473058844571549,calm
2018-01-04,0.00023692332823171,0.00021966728822963357,0.00024856765882288047,0.00023800051776224707,0.00023081071491231296,0.00019953266937126313,0.00018142488027946417,calm
2018-01-05,0.00021505794912199595,0.00021339975804139693,0.00025499235761991377,0.00024682737176690716,0.00021222422970990372,0.00019426414941338665,0.00015869068169687344,calm
2018-01-08,0.00021976040134286454,0.00020323825099817071,0.00025255162847588185,0.0002455970478110704,0.00018921518897553843,0.00017638709020586775,0.00015244029952249513,calm
2018-01-09,0.00023243961651221495,0.00021953463040479313,0.0002432263784609204,0.00023635107843461434,0.0002192034383401659,0.00022323581374315157,0.00017565644304511337,calm
2018-01-10,0.0001217315393892422,0.00022225624908003266,0.0002497902762119002,0.00024318090360775138,0.00022306787765870352,0.00019953180087136033,0.00019571038705044793,calm
2018-01-11,5.623805984646807e-05,0.0002472798918392593,0.000268084615301972,0.0002594236307264972,0.00024547067604276514,0.00023392271308059413,0.00022949782404446813,calm
2018-01-12,0.00017239045655651627,0.0002408209312631146,0.0002785567352031451,0.00026890724248788544,0.00021504818948511804,0.00023018251119797886,0.00021140997794144562,calm
2018-01-15,0.00016577003575267345,0.00023849872867082712,0.00028283020270008407,0.0002729753276537808,0.00019869691430611261,0.00023531302930680778,0.00020267816938735017,calm
2018-01-16,0.0002688842028314407,0.0002542467539892349,0.00028599052962760297,0.0002787648216119362,0.0002259651902629118,0.00025432869739053357,0.00022618453105318988,calm
2018-01-17,0.0003838926860840042,0.00024950831400538784,0.00028834639430085535,0.00028178880538900087,0.00022082079617440667,0.00023346295972922226,0.00022312261443345398,calm
2018-01-18,0.0006733073632066913,0.0002483864789748541,0.00028199807475394874,0.000277789959838128,0.000213548193914644,0.00023928345645347882,0.0002293127099140711,calm
2018-01-19,0.0006190394158399527,0.00027310686699930754,0.00028133381946305664,0.0002815434664923043,0.00019614979855338039,0.00023723737758772552,0.00036926987290007067,calm
2018-01-22,0.0006499363926628454,0.00027108388614424135,0.0002648158375558987,0.0002627896070570711,0.00019862377701308418,0.00023181669683874502,0.00039737351225640783,calm
2018-01-23,0.0006502015741130535,0.00024962172880125426,0.0002571283959764582,0.0002564801629488476,0.00017523181804418592,0.00021019300905695236,0.0003490752579798272,calm
2018-01-24,0.0005403531357623504,0.00021696315761203242,0.0002652049781188051,0.0002667710802299889,0.0001788363076944511,0.0001990608471693928,0.00017494257484752405,calm
2018-01-25,0.00024641249036691206,0.0002593788227570159,0.00028879652933712645,0.00029151102145152794,0.0002214883381094686,0.00024987536021560587,0.0002452228646713506,calm
2018-01-26,0.00024016261069017327,0.0002579417715923828,0.0003074631378910586,0.00031202953341806196,0.00021515522615173473,0.00024213140291642584,0.00021292955758463286,calm
2018-01-29,0.0005753735143834243,0.0002758770885809309,0.00032699402538513144,0.00033425407970971135,0.000234915305633504,0.00025203813356529565,0.00023118389861101206,calm
2018-01-30,0.0006638232800167241,0.0003201735784020564,0.000380050483636455,0.00039395471445226684,0.0002751394740924096,0.0002807029044281627,0.00027102031540098784,calm
2018-01-31,0.0008525268587130209,0.0003526284533166309,0.00037946344286107016,0.0003955123804873241,0.00032431248214950055,0.00033298444258840487,0.00033086951849685506,calm
2018-02-01,0.0010808103174087223,0.0003793319174185925,0.00037039317848855407,0.0003891377782711962,0.0003687287007962632,0.0003781698151679583,0.00039023011436899055,calm
2018-02-02,0.0010624792555905581,0.00046591877746342064,0.000425969381955701,0.00045993672815250973,0.00048189961920498453,0.0004474816111203465,0.0005143065468835613,calm
2018-02-05,0.0008352654320064108,0.0007124904588338579,0.0005826783452754342,0.0006862240424045992,0.0007670533890231567,0.0006758164984417308,0.0008506800190243688,calm
2018-02-06,0.000641154585519477,0.0008417232607067785,0.0007969851834763388,0.0009586409533855689,0.0008578762293351734,0.0006432969444491126,0.0009518169928876993,calm
2018-02-07,0.00045412938623005895,0.000877502124957332,0.0009341800853930704,0.001166762552784268,0.0008690858498687041,0.0005092453771871798,0.0009082367595534375,calm
2018-02-08,0.00028827324202702236,0.0016433188199154302,0.0013351533085740029,0.0017730449237794745,0.0018843395480231547,0.0012728836830398003,0.0019511726361607187,calm
2018-02-09,0.0002945743465136981,0.002042105477397648,0.00164548815141644,0.002149986638930775,0.0021161620647788797,0.0018520271442207254,0.00244686338764142,calm
2018-02-12,0.0001830680552057179,0.0020753571742154623,0.0017294954321293893,0.002248892801953499,0.0018820837820644222,0.0019891198600814723,0.0025271939948485265,calm
2018-02-13,0.00017912191163796525,0.002101503349327643,0.0016500649652916473,0.002107481810259467,0.0018788519986643578,0.0021472767971064824,0.00272384117531626,calm
2018-02-14,0.00018047188287082032,0.0019078005020997965,0.0014700312513292316,0.0018671576952837379,0.0016278840054291537,0.001997338152715423,0.002576591405741436,calm
2018-02-15,0.0001206963122765697,0.0017675091636757446,0.001256376805370777,0.0015762700043277825,0.0015091944796900515,0.0018704208926112091,0.0026252836363789027,calm
2018-02-16,0.00011068778287600387,0.0014392173177351021,0.0010061487040267545,0.0012535589282206498,0.001252360762888603,0.0016110822603471575,0.002072935933192346,calm
2018-02-19,8.894885197337876e-05,0.0011391857868708148,0.0008235068105043858,0.0010019562070674524,0.0010539738759768832,0.001253169865539448,0.0015633221752659049,calm
2018-02-20,8.328316783145705e-05,0.000963467772137284,0.0006877353672993838,0.0008375884021727732,0.0008864312177628942,0.001087878248890662,0.0013177056245607065,calm
2018-02-21,0.00011995738420459266,0.0008996953639570194,0.0006161284750596177,0.0007347528484526205,0.0008473511404686018,0.001072887710856714,0.0012273566449475426,calm
2018-02-22,0.00011760203708259836,0.0008048138622830552,0.0005076433196991715,0.0005949406291191198,0.0007733192665819692,0.0009677685745836403,0.0011803975214313759,calm
2018-02-23,0.00013370765285572272,0.0007065346727862922,0.00044707264936395407,0.0005190402775304543,0.0006824760948432748,0.0008543556651880874,0.0010297286770056902,calm
2018-02-26,0.0003074758938008255,0.000588407834688261,0.00039495892961228623,0.0004538325885224706,0.0005811872272200926,0.0007127378025086068,0.0007993226255778486,calm
2018-02-27,0.00033413640451210617,0.0005912168641497833,0.0003682210315905245,0.00041471474207852396,0.0005868029419419846,0.0007719531466481565,0.000814392458489727,calm
2018-02-28,0.00029093942265093415,0.0006572399306476239,0.00037173390959930637,0.0004163239036011477,0.0006836467234336704,0.0009739264816956624,0.0008405686349083326,calm
2018-03-01,0.0002873943009020151,0.000774072191264523,0.00039471330911033226,0.00044461771025029647,0.0008867733079143083,0.0012611885808041137,0.0008830680482435639,calm
2018-03-05,0.00021608114335821342,0.0007434740730622675,0.0004173543582691443,0.0004728039638135203,0.0007852372475681753,0.0013173479215494764,0.0007246268741110213,calm
2018-03-06,0.00012409634484035153,0.0008917098685433233,0.0004119959494598496,0.0004718435062729943,0.0012116538450979745,0.0013586191437436987,0.0010044368981420994,calm
2018-03-07,9.615436375015932e-05,0.0007902239580575817,0.0003775604172251964,0.000436008736883631,0.0011109798675260926,0.0011827581536396135,0.0008438126150133743,calm
2018-03-08,0.00011062918709178031,0.00038130481768865133,0.0003467819739783729,0.0003980971559154784,0.00048569040065794464,0.0004667449278922307,0.00020920962999922984,calm
2018-03-09,0.0001132777505629571,0.00039356772200388815,0.00031863540801795314,0.00035892353282267783,0.0003919718823333062,0.0006538763072725239,0.00024443147957297967,calm
2018-03-12,0.0001247461255598501,0.0003160839538577768,0.00029088478697960625,0.00032086428509235974,0.00029873844811719683,0.0004771970706033744,0.00019273517849634683,calm
2018-03-13,8.268057181540553e-05,0.0002660179122443584,0.00030094649980459264,0.00032472950316543575,0.0002678760576379802,0.000246254993758592,0.00019028250685519156,calm
2018-03-14,9.590317754529836e-05,0.00027282352108132685,0.0002874308130021186,0.0003010473512691147,0.0002752752799876763,0.00028865365811214295,0.00021171050303558198,calm
2018-03-15,0.00024115471708701844,0.0002425489265518688,0.000271455023069966,0.0002821767764269025,0.00024765250206514245,0.00022523552039951692,0.000186224810797816,calm
2018-03-16,0.00023702258987509209,0.00022821055137422054,0.0002588403042786187,0.0002666177001960678,0.00023355752384839217,0.00021196856034821004,0.00017006866819981376,calm
2018-03-19,0.00033636400909284434,0.00023256574500338186,0.00027268017620747615,0.0002784370316690128,0.00024405424994583967,0.00019893846407369797,0.0001687188031208826,calm
2018-03-20,0.0004095668743927801,0.000229711958377097,0.0002811196234961111,0.0002873253086453816,0.00023638515980812095,0.0001784310439860118,0.00016529865594985964,calm
2018-03-21,0.0004205844359058859,0.0002107629624272494,0.00027595460994204833,0.0002804397490675537,0.00020746598867870224,0.00014664505589462027,0.0001433094085533226,calm
2018-03-22,0.0003002832872864593,0.00023008073507816028,0.0003241354752818422,0.0003324069025016107,0.00023420463261309538,0.0001252773319998452,0.00013437933299440777,calm
2018-03-23,0.0003038670334009972,0.00027023607860973713,0.0003677623111561221,0.0003833009175319556,0.0003038422578994275,0.00014157898871901715,0.0001546959177421633,calm
2018-03-26,0.00022106929745597511,0.0002903996867764904,0.0004128492503337448,0.0004303555013061344,0.0003130780818155854,0.00013661199451678728,0.0001591036059102001,calm
2018-03-27,0.00047435219920308566,0.00031347354612473353,0.0004577571326337126,0.0005001119881884043,0.00032929299557635916,0.0001186408925496664,0.00016156472167552527,calm
2018-03-28,0.00048755312707455216,0.0003284520738685289,0.0004634675668365763,0.0005211206551903711,0.0003424762146684538,0.0001334019329805276,0.00018179399966671543,calm
2018-03-29,0.00044206598485325716,0.0003334249006795305,0.0004555577569946191,0.0005297759371382271,0.00032329656585112934,0.00016303131759314124,0.00019546292582053559,calm
2018-04-03,0.0004385096561603625,0.0003394559963593311,0.0004456143358997438,0.0005223844415239308,0.0003218495288678098,0.00020452282372065349,0.00020290885178451747,calm
2018-04-04,0.0004895770530309249,0.0003361712888929299,0.0004407059332371405,0.0005127910591522309,0.0002999042767568082,0.00022292478150446997,0.00020453039381400001,calm
2018-04-05,0.0002055545174996312,0.0003378693722784803,0.0004272317883367873,0.0005077082970853804,0.0002860071430016586,0.00026888798564942497,0.0001995116473191504,calm
2018-04-06,0.00016830761932199294,0.0004059953694666753,0.0004655634531991366,0.0005763741797752411,0.00036470786933797555,0.00033187088637192877,0.00029146045864909413,calm
2018-04-09,0.0002836735909336729,0.00036836098181478396,0.00043370549923001697,0.0005354556581141544,0.0003194483477999468,0.0003060105549913008,0.00024718484893850067,calm
2018-04-10,0.00028411209745588,0.00031964431168091085,0.0003826616627583778,0.0004661950660927587,0.00027482312427907585,0.0002755002654097328,0.00019904143986460923,calm
2018-04-11,0.00028069705401971524,0.00038906069982821143,0.00037712732520506047,0.0004560548748893066,0.0003594683327252985,0.00045400175618993586,0.00029865121013145595,calm
2018-04-12,0.00020088319288250232,0.0005594206064016426,0.0003707407191447979,0.0004497857890477207,0.0005717026728336169,0.0007476783497627858,0.0006571955012192914,calm
2018-04-13,0.0002442179702376838,0.0006193283089308415,0.0003407466265089004,0.0004055687701152856,0.0006923997856413791,0.0008309707623047428,0.0008269556000838995,calm
2018-04-16,0.00013253066601241948,0.0004766862488182502,0.00032476350507606804,0.0003764715708830753,0.00048569673007675977,0.0006430975835837954,0.0005534018544715529,calm
2018-04-17,0.00022825168205122806,0.0005456030220460816,0.0003075179046721403,0.0003527300874693672,0.0005758350995795641,0.0008036061374020274,0.000688325881107309,calm
2018-04-18,0.00015870992055361732,0.0005120788686871544,0.00028653268234982404,0.000322900661163908,0.0005368031351220377,0.0007512557552339687,0.0006629021095660338,calm
2018-04-19,0.00021373077853298878,0.0005203891406836336,0.000276969907644491,0.00030504289129321273,0.0005813102377594237,0.0008125429973281396,0.0006260796693929007,calm
2018-04-20,0.0001733676718169017,0.0004665146681994815,0.00027707204918144625,0.0002983464342446396,0.0005837277592604824,0.0006891532566254054,0.000484273841685434,calm
2018-04-23,0.00017044549567103219,0.0004088361092908963,0.0002628623320489311,0.0002799120332202463,0.0005335113820376969,0.0006045755873931127,0.0003633192117544946,calm
2018-04-24,7.545913447468944e-05,0.00041668279339466245,0.00027432287792132794,0.00028905059532338933,0.00047369523575569643,0.0007410614955179885,0.0003052837624549101,calm
2018-04-25,0.00011635545256276876,0.0002248682154871992,0.0002811619995932008,0.0002903818464438589,0.0002223878155506131,0.0001696709223631287,0.00016073849348519455,calm
2018-04-26,0.00010421919636924445,0.00023055087524139042,0.0002887467589454918,0.00029799005412113947,0.0002445947822285065,0.0001573304904952704,0.00016409229041654394,calm
2018-04-27,0.0002022586314686099,0.00020790233552299146,0.00028207737503700063,0.0002899994510605249,0.0001856668364736988,0.00012982764040100572,0.00015194037464272706,calm
2018-04-30,0.0003518545641137756,0.00020383555237308906,0.000275252313962435,0.0002793618921344682,0.00018887703458576313,0.00012239680082830898,0.00015328972035447014,calm
2018-05-01,0.00037460483985950703,0.0002026866889516884,0.00026317893692940904,0.00026510028043726455,0.00019238225390013212,0.00013268588995547738,0.00016008608353615882,calm
2018-05-02,0.00032806728446155097,0.00019400617055145305,0.00026191777964197746,0.0002640246360905573,0.0001749515307818195,0.00012106803919654202,0.00014806886704636893,calm
2018-05-03,0.000295409804018052,0.00020657626553228044,0.00027369243797378535,0.00027771079256180646,0.00019207688044422144,0.00012759528546693719,0.00016180593121465175,calm
2018-05-04,0.00024315820829057835,0.00020320397344544667,0.00028586135800221543,0.000291688653726932,0.00017338409086541917,0.00011939362468602216,0.0001456921399466445,calm
2018-05-08,0.00010054299360805872,0.00019879576769885965,0.0002877739991540577,0.00029631488462575275,0.0001597760277910352,0.00010887973369642429,0.00014123419322702835,calm
2018-05-09,8.213652439210973e-05,0.0001971563458733241,0.0002894422123316981,0.0002977824302835455,0.00015015150600930337,0.00011297128994300396,0.00013543429079906948,calm
2018-05-10,0.00019262460212356286,0.00020206545563984462,0.0002848622390617934,0.00029412897421829214,0.00016291624363291672,0.00012498181615696563,0.0001434380051292552,calm
2018-05-11,0.0001784080190472684,0.00021210294750207562,0.00028042268782689283,0.00029000162951055254,0.00018732775804566957,0.00013876785970078038,0.00016399480242648283,calm
2018-05-14,0.00027184636259041625,0.00021384745430836214,0.00027365159111483376,0.0002818659492602301,0.00018867270220634916,0.00014812733842622147,0.00017691969053417635,calm
2018-05-15,0.0002684701159781886,0.00021797521221050058,0.0002704378788771138,0.0002756112699904115,0.00018887733956646512,0.00015468716222978677,0.00020026241038872565,calm
2018-05-16,0.00031785754840706304,0.00022317144894415906,0.0002645235769216105,0.00026862704282673734,0.00019904816390399482,0.00017188976126411562,0.00021176869980433702,calm
2018-05-17,0.00020610715367120865,0.0002116918164403481,0.0002607775034135684,0.00026574723205175296,0.00018223369947968068,0.00015819809728953647,0.00019150254996720207,calm
2018-05-18,0.00021764583281970025,0.00021753335963395804,0.00025784902989349056,0.00026249444110199916,0.00019869680271078686,0.0001746966433882387,0.00019392988107527485,calm
2018-05-21,7.868009109909009e-05,0.00020960820157035873,0.00026252671837992766,0.00026665897606302963,0.00018292517308655937,0.00016137854754013479,0.00017455159278214211,calm
2018-05-22,0.00013949981717541486,0.00020781657589230562,0.0002629636093185245,0.0002668942487603836,0.00018860330763557505,0.00016034904797160862,0.0001602726657754362,calm
2018-05-23,8.691581357624547e-05,0.0002242497599597026,0.00028004925892613773,0.0002837770586859402,0.000212081618781946,0.00017436286561817825,0.000170977997786311,calm
2018-05-24,9.948992333539833e-05,0.0002395246268397923,0.0002756227519966087,0.00027707289729848113,0.00024649654895640764,0.0001911708266925959,0.00020726010925486803,calm
2018-05-25,0.00011759851463250318,0.00024553138519744675,0.00026802210006309553,0.000268881908732429,0.00025873413803001287,0.0002063270605235757,0.00022569171863812061,calm
2018-05-28,0.00012227162637582276,0.0002522760459935507,0.00026282898756660363,0.0002631150276305816,0.0002728663023290111,0.0002184025741692047,0.0002441673382723526,calm
2018-05-29,6.128086089775626e-05,0.0002851444173842843,0.00028749787544060597,0.0002881206210831944,0.0003154629265414084,0.0002484632743989916,0.000286177389457221,calm
2018-05-30,9.171402995361055e-05,0.000283992061883443,0.00029592767613565807,0.0002965816112537543,0.0003032204429648785,0.0002454703244710722,0.00027876025459185164,calm
2018-05-31,8.053387138777626e-05,0.00031614728154754176,0.0003127905150343811,0.0003158983733937027,0.0003564197540743155,0.00028261094938518557,0.0003130168158501238,calm
2018-06-01,5.6200187886046847e-05,0.00031371799087356503,0.0003201855800679145,0.00032779992991079847,0.00033368860969617637,0.0002761641826747193,0.0003107516520182168,calm
2018-06-05,6.316950295433845e-05,0.00030569289464125684,0.0003071895796511427,0.00031533600983414515,0.00033591408420750456,0.00027067640063581686,0.00029934839887767477,calm
2018-06-06,5.969329251548266e-05,0.00028757013206912984,0.00029388373118783927,0.0003008252633487928,0.0002980402632538537,0.0002731469179358669,0.00027195448461929655,calm
2018-06-07,7.521530282689091e-05,0.00026115644747271726,0.00028336178889493266,0.0002901183328367693,0.00027341735677659034,0.0002224114480653939,0.00023647331078990007,calm
2018-06-08,0.0001227318958663073,0.00023789466959684758,0.0002726451652162705,0.00027688424050974436,0.00023416589794236686,0.0002010416250143817,0.00020473641930147455,calm
2018-06-11,0.00015718646613518595,0.00022807346284364465,0.0002614838561968271,0.0002652233106322926,0.00022613112279554903,0.000192345218318979,0.00019518380627457546,calm
2018-06-12,0.0001483233578757152,0.00022874970746839104,0.00025001147307571626,0.0002525650790313533,0.00022550915505273528,0.000206143123972565,0.00020951970620958533,calm
2018-06-13,0.00017427644828311054,0.0002161317329342763,0.00024203838640414713,0.00024043742646519657,0.00020922667090127065,0.00019307800081005895,0.00019587818009070827,calm
2018-06-14,0.00015670406093815358,0.00019086666489556307,0.0002394884216821217,0.00023820207668674888,0.00017614369869117254,0.00015104474154692467,0.00014945438587084752,calm
2018-06-15,0.0001467112671525368,0.00019725363357978544,0.0002468804959256882,0.00024658030594879986,0.00018762501470653739,0.00015257526632181587,0.00015260708499608577,calm
2018-06-18,0.00043343358899784686,0.0002151634508126907,0.0002663545535232757,0.00026692760302506616,0.0002134126189165674,0.00016156600097129678,0.00016755647762724761,calm
2018-06-19,0.0004272713643679915,0.00022903045460548975,0.00028739618802744977,0.00028824601758512994,0.00023022911124229942,0.0001673830104169898,0.00017189794575557974,calm
2018-06-20,0.0004384414451969679,0.0002349805531770892,0.00029080180615006753,0.00029340376195059157,0.0002335635743428981,0.0001754814520117385,0.00018165217143015024,calm
2018-06-21,0.0004957421925686329,0.0002545281187158085,0.00031443032749244715,0.0003183262441258057,0.0002510876524993847,0.00019227773965545586,0.00019651862980594903,calm
2018-06-22,0.0004749647305453713,0.0002629460782417901,0.0003203100450741484,0.00032872871451898416,0.0002556023213249269,0.00020301069839077376,0.00020707861190011754,calm
2018-06-25,0.00020837571040689115,0.00033378123506592203,0.00039490631942928407,0.00041269104609271615,0.0003215865819872389,0.00026064830141194796,0.00027907392640842297,calm
2018-06-26,0.00021348708614599707,0.0003564278975221475,0.00039533076928985447,0.00041516985284919904,0.000346571178490966,0.00029425161302069544,0.0003308160739600228,calm
2018-06-27,0.0001967609604815178,0.00036009561801114714,0.00039120015435396935,0.0004213663276431432,0.00035161204017178084,0.00029742071912180617,0.00033887884876503593,calm
2018-06-28,0.00010936628209994641,0.0003904278603765075,0.00041595133972447844,0.0004548179255046591,0.0003881860309329399,0.0003241835964791552,0.0003690004092413048,calm
2018-06-29,0.00011273745397318629,0.0003729628994630791,0.00039876798575233903,0.00043998736404374087,0.00036379905810660356,0.00031869516347216817,0.0003435649259405437,calm
2018-07-02,5.15610842060107e-05,0.00039589950670225227,0.00040114635115402416,0.0004462578173599862,0.0004047523415273208,0.0003509699620822121,0.000376371061387718,calm
2018-07-03,5.7354079881674124e-05,0.0003876320690441493,0.0003891093645503401,0.0004379083122900344,0.00039115073391618715,0.00035710606432868213,0.0003628858701355027,calm
2018-07-04,7.689723583221891e-05,0.0003835281317337516,0.00037778649208047095,0.0004290428233447377,0.00038671897861474293,0.00035819002280818013,0.0003659023418206263,calm
2018-07-05,0.00020370652655851698,0.00034375852034988677,0.00035226887419551387,0.00040121279432942674,0.00033392791461313125,0.0003135581321217239,0.0003178248864896379,calm
2018-07-06,0.00019175009383158971,0.0003209542689277616,0.000332083858858596,0.0003766522632987851,0.00031024339553453815,0.0002870043758288477,0.00029878745111804105,calm
2018-07-09,0.0001914246838954346,0.0002880398981546268,0.0003113727075250955,0.00034853412638141245,0.00027142276896038024,0.00024791086882513294,0.0002609590190811129,calm
2018-07-10,0.00019670415813841918,0.00027141154842266085,0.0002976437826964764,0.00032975688529667224,0.0002596210555155082,0.00023010557085132363,0.00023993044775332372,calm
2018-07-11,0.00015581088408345105,0.00028742197622114857,0.0003146370120323123,0.0003463688699219297,0.00028923141525703414,0.00023408117748620176,0.0002527914064082651,calm
2018-07-12,7.21455817978061e-05,0.00027469615848498344,0.00032647912764210404,0.00036023326715754436,0.00026631681027333373,0.00019770677116842897,0.00022274481618350626,calm
2018-07-13,0.00010825679415213364,0.0002628696074482329,0.00031875815151439347,0.00035158639800080053,0.0002558256835341386,0.00018414695051382712,0.00020403085367800484,calm
2018-07-16,0.0002119731018800978,0.0002498957537901328,0.00029766432411049186,0.000324426984876117,0.00024874890410982783,0.00017854803125675229,0.00020009052459747474,calm
2018-07-17,0.00020505330352466012,0.00022935852331160012,0.00028721036195418834,0.0003098897335522221,0.00022236402317867633,0.00015410507062565924,0.00017322342724725458,calm
2018-07-18,0.0002052005610877142,0.00021590459006402542,0.000264933100035999,0.00027813200319775467,0.00021645618340935678,0.00015575261465379108,0.00016424904902322552,calm
2018-07-19,0.0002038779887432677,0.00021599747280817114,0.0002635745539350518,0.00027270312244714797,0.0002241520718267452,0.0001556051994368241,0.00016395241639508663,calm
2018-07-20,0.0001769032561898473,0.00022324256009031347,0.0002712384463059539,0.0002789699572529652,0.00024359262520491347,0.00015198859440330791,0.0001704231772844268,calm
2018-07-23,0.0001442163059020149,0.00022841691770760552,0.00027944634438222015,0.0002842410524613609,0.0002487289443643441,0.00015236311258348082,0.0001773051347466218,calm
2018-07-24,0.00013601452780049838,0.00021399666128096,0.0002815250534199907,0.00028604198571296216,0.00021729520714660542,0.00013475241685368062,0.0001503686432715611,calm
2018-07-25,0.0001418648777019558,0.00019863993210619845,0.00027684133133108394,0.0002761280279709055,0.00017906352373288248,0.0001364206774908718,0.00012474610000524862,calm
2018-07-26,0.00026888390445225423,0.00019424342627814877,0.00027458488281104245,0.0002781130049306991,0.0001801593138651155,0.00012196585860788672,0.00011639407117600011,calm
2018-07-27,0.0003384858114924297,0.00019232073364152617,0.0002794893904534987,0.0002842090663897616,0.00017491193684833955,0.00011660257735357507,0.00010639069716245585,calm
2018-07-30,0.00028041510916366,0.00019607449657530886,0.00029925792486612003,0.00030548029263644194,0.00016645728739959987,0.00011259383081356927,9.658314716081326e-05,calm
2018-07-31,0.00027957695660306284,0.00018810259485902616,0.0002943882438773869,0.0002992911969967325,0.00015813600794732963,0.00010069599337513459,8.800153209854715e-05,calm
2018-08-01,0.00033172142370797446,0.0001833449143546225,0.0002862569659337683,0.0002900374439460774,0.00015396624486429248,0.00010089201803561418,8.557189899336011e-05,calm
2018-08-02,0.00016788363821870208,0.00020570891185650535,0.000307841782732637,0.0003108149223734359,0.00018926260465414662,0.00011894636435466253,0.00010167888516764473,calm
2018-08-03,0.00016952394015520413,0.00021237512645468,0.0003195969385929157,0.0003246686851956869,0.00018732118253427494,0.00012927246437984238,0.00010101636157068006,calm
2018-08-06,0.00015463265698512896,0.00023028103308769706,0.0003177270437344401,0.00032524445005950586,0.00020987348478340901,0.00016508977310998745,0.00013347041375114284,calm
2018-08-07,0.0001557652456630147,0.00023026642598215877,0.00029817859258126164,0.0003050959204000833,0.0002113684867495849,0.00018601921806841215,0.00015066991211145183,calm
2018-08-08,0.000230850131668062,0.00025268783643390014,0.00028292443490581285,0.0002915029172702781,0.00024488494915124605,0.00023010064379712085,0.00021402623704504286,calm
2018-08-09,0.0002917425130172391,0.0002634603568335247,0.00027064709009663284,0.0002780341945323479,0.00025494294365844845,0.00025674723141118783,0.0002569303244690068,calm
2018-08-10,0.000217529790571034,0.0003020902347914084,0.0002939176314590764,0.0003004475076670739,0.0002914633987756286,0.00030985842706451725,0.0003147642089907456,calm
2018-08-13,0.0002341613538106796,0.0003060109299923411,0.000298715076436908,0.00030345484815715875,0.00028930535648623095,0.0003082048282329026,0.0003303745406485053,calm
2018-08-14,0.00023459481391969997,0.0003024648907720964,0.0002815217132682647,0.00028410824303630954,0.00027710399899145706,0.0003157291584104282,0.0003538613401540225,calm
2018-08-15,0.00010446199774769477,0.00033733330298024706,0.0003020997888928213,0.00030292054860988623,0.00032139184809309366,0.00033741199256345235,0.0004228423367419817,calm
2018-08-16,3.8131856846790255e-05,0.00031951504252318287,0.0003121039872205411,0.0003144306939523064,0.00029324521511079477,0.00027544035238786114,0.00040235496394441095,calm
2018-08-17,0.00014345055758722614,0.0003068778217687264,0.00031150308461318097,0.0003175917339333714,0.00028567755569446236,0.0002441963571503966,0.00037542037745222074,calm
2018-08-20,0.00012641707772321884,0.00027653607951255536,0.0003029336362050709,0.0003117326091342108,0.0002557380172673308,0.0002157245645775446,0.00029655157037861965,calm
2018-08-21,0.0001286386735945202,0.00025588908958882613,0.0002870838036257626,0.0002962677911880665,0.000236364980779195,0.0002116247872509584,0.00024810408510014803,calm
2018-08-22,0.0001548963171244176,0.00025196300336725885,0.00026341015908635076,0.00027062568863535564,0.00023422742264106005,0.00022796856508528648,0.0002635831813882414,calm
2018-08-23,0.00015893041877229654,0.00025687325928400704,0.00024561628029496713,0.00024721531250618614,0.00024863882239917375,0.0002477441727504405,0.0002951517084692677,calm
2018-08-24,5.91535687769649e-05,0.000244566962517401,0.00024085807379165623,0.00023961782724800916,0.0002317838961353646,0.0002323508407565769,0.00027822417465539804,calm
2018-08-27,6.300515544466374e-05,0.00022883101908106792,0.00023269547627653063,0.00022720026727347684,0.00021449225481689905,0.00021954135934746616,0.00025022573769096693,calm
2018-08-28,7.839320728450345e-05,0.00022773337339993807,0.00022391546613763144,0.00021724125923133514,0.00022101038148944396,0.0002197943210258418,0.0002567054391154381,calm
2018-08-29,0.00012833853258852689,0.00021255969522495982,0.0002227923404844189,0.00021304492283209746,0.00019835901221859804,0.00020064189022190898,0.00022796031036777568,calm
2018-08-30,0.00012434013549618647,0.00021117546354533249,0.00022806036853969007,0.00021576048471839943,0.00020358791331478323,0.00018999285446599172,0.00021847569668779793,calm
2018-08-31,0.00015323689834014572,0.00022690768267094328,0.00023305382667035516,0.00022240944284328702,0.00022859530035216548,0.0002066985895501028,0.00024378125393880603,calm
2018-09-03,0.00015249663137896271,0.0002397034879852494,0.00022942635948348302,0.00021938025579838289,0.00023985367049308767,0.00023467549423379394,0.00027518165991749955,calm
2018-09-04,0.00013644509769028553,0.0002653978825302014,0.00023649040700637279,0.00022590528352072422,0.0002569970037229737,0.0002655655862349992,0.0003420311321659371,calm
2018-09-05,8.414517234011501e-05,0.00030706767672855466,0.0002589354872661137,0.0002477322516432892,0.00029755328413957536,0.0003006091623188357,0.0004305081982749592,calm
2018-09-06,9.068517707983485e-05,0.0003281528004282067,0.0002691519511591048,0.00025726536447779903,0.00033118663967119646,0.00030939992091515357,0.00047376012591777967,calm
2018-09-07,4.196582150057962e-05,0.00034008819634310014,0.0002725558683079991,0.00026113996675039254,0.00032744423391787127,0.0003270714327853156,0.0005122294799539223,calm
2018-09-10,6.454361250943828e-05,0.00033087648155853753,0.0002666496420833613,0.00025603243726761296,0.00032503680625332664,0.00031167135725026455,0.0004949921649381221,calm
2018-09-11,9.086691694487565e-05,0.00029935947669938067,0.00025758299299627057,0.00024624269483721953,0.0002762924231739089,0.0002913064582595476,0.00042537281422995677,calm
2018-09-12,6.958164861926402e-05,0.0002904983045521209,0.0002508989079858247,0.00024258234911662713,0.0002976839980718304,0.00028281363386546725,0.00037851263372085505,calm
2018-09-13,6.745339048259466e-05,0.0002545940004966555,0.00024638013991904806,0.0002386832103931304,0.000297082263018075,0.00025043404195852304,0.00024039034719450076,calm
2018-09-14,9.516573556584492e-05,0.00022884017941370423,0.00023641504278968102,0.0002293233734155293,0.00028127464062252045,0.00024075033518303437,0.0001564375050577559,calm
2018-09-17,0.0002520332677185024,0.00022100127870036869,0.0002367516119011578,0.00022879675143460627,0.00026182246400895305,0.0002313158027525956,0.00014631976340453079,calm
2018-09-18,0.00023519207094169122,0.00020550675097578651,0.00024019025450230786,0.00023222273782021316,0.00023497981514753797,0.0002055227398572215,0.00011461820755165215,calm
2018-09-19,0.0002351514084006313,0.0001977245967492199,0.00023947626607053452,0.00023206569443089494,0.00022552538319051441,0.0001943266225021652,9.722901755199024e-05,calm
2018-09-20,0.00023323604606766002,0.0001947566580875135,0.00024124196740050682,0.00023355444416168271,0.00021833883564572202,0.00018612501612823442,9.452302710142136e-05,calm
2018-09-21,0.0003005874148392867,0.00019868021242444933,0.00024286002467463396,0.0002375966103557778,0.00022685097838112195,0.00018151465631347042,0.00010457879239724247,calm
2018-09-24,0.00013606255114730087,0.00022343895514999367,0.0002633359957848845,0.00025923887397623656,0.00026713278260566425,0.00020690309503912618,0.000120584028344057,calm
2018-09-25,0.00013469006290086155,0.00023493740817543147,0.00027260317327089964,0.0002687398611738505,0.0002763842443079511,0.0002255134233211645,0.00013144633880329156,calm
2018-09-26,0.00023676973068312106,0.0002505936041936311,0.0002721989348257223,0.00026877842757885915,0.0002880146658283628,0.0002630476033142804,0.000160928389420931,calm
2018-09-27,0.0003111895773749302,0.00023724140320137264,0.00026550885845442795,0.0002628675657100581,0.0002604431880257595,0.00023616792093007676,0.00016121948288654118,calm
2018-09-28,0.00023949087072635053,0.00026837424763086106,0.0002692257867106528,0.0002697590653015143,0.0003060640939822288,0.00028324326019115283,0.00021357903196875667,calm
2018-10-01,0.00031385247705307607,0.00027724973446821436,0.0002736977219968122,0.00027559695198810046,0.0003011942919581825,0.00029665486826202135,0.00023910483813595514,calm
2018-10-02,0.0003931269434444089,0.0002813414543468332,0.0002730627184130138,0.00027629793538821003,0.00029905107464439054,0.00030159814180565325,0.00025669740148289864,calm
2018-10-03,0.0010680267075279246,0.00028942864252346693,0.0002736679982926393,0.000279707972143197,0.0002853402751147461,0.00030933257058813224,0.00029909439647861987,calm
2018-10-04,0.0014827857105442442,0.00031019229392056295,0.0002927811487288947,0.000300243630875549,0.00029140005516754597,0.00033869419395617686,0.0003278424408746483,calm
2018-10-05,0.0016305120898724723,0.00032438203674124076,0.0003231649864973112,0.0003325683600219364,0.0002951075696057809,0.0003424877099770858,0.00032858155760408936,calm
2018-10-08,0.0015444260519097916,0.0003733873415552418,0.0003535942522736459,0.0003664998917819864,0.00035913631337483224,0.0004080344854460986,0.0003796717648996458,calm
2018-10-09,0.0020361068899388676,0.0004017585439748159,0.00037470381136992887,0.00038952698491702355,0.0003842303871426736,0.0004559225048878349,0.0004044090315566182,calm
2018-10-10,0.0013992422672019869,0.0006504627137248763,0.0005291730396360414,0.0005744020147353239,0.0006941500922174208,0.0007270106220428642,0.0007275777999927306,calm
2018-10-11,0.0011580305958987075,0.0010655317780247776,0.0008212323788550567,0.0009386470489669634,0.0012241063973656115,0.0010826062919503188,0.0012610667729859384,calm
2018-10-12,0.001223943800741337,0.0011462021710745766,0.0010190399304299024,0.0011876287368911007,0.001139914805778227,0.0009908640554788042,0.0013935633267948497,calm
2018-10-15,0.001237598924173125,0.0012660648303161692,0.0010824283037585527,0.0013084314999482728,0.0011783948796437061,0.0010747295462737332,0.0016863399219565816,calm
2018-10-16,0.0009025418912876466,0.0011028975237289628,0.0010658774111143396,0.0013421563334728708,0.0008919457033468666,0.0007857044847232894,0.0014288036859874478,calm
2018-10-17,0.0007615872598438838,0.0011476897374172314,0.001020150962386366,0.0012665139936456115,0.0009273387438711577,0.0011021697627639178,0.0014222752244191037,calm
2018-10-18,0.0005906640359636551,0.0015395281435026408,0.001169679918217253,0.001451365032747858,0.0012549698180851026,0.00195936423969115,0.0018622617087718412,calm
2018-10-19,0.0003538600621992414,0.0016818774051024804,0.0012304077564322872,0.0014603069274818133,0.0013649750399092574,0.0024356908861489905,0.0019180064155400538,calm
2018-10-22,0.0004766946524124698,0.0016240878483312969,0.0011928221330313607,0.0013881366118579238,0.0012639733829085348,0.002550686487785221,0.0017248206260734456,calm
2018-10-23,0.0003054060859906263,0.0017236324943199857,0.0013396283309588608,0.0015137600923517635,0.0013649937263811166,0.0025432659104879228,0.0018565144114202638,calm
2018-10-24,0.0003535378205492056,0.0020686724337663697,0.0014972300920165352,0.0017257830000530958,0.0016935467012743038,0.003217985721533519,0.0022088166539543947,calm
2018-10-25,0.0002756758049584547,0.0017377058838836611,0.0014828192011880346,0.0017226002166880604,0.0012959009232468555,0.002413303241035973,0.0017739058372593835,calm
2018-10-26,0.00039357139449008925,0.0019362112546567167,0.0014671149527849413,0.0017316103269006452,0.0014297680947766211,0.002967434885148904,0.0020851280136724706,calm
2018-10-29,0.00027842735418166147,0.0018707870550627316,0.0013659071429906464,0.0016735888265408208,0.0013896639451781768,0.0029048258056177845,0.00201994955498623,calm
2018-10-30,0.0002820307703648709,0.001519315518656385,0.001231917657385987,0.0015363701856552418,0.001169060627917486,0.002041943090670973,0.0016172860316522374,calm
2018-10-31,0.0005945405682413198,0.001297842834097497,0.0010873513943545719,0.0013814554484425194,0.0009732085729992141,0.0016448091481740177,0.001402389606517162,calm
2018-11-01,0.0006626576464682726,0.001120523717408519,0.0009097254742890403,0.0011478792882638833,0.0008763432761829281,0.0014083789937789557,0.0012602915545277874,calm
2018-11-02,0.0005673697047156909,0.0011140090900700417,0.0007832357128529639,0.0010074922952528855,0.0008940808569174842,0.0015313760294325322,0.0013538605558943428,calm
2018-11-05,0.0005943931677891864,0.0010672026848266628,0.0006784287626342237,0.0008753632778179316,0.0009142212388149083,0.0015278835937790277,0.0013401165510872222,calm
2018-11-06,0.0005181302121584936,0.0010611350766898833,0.0006079249073748321,0.0007819023279581609,0.0010034398167192244,0.0015326574334934607,0.0013797508979037382,calm
2018-11-07,0.000236282340202231,0.0009583233607570723,0.0005553963270497661,0.0007225983136546946,0.001008312241338837,0.0014232707576777692,0.0010820391640642942,calm
2018-11-08,0.0016915449785321558,0.0009051102162122068,0.0005388379777768376,0.0006962622051362731,0.0010276265031401253,0.0012531934439127795,0.0010096309510950181,calm
2018-11-09,0.0016866694727400702,0.0008999533462691128,0.00048411693393871644,0.0006279809892218942,0.0011501375867639463,0.0011879177916332773,0.001049613429787729,calm
2018-11-12,0.001828733097613822,0.0010305241108407187,0.0005276310950855036,0.0006963490716428688,0.0014798850580013396,0.0013382960545145722,0.0011104592749593082,calm
2018-11-13,0.002024954973233075,0.0008495525499657554,0.0005081717355689053,0.0006730494867676696,0.0010854634985153796,0.0010954356911477311,0.0008856423378290908,calm
2018-11-14,0.0021055980858994752,0.0008788554865167347,0.00050496478321175,0.0006800503301561752,0.0011294437843583647,0.0011291658681382066,0.0009506526667191769,calm
2018-11-15,0.0006143250954579306,0.0009826980673650816,0.0005939584849691809,0.0007907113061237919,0.0011152719784233128,0.001283189317480365,0.0011303592498287567,calm
2018-11-16,0.000736853995278611,0.0009607424841952808,0.000599711327056784,0.0007827995618279266,0.001099936320388992,0.0012564100605736452,0.0010648551511290565,calm
2018-11-19,0.0005401105057671437,0.0009982284810801899,0.0006898937958058687,0.0009031066317133658,0.00125386987466982,0.001127506091724052,0.0010167660114878427,calm
2018-11-20,0.0004230515915080572,0.001185082131936176,0.0009068018879052084,0.0012133276199866717,0.0015682842716502248,0.00111803502448281,0.0011189618556559648,calm
2018-11-21,0.0002981176783604041,0.0011774792351623331,0.00099040817242594,0.0013461856068721584,0.001364391192605436,0.0011950071070517111,0.0009914040968564204,calm
2018-11-22,0.0002701146969466167,0.0011813799295534362,0.0010208801630870712,0.0013657125520228543,0.0012447169141596923,0.0012516043048416757,0.0010239857136558868,calm
2018-11-23,0.00015810190918746827,0.0010571017624411004,0.0010177788676759036,0.001375330728868164,0.0011752796387392301,0.0007639129458071221,0.0009532066311150816,calm
2018-11-26,0.00018267684440969733,0.0008692833688051238,0.0008673901085169252,0.0011694985856090575,0.0007455929018585466,0.0006773853897140784,0.0008865498583270118,calm
2018-11-27,0.0007385440449464938,0.0010233876123166227,0.0007864915692783283,0.0010421812361316948,0.0009605979607655416,0.0011099306645490433,0.0012177366308585055,calm
2018-11-28,0.0007321225266608739,0.0009914306168294518,0.0007051084687136952,0.000913402199828696,0.0009113424482636191,0.0010554356430720474,0.0013718643242692018,calm
2018-11-29,0.0017222108515980617,0.0009251990357961981,0.0005754325729404877,0.000729573855220322,0.0008172456367307438,0.0010239181254379603,0.001479824988651477,calm
2018-11-30,0.0017946927917544151,0.0008402962168369326,0.000504531379370234,0.0006278277997325894,0.0007390987133795794,0.0008981192234970829,0.001431903968205177,calm
2018-12-03,0.0024196573480240804,0.000763538766419375,0.00045582237466397393,0.0005662291693535331,0.0007124578682177257,0.0008325628682940491,0.0012506215515675938,calm
2018-12-04,0.0020117650018343495,0.001128875574631144,0.000545829033465591,0.0007063721108261735,0.0011948408725788468,0.0013094646117502136,0.001887871244534896,calm
2018-12-05,0.002011431681792842,0.0017640322551778736,0.00070327846438523,0.000984063225247548,0.0022772930349449824,0.0022369651763830926,0.002618561374928515,calm
2018-12-06,0.001020687001995022,0.00211717632296913,0.0009976569068360665,0.0013649288687699475,0.002670953904632399,0.0029000878498315562,0.0026522540847756793,calm
2018-12-07,0.0009278491016089588,0.002317559303652584,0.0012596414753121362,0.001748935332227941,0.0026489038889747313,0.003004058408018741,0.00292625741372937,calm
2018-12-10,0.000356248718922914,0.002478316186192735,0.0015918216895810667,0.002098316177904073,0.0026864961504352723,0.0031940542885403643,0.002820892624502897,calm
2018-12-11,0.0002031721855609696,0.002043847312158695,0.0015917926340498815,0.0020179629811558223,0.0019234117313463,0.0025071751269678173,0.0021788940872736516,calm
2018-12-12,0.00018556806891288006,0.0016282859696453902,0.001447036834643119,0.0018216814657399743,0.0014161302988938813,0.0018167261298790889,0.0016398551190708874,calm
2018-12-13,0.00033427747455291857,0.0013155912623778144,0.0011632552355419436,0.0013892815771314158,0.001197576159005303,0.0014623485473276424,0.0013654947928827676,calm
2018-12-14,0.00033230779140043314,0.0012933930013148422,0.001048156441674668,0.0012423192199270514,0.0011820520194188546,0.0014990482740428338,0.0014953890515108045,calm
2018-12-17,0.0002558709613809286,0.0014023674821088716,0.0010566490731471667,0.0012900164126087047,0.001306109544311514,0.001681196901085953,0.00167786547939102,calm
2018-12-18,0.0003598430829112746,0.0012865732040685525,0.0009692893851189177,0.0011417456294373104,0.001181954681571687,0.0016152163491430142,0.0015246599750718332,calm
2018-12-19,0.0009551310304020113,0.0011302254056154558,0.0008750729782002647,0.0010463492084145775,0.0010280515192607734,0.0013064428606045391,0.0013952104615971245,calm
2018-12-20,0.0008151361856152154,0.001203659492778112,0.0009408033011239054,0.0011525455070648567,0.0010969283782573057,0.0013449277623027631,0.00148309251514173,calm
2018-12-21,0.0008112760831895067,0.001301880365834365,0.0009701635556732793,0.0012340463279207402,0.0011621145508179378,0.0014239936627608663,0.0017190837319990008,calm
2018-12-24,0.0008125012527797193,0.001530162176134471,0.0009543434502586999,0.0012757176103018306,0.0013349941041890278,0.0018670022928683457,0.002218753423054452,calm
2018-12-27,0.0016219677022947779,0.0016447775042506148,0.0010279502336703143,0.001375628921241703,0.0013890312131531995,0.002086885347265213,0.002344391805922644,calm
2018-12-28,0.001012573291323399,0.001347458775245081,0.00098619789419711,0.0013343855311231734,0.001084991210006761,0.0016742568424742775,0.0016574623984240825,calm
2018-12-31,0.0010253176112463734,0.0010849896189425354,0.0008744493375476863,0.0012029701940507798,0.0008104607279258561,0.001257732959285879,0.0012793348759024758,calm
2019-01-02,0.0011119860172792582,0.0006634520979279416,0.0007292231223562705,0.0005307149925791785,0.0007500739306649433,0.0006390808477505334,0.0006681675962887823,calm
2019-01-03,0.0011113403439463561,0.0007472425901161385,0.0008369445973749065,0.0006032807495596214,0.0008511853396943579,0.0007105991543471558,0.0007342031096046515,calm
2019-01-04,0.0001790806574791263,0.0006272176346598695,0.000700384087465433,0.0005006655989257621,0.0007201646251565897,0.0005887009824629363,0.0006261728792886262,calm
2019-01-07,0.0002035129157733642,0.0005509640648840569,0.0006159804434014598,0.0004369844541965818,0.0006426494526717129,0.0005108109224643102,0.0005483950516862202,calm
2019-01-08,0.00020555786698659787,0.0004761976568608918,0.0005301375871546292,0.00038598299434652574,0.0005539140418925347,0.000435771855495078,0.0004751818054156915,calm
2019-01-09,0.0002221560221994213,0.0004401500247235391,0.0004799739630944666,0.00036284036341242295,0.0005164922885992776,0.00040371319052380245,0.0004377303179877259,calm
2019-01-10,0.00022118817979878506,0.00039615102434632093,0.00042235275794308804,0.0003359046636947481,0.0004714966235115192,0.00036319324143866457,0.00038780783514358514,calm
2019-01-11,0.0004312739812101229,0.0003881533903297177,0.0004080534770315345,0.00034229528969543317,0.0004612626194848499,0.0003538899216707438,0.00037526564376602704,calm
2019-01-14,0.00040763183672239085,0.000389663199970223,0.00040212271400319526,0.00034864295739977196,0.00046591705222169696,0.000354959578822451,0.0003766736974039997,calm
2019-01-15,0.00039717869567762985,0.0003676976565147907,0.00037602141359544856,0.00032906589884182754,0.00042989894630332683,0.00034150070436668613,0.0003620013194666647,calm
2019-01-16,0.00029394502911462135,0.0003517288740923539,0.00035611467464726333,0.00031520372114897247,0.00041095019008266954,0.0003295240790992126,0.0003468517054836515,calm
2019-01-17,0.00037739483797121507,0.0003352773710562966,0.00034376448140945764,0.0003024843373808218,0.0003886284031816628,0.0003165854550919944,0.00032492417821754644,calm
2019-01-18,0.0002731576432004562,0.00030477877431012466,0.00031482122907688774,0.0002811531922218727,0.00035060010564319256,0.0002872121145303915,0.0002901072300782788,calm
2019-01-21,0.0002724660198631231,0.000286027910329689,0.0002986556935839961,0.0002716373698945429,0.0003263424715379909,0.0002668287694520535,0.00026667524717986156,calm
2019-01-22,0.00025468892579733754,0.00030543698024002475,0.00030753779877694507,0.0002917068490085693,0.00036195685080541584,0.00028255885356751547,0.00028342454904167806,calm
2019-01-23,0.00025442253743828607,0.00030614356239021153,0.00031210624981379816,0.0003001507238937886,0.00036735568528259357,0.00027230254326999516,0.0002788026096908818,calm
2019-01-24,0.0004207943207550715,0.0002988420706795306,0.0002997145893647936,0.000297485254989831,0.00036497076612218267,0.00026110110662353397,0.0002709386362973116,calm
2019-01-25,0.0004035012253402165,0.0002943970109489313,0.0002973893136019041,0.0002949604082921122,0.0003639109789065533,0.00025408710827409326,0.00026163724566999363,calm
2019-01-28,0.00040398742020947455,0.0003153834969405547,0.0003231868957619028,0.00031948009507069727,0.000397712426142324,0.0002641489127583837,0.00027238915496946564,calm
2019-01-29,0.0007177847800825284,0.0002980510660636043,0.0003028046830492262,0.000305040355153384,0.0003824386319535699,0.0002449313408731204,0.00025504031928872106,calm
2019-01-30,0.00074821337350507,0.0002512142937521281,0.0002504277388782384,0.0002575264112207015,0.0003026879809093282,0.00021776811363651003,0.00022766122411586217,calm
2019-01-31,0.0009640388137534131,0.0002479795037798742,0.00024629585466736975,0.0002539410586005726,0.0003004372635465394,0.00021356187601666128,0.00022566146606822803,calm
2019-02-01,0.0008196164841541216,0.00024913258698327974,0.00024739686060170534,0.0002577791414988053,0.00030231783993666457,0.0002159449485989832,0.0002222241442802401,calm
2019-02-04,0.0009656225885378642,0.0002443986054705097,0.00024537466234534185,0.0002581097879036168,0.000305321074455607,0.00020649199042988226,0.0002066955122181007,calm
2019-02-05,0.0006583008015212783,0.00018948038391229037,0.00018180374486836216,0.00020131084757513297,0.00020058728322618814,0.00018417455259411047,0.00017952549129765811,calm
2019-02-06,0.0007840812958224333,0.00020619224923468644,0.00020000449887409643,0.00021886575284207901,0.00022732835339384455,0.0001962094697091255,0.00018855317135428674,calm
2019-02-07,0.00037470910296787525,0.0002721373525983573,0.00025265233638314244,0.0002878305601481922,0.0003010428325024412,0.0002603353395490794,0.0002588256944089312,calm
2019-02-08,0.00038259038375317933,0.0002897603255832504,0.0002653997338318655,0.00030293401280028653,0.00030540614668792926,0.0002881007628552733,0.00028696097174089733,calm
2019-02-11,0.00023676021328312597,0.0003087859448344211,0.0002859176842805003,0.0003220021829839576,0.0003357517095023837,0.0003014585883090399,0.0002987995590962242,calm
2019-02-12,0.00022983876168170892,0.00028321771293034225,0.00025673838401115437,0.00029158483005939405,0.0003002358113500919,0.0002872886164914389,0.0002802409227396319,calm
2019-02-13,0.00023872402233673728,0.00028371171748248415,0.0002581894854841413,0.00029362496019074476,0.00030998408819908255,0.0002821518643722393,0.0002746081891662125,calm
2019-02-14,0.00018532736412194426,0.0003113794531452939,0.00028440700672186745,0.0003235945236295549,0.00034128297552779596,0.00030722055730722454,0.0003003922025400266,calm
2019-02-15,0.00017838291033432486,0.0002889086741259325,0.0002627694115559771,0.0002980319047750037,0.0003021270510361818,0.0002948552929155398,0.0002867597103469599,calm
2019-02-18,0.00018159332877699244,0.00029041270089717893,0.0002841912192099118,0.0003030588901529637,0.0003093440512858537,0.0002807680404351187,0.00027470130340204673,calm
2019-02-19,0.00022978417056362355,0.00024841075534272827,0.00023810735014745228,0.000263998930274798,0.00025101369296828173,0.00024516222332586214,0.0002437715799972474,calm
2019-02-20,6.2529270862139e-05,0.0002548305711797009,0.0002513169090202798,0.0002713192548862891,0.0002720556094000323,0.0002410981165275171,0.0002383629660643863,calm
2019-02-21,0.00011401719465424662,0.00025586865758439945,0.0002559057460421956,0.00027300931908343453,0.0002825610432104703,0.00023441426019286474,0.000233452919393032,calm
2019-02-22,0.00027922558054161036,0.00025330042601784636,0.00025842304629335107,0.0002694754376087607,0.0002821314628656043,0.0002290893061414548,0.0002273828771800609,calm
2019-02-25,0.00029004353148995044,0.00024186354122547287,0.00024077586347116803,0.0002585657560076064,0.0002738197405698435,0.00021816956238529991,0.00021798678369344668,calm
2019-02-26,0.00025342462342463313,0.00022864433703154003,0.00022122463209232519,0.0002466661701548607,0.00025432534725667693,0.00021062711527776562,0.00021037842037607179,calm
2019-02-27,0.00028492180155477946,0.0002424764028140809,0.00023984656293930554,0.0002611542743031711,0.0002768721263125237,0.00021708512951454292,0.0002174239210008613,calm
2019-02-28,0.000508295867920445,0.0002499389465592434,0.0002505950681494346,0.0002677197757014646,0.00028438916939697335,0.00022391196586399556,0.00022307875368434885,calm
2019-03-01,0.00035083457764320113,0.0002462586094646179,0.0002494020127617981,0.00026141743719048754,0.00027734652052113627,0.00022398705777968981,0.00021914001906997785,calm
2019-03-04,0.00037080819650439406,0.00023948051551036988,0.00024046664689108518,0.00025641287678445604,0.0002693959579314987,0.00021783016517342566,0.00021329693077138374,calm
2019-03-05,0.00036525072991486874,0.00023437235502659699,0.00023226931120382842,0.0002534110511352526,0.00026078036735059293,0.0002155378319904199,0.000209863213452891,calm
2019-03-06,0.00037079800500487486,0.00025018320005444384,0.0002500717461664923,0.0002683171580634996,0.0002785739491808888,0.00022991450994054555,0.00022403863692079302,calm
2019-03-07,9.245445579146069e-05,0.0002820363944494027,0.0002701101918477831,0.00030229304075870373,0.00031400450769767155,0.000262737467392328,0.00026103676455052714,calm
2019-03-08,0.0002269110859454606,0.0003010932616389485,0.0002867633849256628,0.00031968419533018083,0.00033432325123372326,0.0002844261836989681,0.00028026929300620777,calm
2019-03-11,0.00019127580568118176,0.0002784993242144539,0.00026008213070788106,0.0002923426097100128,0.00031595549935922544,0.0002659252991306625,0.00025819108216448795,calm
2019-03-12,0.00018931423719981396,0.00027262105845154776,0.00025760228073684984,0.0002848385375857709,0.00031093074751167203,0.00026072100341685697,0.00024901272300658907,calm
2019-03-13,0.00018256265512186896,0.00023984512565577125,0.00021981143486994625,0.00024886110382021785,0.000254573294194306,0.00024525298668069695,0.0002307268087136891,calm
2019-03-14,0.0003447844570881373,0.00023345235732316047,0.00021847394046527394,0.00024487685362303076,0.0002486403364374424,0.00023366475163168679,0.00022160590445836846,calm
2019-03-15,0.00042075594203170246,0.0002095851561761739,0.00019380322367191155,0.00021827853838333336,0.00020567033438230817,0.00022177400871478665,0.00020839967572852973,calm
2019-03-18,0.0004244991244276195,0.00019975142393916382,0.0001832862074155966,0.00020660953020884356,0.00020213282374547054,0.0002077282568599001,0.00019900030146600826,calm
2019-03-19,0.00042572524184303394,0.00020422298649826654,0.0001872476538364708,0.00021613557273178146,0.00021321940061135781,0.00020347966572505877,0.0002010326395866638,calm
2019-03-20,0.0003983489491970457,0.0002474614671657327,0.00023959481844525518,0.00026437493453816647,0.0002752824609002923,0.0002280473925366906,0.00023000772940825882,calm
2019-03-21,0.00023559272475462534,0.0002824349195943475,0.00028419735554048093,0.00029803345087753644,0.000318468426787384,0.0002536709393581882,0.00025780442540814793,calm
2019-03-22,0.00023085137640308753,0.00036361136895784617,0.00035222854084285396,0.00038866883136408353,0.00040383162418731284,0.00032708432795403454,0.0003462435204409457,calm
2019-03-25,0.0003232889612058857,0.0003890578605078541,0.00039598034232521395,0.0004068357069194352,0.00043604978012269803,0.000340777962601591,0.00036564551057033227,calm
2019-03-26,0.00031802558580552366,0.00036501985847793556,0.00038482677809106896,0.00037378479618899884,0.00040548042672743713,0.00032047922288905577,0.000340528068493117,calm
2019-03-27,0.0006250980710787338,0.0003330866160719736,0.00035631687409362606,0.0003395245101824643,0.00036683262633178216,0.0002925357844539431,0.00031022328529805275,calm
2019-03-28,0.0006251156433671456,0.0002868083854174505,0.00030799351847853436,0.00029731698269373563,0.00030900066675693073,0.0002536015938008052,0.0002661291653572465,calm
2019-03-29,0.0005257887690222034,0.0002639551519518414,0.0002846243747630495,0.00027304840380136563,0.0002835323026811353,0.0002366894868207116,0.0002418811916929452,calm
2019-04-01,0.000622010658125077,0.00023522253423990583,0.00025050996703739086,0.00024381413540169297,0.0002485030903131169,0.00021711538606450042,0.00021617009238282785,calm
2019-04-02,0.0006803756859836732,0.00021773164453298775,0.0002256258077516011,0.00022796773302534497,0.00022672553853789255,0.0002043210799717135,0.00020401806337838667,calm
2019-04-03,0.0003700128060014011,0.00021370936141494853,0.0002216715170838604,0.00022176858856213296,0.00022264217526700523,0.00020215269802159721,0.00020031182814014695,calm
2019-04-04,0.0004084085481402878,0.00021069082287328923,0.00021995431339521702,0.00021735494464875704,0.00021865525375788973,0.0001985100168298726,0.00019897958573470968,calm
2019-04-05,0.0003665629793892154,0.00020551969287841343,0.00021484386169107506,0.0002132495643302947,0.00021128801200394007,0.0001933103913380073,0.00019490663502875,calm
2019-04-08,0.0002614441776627854,0.00021452975046556483,0.00021786204071565227,0.0002220079838736125,0.00022053495584782143,0.00020391191771543084,0.0002083318541753071,calm
2019-04-09,0.0002393199473443464,0.0002497736353874938,0.0002507415729742559,0.000255131501499517,0.0002604307624839992,0.00023716983955142436,0.00024539450042827273,calm
2019-04-10,0.0003084931036380161,0.00024759823727609913,0.0002504757064135436,0.0002510038358324363,0.0002522731666336039,0.00023785207518911276,0.00024638640231179913,calm
2019-04-11,0.000333908720817411,0.00025564028569493365,0.00026172304047461774,0.00026361627174712956,0.0002642463818793852,0.00023992951827973136,0.0002486862160938044,calm
2019-04-12,0.0003084035016555251,0.00024742311992625944,0.0002536465276480018,0.0002550280177484761,0.00025046849551221964,0.0002364310280736904,0.0002415415306489095,calm
2019-04-15,0.00026981817966470126,0.00025772517568463393,0.00026615839804930316,0.00026971349753046326,0.00026459624892340427,0.00024259933615743438,0.00024555839776256474,calm
2019-04-16,0.00030964957255670154,0.00025280689969119454,0.00025817339498683474,0.0002668267748833848,0.000252952986323423,0.00024294363548405152,0.00024313770677827874,calm
2019-04-17,0.00024080860156465414,0.0002761966061592502,0.00028946747854153486,0.0002919485636233186,0.0002824841168706239,0.0002593303471190613,0.00025775252464171254,calm
2019-04-18,0.00024790424629169143,0.0002843002185874496,0.0002971589263129454,0.0003004937953038046,0.0002908449213805278,0.0002688428999395131,0.0002641605500004569,calm
2019-04-23,0.00019740772318075915,0.0002903311975386245,0.00030720804875599626,0.0003071955829471517,0.0002957802905855763,0.0002736581871780093,0.0002678138782263891,calm
2019-04-24,0.0002079311330255355,0.00029988448799389046,0.0003129890586846673,0.00031765804314047325,0.0003083054442721132,0.00028325707308958444,0.00027721282078261385,calm
2019-04-25,0.00013249094862034032,0.00031748458426083864,0.0003283597325819997,0.0003370515805019504,0.0003342940260843696,0.00029678563850906424,0.0002909319436268095,calm
2019-04-26,0.0004134767883315486,0.0003207136157002449,0.0003425337716203006,0.00033760070840475165,0.0003392665507497979,0.00029498174098361663,0.00028918530674275773,calm
2019-04-29,0.00036116462360829117,0.0003191050026871623,0.0003476604817913365,0.00033591445991145943,0.0003379483487615179,0.00028989328716958645,0.000284108435801911,calm
2019-04-30,0.0007180926968281679,0.00030917742986766067,0.0003492388388490995,0.00032526516753315216,0.0003291133126041934,0.0002710826211889207,0.00027118720916293756,calm
2019-05-02,0.0006588906330389493,0.00029787442911778986,0.0003400987985735377,0.0003138698355213966,0.0003160747539023917,0.00025973007144149796,0.0002595986861501254,calm
2019-05-03,0.0008750302262924563,0.00027053417148831683,0.000308410842169583,0.00028863640767020764,0.00028922533096150527,0.0002339120199466028,0.00023248625669368552,calm
2019-05-07,0.0007562201923839863,0.0003292503887054129,0.0003721511847065488,0.00035798230182291975,0.0003670809252886182,0.0002711874863756867,0.00027785004533329105,calm
2019-05-08,0.0007406009052318303,0.0003451042494754341,0.000385645185071719,0.00036750751392029655,0.0003919383098367712,0.0002860356432069649,0.0002943945953414192,calm
2019-05-09,0.0005015562818324981,0.000414543361468615,0.00045059656842899224,0.00044584617744061175,0.00048170779617390794,0.00034084262672906426,0.0003537236385704986,calm
2019-05-10,0.0005231230115462906,0.0003914833817336953,0.0004421315346578909,0.00040514265107732995,0.00044418129741569877,0.0003276800615879444,0.0003382813639296123,calm
2019-05-13,0.00038958503359037524,0.0005103844342773824,0.000570453305999177,0.0005385919089046443,0.0006056020248718984,0.0004030384009521587,0.0004342365306590339,calm
2019-05-14,0.00022802339911983969,0.0004810477054790244,0.0005272716251141167,0.0004969423044840819,0.0005739950233277797,0.0003884422176151019,0.0004185873568540417,calm
2019-05-15,0.00022584626642046106,0.0004196822058632906,0.00045825778575606595,0.0004246998506529366,0.0004988724876690784,0.0003490788004393396,0.0003675021047990325,calm
2019-05-16,0.00029741820587370245,0.0003750156745770428,0.0004064803741595378,0.000370794364806973,0.0004410368508689466,0.0003239582849107299,0.00033280849813902653,calm
2019-05-17,0.00029765975867177496,0.000380744932404995,0.0004064875266915644,0.00037536988776626774,0.0004416573175625848,0.0003376245214541629,0.0003425854085503949,calm
2019-05-20,0.00021628578859154426,0.0004454686265762007,0.00046923245252572765,0.0004463083432164458,0.000508929432592794,0.00039892057936331886,0.0004039523251827172,calm
2019-05-21,0.00025248026215971827,0.0004088909766251643,0.000432054302000073,0.00040569795177176785,0.0004481268720560498,0.0003775452833462201,0.0003810304739517105,calm
2019-05-22,0.0005211518223928119,0.0003672090208698396,0.0003865525404315846,0.00036335239336185334,0.00039514887598950614,0.0003426560866459168,0.0003483352079203371,calm
2019-05-23,0.0004909750987282674,0.000430921361649328,0.0004449194629036962,0.0004326371520346932,0.0004643265792785503,0.0003983282818082903,0.00041439533222140996,calm
2019-05-24,0.0005354031918633662,0.0004126381965372122,0.0004196187039753564,0.0004096756066598723,0.00043256187051470956,0.0003906488907740235,0.00041068591076209914,calm
2019-05-27,0.0006952335277489087,0.0003749857757114446,0.0003843431932741384,0.0003697143885645852,0.00039281817098681853,0.00035464763228740297,0.00037340549344427794,calm
2019-05-28,0.0006703638988665946,0.00035886054869024137,0.0003604009764458866,0.0003537468857518053,0.0003746524444435585,0.00034399483408323886,0.0003615076027267176,calm
2019-05-29,0.0004742665785484513,0.00041540264382191363,0.00039682194091375023,0.0004140241993330146,0.0004322875755849653,0.0004051344182116287,0.00042874508506620957,calm
2019-05-30,0.00038419165442247366,0.00042739044312885017,0.00042276149519848396,0.0004222361506442288,0.00043842591851283506,0.00041519884326539,0.00043832980802331313,calm
2019-05-31,0.00033137027155293795,0.0005043688284853848,0.0004962086376679374,0.0005014081169385609,0.000504615629187648,0.0004954094964830875,0.0005242022621496904,calm
2019-06-04,0.00018118801624835343,0.000502630473628906,0.0005205716456799009,0.0004885540749362258,0.0004885514692047393,0.0004951350651913935,0.00052034011313227,calm
2019-06-05,0.00038439971772299584,0.0004543817122589693,0.00048018830718859096,0.00043539339126657335,0.0004319333407678342,0.00045494408175777973,0.00046944944031406807,calm
2019-06-06,0.0004090982918138116,0.00046344423260641913,0.0005006841167538249,0.0004363134955050213,0.00043793908665854295,0.00046812693405510304,0.00047415753005960304,calm
2019-06-07,0.0003779381520305538,0.0004162699130564842,0.0004427445014383076,0.00040020836914573003,0.00038419812284142614,0.0004299212286797051,0.000424277343177252,calm
2019-06-10,0.00039508017216774286,0.0003907065726765787,0.0004093761198653418,0.0003758246612379765,0.00036000016797992594,0.00040960506602499483,0.0003987268482746545,calm
2019-06-11,0.0004296138613440158,0.0003518918959627049,0.00035656672899170717,0.0003444450947840751,0.0003296896283546457,0.0003710049156389838,0.0003577531120441129,calm
2019-06-12,0.00021331737229099228,0.0004197475513642695,0.000437431632930143,0.0004007830075494321,0.00040252731820405866,0.0004375075500035379,0.000420488248134176,calm
2019-06-13,0.00015314513151443054,0.00040350166318189147,0.0004155512236029006,0.00039067689047378115,0.0003904205042915591,0.000419072134432431,0.0004017875631087856,calm
2019-06-14,0.00024202659782475224,0.00040883276888536166,0.00041545493960922674,0.0003974647738824838,0.0003847984209273657,0.0004331959334734228,0.00041324977653430916,calm
2019-06-17,0.0003233583477811962,0.0004214627347005848,0.00043860899880089475,0.00040539377515145907,0.0003961663859722011,0.0004421724477112304,0.00042497206586713837,calm
2019-06-18,0.00031869835000593587,0.00037742783181435,0.000388507284331716,0.00036233675150353236,0.00035125748228868116,0.0004005940085534656,0.00038444363239435465,calm
2019-06-19,0.00032945310746656,0.00035259573544387413,0.00037460742077315883,0.0003419259706258894,0.0003347500135896757,0.00036131764465580286,0.00035037762757484373,calm
2019-06-20,0.000303017714148068,0.0003268246234630768,0.00035013800756675923,0.000319912668812047,0.0003183305048954537,0.00032796168895954565,0.0003177802470815786,calm
2019-06-21,0.00023056283758976685,0.0003477728659638955,0.00037692211193625553,0.0003403850183425256,0.0003487431239810273,0.0003397788259268555,0.0003330352496328136,calm
2019-06-24,0.0002758632403697327,0.0003941853435252375,0.0004301981185383209,0.00038226435886150176,0.0004021138999521791,0.0003823704177182991,0.0003739799225558867,calm
2019-06-25,0.00023425817917710527,0.0004178122483313279,0.00045653789538792393,0.0004088352927554986,0.00043341050894179855,0.0003999348762192629,0.00039034266835215526,calm
2019-06-26,0.0005577453754235585,0.0004033359754148064,0.00044120663086823664,0.00039524076789514113,0.00041652661638340565,0.0003858361227753505,0.00037786973915189813,calm
2019-06-27,0.0006608195625479149,0.0003899121368393084,0.0004314907543308682,0.00037831518084418733,0.0003995067989599249,0.00037557569078950536,0.00036467225927205616,calm
2019-06-28,0.0007526359910283671,0.0003587288420750991,0.00039628345648331056,0.0003496648747535285,0.00036937311384440617,0.00034639166825152794,0.00033193109704272226,calm
2019-07-01,0.0006082164987922099,0.00033065555450062067,0.00036041227032081045,0.00032723732622396844,0.0003469525724105718,0.0003181608565628186,0.00030051474698493424,calm
2019-07-02,0.0006702487751638483,0.0002974044170276067,0.0003249649721687683,0.0002999558352769394,0.0003114978460309465,0.00028207184596557494,0.0002685315856958044,calm
2019-07-03,0.0003607814990358919,0.0002814721570636478,0.0003040437313575395,0.0002874008059468301,0.0003067049448370282,0.0002615614239279213,0.00024764987924891994,calm
2019-07-04,0.00028926337122082665,0.00026139745650100623,0.00027753807517164725,0.00027173412485742213,0.00028162189441115486,0.00024445278186216245,0.00023164040620264433,calm
2019-07-05,0.00015206032254918417,0.00029532147563374043,0.0003143534234431156,0.00030715707964742474,0.0003219230307928911,0.0002734918119880564,0.0002596820322972142,calm
2019-07-08,0.0001575179152356048,0.00031638425180990557,0.0003360832736675592,0.0003294116745214961,0.0003478399048044659,0.0002898414486641928,0.00027874495739181365,calm
2019-07-09,0.0001796427085673675,0.0003426861431453237,0.0003599525900808782,0.00035813446601332686,0.0003741765823289601,0.0003163819137030832,0.00030478516360037014,calm
2019-07-10,0.00026594763356163257,0.00036233442462438396,0.0003830468995557698,0.0003746616852646135,0.00039199181010917604,0.00033713325408536086,0.00032483847410699957,calm
2019-07-11,0.000256203570796398,0.00036467729892557894,0.00038382162895797393,0.000373906519565606,0.00038953252332283976,0.0003453584344273584,0.00033076738835411654,calm
2019-07-12,0.0002494728351743371,0.00033581058594436,0.00034871536809148653,0.00034730218937774663,0.00035914223544541394,0.00031702501054731,0.000306868126259843,calm
2019-07-15,0.00023898915451032475,0.0003137616849146786,0.00032211811571761234,0.000329004449217385,0.0003319393258103957,0.000297497134783093,0.0002882493990449071,calm
2019-07-16,0.00019116078939675885,0.00030762044801841196,0.00031149137495603877,0.0003228903010557282,0.00032734599501240796,0.00029311786495850236,0.0002832567041093828,calm
2019-07-17,8.265197875726673e-05,0.0003502891368437638,0.00035269921246914817,0.0003679347574196468,0.0003730835118451385,0.00033318544224680466,0.0003245427602380807,calm
2019-07-18,6.218230103734527e-05,0.0003764095524200476,0.00037782633183867963,0.0003947245874710724,0.0003941045817616794,0.0003621113761149892,0.00035328088491381717,calm
2019-07-19,8.491039511175145e-05,0.0004095585343660258,0.00043863790309635326,0.00041621942214519977,0.0004258481703322126,0.0003873682574367522,0.00037971891881961113,calm
2019-07-22,0.00015825030175518946,0.0003796873188523493,0.00040994409157425613,0.0003847414339931522,0.0003963781827081154,0.0003551973262542968,0.0003521755597319259,calm
2019-07-23,0.0006209984069760905,0.0003388824813719786,0.00035876773381094475,0.0003436888220649708,0.00035876454807211956,0.0003182698654047978,0.00031492143750706,calm
2019-07-24,0.0006269335125352649,0.000306568561136695,0.0003200738447625484,0.00031390374478545063,0.0003285071661229273,0.00028666772537258334,0.00028369032463996537,calm
2019-07-25,0.0006487175779340871,0.0003190722694442753,0.0003339655342066385,0.0003302287259477284,0.00034736930104516757,0.00029306236809442047,0.0002907354179274218,calm
2019-07-26,0.0008831894863845447,0.00031809830962964425,0.00033543101477147627,0.0003276315690030215,0.00034488134849382246,0.0002910886860286062,0.00029145892985129484,calm
2019-07-29,0.001620504290589499,0.0003178659282489941,0.0003375741746380408,0.000328273793493647,0.00034225680591177003,0.0002879070376994376,0.0002933178295020748,calm
2019-07-30,0.0011445141641631532,0.00039048015231150473,0.00040516272715259934,0.00040804475699174244,0.00042381990754172615,0.0003524926606321621,0.00036288070923929354,calm
2019-07-31,0.001171319910235228,0.0004094956437993103,0.0004243366198230917,0.0004241209196319445,0.00043722231557668406,0.0003722959769332339,0.00038950238703159727,calm
2019-08-01,0.0016068031155897849,0.0004608279396431804,0.0005041771774486613,0.0004573422411053207,0.0004791449419651336,0.00042020715483830236,0.0004432681828584839,calm
2019-08-02,0.0015371800251144103,0.000592283129591504,0.0006292887111483773,0.0006102155065640299,0.0006142415940448892,0.000540203712629705,0.0005674661235705187,calm
2019-08-05,0.0007304033374783234,0.001064084604982747,0.001121328874052767,0.0011261292099824052,0.0011301897001183435,0.0009186942740757468,0.001024080966684472,calm
2019-08-06,0.0007094575555888537,0.0011006639274200691,0.001189842449679132,0.0011205731531720537,0.0011191786332991724,0.000985828028701339,0.0010878973722486481,calm
2019-08-07,0.0009891440131310316,0.0009192444726628043,0.00100137334045846,0.0008883117514426808,0.000940241624364272,0.0008462202895297681,0.0009200753575188406,calm
2019-08-08,0.0005964204691224211,0.0007293808691217663,0.0007739469181270995,0.0006814069220566407,0.0007562404871258893,0.0006999730125342514,0.0007353370057649507,calm
2019-08-09,0.0005797319198181951,0.0008297320024276101,0.000876423807410275,0.0007752585822971192,0.0008687688754311587,0.0008071572605815571,0.0008210514864179405,calm
2019-08-12,0.0006163567210213498,0.0008970367834820204,0.0009646823915736456,0.0008180016437771389,0.0009285411567342562,0.0008804789934690658,0.0008934797318559952,calm
2019-08-13,0.0010501766404067872,0.0007874712489251056,0.0008796490408439401,0.0006989895318816824,0.0008032799276046239,0.0007737678804072562,0.0007816698638880258,calm
2019-08-14,0.0010493851385784765,0.0011857663464303779,0.0012909028785431029,0.0010919013590989328,0.0012571735821061544,0.0011325874234087174,0.0011562664889949823,calm
2019-08-15,0.000993581017763094,0.0012236320927966494,0.0013339504387452304,0.0011096005467689872,0.0012718741177410455,0.0011951056187425862,0.0012076297419853974,calm
2019-08-16,0.0008310327880455137,0.0010277876901778951,0.00110628405518447,0.0009084807130880343,0.001075370697905128,0.0010223485513337499,0.0010264544333780938,calm
2019-08-19,0.0007838980124726722,0.0008688529799412512,0.0009239642386551511,0.000750731999434106,0.0009165074973117038,0.0008846498214520034,0.000868411342853292,calm
2019-08-20,0.0005790524301372854,0.0010697258820156507,0.001143298661106673,0.0009368700068138946,0.0011318536613643814,0.001098326655617154,0.0010382804251761512,calm
2019-08-21,0.000426761743213572,0.0010383949014717913,0.0010987713424905512,0.0008921041328718581,0.001092238688607007,0.0011046024544845445,0.0010042578889049953,calm
2019-08-22,0.0006431720043465865,0.0009512658904611166,0.000997653230708787,0.0008156672763422559,0.0009932505515952662,0.0010278711643963649,0.0009218872292629087,calm
2019-08-23,0.0006628204679428883,0.0011776233939990003,0.0012468876587198776,0.0010261765636826157,0.0012263939135001012,0.0012661145305680724,0.0011225443035243344,calm
2019-08-26,0.0006878318431720131,0.0010249036036601685,0.0011257890693275071,0.0008804963921528939,0.0010406094793984722,0.0010973644599371493,0.0009802586174848203,calm
2019-08-27,0.0005052734115899041,0.0009122518229239341,0.000987554896466007,0.0007676064717496455,0.0009616157668347257,0.0009692373663061915,0.0008752446132631005,calm
2019-08-28,0.0005942077427441418,0.0008847287461690222,0.0009592669117937593,0.0007362869105396918,0.0009271179173211484,0.000953563633824601,0.0008474083573659097,calm
2019-08-29,0.0004900587741890315,0.0007877844856736512,0.0008481515214425219,0.0006542251402054084,0.0008308782548950189,0.0008491716920582139,0.0007564958197670933,calm
2019-08-30,0.0004850982213365745,0.0007033661538966385,0.0007517718099243313,0.0005864245566854883,0.0007401146078277704,0.000763624831636176,0.0006748949634094261,calm
2019-09-02,0.00046716706202997024,0.0006202694437694044,0.0006636195604477741,0.0005235500377508823,0.0006470713403889056,0.000667182132720697,0.000599924147538763,calm
2019-09-03,0.0006958513461423799,0.0006359983637682663,0.0006805082971603534,0.0005429189927878566,0.0006650831415638132,0.0006769852134982696,0.0006144961738310392,calm
2019-09-04,0.000635200740008411,0.0005733255655981953,0.000617940773402365,0.0004985093193967213,0.0005820955698197677,0.0006044637899750843,0.0005636183753970383,calm
2019-09-05,0.000564884613785021,0.0005509474170407288,0.0005966924112796509,0.00047294665694649977,0.0005580916711868782,0.0005891143049292145,0.0005378920408613999,calm
2019-09-06,0.0007977084042256813,0.0005314098473145175,0.0005687379547567195,0.00045955550337585684,0.0005454840229330445,0.0005693187018615156,0.0005139530536454512,calm
2019-09-09,0.0009348234024814028,0.000474005521671014,0.0005042232957218254,0.00042688780947971767,0.00048627913345812595,0.0004917723076530761,0.000460865062042325,calm
2019-09-10,0.0009209659468164061,0.0004416185628315399,0.00046788522391785986,0.0004083869084638234,0.00044862198627316005,0.0004544353956666852,0.0004287632998361713,calm
2019-09-11,0.0007640168243031247,0.0004321752730584635,0.00046389936039313855,0.0003955985424055946,0.0004327325694009872,0.0004477475991664311,0.0004208982939261661,calm
2019-09-12,0.0007306420050359249,0.0004513422004964942,0.0004886232154929859,0.00040577355510473963,0.0004494759157391936,0.00047272938964207893,0.00044010892650347315,calm
2019-09-13,0.00047874836681389033,0.0004413703105931452,0.00047774671400719,0.00040674445058590415,0.0004411897999852521,0.0004561375483394571,0.0004250330400479224,calm
2019-09-16,0.00040205777333718275,0.0005038912517089841,0.000545353343293891,0.00046256813016941757,0.0005005336118443896,0.0005235706148885972,0.000487430558348625,calm
2019-09-17,0.00018871927563906396,0.0005469847012890037,0.0005988784528503179,0.000498533372585839,0.0005273629969308178,0.00057236295029211,0.0005377857337859336,calm
2019-09-18,0.00021442521465271592,0.0005338951887450525,0.0005887202850957793,0.00048480515385656723,0.0005067565680396428,0.0005584840790088263,0.000530709857724447,calm
2019-09-19,0.00021782961207736357,0.00047954478640165505,0.0005272747116038324,0.0004461766714849073,0.0004564461646416779,0.0004933043752474329,0.00047452200903042475,calm
2019-09-20,0.00036135063009867194,0.00044167433279038463,0.0004913334905313698,0.0004130472778521662,0.0004167702535652431,0.0004493588580621725,0.00043786178394097133,calm
2019-09-23,0.0004103812639936504,0.0004517366356359915,0.0004965870122235584,0.00042747273493654617,0.00042846301640803923,0.0004597758458512718,0.000446384568760542,calm
2019-09-24,0.0003671735152083152,0.0004657620759533029,0.0005166448621019922,0.00043748671708604485,0.00044308884326964667,0.0004715611352021115,0.00046002882210671893,calm
2019-09-25,0.0006663981737770144,0.00048755495077974374,0.0005499348151551485,0.0004496249619049477,0.0004559812365760908,0.0004973358600109099,0.0004848978802516219,calm
2019-09-26,0.0006327957448092885,0.00046761561212898715,0.0005295518460096848,0.00043246670301086827,0.00043961126900023687,0.00047291754749473916,0.00046353069512940627,calm
2019-09-27,0.0005088719697885732,0.00045735158685440995,0.0005159870260822477,0.00042288999718583474,0.0004350000817408623,0.0004616075131467969,0.0004512733161163085,calm
2019-09-30,0.00047561353712198675,0.00043592998643688497,0.0004928895310701818,0.0004060860161815539,0.00041347657229093694,0.00044205984613784026,0.0004251379665039122,calm
2019-10-01,0.0006553616460182913,0.0004980792665490428,0.000569424355628273,0.0004700298202460156,0.0004712306816320371,0.0004997139885756335,0.00047999748666325453,calm
2019-10-02,0.0003345573145021108,0.000778664110727346,0.0008914572552123125,0.0007591606802431242,0.0007392291499846494,0.0007552657351312744,0.0007482077330653693,calm
2019-10-03,0.00044265857854193107,0.0007605287070454379,0.000917871088528144,0.0007432464206004483,0.0007010894939767465,0.0007280887156753607,0.0007123478164464907,calm
2019-10-04,0.001760489929602759,0.0006392096343986354,0.0007668746018264035,0.0006204569422931068,0.0006138700596135568,0.0005909940701069511,0.0006038524981531587,calm
2019-10-07,0.0016764618351847083,0.0005675916899632867,0.0006610756160528067,0.0005515903484697892,0.0005743881000109577,0.0005137462715852068,0.0005371581136976731,calm
2019-10-08,0.002162577957597682,0.0006858299118082876,0.0007887709593132858,0.0006833987038401177,0.00071439159463098,0.0005962637652153831,0.0006463245360416718,calm
2019-10-09,0.0021467788707219275,0.0006320296416945608,0.0007215594452081508,0.0006170770538515283,0.0006517807715321433,0.0005597829557196708,0.0006099479821613102,calm
2019-10-10,0.002111890943690105,0.0005609896591492987,0.0006288808343370105,0.0005429140924841237,0.0005766107124527658,0.0005090198784155708,0.0005475227780570232,calm
2019-10-11,0.0008638958784399653,0.0004894756147039044,0.0005376316064292863,0.00047190198196475283,0.000506072246895883,0.0004532989644017551,0.0004784732738278446,calm
2019-10-14,0.0011429739896440258,0.00044746254050011936,0.0004895891763675544,0.0004356466821497413,0.00046467809370857546,0.0004136975569044237,0.00043370119337030207,calm
2019-10-15,0.0005937147704709166,0.0004207676880182672,0.00045387333767053973,0.00040811132756493466,0.0004418562695811749,0.000392247678055775,0.0004077498272189115,calm
2019-10-16,0.0005837848374070718,0.00042296453357645663,0.0004492591525532064,0.0004129516753508297,0.0004505893452820169,0.0003944634698163567,0.0004075590248798734,calm
2019-10-17,0.0005114530408103267,0.0004383777763260819,0.0004642413654361565,0.0004278895017714629,0.00046769540705242233,0.00040913276230784173,0.00042292984506252614,calm
2019-10-18,0.00045792978508740864,0.0004831009903934506,0.0005099708724792879,0.0004653502376666188,0.0005139750616636955,0.00045523697328120355,0.0004709718068764472,calm
2019-10-21,0.00017956475939891778,0.00048188622715735207,0.0005019892427091611,0.00045641775327379553,0.0005079364118972499,0.0004684309479683383,0.0004746567799382155,calm
2019-10-22,5.637277097300888e-05,0.0005300921983160498,0.0005577280610307319,0.000491048938487861,0.0005549205718541149,0.0005236424502975034,0.0005231209699100378,calm
2019-10-23,5.88321587756657e-05,0.0005123962997102703,0.0005340708886788447,0.00047417941358779685,0.0005289420146806802,0.0005199262518942856,0.0005048629297097444,calm
2019-10-24,0.00012526107362975113,0.0004675008408736342,0.0004958670069862098,0.0004363582623346534,0.0004847390131138408,0.00046738090498889707,0.00045315901694456984,calm
2019-10-25,0.0002971308547373227,0.0004324911317995471,0.0004595356207706462,0.00040556219695598173,0.00045479064987574984,0.0004291240787746736,0.00041344311262068436,calm
2019-10-28,0.0006017936596214304,0.0003942816988065456,0.00042299225461907633,0.0003723450567805871,0.00041940163619526185,0.00038506650528080823,0.0003716030411569947,calm
2019-10-29,0.0006177129444033186,0.0003478462259650537,0.00037528315942848134,0.00033929675367054736,0.00037589177699909305,0.0003260914021493168,0.00032266803757782987,calm
2019-10-30,0.0006041656928058312,0.00031862977688229815,0.0003433389111420993,0.0003168842231527962,0.0003482952992008485,0.00029397398101384335,0.0002906564699019033,calm
2019-10-31,0.0007033376619787488,0.0003298951409413305,0.00035753633142489836,0.0003296577075515962,0.000370682922989109,0.0002981832650618908,0.00029341547767915816,calm
2019-11-01,0.0005447429096826307,0.00030693789652701465,0.00033257802573275955,0.0003106753169018869,0.0003493613816478257,0.0002746857548542876,0.0002673890034983134,calm
2019-11-04,0.0002550018353927169,0.00032379981484795625,0.0003488956085976579,0.0003130780269438162,0.00038078396742047347,0.00030109005623299624,0.00027515141504483754,calm
2019-11-05,0.000250372835870277,0.0003131137012098123,0.0003370391008781291,0.00030669642682867415,0.0003642256985639515,0.0002922448807419495,0.0002653623990363573,calm
2019-11-06,0.0002497254394354724,0.00029809130880481966,0.00032196667286560115,0.0002988978892037448,0.00034361818992273603,0.00027323578242686286,0.0002527380096051535,calm
2019-11-07,9.76295637718444e-05,0.00028657558576869875,0.00030650607268085863,0.0002918850621839082,0.000336194601103706,0.00025747147319669944,0.00024082071967832135,calm
2019-11-08,0.00019817709510409646,0.00029891353460956245,0.00031941478888039586,0.0003056929386325677,0.00034826988214854633,0.0002688793147279746,0.00025231074865832755,calm
2019-11-11,0.00020559814951234674,0.0003018105242347404,0.0003221245741664547,0.00031117756745335356,0.000348462424044657,0.000270984787399636,0.00025630326810960086,calm
2019-11-12,0.00019396430644954104,0.00027376977158966037,0.0002829705997053719,0.00028696901774039675,0.00030416804978788676,0.0002520868399836837,0.00024265435073096266,calm
2019-11-13,0.0003427071018355318,0.00028785196339730203,0.00030761399992815946,0.00030126482246920215,0.00032297968377005575,0.00025676806137083885,0.00025063324944825393,calm
2019-11-14,0.0004601718640116568,0.00027219122484991784,0.00028313970424560385,0.00028998348044097076,0.00029863524589809307,0.0002445768517637021,0.0002446208419012193,calm
2019-11-15,0.0005080292666413098,0.00026931122260871087,0.0002799347457727782,0.00028662067057312737,0.0002994272591748576,0.00024003816652656357,0.00024053527099622774,calm
2019-11-18,0.0005858745165657099,0.0002753670292715026,0.0002851719805092339,0.0002957387155716569,0.00030880752218756063,0.00024247910819254743,0.00024463781989651404,calm
2019-11-19,0.0008838794626154578,0.00026791729777727203,0.0002818848861122922,0.0002905174449803225,0.0003041875399921097,0.00022749275859739552,0.00023550385920423998,calm
2019-11-20,0.0007503342496801763,0.00026895742070042074,0.00027470898320097476,0.0002945675006404511,0.0002971374770847068,0.00023333579425489136,0.0002450373483210797,calm
2019-11-21,0.0006229016139599629,0.0002905922249669935,0.00029577684158329224,0.00031725233686240805,0.0003318594253262125,0.00024607097370326535,0.0002620015473597895,calm
2019-11-22,0.0004352672429766768,0.0002930574377545088,0.00030338892593040914,0.00031793860166085463,0.000332973458438849,0.00025008778397550004,0.0002608984187669311,calm
2019-11-25,0.0003567480489279271,0.00029422795981892046,0.00031410016122454065,0.00031462797900578225,0.000332781379560004,0.0002532715024042896,0.00025635877689998595,calm
2019-11-26,0.00012924684817280886,0.00028949337200557927,0.00031238567162675214,0.00031023148332648425,0.00032065463693092236,0.0002532455631797191,0.00025094950496401834,calm
2019-11-27,0.00024428379790991564,0.0002928014701853776,0.0003235447068565442,0.00031146578692014496,0.00032068500772358075,0.0002574533518598185,0.00025085849756679974,calm
2019-11-28,0.0002843874352100147,0.0003016798133375817,0.0003407193348017391,0.0003180679696592726,0.0003273846651106009,0.0002653373342458945,0.0002568897628704016,calm
2019-11-29,0.0003644537396503357,0.0003077851300838672,0.00034969872463657125,0.00032521521134771055,0.000336223968837315,0.00026663845014070285,0.0002611492954570365,calm
2019-12-02,0.00034931848274877335,0.00036381014404724543,0.0004114244019094095,0.0003897465885816219,0.0004073969886802685,0.0003062498105327401,0.00030423293053218726,calm
2019-12-03,0.000288500700995105,0.00039332784834494454,0.000440039443569224,0.0004227173429017055,0.0004456249636580065,0.0003252147241128433,0.0003330427674829436,calm
2019-12-04,0.00016985239120283246,0.00036275327689997815,0.0003915714971015069,0.0003879968694594098,0.0004089610885063213,0.00030996369334260605,0.00031527323609004674,calm
2019-12-05,0.0001564133313937964,0.0003617625852943507,0.00038827840673667536,0.00038392805358808104,0.00040453982971886044,0.00031625332015779015,0.0003158133162703466,calm
2019-12-06,0.0003127924812902521,0.0003534498106788532,0.0003818638500824454,0.0003681802662681702,0.00038813863980832313,0.00031771379044556736,0.0003113525067897597,calm
2019-12-09,0.0003171759794551908,0.00035007274120496437,0.000371746994431021,0.0003671904218631489,0.0003790902705372467,0.0003203548816595543,0.0003119811375338511,calm
2019-12-10,0.00046999101475864424,0.0003502651903841188,0.0003691256364367051,0.000368899388309289,0.0003796872058795173,0.0003197059153485818,0.0003139078059465007,calm
2019-12-11,0.0004632648962560449,0.00034312260192636635,0.00036365684870558017,0.00035768832275222685,0.000370790366123962,0.0003133465471529863,0.0003101309248970764,calm
2019-12-12,0.0004347700663144457,0.00032503633311299266,0.0003443188976717197,0.000336107593180205,0.00034886805262307935,0.0002995151292341546,0.00029637199285580454,calm
2019-12-13,0.00022942303252192144,0.00033081439429974153,0.00035243053501316413,0.0003403874165166651,0.00035271469933416367,0.0003080951407525311,0.00030044417988218356,calm
2019-12-16,0.00021970146848655618,0.000317507406537299,0.0003382654347042513,0.00032481160262106746,0.0003344994061827679,0.00030009111069894437,0.0002898694784794641,calm
2019-12-17,8.016681736161431e-05,0.000343059225579443,0.0003607566633110775,0.0003549989319664741,0.00035990286554293734,0.000325229019304182,0.0003144086477725441,calm
2019-12-18,0.0001012778667830338,0.0003547986228560443,0.0003733522079409468,0.0003663791618388804,0.0003701827895938269,0.0003360489072041268,0.0003280300477024404,calm
2019-12-19,0.00021137735336452843,0.00035953956242049155,0.00039241354618979195,0.0003614673715542105,0.00036464129172556186,0.0003425893612605685,0.00033658624137232484,calm
2019-12-20,0.0001639690611757653,0.00033720065618515554,0.00036770022139771103,0.00034122081922433387,0.0003468228590790279,0.0003166153405902393,0.00031364404063446543,calm
2019-12-23,0.0004909040001327955,0.00032264123149731625,0.00035326265202694293,0.00033131798293765133,0.0003368803438693939,0.00029490895849493124,0.0002968362201576618,calm
2019-12-24,0.0005681069411300301,0.00031125749976549397,0.00033911048471203304,0.0003275381703332074,0.00032588420595801716,0.000280484827512529,0.00028326981031168337,calm
2019-12-27,0.0005610388689117902,0.0003038732793026262,0.00032928858453329835,0.00032660088437130944,0.0003179556790807828,0.00027119786675651995,0.0002743233817712205,calm
2019-12-30,0.00047299915942276073,0.0003286928202425365,0.0003546087798755479,0.0003543868582505112,0.0003420135256867003,0.0002938699664663488,0.0002985849709335744,calm
2019-12-31,0.00049598473115627,0.0003291037316861457,0.0003677491885437238,0.0003514290669338808,0.0003435925601790077,0.00028740436467921955,0.00029534347809489684,calm
2020-01-02,0.00019401464187117153,0.0003589708631592367,0.00037815544127040615,0.00035567735333927905,0.0003457826501568663,0.0003221427077858437,0.00039309616324378845,calm
2020-01-03,0.00010528174192344503,0.0004262549017184836,0.0004566447245496634,0.0004230728269155033,0.00039968994925947186,0.00039560961394044774,0.0004562573939273316,calm
2020-01-06,0.00010575442121911478,0.0004608337030500332,0.0004951044393637512,0.00045276310555303177,0.00043017158957608383,0.0004434668692620911,0.0004826625114952082,calm
2020-01-07,8.203953689290258e-05,0.00045081751605296724,0.00047864537682020534,0.00044198480745439623,0.0004286676396674869,0.0004359437232768292,0.00046884603304591846,calm
2020-01-08,0.00018016331873040739,0.00043131516020857133,0.0004519891312654456,0.0004195679202845273,0.00041791625180929515,0.0004217567654882879,0.0004453457321953007,calm
2020-01-09,0.0001562104479933745,0.0004012474575312214,0.00041242143739045556,0.00038880392846745023,0.00039820685133455685,0.00039582349442815354,0.0004109815760354908,calm
2020-01-10,0.00017227868247623833,0.00038865084159762236,0.00039861219170948174,0.00037541963009556697,0.0003803916896277865,0.00039140084668793827,0.00039742984986733827,calm
2020-01-13,0.00015474612863114275,0.00038862135189208407,0.00039989607885654207,0.0003739715741221452,0.00037399714510441047,0.00040185335762878767,0.00039338860374853494,calm
2020-01-14,0.000192918222957811,0.00037050149507085895,0.0003845820396547479,0.00036220091317267064,0.0003472124901893094,0.00038324049875211916,0.00037527153358544747,calm
2020-01-15,9.010956411618073e-05,0.00038218879251464033,0.00039972664825073097,0.00037766554283729287,0.00034901147366717925,0.00039969374797321495,0.00038484654984478385,calm
2020-01-16,0.0001353588690127902,0.0003589610883428651,0.00037223409258553244,0.0003573611962787395,0.00032288140794789797,0.0003783493784981177,0.0003639793664040379,calm
2020-01-17,0.00017855390866214327,0.0003267097175541335,0.00033095456608280395,0.00032707581103607155,0.00030353456922061536,0.00033790581417361725,0.00033407782725755966,calm
2020-01-20,0.0004839119950795143,0.0003050750835308563,0.00030596058392368006,0.00030542333950343424,0.00028660292318585107,0.00031484268836923007,0.0003125458826720861,calm
2020-01-21,0.00045473388876695226,0.00029825666588864576,0.00029332524094097517,0.00030073999877076386,0.0002790715246226362,0.0003102603686021833,0.00030788619650667004,calm
2020-01-22,0.0005994365796647336,0.00029773402407246333,0.00029278358680099995,0.00030355703851715857,0.00027860071441520847,0.00030473764263313553,0.0003089911379958142,calm
2020-01-23,0.0007121960194560194,0.0003231417741189452,0.00032374766076169107,0.00032838236820466294,0.0002980412795660312,0.00033176793576592266,0.0003337696262964181,calm
2020-01-24,0.0007725230244093107,0.00032087692534579673,0.0003130576609533528,0.00032022135894934457,0.00031034304490276763,0.00032053167898646984,0.00034023088293704895,calm
2020-01-27,0.000663840003383499,0.00046997036993406976,0.00045668487754516133,0.00046564036825545713,0.00044152558404157813,0.0004899383184722002,0.0004960627013559521,calm
2020-01-28,0.0006808145268637649,0.0004474594634352945,0.00042042736426835476,0.0004339393158183393,0.00044742385644951083,0.000457405675541232,0.0004781011050990357,calm
2020-01-29,0.0005997394414384772,0.00041263689925810355,0.00037778135053413036,0.0004003693106652673,0.0004290862726508722,0.00040882594122022657,0.0004471216212200215,calm
2020-01-30,0.00044126609051201986,0.00045562506323687524,0.0004204732565438534,0.0004375604632123702,0.0004728996821435255,0.0004585621592007121,0.0004886297550839151,calm
2020-01-31,0.00033502412283231307,0.0006610406681960512,0.0006317318333441999,0.0006287306474106243,0.0006767719152178444,0.0006797347731948997,0.0006882341718126879,calm
2020-02-03,0.0002826354043613521,0.000600878363923863,0.0005529402586564215,0.0005532396744119867,0.0006515008070843181,0.0005913017121332289,0.0006554093673333599,calm
2020-02-04,0.0004236016572420475,0.0005126905054382128,0.00045192768753392364,0.0004723196261365322,0.0005802320035331944,0.0004964544478677771,0.0005625187621196365,calm
2020-02-05,0.00038505584542253816,0.0004679588008046293,0.0004032635666315385,0.00043531946510762796,0.0005417552028952904,0.00045228250049390693,0.0005071732688947827,calm
2020-02-06,0.00041208650525552897,0.00044043505356632773,0.0003788646070298784,0.00041102992760800894,0.0005072528635532414,0.000434657538150282,0.0004703703314902281,calm
2020-02-07,0.00038785832423277093,0.00047992636501355474,0.00042053426351379913,0.00044960286670572066,0.0005350332731038792,0.0004921936044515341,0.0005022678172928405,calm
2020-02-10,0.0002454503011440864,0.0005231133212761964,0.0004604947574234253,0.0004899892978812934,0.0005717050215082044,0.0005488406129401633,0.0005445369166278949,calm
2020-02-11,7.76140158161387e-05,0.0005190243628779117,0.00046177577451727854,0.0004918924918267048,0.0005778375570623936,0.0005251073975366566,0.0005385085934465251,calm
2020-02-12,0.000224004023772579,0.0004990636393167837,0.00044201868838274737,0.0004772697310313729,0.0005617083742268294,0.0004972826404283597,0.000517038762514609,calm
2020-02-13,0.00020138545254377735,0.000516207115216448,0.00046490263925474766,0.0004991681538446557,0.0005736159099856713,0.0005109023224218793,0.0005324465505752855,calm
2020-02-14,0.00020121493339368086,0.0004651088770945662,0.0004216889509834513,0.00045840811433361624,0.0004996581612485947,0.0004584180021378759,0.0004873711567692925,calm
2020-02-17,0.0021761006918417686,0.0004428945483784138,0.0004175791865240997,0.0004426216792126748,0.0004620007346797727,0.00043160178104014363,0.0004606693604353781,calm
2020-02-18,0.0023786935779103514,0.00041968136623021866,0.00041541130818946,0.0004260361642921971,0.0004193855066564954,0.0004043392553684491,0.0004332345966444919,calm
2020-02-19,0.0021894142089779185,0.00039525522866922164,0.00039038374032855904,0.0004020280795166925,0.00039862051903006,0.000375426717136888,0.00040981708733390875,COVID-19
2020-02-20,0.003717280522381491,0.0004080431090843139,0.0004090556177511793,0.0004172375062227085,0.0004020788149105906,0.0003964983837554614,0.0004153452227816297,COVID-19
2020-02-21,0.004422634671684181,0.0004251819175876922,0.00043446970165330907,0.0004424772286890523,0.00040453286293857225,0.0004260774706092599,0.00041835232404826753,COVID-19
2020-02-24,0.0024463641813562043,0.0009089103519437358,0.000903755455940172,0.000953290344489764,0.0007795688363431887,0.001076497074049929,0.0008314400488956264,COVID-19
2020-02-25,0.0024810904162222104,0.0015026704800662424,0.001451642500228399,0.0014605084352599562,0.001356706409814054,0.0018894244234259627,0.0013550706316028402,COVID-19
2020-02-26,0.0025441287943792834,0.0013338306739821145,0.001391843182604521,0.0012676705440859326,0.00120861094910064,0.0016242168503292774,0.0011768118437902016,COVID-19
2020-02-27,0.0012050866253950701,0.0023214398380621767,0.0022729938572140632,0.002157006390573611,0.002198335112659717,0.0029367492816828713,0.002042114548180619,COVID-19
2020-02-28,0.001311452473601443,0.0028103280335709862,0.0026966479480945863,0.002439720706149804,0.002941124984880676,0.003494548205701403,0.0024795983230284616,COVID-19
2020-03-02,0.005700973245052065,0.0020207650132110394,0.002108103228603166,0.0017970760175910698,0.0021176829313503025,0.0023414634356146162,0.0017394994528960412,COVID-19
2020-03-03,0.005505988730687092,0.0020422230890653975,0.0021978563056799893,0.0018832507764289161,0.002094421339201791,0.0024046573316845,0.0016309296923317901,COVID-19
2020-03-04,0.005993716273038243,0.0014475662906149463,0.0015167802704023985,0.0014452073409679563,0.0015125968256551555,0.0016131402558585753,0.001150106760190646,COVID-19
2020-03-05,0.0167491316749809,0.0021519157979118797,0.0023101354826652017,0.0022234262455715047,0.0020647646607160307,0.0025751758730604966,0.0015860767275461647,COVID-19
2020-03-06,0.015956181075464756,0.0030855982866158016,0.0032203421200554883,0.003115133645150396,0.003062999522421189,0.003685153570810991,0.002344362574640944,COVID-19
2020-03-09,0.018382488557336107,0.005359166825239095,0.004826705791052318,0.004878050565949192,0.006012303782818355,0.0063250507623702126,0.004753723224005397,COVID-19
2020-03-10,0.01834337083969589,0.004140675901024195,0.003909998120158545,0.0036741043643022143,0.004865209016242728,0.0045193689466870735,0.003734699057730414,COVID-19
2020-03-11,0.024247859578775073,0.005660402071776602,0.005511279818486794,0.0049178081582528415,0.0063649488802560075,0.006401943022812698,0.005106030479074666,COVID-19
2020-03-12,0.013517919029062781,0.008012022760789059,0.0066923256391044714,0.006481904922497206,0.009657921415505677,0.009275593801513892,0.007952368025324053,COVID-19
2020-03-13,0.01494610827848638,0.005451412037175549,0.0051526791020577185,0.004688466555043249,0.006234930641259969,0.0058416785052908425,0.005339305382225969,COVID-19
2020-03-16,0.008985917799603537,0.009299221566800813,0.008079694126601346,0.008085500223767696,0.01033194819100735,0.010441355507883547,0.009557609784744127,COVID-19
2020-03-17,0.013485741671841476,0.006792169913749813,0.0063640291885388315,0.006514372018606663,0.006941147275073897,0.0074188113069612715,0.006722489779568401,COVID-19
2020-03-18,0.00853168675162151,0.00963746467856048,0.008764237226088482,0.008893613069644382,0.010110857688709061,0.01063966467144151,0.009778950736918958,COVID-19
2020-03-19,0.010296054730780557,0.007990968715515348,0.007752005797390143,0.007954526039794584,0.007921914348383161,0.008447234499918096,0.00787916289209076,COVID-19
2020-03-20,0.011923311828166428,0.008302819313822407,0.008451978939149915,0.0085523539455642,0.007535467419022829,0.009486948704246696,0.0074873475611283895,COVID-19
2020-03-23,0.011095206356483736,0.009755534682864098,0.010222149357076497,0.009834365871942802,0.008800507961472895,0.011317058163718065,0.008603592060110233,COVID-19
2020-03-24,0.008327682343498705,0.006891143488635236,0.008601540587079196,0.008392947130958811,0.005243934594758201,0.006685319452162455,0.005531975678217517,COVID-19
2020-03-25,0.007854659819791325,0.0058759785215730664,0.00744740139751789,0.007219092045605599,0.004158743100721806,0.005977036977385118,0.004577619086634921,COVID-19
2020-03-26,0.006373397613483719,0.004685704415157643,0.0057475847553030675,0.0060955707582073535,0.0032227661060192972,0.004711870342651908,0.0036507301136065916,COVID-19
2020-03-27,0.0036888747685731834,0.00721348220615096,0.009046490087859979,0.008484395827355261,0.005281101330003311,0.006820455628341168,0.0064349681571950835,COVID-19
2020-03-30,0.005908858779248075,0.005483607594340767,0.006391966244794536,0.0065596816230062225,0.004356198066614224,0.004641609684485567,0.005468582352803285,COVID-19
2020-03-31,0.004546853800142816,0.0053791073117014695,0.005733601379424748,0.006541898348663827,0.004322447119325258,0.004626796722407271,0.005670792988686244,COVID-19
2020-04-01,0.003519201442376234,0.007424116629247518,0.0074542606201676315,0.008160524600413738,0.006635865257815966,0.006235255215215421,0.00863467745262483,COVID-19
2020-04-02,0.004204464103184549,0.006894979869899215,0.007184609702308846,0.007204267763478076,0.006345340209841577,0.005240081734164165,0.008500599939703413,COVID-19
2020-04-03,0.004222965985850614,0.0073952868239174074,0.0075187601400058925,0.007600996480509115,0.00706999720041735,0.005166363342150151,0.009620316956504527,COVID-19
2020-04-06,0.003732984415722987,0.00545964646242534,0.0054407845374376505,0.00643836560330388,0.004834600393878665,0.0033619798583806723,0.00722250191912583,COVID-19
2020-04-07,0.0038612600142815573,0.00423376282392602,0.003576157473976359,0.005208714791986193,0.003932660734829414,0.0026838773305658033,0.005767403788272327,COVID-19
2020-04-08,0.0052707377189719585,0.0030056607024609022,0.002149394396346544,0.003799252944361839,0.0029490530293818135,0.0020215404832452425,0.004109062658969071,COVID-19
2020-04-09,0.004144752152116141,0.002658058728062988,0.0018677633003596624,0.0035866657236282642,0.0025699367195862284,0.0018468880200077336,0.003419039876733051,COVID-19
2020-04-14,0.004228505357598477,0.002433697541989659,0.0017028607824039746,0.0031915715916137947,0.0024130150436953877,0.001797701260362985,0.0030633390318721555,COVID-19
2020-04-15,0.002934511140740397,0.0036638623199630564,0.002603632471878012,0.00416845009971688,0.003873074242626341,0.0027582790790635237,0.004915875706530525,COVID-19
2020-04-16,0.0024659864579594922,0.003482337891025185,0.002426596365997521,0.003883888266794987,0.0037607374569164,0.002486688288629152,0.004853779076787865,COVID-19
2020-04-17,0.001093023964116184,0.0029472001960339036,0.0021255314163512195,0.003461544458390169,0.0029959668283376334,0.0021783375446198594,0.003974620732470635,COVID-19
2020-04-20,0.0013675888412437477,0.003315581053311172,0.002373249286777704,0.0037953469147959905,0.0032829296039145342,0.0025637870088347893,0.004562592452232842,COVID-19
2020-04-21,0.0011362514255022836,0.004522878519009768,0.0031057323992128294,0.004544746476220755,0.0048315470447946735,0.0037695574591251157,0.006362809215695463,COVID-19
2020-04-22,0.0020347918517168596,0.003780264640291653,0.0026113630759800163,0.003853737587212612,0.0040078641748666315,0.0030812067674264427,0.005347151595972559,COVID-19
2020-04-23,0.0022248170425713558,0.0027571566630955986,0.0019004417129512103,0.0028793831470140534,0.003033256946944417,0.0022165211424908147,0.003756180366077498,COVID-19
2020-04-24,0.0037402860035509766,0.002235926859252331,0.0015425928168517546,0.002363113191351381,0.0025358749682633133,0.0018510194028345465,0.0028870339169606587,COVID-19
2020-04-27,0.0034033840207015314,0.0018051799973538888,0.001290907122074201,0.0020631305886764646,0.001987985322331771,0.0015776478683997893,0.0021062290852872177,COVID-19
2020-04-28,0.0033182843523857568,0.0017123337230801438,0.0012754451829077014,0.0020290104990000127,0.0018236609905590978,0.0015851163057754537,0.001848435637158454,COVID-19
2020-04-29,0.002412869688798614,0.001617187054077114,0.001306972199113654,0.0020330039427454228,0.0015643855466267078,0.0016080452997008017,0.0015735282821989834,COVID-19
2020-04-30,0.002425018366078079,0.002020725283184653,0.0017135090510874318,0.002463620700590479,0.001901968967464373,0.0020528933068013266,0.0019716343899796544,COVID-19
2020-05-04,0.001178423322876934,0.002476001998206411,0.0020937369125194356,0.0027452070415064167,0.002618056440462257,0.0023237514166514627,0.002599258179892484,COVID-19
2020-05-05,0.0011912440481563634,0.001908348011098115,0.0015624515167327862,0.0020899327084253224,0.002107494009978172,0.00171294651010739,0.002068915310246905,COVID-19
2020-05-06,0.0011687562399920592,0.001927408848318489,0.0015600117102306903,0.0020268337662495803,0.0022160813704307893,0.0017317214007239047,0.0021023959939574796,COVID-19
2020-05-07,0.0007890477635867662,0.0016210831237067924,0.0012983529983263086,0.0017432252200882084,0.0018628100583265854,0.0014314716541371706,0.0017695556876556875,COVID-19
2020-05-08,0.0005536354491084175,0.0014077692473886002,0.001122660409395684,0.001562280901172472,0.001570100379519695,0.0012759255105473796,0.001507879036307771,COVID-19
2020-05-11,0.0036226265488385314,0.0012752695110828153,0.0010372404623067333,0.0014301828757066395,0.0014732297756180634,0.001101722160652183,0.0013339722811304567,COVID-19
2020-05-12,0.003613196382783706,0.0013891070892860663,0.0011532885221514863,0.001516144947825573,0.001582149326721154,0.0011987073423739918,0.0014952453073581258,COVID-19
2020-05-13,0.0036131630295644433,0.0018079709557603687,0.0014822193462305047,0.0018681270988551361,0.0020914716764407365,0.001623167977273891,0.0019748686800015766,COVID-19
2020-05-14,0.003550226057153321,0.0017422356014058678,0.0014351461293746104,0.0017445334464857027,0.0020914541834295155,0.0015483856064222453,0.001891658641317265,COVID-19
2020-05-15,0.003567551433261283,0.0012590633226943874,0.0010557693693306884,0.0012868018579807628,0.0014758132109733975,0.0011324127451867107,0.0013445194300003777,COVID-19
2020-05-18,0.0003425006491613566,0.000996642647641884,0.0008712943243080525,0.001083959847924964,0.0010923302276704407,0.0009134690693836317,0.0010221597689223309,COVID-19
2020-05-19,0.0010252693183238682,0.000995805801941516,0.0009104979610549649,0.001135275740456672,0.0010084761039181702,0.0009670364763072919,0.0009577427279704803,COVID-19
2020-05-20,0.0008938841368515059,0.0009317352417631816,0.0008756456872129491,0.0010838438817052476,0.0009190122218295724,0.000923388538593291,0.0008567858794748481,COVID-19
2020-05-21,0.0009056239117121864,0.0010922404824120992,0.0010623901511673133,0.0012716882037623733,0.0010216764754184002,0.001151943118261349,0.0009535044634510607,COVID-19
2020-05-22,0.0009464279928152405,0.0010478971805847686,0.0010097664338790714,0.00121753835206243,0.0009637027883978472,0.001145286510923178,0.0009031918176613153,COVID-19
2020-05-25,0.0011102272516601403,0.0008913085884613729,0.0008643862993101576,0.0010305739899003664,0.0008503884225862286,0.0009432530709037085,0.0007679411596064038,COVID-19
2020-05-26,0.0004876070994493726,0.0008607195825060894,0.0008574591119012107,0.0010053543398515707,0.0008060526263799536,0.0009098120124839099,0.0007249198219138018,COVID-19
2020-05-27,0.0013452968968155122,0.0008361770812290781,0.0008342668222490289,0.0009861170955827636,0.0007586175119030807,0.0009176304287067485,0.0006842535477037687,COVID-19
2020-05-28,0.0013231030556831072,0.0008127819993487204,0.0008267057980704663,0.0009587929435475672,0.0007323089909077326,0.0008936755471555786,0.0006524267170622571,COVID-19
2020-05-29,0.0016241604034673966,0.0008983286843300511,0.0009302691801183909,0.0010416100296147515,0.0008087882610833048,0.0009913097651004696,0.0007196661857333385,COVID-19
2020-06-01,0.001416559337298428,0.0009160742985440097,0.0009583353991152172,0.0010426426993955054,0.0008469401937517361,0.0009836808539690858,0.0007487723464885038,COVID-19
2020-06-02,0.0020205336808011994,0.000814438850193155,0.0008249673168891227,0.000931298805356262,0.0007626811460868262,0.0008778623268580409,0.0006753846557755235,COVID-19
2020-06-03,0.001158162141936673,0.0007628585755714392,0.0007860137862802315,0.0008756711527708078,0.0006845768989529972,0.0008577069378681259,0.0006103241019850341,COVID-19
2020-06-04,0.0029889958103634182,0.0008115470965823978,0.0008391454691336387,0.0009335705560383892,0.0007014027702635292,0.0009418813179775294,0.0006417353694989026,COVID-19
2020-06-05,0.0026636159552438235,0.0007994531984595804,0.000831791140206167,0.0009355127634734868,0.0006566909645631718,0.0009664119242907645,0.000606859199764312,COVID-19
2020-06-08,0.002572761438909284,0.0008490009818891805,0.0008869505016429733,0.000983672808953381,0.0006932156042979545,0.001027408370458879,0.0006537576240927149,COVID-19
2020-06-09,0.0026953009321631564,0.0012471639788621002,0.0013368628007291799,0.0013854447184513702,0.0010450800632021292,0.001465221700175691,0.0010032106117521316,COVID-19
2020-06-10,0.0027236967386084186,0.001409277369612796,0.0014449708197287398,0.0015254876335255233,0.0012863390486113565,0.001596098814733345,0.0011934905314650143,COVID-19
2020-06-11,0.0009735385609121188,0.0029684669621170352,0.0027916481881093518,0.0029061325981930425,0.003016620993368798,0.00327088442146119,0.002857048609452793,COVID-19
2020-06-12,0.0009397033947022378,0.0026897562078098637,0.002450294694398635,0.0025822330463662214,0.002912487079719437,0.00274292220125521,0.002760844017309818,COVID-19
2020-06-15,0.0009655959721669805,0.002128660499735422,0.001866220225553838,0.002105032211976102,0.0023853083852564644,0.0020622987045458936,0.0022244429713448133,COVID-19
2020-06-16,0.00022124949270397711,0.0016488713300938343,0.0013651471835223082,0.001776221667056913,0.0018261306150690972,0.001582766094018089,0.0016940910908027635,COVID-19
2020-06-17,0.0010281744589907388,0.0013881298526632318,0.001136751640657207,0.0015359509080423146,0.0015353825445664651,0.001351838843700781,0.0013807253263493917,COVID-19
2020-06-18,0.0009565953857501379,0.0012397013191613755,0.0010209147869959414,0.0014071089152591634,0.0013787749121201489,0.0011978848245459237,0.0011938231568857,COVID-19
2020-06-19,0.0009577820126513183,0.0010480028904663922,0.0008973367212989145,0.0012117953766143774,0.0011160135588902578,0.0010335280186564895,0.0009813407768719223,COVID-19
2020-06-22,0.00101830771020941,0.0009975072764566097,0.0008698785708710034,0.0011415160704468705,0.0010461718083695623,0.0010132766095331403,0.0009166933230624712,COVID-19
2020-06-23,0.0010595543446526067,0.0008748317607235071,0.0007627974017671907,0.0010011533852685522,0.0009233140216350924,0.0008870964148615417,0.0007997975800851589,COVID-19
2020-06-24,0.0002156566602205861,0.0014551446454184264,0.001321727894872017,0.0016246292245137145,0.001481280364997832,0.0015507675610629869,0.001297318181645582,COVID-19
2020-06-25,0.0005062064459221312,0.001337753997672922,0.0012211890626099271,0.00144757656101665,0.0014056585352112253,0.0014019032855404948,0.0012124425439863126,COVID-19
2020-06-26,0.000627775138734753,0.0014644648357565722,0.0013868167986921028,0.001565495401439876,0.0014858558163515017,0.0016127822994385292,0.0012713738628608508,COVID-19
2020-06-29,0.0007881431446537224,0.0012093915879065255,0.001118540171155772,0.0013197986728097511,0.0012438794163765867,0.0013127871016457712,0.0010519525775447463,COVID-19
2020-06-30,0.0007041814934893262,0.0010976893336293128,0.0010045741149955802,0.001222078368085197,0.0011271512815497066,0.0012088012507926143,0.0009258416527234656,COVID-19
2020-07-01,0.000981092089674929,0.0009910756985028544,0.0009112625201659244,0.0011225188837062517,0.0010025938853607745,0.001109357783600431,0.0008096454196808906,calm
2020-07-02,0.0007956130954781093,0.0008483361459097445,0.0007838385965059945,0.0009831058613634918,0.0008645581262323176,0.0009238929387667671,0.0006862852066801511,calm
2020-07-03,0.0008519621471972182,0.0008503366989780703,0.0008084095698752856,0.0009925044113500041,0.0008619167060760957,0.000909766355583641,0.0006790864520053254,calm
2020-07-06,0.0006357167644666208,0.0008217442248452774,0.0007681718943892785,0.0009848622564118167,0.0008237085174919515,0.0008721662604018271,0.0006598121955315133,calm
2020-07-07,0.0006316946489736164,0.0008822892345728998,0.0008504014790973899,0.0010654192185044586,0.0008462069528856475,0.0009561181073088687,0.0006933004150681347,calm
2020-07-08,0.0011400515224859668,0.0010096558465502866,0.0009743733920288979,0.0011789887035792551,0.0009691141725431168,0.0011362560024417148,0.000789546962158448,calm
2020-07-09,0.0010200875689206467,0.001122493309266369,0.0010920765568818123,0.0012645872928702061,0.0010681643445495988,0.00129594390588607,0.0008916944461441575,calm
2020-07-10,0.000883182341014578,0.0010476967685111387,0.000980201737978288,0.0012093529980644324,0.0010281399266788588,0.0011686085458270238,0.0008521806340070913,calm
2020-07-13,0.0008877044641119866,0.0010014078946453764,0.0009161173497223648,0.001157642716415829,0.0009660213981688727,0.0011588323291619902,0.0008084256797578241,calm
2020-07-14,0.0009235833812872525,0.0009136379809916202,0.0008291437188454467,0.001056336528525181,0.0008685121659359121,0.001091678767538382,0.0007225187241131792,calm
2020-07-15,0.00016634531338458383,0.0008630330867211697,0.0007853474424667415,0.001030123492091809,0.0008076913748404261,0.0010301091924758894,0.0006618939317309823,calm
2020-07-16,0.00016768601164894391,0.000730084563295012,0.0006720699133061917,0.0008661871857813939,0.0006919520553374417,0.0008386150046106798,0.0005815986574393526,calm
2020-07-17,0.0002917228498553754,0.0007182202669419229,0.0006702702648541084,0.000860896776068975,0.0006732032684748937,0.0008190332048127146,0.000567697820498923,calm
2020-07-20,0.00027762229901985054,0.0006652989170508123,0.0006125360655184606,0.0008199807152548262,0.0006365472076778789,0.000728911368902051,0.0005285192279008447,calm
2020-07-21,0.00036995572529302187,0.0006771902110761067,0.000620979567261316,0.0008347571716362912,0.0006427219346327988,0.0007595292320473608,0.0005279631498027672,calm
2020-07-22,0.0003338446164205271,0.0006842412016805868,0.0006374159932739386,0.0008258525619668649,0.00064413463669492,0.0007798947496569108,0.0005339080668102992,calm
2020-07-23,0.000506888853971539,0.0006909301087674292,0.0006601482116666421,0.0008224949087272325,0.000613439960596174,0.0008177687133029092,0.0005407987495441878,calm
2020-07-24,0.00038210018763101204,0.0008083124390277226,0.0007714553987095572,0.0009353561860585165,0.0006998470057420959,0.0010045519597340587,0.000630351644894385,calm
2020-07-27,0.0007337071446254067,0.0008165941752762933,0.0007866213423986747,0.0009288730435142599,0.0006928409576038493,0.001032677900058531,0.0006419576328061516,calm
2020-07-28,0.000646938654036289,0.0008498161746828926,0.0007959285337698949,0.0009786336626009153,0.0006955881628107191,0.0011267689714328163,0.000652161542800117,calm
2020-07-29,0.0008194788517869425,0.0006784899942355283,0.0006364660052077072,0.0007925873649265145,0.000572161616318848,0.0008527467672071717,0.0005384882175174004,calm
2020-07-30,0.0006666711249058699,0.0007969532034669937,0.0007772438649846707,0.0009057915778068041,0.0006646326815637186,0.001029659471984046,0.000607438420995729,calm
2020-07-31,0.0006762934212497878,0.0008148954229281111,0.0008044853158549987,0.0009222444184667073,0.0007045859931951055,0.0010235318391470108,0.0006196295479767332,calm
2020-08-03,0.00029071402095625916,0.0006269696845959774,0.0006192125212438079,0.0007211148722547451,0.0005999172258958576,0.0006750549649974809,0.0005195488385879953,calm
2020-08-04,0.0007672993457570471,0.0005959662310701619,0.0005911506282522303,0.0006785549913735525,0.0005763009408666783,0.0006366286650624036,0.000497195929795945,calm
2020-08-05,0.0006635795337755699,0.0005057913924909976,0.0004975133707244715,0.0005600185076898262,0.0005199106989359988,0.0004942705193930886,0.0004572438657116028,calm
2020-08-06,0.0006633141082505902,0.0005359993813575751,0.000525983203197652,0.0005964938450771731,0.0005423048760724992,0.0005354632453633243,0.0004797517370772267,calm
2020-08-07,0.0007559725018815513,0.00048207467010098054,0.0004665811786817003,0.0005232452741300241,0.0005001516570302798,0.0004726246020251735,0.0004477706386377247,calm
2020-08-10,0.0007810211016221029,0.00044461863722057804,0.00043720574039955875,0.000475115031681829,0.0004536012453430719,0.0004354781349820459,0.00042169303369638455,calm
2020-08-11,0.0002626937572336702,0.0004053715921847539,0.00039059083438307155,0.0004195877042557816,0.0004318177238625649,0.00037892206162924637,0.0004059396367931048,calm
2020-08-12,0.00021390191966511225,0.0003921434839711616,0.0003770856847433731,0.0003992818653315741,0.00041931396940787975,0.000368853785471793,0.00039618211490118776,calm
2020-08-13,0.00042088941386939094,0.0004509590658943479,0.0004455488491815162,0.0004587632122485581,0.0004661156562639222,0.0004402628587444482,0.0004441047530332945,calm
2020-08-14,0.0006068727796715148,0.0004637193599290173,0.00045411601796322467,0.00045863147478487524,0.00048329580729697034,0.00044599523523995976,0.0004765582643600563,calm
2020-08-17,0.0006733303468584619,0.000499999448683853,0.0004886509808368645,0.0004891545168516313,0.0005252104762404568,0.00047654604253804584,0.0005204352269522665,calm
2020-08-18,0.0006746447525266139,0.000467560650469208,0.0004669762776961052,0.00045683504058819605,0.0004835948523624902,0.0004386081309087251,0.0004917889507905235,calm
2020-08-19,0.0009413919701407075,0.00044032730301984664,0.0004401201994547729,0.000429681078503491,0.00045853075836562314,0.00040328514190648713,0.00047001933686885894,calm
2020-08-20,0.0007554795362763664,0.0004974864988135732,0.0005020380537409272,0.00048477063872994506,0.0005132513336852372,0.00046386688966693204,0.0005235055782448244,calm
2020-08-21,0.00044957933470473563,0.0005036917695712638,0.0005044330735007489,0.0004866704973452353,0.0005258301392706595,0.0004675121652834456,0.0005340129724562302,calm
2020-08-24,0.00047437155832748555,0.00047657983688350356,0.00047055050537436874,0.0004597228497303361,0.0005115171419161872,0.0004352031794473316,0.0005059055079492941,calm
2020-08-25,0.0004977244569592355,0.0004334285564261026,0.00042152494755195703,0.00042023064221857065,0.0004579222198804773,0.00040584904017974393,0.000461615932299764,calm
2020-08-26,0.00022834670538454454,0.000423018371065011,0.00041914154916378583,0.00041298323201939514,0.0004406220052842067,0.000401662506237126,0.0004406825626205415,calm
2020-08-27,0.00034741504578926084,0.00046002831424536825,0.0004669863677703554,0.00045349665633801753,0.0004651804294435018,0.0004464220932901538,0.00046805602438481275,calm
2020-08-28,0.00032370918051481776,0.0004997408772123732,0.0005119659496983452,0.00048699232708581666,0.0004994825853221694,0.0004979182890414297,0.000502345234914105,calm
2020-08-31,0.0002158824539101864,0.0005822680470559849,0.000599175059952475,0.0005672704907967238,0.0005693521028430545,0.0006034035768023526,0.000572139004885319,calm
2020-09-01,0.0002134232638511878,0.0005869325829951403,0.000598338300661958,0.0005638497395390227,0.0005779108678163836,0.000614660243215504,0.0005799037637428335,calm
2020-09-02,0.00032048004407685766,0.0005167570256359281,0.000510686351057814,0.0004968412049788368,0.0005269263895686912,0.0005330037861186553,0.0005163273964556434,calm
2020-09-03,0.00016227120556541136,0.0008617332045491871,0.0008586300187608413,0.0008383856524290061,0.0008086857540230318,0.0009941423889959266,0.0008088222085371298,calm
2020-09-04,0.00017963781185030076,0.000934056501723334,0.0009425846124155001,0.0009002723595091935,0.0008600452816259391,0.001137998089079031,0.0008293821659870065,calm
2020-09-07,0.00019163577685320712,0.0008525697863074361,0.000830641403947255,0.000829394382828733,0.0008047673391114936,0.0010544992153808169,0.000743546590268882,calm
2020-09-08,0.000598995944043294,0.0010623424164228977,0.001026477779421349,0.0010432235851758924,0.0009678874122623858,0.001399159854436948,0.0008749634508179141,calm
2020-09-09,0.0005546038345690882,0.0008846971085511275,0.000843486091901723,0.0008894211456075163,0.0008447556816872037,0.0011136713769691786,0.0007321512465900163,calm
2020-09-10,0.0005695217240648243,0.0008910852739983175,0.0008726020771272319,0.0008974853854091344,0.0008092190341698881,0.0011708625411635972,0.0007052573321217359,calm
2020-09-11,0.0006967362441639323,0.0007557857678798838,0.000757585963040078,0.0007839724733314672,0.0006842085663078577,0.0009487112220878603,0.0006044506146321562,calm
2020-09-14,0.0020057172066268755,0.0006417453694801442,0.0006443323969333267,0.000680044653282338,0.0005840486977301642,0.000783391497701117,0.0005169096017537751,calm
2020-09-15,0.0015920165522565984,0.0005492352222719822,0.0005429175640401212,0.0005940044678843125,0.0005177464692841017,0.0006390024566752152,0.0004525051534761599,calm
2020-09-16,0.0016052509507491833,0.0005212379388690957,0.0005142584688677178,0.0005712357372583646,0.0004980347122960047,0.0005881640036570709,0.00043449677226632016,calm
2020-09-17,0.0016516763834193548,0.0005783374224568691,0.0005741305182237034,0.0006419351975648668,0.0005463627501500125,0.0006546811509846478,0.0004745774953611156,calm
2020-09-18,0.0016322242038750874,0.0007190100220861395,0.0007113303687520232,0.0007998832568897918,0.0006723080469749202,0.0008331929642625743,0.0005783354735513883,calm
2020-09-21,0.0005919401875868512,0.0012941362359380943,0.001261194141653602,0.0013831576177747813,0.0012074191162973027,0.0016197510580228938,0.0009991592459418918,calm
2020-09-22,0.0006095076637679884,0.001192858382119424,0.0011671651232289303,0.0012324998169438333,0.0012072591440853014,0.00139187209992511,0.0009654957264139439,calm
2020-09-23,0.0005155498032483154,0.0012557911376986951,0.0012344812471294844,0.0012960256693035277,0.001317163123541763,0.0013987200039804568,0.001032565644538244,calm
2020-09-24,0.0004587333186347064,0.001249888102024193,0.0012751113234432947,0.0013216862773009262,0.001306550876870735,0.0013485892269542304,0.0009975028055517784,calm
2020-09-25,0.0003374842329372796,0.001024439517117878,0.0010267696552648164,0.0010936400873071655,0.0011337859310084643,0.0010315312124353317,0.0008364706995736123,calm
2020-09-28,9.500862671006249e-05,0.0008319140293893045,0.0007860284414601905,0.0009429090359988876,0.0009494958671788284,0.0007926152544175137,0.0006885215478911019,calm
2020-09-29,0.0002959479476198724,0.0008658639901142089,0.0008194029770377181,0.0010072784634412638,0.000958038651638622,0.0008430323811915852,0.0007015674772618553,calm
2020-09-30,0.0004897620236151368,0.0007452823298414774,0.0007078623170062797,0.0008784366120579142,0.0007924821046192899,0.0007462921746730328,0.0006013384408508699,calm
2020-10-01,0.000567748381257862,0.0006793398983911873,0.0006608775882888546,0.0007996351436195679,0.0007056955170475346,0.0006858206398182478,0.0005446706031817318,calm
2020-10-02,0.0005641836070141059,0.0006852742445904779,0.0006911433538958716,0.0008108861501574778,0.0006781437404419017,0.0007098974750198022,0.0005363005034373365,calm
2020-10-05,0.0005773270153901605,0.0005807836184369934,0.0005861083727307371,0.0006846939429332291,0.0005860663876189646,0.0005773488661225853,0.000469700522779451,calm
2020-10-06,0.0004075406283650945,0.0006920496743672861,0.0006924064637213694,0.0008657769558249037,0.0006526989283893348,0.0007297451263238303,0.0005196208975769927,calm
2020-10-07,0.00021739471852374925,0.0006773511585220541,0.0006792261723020326,0.0008686683320320583,0.0006194000694978414,0.0007192579763718621,0.0005002032424064759,calm
2020-10-08,0.00041563101824267237,0.0006805922177338115,0.0006720371706274272,0.0008911613072223026,0.0005985847491226122,0.0007573745966911282,0.0004838032650055871,calm
2020-10-09,0.00042598425324899693,0.0005645322087328834,0.0005536937257318525,0.0007324801556157734,0.000508267485359565,0.0006041671465550109,0.0004240525304022152,calm
2020-10-12,0.0003667424936069775,0.0005652991898486233,0.0005483605693076968,0.000737630654511704,0.0004931567931481455,0.0006391669028763001,0.00040818102939927016,calm
2020-10-13,0.0003022069108305506,0.0007196372989725057,0.0006982328472747752,0.0009741914839726334,0.0005764071353145146,0.0008765936741877142,0.00047276135411289106,calm
2020-10-14,0.0005661880218919119,0.000752996633039643,0.0007421375856007635,0.001002125200522211,0.0005768763413033403,0.0009557435222466414,0.00048810051552525816,calm
2020-10-15,0.0003024218863756569,0.0008536148274703757,0.000859791587714154,0.0011060548745464903,0.0006824503995386078,0.0010496693211820105,0.0005701079543706154,calm
2020-10-16,0.00035166909866133706,0.0006970394763413654,0.0007080069415930357,0.000873032867368771,0.0006115725833241378,0.0007719547965789617,0.0005206301928419215,calm
2020-10-19,0.0006316355072262555,0.0007068029646458052,0.0007348478345060771,0.0008574058474082375,0.0006246996504840077,0.0007725380240762537,0.0005445234667544499,calm
2020-10-20,0.0010116905565709057,0.0006071849166607863,0.0006340304278121652,0.0007113160522118169,0.0005415652543380164,0.0006589087717135837,0.0004901040772283491,calm
2020-10-21,0.0014968170066333682,0.0006334185928350512,0.0006296896959013362,0.0007140900746908562,0.0005660509784724756,0.000734857262851678,0.0005224049522589097,calm
2020-10-22,0.0024097638173849315,0.0005888503343693221,0.0006067309588033446,0.0006483802730766893,0.0005322340667795585,0.0006568154680371457,0.0005000909051498721,calm
2020-10-23,0.002463362288388658,0.0005100971575563414,0.0005244076435249624,0.0005562769739091838,0.0004792310341434267,0.000538431041306855,0.0004521390948972791,calm
2020-10-26,0.0023695124867742488,0.0007566726190031871,0.0007944349624297975,0.0008191833371622732,0.0006871086056738158,0.000833006975282481,0.0006496292144675686,calm
2020-10-27,0.0027834544687808647,0.0009200488297120118,0.0009644554400899282,0.0009367449110017846,0.0008709302204043398,0.0010232831773105177,0.0008048303997534886,calm
2020-10-28,0.002077836815119909,0.0015717309327919753,0.0015643820333367856,0.0014538729185948895,0.0016006000373976726,0.0017930363941018829,0.0014467632805286457,calm
2020-10-29,0.0011993415687931242,0.0014310093957117219,0.0014827022994734,0.001300777568261135,0.0015240344145173808,0.0014883075306016127,0.0013592251657050807,calm
2020-10-30,0.0010906123202192573,0.0015033615436333095,0.0015995030657861978,0.0014008032921511958,0.0016003547315350936,0.0015139564948556206,0.0014021901338384397,calm
2020-11-02,0.0015703136588045275,0.0011874983453734693,0.0012072570218492967,0.0011493940024023472,0.001307106775017594,0.0011397832029597928,0.0011339507246383163,calm
2020-11-03,0.0010251980384469422,0.0010117412844278958,0.001001523901527536,0.001023037582224726,0.0011023816887586553,0.0009715399133284732,0.000960223336300089,calm
2020-11-04,0.0012878279648803066,0.0008763140255252301,0.0008455423118486706,0.000908671508955935,0.0009484498744999065,0.0008587100420206952,0.0008201963903009435,calm
2020-11-05,0.001314977424111078,0.0008186397862866412,0.0007748485786523066,0.0008780921548016689,0.0008656263474218648,0.0008279178930368268,0.0007467139575205392,calm
2020-11-06,0.0013127414435416854,0.0007785889523385643,0.0007353412640839814,0.0008438366321369963,0.0008204883587220222,0.0007897252111609367,0.000703553295588885,calm
2020-11-09,0.000707832079017392,0.0007273679033460765,0.0006986152545673385,0.0008194797534227619,0.0007468261675043337,0.0007275345806510502,0.0006443837605848976,calm
2020-11-10,0.000782672043071613,0.0007674114391721242,0.0007526153927079567,0.0008745732846165925,0.000771221705677371,0.0007609887908961208,0.0006776580219625794,calm
2020-11-11,0.0006036716785143277,0.0008082850251837298,0.0008122840613861935,0.000919214051106401,0.0007865994237927083,0.0008098800243704107,0.0007134475652629365,calm
2020-11-12,0.0007162593894625684,0.001058969532173546,0.001085525415988154,0.0011770254396212619,0.0010014549158183048,0.0010914372843478543,0.0009394046050921558,calm
2020-11-13,0.0007422241093193379,0.001035393298737747,0.0010297361167373841,0.001140268079813746,0.0009728889566601852,0.0011021434348821896,0.0009319299055952294,calm
2020-11-16,0.0007175311082053718,0.0009849354038792195,0.0009480753054326723,0.0010954092920756908,0.0009303370193643921,0.0010759415311103722,0.0008749138714129704,calm
2020-11-17,0.0004805181751712089,0.0011573926324566198,0.0010832275244831763,0.0013038192789405487,0.0010858036745452395,0.0012979924317674146,0.0010161202525467202,calm
2020-11-18,0.0004272494070002118,0.0013313879996461665,0.001204974117311235,0.0015012505167891442,0.0012486772623392772,0.0015371509203486655,0.0011648871814425108,calm
2020-11-19,0.00023377879572131444,0.001491521222809922,0.0013090853296010524,0.001680118247479768,0.0014608232252480622,0.0016897617047697323,0.0013178176069509942,calm
2020-11-20,0.00020587366332077908,0.0014733161627883003,0.0012531625118924893,0.0016677390727340478,0.001468414687171756,0.00167385757941607,0.0013034069627271396,calm
2020-11-23,0.00019713073033563567,0.0013886401165742002,0.0011461687679403764,0.001566409725740659,0.0013903870467381805,0.0016057548789427873,0.0012344801635089965,calm
2020-11-24,0.00014917312535524678,0.0012346320133452553,0.0009946659862102142,0.0014337227357851857,0.001227839266041502,0.0014410860600651144,0.0010758460186242602,calm
2020-11-25,9.710227454546695e-05,0.0011431791740705302,0.0008977087188025927,0.0013475529502958788,0.001116859181876598,0.0013715993451088688,0.000982175674268712,calm
2020-11-26,0.0005018816957943471,0.0009826616816462005,0.000781266169840244,0.001153043475761915,0.0009400670890993537,0.0012002831271303957,0.0008386485463990943,calm
2020-11-27,0.0010457302400144973,0.0008477685950497848,0.0007014908852870028,0.0009938274842486226,0.0007751691073530617,0.0010594380216167715,0.0007089174767434646,calm
2020-11-30,0.0010457823209881916,0.0008007102628581649,0.0006806448377193098,0.0009276941837207443,0.0007255083872272294,0.0010048038436536266,0.0006649000619699145,calm
2020-12-01,0.0010071454537789318,0.0007315499042994766,0.000621378011346871,0.0008413333727112248,0.0006579960580394485,0.0009349388290484216,0.0006021032503514173,calm
2020-12-02,0.0010252363242660928,0.0006834454806376264,0.000599333282554326,0.0007718319775373188,0.000620010750017327,0.0008596599716587202,0.0005663914214204397,calm
2020-12-03,0.0006334877802154936,0.0005948771369495688,0.0005391630444679409,0.0006555826318765716,0.0005587056595896538,0.0006991941232283653,0.0005217402255853128,calm
2020-12-04,0.00022122038424146216,0.0005412136516083682,0.0005065833411437516,0.0005747401640676844,0.0005164137525880436,0.0006139552459550517,0.0004943757542873099,calm
2020-12-07,0.0003134612292117032,0.0005246912446184072,0.0005041163462946714,0.0005452247386186455,0.000508355921462246,0.0005660772447392731,0.0004996819719772002,calm
2020-12-08,0.0003130883750429246,0.0005033039476338421,0.0004832478968878308,0.0005325823807313831,0.0004831683951240028,0.0005356595847975299,0.0004818614806284642,calm
2020-12-09,0.00033236741268064397,0.0004553792331491556,0.0004389894038587893,0.0004732198602106044,0.00045223115118183944,0.0004452451345927957,0.0004672106159017491,calm
2020-12-10,0.0003381184319031595,0.0004450669684733325,0.0004287131847428754,0.0004629619013276465,0.00044610351333547894,0.0004258891179407036,0.0004616671250199578,calm
2020-12-11,0.00020579319970020173,0.00047928740942771033,0.0004622207965680012,0.0004890672778310813,0.00048328119211440225,0.00046008238814022423,0.0005017853924848425,calm
2020-12-14,0.00035699239343184536,0.0004751443608245392,0.00044989497112149013,0.0004773521373562496,0.0004931073757594228,0.00045050055708757773,0.0005048667627979554,calm
2020-12-15,0.0003955346274771672,0.0004276946495341432,0.00040882364513806417,0.0004245588345496183,0.00044334309386900004,0.00041379326662129354,0.0004479544074927401,calm
2020-12-16,0.0006268056403059886,0.0003829005636910041,0.0003639572854068988,0.0003794940288116346,0.00040691682209429293,0.00036333816690501585,0.0004007965152371787,calm
2020-12-17,0.0006133415215830377,0.0003652146785685673,0.00034981055819570845,0.0003591369328848951,0.00038534563046507906,0.00035558077775800105,0.0003761994935391527,calm
2020-12-18,0.0007809073035336177,0.00035363115848827516,0.0003514584201512005,0.0003463576977855417,0.00035627708714742817,0.0003548981141904719,0.00035916447316673337,calm
2020-12-21,0.0005146961800816023,0.00045648970892057315,0.0004572066142786013,0.0004486204971986925,0.00042925149764240066,0.0005030711350694197,0.0004442988004137516,calm
2020-12-22,0.0009096467582753497,0.00045868655460885085,0.00045790839288860325,0.00045185712620656794,0.0004400608053811555,0.0004943467775607416,0.0004492596710071858,calm
2020-12-23,0.0008642207351719934,0.00043088927261637343,0.0004319104130944686,0.0004251898297699455,0.0004260930032787824,0.0004460084080825146,0.00042524470885615614,calm
2020-12-24,0.0010742189782285473,0.0003927785591565858,0.0003856496496137226,0.00038485519615442547,0.0004016200426973021,0.0003973215727751232,0.0003944463345423557,calm
2020-12-29,0.00281134318069931,0.0003913860988673915,0.00039047015451743885,0.00038144508863275397,0.00039935102828219597,0.00038938674567100934,0.00039627747723355915,calm
2020-12-30,0.0028394844196326647,0.00040000769257123416,0.0004081883865243505,0.0003915356134779426,0.0004036677783673454,0.00039077078910968555,0.00040587589537684703,calm
2020-12-31,0.00246501493270972,0.0004603665400354003,0.0004734974564772599,0.0004458097931674709,0.00045996720768213894,0.0004541108335075236,0.00046844740934260835,calm
2021-01-04,0.0022658167011537678,0.0006146053401556004,0.0005932731597499325,0.0006398543072660452,0.0006013190087221728,0.0005835215692893883,0.0006550586557504629,calm
2021-01-05,0.0020571458948982877,0.0006849020909683487,0.0006685484322398714,0.0007294553604463275,0.00067254682991145,0.000629269237814069,0.0007246905944300258,calm
2021-01-06,0.00033281178629810694,0.0006750202079711272,0.0006689234343880965,0.0007212212456499127,0.0006851855100764649,0.0005865336178344803,0.0007132372319066815,calm
2021-01-07,0.0002971495930755947,0.000630359793921375,0.0006406446240936036,0.0006929916252338312,0.0006341007625441648,0.0005210594053551704,0.0006630025523801043,calm
2021-01-08,0.0002779603814657706,0.0006190715257358065,0.0006388122946845328,0.0007028358553539758,0.0006162085694711969,0.0004981439403653448,0.0006393569688039819,calm
2021-01-11,0.00033730529975489575,0.0007680043264593928,0.0007813856292043627,0.000861168207207856,0.0007723350158192839,0.0006392082607590709,0.00078592451930639,calm
2021-01-12,0.00032959131034252594,0.0007917754493370207,0.0007974924499836764,0.0008481640405899311,0.0007943587019936944,0.0007114834942203869,0.0008073785598974143,calm
2021-01-13,0.00015119061400035378,0.0008178951981478273,0.0008104605349360898,0.000855501110792827,0.0008240043517815238,0.000762036173527173,0.0008374738197015225,calm
2021-01-14,0.00015735128217088837,0.0007682855077635515,0.0007650518602673709,0.0007979544357523506,0.0007778017809582243,0.0006985214570463904,0.000802098004793422,calm
2021-01-15,0.00038784900454864353,0.0008448819402402423,0.0008408484886910769,0.0008806329026296044,0.000866186247756516,0.0007508473340575594,0.0008858947280664552,calm
2021-01-18,0.0006904194191487003,0.0009241860927344172,0.0009206393481709495,0.0009639299809604788,0.0009411156613875787,0.0008243431280003137,0.0009709023451527647,calm
2021-01-19,0.0007223771890638718,0.0008832971426028565,0.0008874475162384821,0.0008744986449830265,0.000904301630272748,0.0008480650180978992,0.0009021729034221271,calm
2021-01-20,0.0013333110323329536,0.0007493128848798595,0.0007508722785538818,0.000743042625495116,0.000772662968675209,0.0007118191908607703,0.0007681673608143204,calm
2021-01-21,0.0014414692852616122,0.0006696957307863785,0.0006524511281584564,0.0006611370902821087,0.0006954652569173914,0.0006545275544731719,0.0006848976241007639,calm
2021-01-22,0.0013661153680196603,0.0007490080566562411,0.0006937318476607307,0.0007133854102808334,0.0008142008200757954,0.0007741620494073295,0.0007495601558565163,calm
2021-01-25,0.0010765444648121996,0.0009204613409260395,0.0008181130362018747,0.0008550674033906537,0.0010499145587551239,0.0009881443437181417,0.0008910673625644037,calm
2021-01-26,0.0016395190416466294,0.0008117690575138836,0.0007232014911631091,0.0007662768811645902,0.000923323143137632,0.0008402282065293142,0.0008058155655747724,calm
2021-01-27,0.0010510351759130214,0.0012347124489046947,0.001077551707881561,0.001218437863117956,0.001395763665628087,0.0012567769112530808,0.0012250320966427889,calm
2021-01-28,0.0009439247645765561,0.00122143279020927,0.0010897537768043341,0.0011807957169159115,0.0013648511189151328,0.0012561582680962993,0.001215605070314672,calm
2021-01-29,0.0007491728574969508,0.001712590863331516,0.0015360978502111154,0.001679650215710252,0.0018805054517794654,0.0018133712805889308,0.001653329518367815,calm
2021-02-01,0.0006273926771037834,0.0015402365626906557,0.001405513353763369,0.0015046745000067605,0.0016595472751503482,0.0016494967730804279,0.0014819509114523727,calm
2021-02-02,4.534736566361599e-05,0.0012540993502695521,0.0011684231672441736,0.0012622230407553369,0.0013393627871795104,0.0012749925258146765,0.0012254952303540636,calm
2021-02-03,0.00012489856728385463,0.0010530090986312912,0.0009760580621130855,0.001081331498084783,0.0010944149007150424,0.0010992734593279186,0.001013967572915626,calm
2021-02-04,0.0001277306728682162,0.0009019292773616464,0.0008487183118240338,0.0009295278643973515,0.0009235008482572971,0.0009383601238649127,0.0008695392384646365,calm
2021-02-05,0.00016149535425784116,0.0006883631208956526,0.0006543559985346271,0.0007541571640588416,0.0006684441227228456,0.0006601291001865354,0.0007047292189754131,calm
2021-02-08,0.0002926616263218076,0.0006117892621012955,0.0005893800566143491,0.0006656398928929998,0.0005890737574474449,0.0005747017904026984,0.0006401508131489852,calm
2021-02-09,0.0002898671229055456,0.0005812162426213509,0.0005624103620852671,0.0006299765975629532,0.0005607721082629493,0.0005369785198492202,0.0006159436253463643,calm
2021-02-10,0.000213733503512229,0.0005943494586254157,0.0005638597523003299,0.0006407460200925431,0.0005775706604760364,0.0005549840669373053,0.0006345867933208641,calm
2021-02-11,0.00026182155244519774,0.0005732663731912986,0.0005459358453245986,0.0006082432762035894,0.0005666789637884199,0.0005295182448955518,0.0006159555357443331,calm
2021-02-12,0.0005244069837184243,0.0005199760341795893,0.0005003015530537314,0.0005535886217158619,0.000506553598087452,0.0004727723378877823,0.000566664060153119,calm
2021-02-15,0.0005177017426953142,0.0005041653098162662,0.0004902678244588788,0.0005342797804460293,0.0004976304737249653,0.00045197631699717096,0.0005466721534542864,calm
2021-02-16,0.0005373457101184187,0.0004889122764280919,0.0004757822430525657,0.0005237805723947032,0.00047852119060196957,0.0004385443415107585,0.0005279330345804628,calm
2021-02-17,0.0006982143721197397,0.0005041751775980687,0.0004846131924725555,0.0005405350830399397,0.0004894937294635386,0.0004636267035872846,0.0005426071794270246,calm
2021-02-18,0.0007367240289888173,0.0005530965348531309,0.0005276942227961202,0.0005863900980996469,0.0005395121341986349,0.0005135802130949631,0.0005983060060762895,calm
2021-02-19,0.0006239664114718028,0.0005383977959014918,0.0005170735138612134,0.0005713199165942077,0.0005284821475492373,0.0004951190139184978,0.0005799943875843029,calm
2021-02-22,0.00106223189326677,0.0005583198214364595,0.0005405735895515288,0.0005958846947853756,0.0005489942127584728,0.0005045903174140891,0.0006015562926728312,calm
2021-02-23,0.001039722420487827,0.0005579300411038816,0.0005437060932418801,0.0006057483338964424,0.0005379828141130617,0.0005047372811789179,0.0005974756830891057,calm
2021-02-24,0.001631662261021444,0.0005274428354036327,0.0005206105281328196,0.0005756608393394001,0.0005113142962883655,0.0004706203760441519,0.000559008137213426,calm
2021-02-25,0.0015906029868785194,0.000714376081625263,0.0006938097346234512,0.0007875358214272882,0.0006834092883382097,0.0006527498639403545,0.0007543756997970118,calm
2021-02-26,0.0019514736104256506,0.000911397858116205,0.0008678759589571678,0.0009934200866640055,0.0008772350917378278,0.000870781197656926,0.0009476769555650979,calm
2021-03-01,0.0019520914036130707,0.0008304795077055348,0.0008102659509665146,0.0009158070130893207,0.0007943727325765908,0.0007761262681084171,0.0008558255737868308,calm
2021-03-02,0.00200029841513565,0.000890618352761215,0.000842762799598416,0.000939782919992225,0.0008665090394608057,0.0009164245032324554,0.0008876125015221732,calm
2021-03-03,0.0012196964497749943,0.0009498092542732876,0.0008905514191952274,0.0009971978961435817,0.0009312532539073508,0.0009974478994295506,0.0009325958026907271,calm
2021-03-04,0.0014271362069090013,0.0009652093893372964,0.0009205266295611133,0.001076082959529821,0.0009075086609364692,0.0009572160847847941,0.0009647126118742849,calm
2021-03-05,0.000890271821768538,0.0011761805118051004,0.0011595439475587334,0.001335727820400959,0.0011085730271384454,0.0011453663405948543,0.00113169142333251,calm
2021-03-08,0.0004586707715565963,0.0012634073249891576,0.0011867734859258322,0.001352773037969426,0.0012776200712345581,0.0013392144387823935,0.0011606555910335776,calm
2021-03-09,0.0004052243732020246,0.001424721437295047,0.0012744595761885137,0.001374755693965542,0.0015392200450452397,0.0017071069747227746,0.0012280648965531647,calm
2021-03-10,0.00042050210362403487,0.0013777556402254504,0.0011845872315468214,0.0012198899879202493,0.0015549856289663393,0.001779664021179118,0.001149651331514724,calm
2021-03-11,0.0001927764182610869,0.0013680766002436202,0.0011283162122030649,0.0011420712446782468,0.0016612967088338805,0.0017954391075220941,0.0011132597279808144,calm
2021-03-12,0.0003329421423800182,0.0012648106464406795,0.0010415358593716941,0.0010581314202654111,0.0015685513531224946,0.0015992763319452245,0.0010565582674985734,calm
2021-03-15,0.00023558973007508009,0.0012429398357255048,0.0010155620198049487,0.001010870919562765,0.0015841914776276217,0.0015631039006277928,0.001040970861004396,calm
2021-03-16,0.00023839921259877147,0.0011233617531473763,0.0009180002845519244,0.0009096009857647471,0.0014295362977607374,0.001404526164583081,0.0009551450330763906,calm
2021-03-17,0.00023836566757423394,0.0010121381377148722,0.0008386204181011133,0.0008265882194920426,0.001269626136141478,0.0012391859923637164,0.0008866699224760114,calm
2021-03-18,0.00020421903187424053,0.0010752217986102256,0.000860677113641045,0.0008461215374054282,0.0014006501254004208,0.0013426461476759007,0.0009260140689283335,calm
2021-03-19,0.0002365743107150552,0.001128825380367888,0.0009150765454215006,0.000908312708229169,0.0014372408007258782,0.0013974059179442963,0.0009860909295185958,calm
2021-03-22,0.00023305343001077164,0.0010868831626305272,0.0009020896356074253,0.0008734802843222664,0.0013440235068319206,0.001350038054948212,0.0009647843314428111,calm
2021-03-23,0.000297429936230358,0.001029343076498668,0.000874563317634496,0.000835657697968774,0.0012311003188407437,0.0012566938755257861,0.0009487001725235401,calm
2021-03-24,0.00028955584218730773,0.001006343747357896,0.0008549696535569397,0.0008214070969214351,0.0011947238659272522,0.0012358936504316689,0.000924724469952185,calm
2021-03-25,0.000293611898279475,0.0009197687708279633,0.0007747865365268359,0.0007505772585504758,0.0010833440875827373,0.0011502043416065511,0.0008399316298732154,calm
2021-03-26,0.00015112065466912526,0.000760279505763606,0.0006547707072743745,0.0006443484293709008,0.000901171692251169,0.0008970112651482245,0.0007040954347733608,calm
2021-03-29,0.00012751527583287884,0.0007213284779191623,0.0005973239957923225,0.0006120749705022347,0.0008930272591019669,0.0008510879624322686,0.0006531282017670192,calm
2021-03-30,5.8594105716465755e-05,0.000674189705196594,0.0005488191459125476,0.0005687095747289509,0.0008475031922617463,0.0008017651621882947,0.0006041514508914305,calm
2021-03-31,5.270735236581192e-05,0.0004882518802765596,0.0004574653680686445,0.0004938069866229771,0.0005236406432530527,0.000449390274588744,0.0005169561288493797,calm
2021-04-01,0.00012982868231512927,0.00047925666632695136,0.0004381949763486286,0.00046745578759458864,0.0005256717110152916,0.00047602306257410015,0.0004889377941021481,calm
2021-04-06,9.19393411302656e-05,0.0004092298479873432,0.000391545114591761,0.00042715430191338374,0.0004116057551221108,0.00038252286611558625,0.0004333212021938741,calm
2021-04-07,8.516927472602783e-05,0.0004107345911888665,0.0003893850983148631,0.0004255555556022251,0.00040910120726625997,0.00039778817932226206,0.00043184291543872286,calm
2021-04-08,8.676141433314469e-05,0.00037171891459013273,0.00036380664099783765,0.00038514780359952033,0.00036313684028466917,0.00034798951584105487,0.00039851377222758166,calm
2021-04-09,0.0003251027779767693,0.00031007120972172006,0.0003162142188642741,0.00033335707243735543,0.0002830540301887456,0.00027153956922408795,0.00034619115789413725,calm
2021-04-12,0.00024262284152065227,0.0003103379252581535,0.0003216294576258339,0.00033906292095123845,0.0002760146199707351,0.0002673331451939613,0.0003476494825489988,calm
2021-04-13,0.0007479731919260173,0.0003384386580810452,0.0003392747778958785,0.00035575469232429155,0.0003027707919476095,0.00032114147364176523,0.00037325155459568134,calm
2021-04-14,0.0007534004027319124,0.00030680431734612235,0.000320593265404748,0.00033410046645699314,0.0002598480032584671,0.00027565882046784023,0.00034382103114256337,calm
2021-04-15,0.0007689372687768852,0.0002937946987949972,0.0003085134154748631,0.00032383829138028764,0.0002485908293006652,0.00025838612089814706,0.0003296448369210228,calm
2021-04-16,0.0005707373931981618,0.0002616403546502777,0.0002853714826146099,0.0002939337431643045,0.00022102158132355547,0.0002228908908270294,0.00028498407532188925,calm
2021-04-19,0.0006732842048590391,0.0002687955530839501,0.00028968076997968364,0.00030195915473044544,0.00022594940301303449,0.0002318226858585528,0.0002945657518380341,calm
2021-04-20,0.0001698597909292615,0.0003258873908425314,0.0003457749710089859,0.0003767860601387645,0.00026296826897112183,0.0002737586158829125,0.0003701490382108724,calm
2021-04-21,0.00018938460117714045,0.00032581535708976956,0.00034179046984736763,0.0003711512981081823,0.0002629091252010238,0.00028583340775696495,0.00036739248453530903,calm
2021-04-22,0.00019012919727503055,0.000294796531485907,0.00031607057104062895,0.0003425783520765324,0.0002371885750804284,0.00023771037883736412,0.000340434780394581,calm
2021-04-23,0.00024365073002119818,0.00028505630767699017,0.00030614750275729076,0.00033004722326017086,0.0002317278898359473,0.00023220299507082103,0.00032515592746072084,calm
2021-04-26,0.0002749770188949073,0.00030691905139639355,0.0003164078254132824,0.00034843558308159204,0.0002549595723443128,0.0002708185340853226,0.0003439737420574578,calm
2021-04-27,0.0015436402763371428,0.0003143600755721468,0.00031795680175536066,0.0003496431013357886,0.00026393726350443323,0.00029561067347146124,0.0003446525377936904,calm
2021-04-28,0.0015200727746894724,0.00032810340819443154,0.00032808511643053176,0.00035605621220244663,0.00028192915518524756,0.00032282435649133595,0.0003516222006625958,calm
2021-04-29,0.0015196645537627923,0.00029432354476187806,0.00031142419949143133,0.0003312107719391518,0.00024425346484733596,0.00026638573604791186,0.0003183435514835592,calm
2021-04-30,0.0014272693408841836,0.0003031482703945779,0.000323732316059322,0.00034596852576376666,0.00024640682902244755,0.0002594619276330684,0.00034017175349428504,calm
2021-05-04,0.0018749346668068543,0.00035559804708480426,0.0003770578895488747,0.0004188725306658772,0.00027572407495080905,0.00030130668483471996,0.0004050290554237404,calm
2021-05-05,0.0006432759304967272,0.0003805880105988561,0.00039537380297605145,0.00043567714899866804,0.00031524626072190157,0.0003337803111536336,0.000422862529144026,calm
2021-05-06,0.0007288185294454288,0.0003690383984330702,0.0003829523666011776,0.0004176663443151596,0.00031317834532900996,0.0003311460707135034,0.00040024886520650065,calm
2021-05-07,0.0008756444520045006,0.00033432978394990387,0.00035453894989678726,0.0003808593794102931,0.0002852592514370599,0.00029638937218547605,0.00035460196681990323,calm
2021-05-10,0.0009151601578094862,0.00034247998195938476,0.00035988026656718036,0.0003938014908118151,0.0002909409410836927,0.0002946213838314065,0.0003731558275028294,calm
2021-05-11,0.00033329996490437576,0.0005161599306096153,0.0005135794790498072,0.0006008897319834851,0.00044772508670181294,0.00045357270523932474,0.0005650326500736462,calm
2021-05-12,0.0005309929219893971,0.0007336192477401677,0.0007229246163206019,0.0008461882131689854,0.0006396693660101651,0.0006455390549810923,0.000813774988219994,calm
2021-05-13,0.000553789159388909,0.0007217011614391499,0.0007280087313685501,0.0008578791236497198,0.0006411538486755606,0.0005703618252024103,0.0008111022782995082,calm
2021-05-14,0.0006036557077369803,0.0007535870110739736,0.0007492187708604945,0.0008804079207002049,0.0007029026568042653,0.000618957402411855,0.000816448304593048,calm
2021-05-17,0.0005733756357327649,0.0008310896031419538,0.0008130849619032625,0.0009446317725729686,0.0007873264247101176,0.0007368178277946375,0.0008735870287287832,calm
2021-05-18,0.0005966187774778687,0.0008248860994330375,0.0008248003383134583,0.0009011291241199375,0.0007677815044136707,0.0007755239675401849,0.0008551955627779366,calm
2021-05-19,0.00039325434599192467,0.0009020015602403715,0.0008910228196685963,0.0010029178611685597,0.0008260138534377047,0.0008683275644718347,0.0009217257024551618,calm
2021-05-20,0.000345604331462622,0.0008825180255874311,0.0008598335765510477,0.0009477376352194478,0.0008388993203697968,0.0008754450024929096,0.0008906745933039539,calm
2021-05-21,0.0001417531989057517,0.0007430085411154405,0.0007147563060095911,0.0008026721896167942,0.0007218638899895966,0.0007097930589361283,0.0007659572610250927,calm
2021-05-24,0.0001686797702343682,0.0006815492537050663,0.0006627510625874199,0.0007183061559709066,0.0006608148130710781,0.0006707653537197162,0.0006951088831762108,calm
2021-05-25,0.00018800252358595144,0.0006476217671629028,0.0006226009953294086,0.0006688970971675249,0.0006271396382924051,0.0006617865491923194,0.0006576845558328556,calm
2021-05-26,0.00016182605200413869,0.0005949113835523512,0.0005792497971830174,0.0006176472567624501,0.0005685623579057694,0.000597875572028124,0.0006112219338823953,calm
2021-05-27,0.00010607563669400376,0.0005495859410022769,0.0005443859171847071,0.0005775452722813905,0.0005165294415129869,0.0005368768055510544,0.0005725922684812457,calm
2021-05-28,9.772856109175437e-05,0.0005262194011531187,0.0005211553305514855,0.0005532793732149979,0.0005033135546234623,0.000499238404959774,0.0005541103424158737,calm
2021-05-31,6.452214771388616e-05,0.0005317356509061983,0.0005251061658078427,0.0005575648395494541,0.0005087867320773831,0.0005028838924208076,0.0005643366246755035,calm
2021-06-01,5.252060597704385e-05,0.000511251424174985,0.0005020979413741139,0.0005355044591086297,0.0004939126510490739,0.0004829668984474527,0.0005417751708956543,calm
2021-06-02,5.8038125222641984e-05,0.0004840233056459746,0.000477425524592663,0.0005070500713949328,0.000467031013647122,0.00045240405453406883,0.0005162058640610864,calm
2021-06-03,5.2910883803491105e-05,0.00048494233518088503,0.0004764542382342371,0.0005020836421398377,0.0004717860541365604,0.0004554894884359398,0.0005188982529578506,calm
2021-06-04,6.995430905776818e-05,0.0004262369719668708,0.0004279986730059487,0.000451619080711446,0.00040640180494303413,0.0003846291785452426,0.0004605361226286824,calm
2021-06-07,0.00015199168878153298,0.0004356564287057332,0.00043476341570338216,0.0004591732548782623,0.0004148848366824521,0.00040149511401270263,0.0004679655222518667,calm
2021-06-08,0.000218878106908285,0.0004336682167500284,0.000429708981609399,0.00045545527917896966,0.0004124715176005219,0.0004105789081030564,0.00046012639725819514,calm
2021-06-09,0.0002476504301363656,0.0004497188899760661,0.0004415399145977996,0.0004731596278956426,0.0004269320136996378,0.000428609941201174,0.0004783529524860762,calm
2021-06-10,0.0002468393492588269,0.00042770635203192854,0.00041921221591928595,0.0004529620052701102,0.0004037562282875071,0.00040461628663004896,0.0004579850240526908,calm
2021-06-11,0.000492415983346673,0.0004131506823331963,0.00040235467748911944,0.0004374531261257462,0.0003960667064025895,0.00039170508935106003,0.00043817381229746625,calm
2021-06-14,0.00048719425717724796,0.0004183845388341708,0.0004049795177242662,0.00044454749349837807,0.00040243002684344826,0.0003995968010164138,0.0004403688550883476,calm
2021-06-15,0.0006361802262015202,0.0004277679009575948,0.0004106313322286106,0.0004575199058665384,0.00041405270919444236,0.0004103617451744513,0.0004462738123239312,calm
2021-06-16,0.0006054750156846859,0.0004361467985255051,0.0004174190728558413,0.0004673418075532046,0.0004210408237044045,0.0004178249239423102,0.00045710736457176476,calm
2021-06-17,0.000830292478698834,0.00043514418450058727,0.0004152800104947725,0.00046128306958331843,0.0004174029026403834,0.00042460523699946594,0.0004571497027849959,calm
2021-06-18,0.0005692467476440935,0.0005473033287061403,0.0005043495018799528,0.0005888720861943419,0.000531017311644612,0.00053654197242834,0.0005757357713834549,calm
2021-06-21,0.000980642247190313,0.00051180306918591,0.00047531147023500216,0.0005570904679231682,0.0004969137058928554,0.0004956102686662494,0.0005340894332122743,calm
2021-06-22,0.0007640707405110295,0.00047258312899010863,0.0004445051320779037,0.0005216589696339858,0.00045427688426224387,0.0004508630844098791,0.0004916115745665307,calm
2021-06-23,0.0008068945477062134,0.0004917455365243716,0.00045982764504590065,0.0005435269182881039,0.00046995767236784924,0.0004819251621156557,0.0005034902848043481,calm
2021-06-24,0.0007810797102562904,0.0004762414305099547,0.0004495821209088221,0.000526111758695306,0.00045363802796223596,0.0004655516822907346,0.00048632356269267456,calm
2021-06-25,0.0007872626362708586,0.00045980910791825586,0.00043880506833540825,0.0005076853805843152,0.00043159552600955124,0.0004494193230756511,0.0004715402415863536,calm
2021-06-28,0.00037636295551216195,0.0005137072555338207,0.0004872751262994248,0.000569812395598051,0.00048142208094154574,0.000502424905195785,0.0005276017696342971,calm
2021-06-29,0.0004336412596409745,0.0004957187095116918,0.000473015517604107,0.0005459444880578742,0.0004682948964604208,0.0004809651126909486,0.000510373532745108,calm
2021-06-30,0.00039182380130618093,0.0005168469609795198,0.0004920222014180406,0.0005668898959126227,0.0004912805646518909,0.0004972899565257214,0.0005367521863893232,calm
2021-07-01,0.0007922417505633574,0.0004908525842459608,0.000476953256151193,0.00054387701726448,0.00046479238276227294,0.00045507711672715113,0.0005135631483247067,calm
2021-07-02,0.000915390815072008,0.00047981342424524705,0.0004719594495662464,0.0005320342142277681,0.00045188209289913773,0.00043949445234336206,0.0005036969121897209,calm
2021-07-05,0.0008598952717249592,0.00048049527909043745,0.00047331618823087587,0.0005322944162971449,0.0004506741156143579,0.00043916137131474835,0.0005070303039950605,calm
2021-07-06,0.0007960073515565307,0.0005487437915701239,0.0005360030070321052,0.0006072952917895896,0.0005161614744765659,0.0005071116651492962,0.0005771475194030625,calm
2021-07-07,0.000804603226865238,0.00053960438719272,0.000526990933696058,0.0005960197014257647,0.0005117944391022647,0.0004947081816315539,0.0005685086801079588,calm
2021-07-08,0.00022679627041584765,0.0007474557731705143,0.0007156384568494915,0.0008323356455136762,0.0007086515274522858,0.0007010219330355914,0.0007796313030015269,calm
2021-07-09,0.0001057780403960078,0.0007457111772977245,0.0007124268051967696,0.0008226308921691157,0.0007152367728381867,0.0006982780979140589,0.000779983318370491,calm
2021-07-12,0.0011342489590912951,0.0007596702215258158,0.00072411837952863,0.0008161190857493155,0.0007306541774155451,0.0007459376863906593,0.000781521778544929,calm
2021-07-13,0.0012195683580727525,0.0007686997736973225,0.0007290193190930991,0.0008074996211967103,0.0007269181010088611,0.0007818298091798243,0.0007982320180081182,calm
2021-07-14,0.0016710811977781097,0.0007259763011124191,0.0006841239095217261,0.0007600317857744025,0.0006741573177351226,0.0007488692346717432,0.0007626992578591011,calm
2021-07-15,0.0018633006439327843,0.0007304703648937438,0.0006919724100136773,0.0007756110752194857,0.0006756319087218599,0.0007366799336492769,0.0007724564968644187,calm
2021-07-16,0.001955998503047793,0.0007697157219904213,0.0007341647876874575,0.0008257407975099065,0.0007088013193485007,0.000766171013437887,0.0008137006919683546,calm
2021-07-19,0.0009071960308408099,0.0013267020058792493,0.0012333148148465682,0.0014113981030721993,0.0012577275429103074,0.001389105862516207,0.001341963706050965,calm
2021-07-20,0.0008028304591090233,0.0012909655940039105,0.0012147923084671287,0.0013529999761321646,0.001233243654439692,0.0013479450821603557,0.0013058469488202123,calm
2021-07-21,0.00038311796477599785,0.0011008984211782849,0.0010454573916788483,0.001176435735266076,0.001058037893753663,0.0011026477824063311,0.0011219133027865061,calm
2021-07-22,0.0001867623072708535,0.0009569855846565875,0.0009135429894801374,0.001039221729217583,0.0009137031597000168,0.0009487980137209706,0.0009696620311642297,calm
2021-07-23,0.00013536502170847302,0.0008990373118015444,0.0008606238060217909,0.000963536498157288,0.0008650092229443749,0.000906168387416006,0.0008998486444682623,calm
2021-07-26,0.0001407928487211327,0.0008132089568277393,0.0007856775311165064,0.0008838829017125995,0.0007715378241199233,0.0008031225054408378,0.000821824021748829,calm
2021-07-27,0.00014068364955736938,0.0008411289462540184,0.0008092842344728486,0.0008893134818731544,0.0008088922531681343,0.0008515984335815734,0.0008465563281743815,calm
2021-07-28,0.00012612904953012146,0.0007412524263785029,0.0007100899845474621,0.0007855874727696118,0.000717510230209472,0.0007360205332023689,0.0007570539111635997,calm
2021-07-29,0.0001497270502128819,0.0006659879651163085,0.0006489033704878964,0.0007077025886004705,0.0006432485093851736,0.000632030071565435,0.0006980552855425675,calm
2021-07-30,0.00013699367290857483,0.0007075883517073088,0.0006908638967881757,0.0007473022984798231,0.0006906894908788192,0.0006589467660326298,0.0007501393063570957,calm
2021-08-02,0.00012459540114906673,0.0006545361492386107,0.0006475300860820864,0.0006990180788077302,0.0006231475945605817,0.0005939269441438329,0.0007090580425988228,calm
2021-08-03,0.0006472411594047883,0.0006222581744523252,0.000621690270425051,0.000656320967780961,0.0005920568465699206,0.0005647717759035053,0.0006764510115821878,calm
2021-08-04,0.0007449149949237666,0.0005868895663118459,0.0005881899191191032,0.000622879122164686,0.0005618860270743736,0.0005257838720388805,0.0006357088911621863,calm
2021-08-05,0.0007048217327283858,0.0005528528259303831,0.0005524531694960049,0.0005878267965235421,0.0005338209188784807,0.0004923791388742062,0.0005977841058796814,calm
2021-08-06,0.0006643027765434991,0.0005292271084147118,0.0005246999919359714,0.0005598767317379139,0.0005116928276331418,0.0004829368200157077,0.0005669291707508245,calm
2021-08-09,0.0007379885099985734,0.0004846530101109448,0.00047515025036847213,0.0005162251955575427,0.00046351087384746475,0.00044393389845899945,0.0005244448323222448,calm
2021-08-10,0.00024225180242922175,0.0004432121452995404,0.000440330775261295,0.0004773213011052886,0.00041971818293689954,0.00040090272210827527,0.00047778774508594403,calm
2021-08-11,0.00014132906236201428,0.0004301100886070267,0.00042823261598183744,0.0004623755864037479,0.0004105056694749625,0.0003907902891178978,0.0004586462820566881,calm
2021-08-12,0.00033730680771569294,0.0004228718592888509,0.0004198403260145309,0.0004483575047440097,0.00040862226490558453,0.0003906560027913945,0.0004468831979887348,calm
2021-08-13,0.00040777194596009874,0.00041432072859498386,0.0004106254963398291,0.0004338253167736183,0.0004035936459264545,0.0003849703218035947,0.00043858886213142285,calm
2021-08-16,0.0003351330265348602,0.0004366302993550053,0.0004269075096629445,0.0004518791337150437,0.00043498013315160195,0.0004069086124467458,0.00046247610779869073,calm
2021-08-17,0.0003170516786673225,0.00047139039182468476,0.0004520348453736482,0.0004810455443801715,0.0004761537388083041,0.0004432199832238863,0.0005044978473374138,calm
2021-08-18,0.00044672227281311643,0.000494628949632543,0.0004604211206036399,0.0004971908603962946,0.0005141165209070082,0.00047495799188911617,0.0005264582543666561,calm
2021-08-19,0.0002655858230003303,0.0005384063134222817,0.0004962649679523957,0.0005584831596785496,0.0005511985156135731,0.0005202370648738208,0.000565847858993069,calm
2021-08-20,0.000196104497680644,0.0004813593647171395,0.00045089988654730464,0.0005188291230574517,0.0004780930470961765,0.00044796298287868414,0.0005110117840060806,calm
2021-08-23,0.00019747429137136974,0.0004184454401770352,0.0004001170118990081,0.00046217785710545836,0.00040518159636663843,0.0003786683458739266,0.0004460823896401445,calm
2021-08-24,0.0002453648885433223,0.00037566669226064933,0.0003642154606379641,0.0004216211166609346,0.000359604796442571,0.00033631141878310514,0.00039658066877867177,calm
2021-08-25,8.210070029759199e-05,0.0003725649277379498,0.0003634276305447812,0.0004161178085855019,0.0003590315245694275,0.0003338659827189122,0.00039038169227112625,calm
2021-08-26,6.628771580689009e-05,0.00039483386552796346,0.00038017017794131553,0.0004354169592270745,0.000382667092934963,0.0003617526301297676,0.00041416246740669677,calm
2021-08-27,6.648825426145188e-05,0.00036068270998832884,0.00035581315266820074,0.00040439666200017566,0.0003454556500200045,0.00031337351654433084,0.0003843745687089323,calm
2021-08-30,8.272819575782215e-05,0.00034644342068012793,0.0003423204942838481,0.0003865931065183238,0.0003305874708061267,0.0003041821033530762,0.00036853392843926497,calm
2021-08-31,2.3484737518470043e-05,0.00036028476147770944,0.00034932168258898825,0.0004002419209295519,0.0003479171245280617,0.00031703936949007105,0.00038690370985187435,calm
2021-09-01,0.0002731277411068117,0.0003677949713463267,0.0003547973763675349,0.00040111298205771864,0.0003504498190552792,0.0003366502118837677,0.00039596446736733283,calm
2021-09-02,0.0002762063366305717,0.000368677983396966,0.00035626257199017065,0.00039419598958577196,0.000347298930003242,0.00035099166220215383,0.0003946407632034917,calm
2021-09-03,0.00034812626429664445,0.0003596023481095317,0.0003492539511190106,0.0003819441074529699,0.0003332753079528143,0.0003480244463107301,0.0003855139277121335,calm
2021-09-06,0.00040929530828509597,0.0003444432093044819,0.00033893440881208357,0.00036501824665433627,0.000321129671197264,0.000330629507451278,0.00036650421240744756,calm
2021-09-07,0.00042813225708238783,0.00034010042873512095,0.00033962632571211813,0.00036180388013023096,0.0003146982874143294,0.0003198090946998311,0.0003645645557190952,calm
2021-09-08,0.0002363534217181647,0.00041097828038881914,0.00039432189577318034,0.00043716908385606353,0.00038872292924335363,0.0003919120310821834,0.00044276546198931455,calm
2021-09-09,0.0006756904124266734,0.00038669194918076213,0.0003837211916282556,0.00042376614418443393,0.00034866342189188246,0.00035359370227336357,0.0004237152859258753,calm
2021-09-10,0.0006088291217554322,0.00038503329366846103,0.0003916925527296117,0.00043766204745494293,0.0003312080074110652,0.0003361224443949892,0.00042848141635169605,calm
2021-09-13,0.0009888657605820548,0.0003879008690999936,0.0003890935031194066,0.00043927911176127937,0.00034337801352790815,0.00034455326396913056,0.0004232004531222431,calm
2021-09-14,0.0009907870827715202,0.00041531583224512566,0.000408785196162003,0.000467987411937114,0.00037352702589168513,0.00037531351653169524,0.00045096601070313084,calm
2021-09-15,0.0013321267634089837,0.0004158394934356235,0.000412605154334114,0.0004767279304136748,0.0003757212140327985,0.0003703130203849202,0.0004438301480126097,calm
2021-09-16,0.0008911735384035061,0.00041497225164672375,0.0004122362549522171,0.0004735560919867837,0.0003800021900143234,0.00037215474998335426,0.00043691197129694034,calm
2021-09-17,0.0009100871733503489,0.00044928639936369735,0.00044301950520002803,0.000517420226796343,0.0004092494678635694,0.00040814382425058036,0.0004685989727079661,calm
2021-09-20,0.000583630921141097,0.000654901250720258,0.0006199118141498954,0.0007859775405795368,0.0005947458837792809,0.0005863343422517637,0.0006875366728408129,calm
2021-09-21,0.0009274512221585559,0.0006004568787286224,0.0005700600607613009,0.0007102672346442119,0.0005446241859648347,0.0005421790793410083,0.000635153832931756,calm
2021-09-22,0.0005311194348371931,0.0005682990842886473,0.0005449014250092308,0.0006497633157574996,0.0005268406863543395,0.0005246980351002068,0.0005952919592219602,calm
2021-09-23,0.0006046178832284697,0.0005102809659932357,0.0004970816806796108,0.0005767646668241209,0.00047398102563489894,0.00047754561575977955,0.0005260318410677679,calm
2021-09-24,0.0006098668215486874,0.0004967996959379722,0.00048676051967648125,0.0005629808535531294,0.0004569040182797436,0.00047212068093613595,0.0005052324072443708,calm
2021-09-27,0.00048177717414239567,0.0005458485087545728,0.0005293317336135402,0.0006068227244999496,0.0005020956439640849,0.0005306995361551461,0.0005602929055401433,calm
2021-09-28,0.000145294225227543,0.0008944767739673648,0.0008361180830725862,0.0009845189360595844,0.0008310575689774506,0.0009082289105489924,0.0009124603711782102,calm
2021-09-29,0.0002724890328693099,0.0008729990681663145,0.0008364115672238728,0.0009251782786025671,0.0008087035299254028,0.0008901923100055738,0.0009045096550741555,calm
2021-09-30,0.00031302585456349704,0.0009952325145736016,0.0009591426058993028,0.001046909545772311,0.0009288012256056146,0.00101358557695203,0.0010277236186387489,calm
2021-10-01,0.00031574507510361656,0.0009496883670844699,0.0009424950726194531,0.000994692183329119,0.00089636063473881,0.0009384351101426159,0.0009764588345923515,calm
2021-10-04,0.00034104078890411264,0.001051904519694185,0.001066994841859466,0.0010887907788635562,0.000985299864850628,0.0010599030587661196,0.001058534054131156,calm
2021-10-05,0.00032354157310294693,0.0009229422573500776,0.0009401753463771773,0.0009609330185245034,0.0008719115105437823,0.0009087242595513555,0.0009329671517535692,calm
2021-10-06,0.00024291765773964649,0.0009706261769977986,0.0009792927783020503,0.0010093083113661624,0.0009289485655787428,0.0009757534908588286,0.0009598277388832094,calm
2021-10-07,0.00017912907464072908,0.0008820858425287129,0.0008803711546191506,0.0009106473804435223,0.0008528165344850024,0.0008889476473614188,0.0008776464957344704,calm
2021-10-08,0.00023625414923314012,0.0008204949265418462,0.0008051142718973418,0.0008587229729493742,0.0007914597403837082,0.0008163573259019388,0.000830820321576868,calm
2021-10-11,0.00034030189980508433,0.0008730001428683312,0.0008544324076557629,0.0008894282733214847,0.0008323816039978395,0.000895153334243762,0.000893605095122807,calm
2021-10-12,0.0003282499873209851,0.0008396027757124303,0.0008238723462367851,0.0008590977779980926,0.0007935485782023428,0.0008520370182152388,0.0008694581579096918,calm
2021-10-13,0.000306044973272275,0.000725502472067807,0.0007170150113336121,0.0007563854578059472,0.0006844562158018873,0.0007075216886271198,0.0007621339867704685,calm
2021-10-14,0.000383689334900416,0.0006301979322863256,0.0006297003140575425,0.0006603064718606925,0.0005970372129246856,0.0006024964784416826,0.0006614491841470246,calm
2021-10-15,0.000346504847761463,0.0005729175115556023,0.0005782590428929143,0.0006053352038030268,0.0005402674598585841,0.0005401270858845325,0.0006005987653389537,calm
2021-10-18,0.00023664600228174353,0.0005956664773539476,0.0006005639003157661,0.000636839862372574,0.0005537385374892941,0.0005633877496351388,0.0006238023369569645,calm
2021-10-19,0.00031447171237468765,0.0005865759512155205,0.0005904006156312635,0.00061589510546708,0.0005358461903295777,0.0005706440863553777,0.000620093758294304,calm
2021-10-20,0.00038622331777427965,0.0005560747432416004,0.0005485148854274405,0.0005787600682848536,0.0005019496551430214,0.0005545341887456524,0.0005966149186070337,calm
2021-10-21,0.00026957234097448225,0.0005730329318583756,0.0005631183439985312,0.0006007215954346483,0.0005208485689441346,0.0005617751281344125,0.0006187010227801512,calm
2021-10-22,0.00023137601265671144,0.0005068882467966396,0.0005016756280103027,0.0005460367833528515,0.0004595909034866366,0.0004745996554018272,0.00055253826373158,calm
2021-10-25,0.0002641253211409415,0.0004913025949849184,0.0004879969965188509,0.0005270282551261925,0.000445584262433989,0.0004630866958405786,0.000532816765004981,calm
2021-10-26,0.00026410042474986654,0.0004651306269328437,0.00046145137019366786,0.0005023236703322042,0.00042632902032304466,0.0004337448821544757,0.0005018041916608265,calm
2021-10-27,0.00022983175403907475,0.00048550929629428524,0.0004815397406813874,0.0005300303580983993,0.0004403547559811978,0.0004428535160569861,0.0005327681106534553,calm
2021-10-28,0.0002690995594138928,0.00046605061687324413,0.00046154073417486877,0.0005147007595794978,0.000421524313051795,0.00040753638734780965,0.0005249508902122496,calm
2021-10-29,0.0002588915435491726,0.0004674791427692726,0.0004582392206148618,0.0005133499332095219,0.000420729561762643,0.00042076894413908627,0.00052430805412025,calm
2021-11-01,0.0002087135726113733,0.0004489238826141535,0.0004361716878815418,0.0004962083844459507,0.00041346938957386597,0.0004008730843817785,0.0004978968667876304,calm
2021-11-02,0.00014450058457365637,0.00044677639211587,0.0004347165863403666,0.0004968383587384274,0.0004174824668756788,0.0003970596670770901,0.00048778488154778714,calm
2021-11-03,8.087385204019622e-05,0.00046774778094053215,0.00044173159132311764,0.0005083289185449959,0.0004461954808615881,0.00043874841780025336,0.0005037344961727058,calm
2021-11-04,2.798488914353872e-05,0.0004640267197489983,0.00044079915729597303,0.0005063974952779541,0.0004399864941059538,0.0004353780981370192,0.0004975723539280911,calm
2021-11-05,3.214492465970063e-05,0.00045522951050016994,0.0004302630701008811,0.000493958336090527,0.00043621085107889196,0.00042558120893460016,0.0004901340862959496,calm
2021-11-08,5.897045885420148e-05,0.00041760360491528123,0.00040039372294498917,0.00045906047884514573,0.0003882735744853424,0.00038588291455272326,0.00045440733374820587,calm
2021-11-09,6.124346697767504e-05,0.00042074872882543797,0.0003982244528505714,0.00046233619172887354,0.00038891692177291733,0.000389695215382361,0.00046457086239246634,calm
2021-11-10,0.00015439763642779552,0.00043405957839140344,0.00040455598284662653,0.0004758000645371058,0.0004032471307051818,0.0004052476134021514,0.00048144710046595167,calm
2021-11-11,0.00015791572851547444,0.0004241700017945064,0.00039329939069003924,0.00045999467239490584,0.00039558429207198643,0.0003983279014530079,0.0004736437523625924,calm
2021-11-12,0.00015517694826177962,0.0003884569686996608,0.0003651802179791145,0.00042869077098358537,0.00035340219131041256,0.000357645465814963,0.0004373661974102288,calm
2021-11-15,0.00013318318991353527,0.00036460408953386424,0.0003481310209335286,0.00040620499319529626,0.0003261601061648312,0.00033786160049526724,0.00040466272688039785,calm
2021-11-16,0.00011888771772017207,0.0003374548575444432,0.0003288230672046047,0.00037852753724541144,0.0003001354003429725,0.0003092000537098511,0.0003705882292193763,calm
2021-11-17,6.551881428151921e-05,0.00033051412335081807,0.00032375558690020216,0.00037555040950774097,0.0002910070271417483,0.00029366287293285136,0.0003685947202715478,calm
2021-11-18,6.427842263692408e-05,0.00035141096898841053,0.0003389153730636779,0.0003895134170485769,0.0003149367544877837,0.0003300812486776718,0.00038360805166434226,calm
2021-11-19,0.002162380366746654,0.0003508857847729299,0.00034139833042894937,0.00038894343412283663,0.000311779524571154,0.00033464368755710026,0.00037766394718460937,calm
2021-11-22,0.002198298979468593,0.00034411445144568614,0.0003372390380645845,0.0003845468965466432,0.00030491374834844677,0.00032335366833132086,0.0003705189059374356,calm
2021-11-23,0.0022248199519913528,0.00033804372543327275,0.00033620798388918967,0.00038299779871976474,0.00029373634317831325,0.0003143020928531522,0.0003629744085259439,calm
2021-11-24,0.0023621835302052832,0.0003418049738109248,0.0003411792916390178,0.0003911512693851208,0.00029346523926966427,0.0003192025644455466,0.0003640265043152749,calm
2021-11-25,0.002364988433890593,0.00031423888963730463,0.00032227745931291674,0.0003623785083729443,0.00026215178276702624,0.0002928306058834733,0.0003315560918501626,calm
2021-11-26,0.0003516864974078699,0.0005509754168213987,0.0005207784725851836,0.0006601816449181554,0.0004665905943709575,0.0005219331845253886,0.0005853931877073078,calm
2021-11-29,0.0012021335715900585,0.0006032239228499132,0.0005840458307791378,0.0007035367449756365,0.0005141731419449701,0.0005707669297350763,0.0006435969668147452,calm
2021-11-30,0.001596406067149382,0.0007694553539396307,0.0007524843429537408,0.0009060678582257396,0.000660036308632021,0.000724090523491745,0.0008045977363949069,calm
2021-12-01,0.001436477277137601,0.0006920213396591842,0.0006789417749954625,0.0008367582492760125,0.0005776353256654492,0.0006426948936455271,0.0007240764547134698,calm
2021-12-02,0.0014478376433752812,0.0006222193088063165,0.0006132217240909306,0.0007544168920508328,0.0005231612723434008,0.0005969918368258729,0.0006233048187205451,calm
2021-12-03,0.0013638928454100582,0.0007080463253029025,0.0007015449613394148,0.000856964166847955,0.0005842864568850288,0.0007132973345912639,0.0006841387068508497,calm
2021-12-06,0.0007142867943978235,0.0006268227019555533,0.0006251197417511809,0.0007583046252130995,0.0005293672076322062,0.0006112493280332223,0.0006100726071480574,calm
2021-12-07,0.00029628390117343665,0.0005877718135233944,0.0005956631151648002,0.0006948772834963849,0.0005140677652395703,0.0005643018565427843,0.0005699490471734328,calm
2021-12-08,0.0002790404671364337,0.0006326803905886693,0.0006453224751209795,0.0007268924618142039,0.0005611550549203643,0.0006236722519966383,0.0006063597090911602,calm
2021-12-09,0.0003331311604389693,0.0007414880004761208,0.0007545621596935406,0.0008220265388609856,0.0006658277845732461,0.0007396974308852804,0.0007253260883675511,calm
2021-12-10,0.00033619651521882223,0.0007898606271536758,0.0008024022799571484,0.0008412111348273471,0.0007174600787903377,0.0007944761857495835,0.000793753456443962,calm
2021-12-13,0.0004042774365942035,0.0009959302749422293,0.0010077354014275198,0.001019333462988984,0.0009252861354530667,0.0010048671613025499,0.001022429213539026,calm
2021-12-14,0.0009488477469510284,0.0010915894530459987,0.0011297466884599187,0.001110619572143927,0.0010335867173824368,0.0010702353776727805,0.0011137589095709306,calm
2021-12-15,0.0009865451399727711,0.0009469423146994855,0.0010022905107172652,0.0009755425526231142,0.0009009272738945827,0.0008749980155956331,0.0009809532206668317,calm
2021-12-16,0.0011378635352131598,0.0009035714918398538,0.0009452706571156599,0.0009340733792963984,0.000880125253648874,0.0008266300274632196,0.0009317581416751171,calm
2021-12-17,0.0011277897238079677,0.000947692434363138,0.0009778034695466337,0.0009757090074842052,0.0009236454856527837,0.000895995431163122,0.0009653087779689449,calm
2021-12-20,0.0008850622827575385,0.0013490824784195212,0.0013555290785034237,0.001391012688423935,0.0013065831664930215,0.0013743059884958177,0.001317981470181409,calm
2021-12-21,0.00036236021955425536,0.0012283560055254379,0.0012404520858339337,0.0012676993298124922,0.0011952523072255214,0.0012209101181303306,0.0012174661866249112,calm
2021-12-22,0.0003498052754662132,0.0010962833336900296,0.0010933851970894716,0.0011197440880159992,0.0010688846446479724,0.0011155191119430446,0.00108388362675366,calm
2021-12-23,0.0007734810973265078,0.0010601965951684464,0.0010290061305660266,0.0010489444765745418,0.0010551460147218107,0.0011453957666817804,0.0010224905872980728,calm
2021-12-24,0.0008002901811626507,0.000912272997914075,0.0008686000727362408,0.0008829618995451264,0.0009068186229607365,0.0010169293055212142,0.0008860550888070569,calm
2021-12-29,0.0008338044992112127,0.0009147294458060748,0.000839828240840086,0.000848299037924426,0.0009257744357337452,0.0010951853441464826,0.0008645601703856341,calm
2021-12-30,0.0008134709732818647,0.0007897983358048242,0.0006987542206062591,0.0007524552619931772,0.0008741068833775837,0.0008276757929442728,0.0007959995201028288,calm
2021-12-31,0.000885858330763258,0.0007396473605969711,0.0006746358802103069,0.0007186151685421964,0.0007847855283691176,0.0007522470143526094,0.0007679532115106249,calm
2022-01-04,0.0002712431068032593,0.0006725790556153439,0.0007482515222107778,0.0006455470762422148,0.0006519977000898793,0.0006123440577816885,0.0007047549217521592,calm
2022-01-05,0.00027433044485590817,0.0006947668601056098,0.000765706422586511,0.0006638544530670737,0.0006680177422059268,0.0006341969652845007,0.0007420587173840367,calm
2022-01-06,0.00017903966609327882,0.0007738336179556294,0.0008617768750857414,0.0007585620227573022,0.0007282548231186494,0.0007089886138841015,0.0008115857549323527,calm
2022-01-07,0.0004961816050043713,0.0007902263585220053,0.0008802773322007635,0.000779887703745781,0.0007403959307485222,0.0007251480101645643,0.0008254228157503956,calm
2022-01-10,0.00039751855128427374,0.0007834483216564764,0.0008028941643604565,0.0007905874737508085,0.0007783635982230861,0.0007550428535866907,0.0007903535183613397,calm
2022-01-11,0.000632784989305925,0.0006777665423408255,0.0006156652713823026,0.0006873626016279341,0.0007550953888905331,0.0007016712466945512,0.0006290382031088067,calm
2022-01-12,0.0006092908484187104,0.0006357833903483044,0.0005804092298324497,0.0006428344301470354,0.0007142894691925147,0.0006580209350161901,0.0005833628875533319,calm
2022-01-13,0.0006618689210907135,0.0006480635686741133,0.000618032495292862,0.0006581711040644014,0.000693569574377342,0.0006518645373110705,0.0006186801323248908,calm
2022-01-14,0.0007141540909796977,0.00072611799165949,0.0007172690930356387,0.0007401448753750377,0.0007439445030923019,0.0007116568415588223,0.0007175746452356488,calm
2022-01-17,0.0026365042728447178,0.0006640642370532579,0.0006825917148859677,0.0006708123298843898,0.0006579569617917342,0.0006419704664257591,0.0006669897122784387,calm
2022-01-18,0.0023707274762152877,0.0008321057129983536,0.0008842508527820978,0.0008550176890482196,0.0007590619433899808,0.0007504387304743311,0.0009117593492971381,calm
2022-01-19,0.002715690264456212,0.0008611915101234119,0.000923116983105103,0.0008856375072688986,0.000769760381596229,0.000764831447602435,0.000962611231044394,calm
2022-01-20,0.002660106634017431,0.0008472183392274754,0.0008801663852921824,0.0008729119463261368,0.0007792309192011363,0.000758330942503426,0.0009454515028144959,calm
2022-01-21,0.002361383405426883,0.0011974080157685966,0.00124137047141592,0.0012793527993831785,0.0010321933145060766,0.0009952170581521461,0.001438906435385663,calm
2022-01-24,0.0004898902896602567,0.001881100886190282,0.001963828880239927,0.0020348588772827777,0.0015821441533557775,0.0014605232666996084,0.002364149253373319,calm
2022-01-25,0.0007373477907627424,0.0018214552105577577,0.0018628661094296467,0.0018906638635776457,0.0016855478631368664,0.0014259118970724174,0.0022422863195722125,calm
2022-01-26,0.0004008576280080374,0.0014112758581019788,0.0013192491471199373,0.0013733695953407389,0.0015348352519863567,0.0011824683370004034,0.0016464569590624587,calm
2022-01-27,0.0008404498152070624,0.0011647941291804595,0.001062017426999841,0.0010964148689467286,0.0013280501366768481,0.0010220726802759347,0.0013154155330029464,calm
2022-01-28,0.0008588473644704228,0.001035944563690884,0.0009469050956463825,0.000964069245499611,0.0012317926780577293,0.0009544539125478793,0.001082501886702817,calm
2022-01-31,0.0010913197856389023,0.0009013429996941096,0.000810244017854346,0.0008288346850770075,0.001113627601809604,0.0008564286815077389,0.0008975800122218512,calm
2022-02-01,0.0008438071561073277,0.0008396269283435018,0.000760103302281437,0.0007608982287836502,0.00105257166401663,0.0008028522132802869,0.0008217092333555046,calm
2022-02-02,0.0011870982118951363,0.0007839728707992759,0.0007281420587005429,0.0007091696306056516,0.0009501555902423265,0.0007530719297952776,0.0007793251446525809,calm
2022-02-03,0.0008620954160018817,0.0011196899532119053,0.0010521514264131382,0.00104966938558063,0.0012273283689539555,0.0010176100777019943,0.0012516905074098086,calm
2022-02-04,0.0007682245837143316,0.001361729695307535,0.0012691943493439613,0.0013374884476639302,0.0014992046411372007,0.0012416841855055608,0.0014610768528870218,calm
2022-02-07,0.0009683837034841238,0.001325548167123422,0.001158013139223964,0.001309924520239158,0.0015892832515322787,0.0012429724335974958,0.0013275474910242138,calm
2022-02-08,0.001056291490241892,0.0011264015924930923,0.0009960405653581413,0.0011125607740998284,0.0013561078255001984,0.0010669801343566843,0.0011003186631506096,calm
2022-02-09,0.0007075445365128841,0.0009796984595702965,0.0008734748557007422,0.0009439492220969166,0.0012119436254221254,0.0009299074001752595,0.0009392171944564375,calm
2022-02-10,0.0006378376305647331,0.001019985050486037,0.0009348035964991851,0.0009753189209287625,0.001185443429196584,0.0009473666576338466,0.001056992648171807,War / energy shock 2022
2022-02-11,0.000831581049443588,0.0011132265049718874,0.0010607091605086447,0.001081413433291097,0.0011618162523292946,0.0010045540803814376,0.0012576395983489625,War / energy shock 2022
2022-02-14,0.0006158962634729466,0.001422954362168625,0.0014045399090171992,0.0014504355045283704,0.0013808452712477147,0.0012354994165753763,0.0016434517094744661,War / energy shock 2022
2022-02-15,0.0005377969812029819,0.0012696076371148054,0.0011823965861349867,0.0012921803201995903,0.0013739994396458394,0.0011596494818946867,0.001339812357698924,War / energy shock 2022
2022-02-16,0.0006354700437730613,0.0011276846153871725,0.0010715708163537535,0.0011359953274290735,0.001226328499834896,0.0010429746534324506,0.0011615537798856882,War / energy shock 2022
2022-02-17,0.0027699016321362994,0.001277842072667982,0.0012630440479559565,0.0012996608694678315,0.0013010148521577529,0.001136562717091167,0.0013889278766672031,War / energy shock 2022
2022-02-18,0.0033470050500299738,0.0015477263264439185,0.0015320536235864518,0.0016263492021534275,0.0015358147291681006,0.0013459084868209714,0.0016985055904906407,War / energy shock 2022
2022-02-21,0.0031311630556759883,0.0019165695885180784,0.0018516652629022169,0.002057985248494532,0.0019359548030058466,0.0016407501122266033,0.002096492515961192,War / energy shock 2022
2022-02-22,0.005422177160335757,0.0019383636092340669,0.0018762952539968642,0.0020394843226651856,0.0020159193826980956,0.0016372039876096742,0.0021229150992005145,War / energy shock 2022
2022-02-23,0.005345672982787478,0.00219349088619441,0.002135691063468947,0.0022493533554622173,0.0022433588427276034,0.0017709221645663118,0.0025681290047469716,War / energy shock 2022
2022-02-24,0.003807378295760385,0.00315435114199525,0.003118966983510086,0.003324259738708247,0.0031136961620815994,0.002399016981903155,0.0038158158437731635,War / energy shock 2022
2022-02-25,0.00627502655729579,0.002598339981086132,0.0023746072509025196,0.002641086183073423,0.003092687077397885,0.0020554102392652904,0.002827909154791543,War / energy shock 2022
2022-02-28,0.006517537444041963,0.0022490567201441424,0.002000127752092101,0.00223888761010972,0.0028721397655857694,0.0018441062647840537,0.0022900222081490666,War / energy shock 2022
2022-03-01,0.004858605220340858,0.0034306525633177724,0.0031455098095832515,0.0035044727115254954,0.003926479645089283,0.0026354791250270534,0.003941321525363778,War / energy shock 2022
2022-03-02,0.008765883038189171,0.0032249556216784646,0.002796437878972044,0.003254740303307865,0.003970008057098633,0.002588547527191282,0.003515044341822497,War / energy shock 2022
2022-03-03,0.008326135322194134,0.003788528705085052,0.003266998345736157,0.0037544680572568724,0.004503707605401793,0.0029819759627661927,0.004435493554264246,War / energy shock 2022
2022-03-04,0.005768006670540906,0.005645587823339906,0.004960055129074944,0.00564803060849863,0.006155388739466811,0.004244552479264835,0.007219912160394312,War / energy shock 2022
2022-03-07,0.005709021780461669,0.0073787462508453335,0.006342289214006771,0.007354518636080424,0.007946568123341534,0.005501859854546509,0.009748495426251436,War / energy shock 2022
2022-03-08,0.005100445567159457,0.008317923500755045,0.007471879033452887,0.008051926862420072,0.008429585999623802,0.00596212749289069,0.011674098115387771,War / energy shock 2022
2022-03-09,0.0025912867420229044,0.005950956005980377,0.005675104191646791,0.005646011572546241,0.006693300680302214,0.004238586599272668,0.007501776986133971,War / energy shock 2022
2022-03-10,0.002418474665271199,0.005834125366988367,0.005520347043828161,0.005731834955077117,0.006447858986341469,0.0041805898240395425,0.0072899960256555445,War / energy shock 2022
2022-03-11,0.0019226206988843927,0.005148195334492167,0.004785386529244339,0.0050500227609056,0.005892347120450767,0.0037425713795810962,0.006270648882279033,War / energy shock 2022
2022-03-14,0.0017597794081367017,0.004215609776782049,0.003882016056624831,0.004260448894557475,0.005073607890428017,0.0032451948517032815,0.004616781190596644,War / energy shock 2022
2022-03-15,0.0017313683938775955,0.003482726915981436,0.0032211274917525977,0.003778780752387028,0.0041915445283948055,0.0028875539682870666,0.0033346278390856817,War / energy shock 2022
2022-03-16,0.0008133755086043385,0.0028408731528077207,0.0028601768704550933,0.0031350231982387425,0.0033925897360908837,0.0023499275261479676,0.002466648433105916,War / energy shock 2022
2022-03-17,0.000906348564272788,0.0025461159825750793,0.002715289672312846,0.0028443149692939057,0.0028979787335635756,0.002122687434839657,0.002150309102865411,War / energy shock 2022
2022-03-18,0.0008107156908741693,0.0023854276910587418,0.0026140557224841156,0.0027770725716115973,0.002578766120779628,0.001993496161634782,0.0019637478787835863,War / energy shock 2022
2022-03-21,0.0007946055788636493,0.002180728890808524,0.0023700806353709907,0.002610496857151707,0.00233006814758505,0.0018558887971971863,0.0017371100167376868,War / energy shock 2022
2022-03-22,0.0019371435073683874,0.001868700269705602,0.002020542935043771,0.002265797219528199,0.001978703335562998,0.0016088497844463185,0.0014696080739467255,War / energy shock 2022
2022-03-23,0.002714603174566004,0.0022441837025032776,0.0023728589917570092,0.0028559225372567867,0.002241900237839935,0.001914754969645384,0.0018354817760172725,War / energy shock 2022
2022-03-24,0.0025996555105342154,0.0023117042446356632,0.002330437832204349,0.0030770016316002727,0.0022908324411584687,0.002004509284526168,0.0018557400336890583,War / energy shock 2022
2022-03-25,0.0025103123486439516,0.0022442651469650235,0.002196073979619109,0.0030389365973806865,0.0022323192917719486,0.001967506463373235,0.0017864894026801395,War / energy shock 2022
2022-03-28,0.0026870409597838044,0.0019808236935390062,0.00191693901111848,0.002656005447969592,0.0020250388912790673,0.0017485242550720082,0.001557610862255882,War / energy shock 2022
2022-03-29,0.0017085601555421944,0.0017708417386104913,0.0018446730344012531,0.0022568301758531376,0.0018201977873270108,0.0014859479005404697,0.0014465597949305852,War / energy shock 2022
2022-03-30,0.0014142018643364402,0.002342022667114821,0.002452804159859246,0.003115651969943888,0.002215509893052598,0.0019042955043684243,0.002021851808349948,War / energy shock 2022
2022-03-31,0.001398244256111325,0.0027020985388489143,0.0026580877532092796,0.0036416876700836047,0.002593451983277523,0.0022616344618061612,0.0023556308258680055,War / energy shock 2022
2022-04-01,0.001620910000071025,0.002229277686837303,0.0021174339692436035,0.0029499522564228192,0.0022328284092357807,0.0019312216710723942,0.0019149521282119154,War / energy shock 2022
2022-04-04,0.0014968283583900043,0.0018645464651403897,0.0017784710736936282,0.002406209154697975,0.001914638284444575,0.0016121887673946269,0.0016112250454711418,War / energy shock 2022
2022-04-05,0.0013459374166263178,0.0020147590625894793,0.0019644725077127257,0.0025823131351600847,0.001968055020637141,0.0016967072293256375,0.0018622474201118093,War / energy shock 2022
2022-04-06,0.0003535521757823557,0.0027123224974744662,0.002597703557467164,0.0035665136643799307,0.0025324363146252476,0.002224651232187014,0.002640307718712975,War / energy shock 2022
2022-04-07,0.000679521317795836,0.002257613896312045,0.0021224248685775622,0.002842525343345259,0.002253427811668751,0.0019250970743408143,0.002144594383627838,War / energy shock 2022
2022-04-08,0.0004997704714363251,0.0017467452900883783,0.0015958505402711835,0.002073767573391703,0.001898962169714011,0.0015222685560343549,0.001642877611030639,War / energy shock 2022
2022-04-11,0.0007607423891419522,0.0017300772179535985,0.0015981108615837492,0.002043242710326957,0.001832556710552777,0.0014858700682812095,0.0016906057390233009,War / energy shock 2022
2022-04-12,0.0010817199259752787,0.0015694629566702495,0.001466465164911351,0.001805202827001744,0.0016611509478189816,0.001363661485412586,0.0015508343582065853,War / energy shock 2022
2022-04-13,0.0012863623127446413,0.0013008284037709862,0.001247989418547123,0.0014467267420589782,0.0013608682667554184,0.0011453975749492174,0.0013031600165441949,War / energy shock 2022
2022-04-14,0.0012119870320284724,0.0012100669703062764,0.001172447863672727,0.001312741267700212,0.0012544333605057447,0.001063313795606544,0.0012473985640461547,War / energy shock 2022
2022-04-19,0.0013596238691455389,0.0010791931779043334,0.0010405239870571014,0.0011354213952039086,0.0011285152650338326,0.0009635587365565521,0.001127946505670272,War / energy shock 2022
2022-04-20,0.0010150593072866558,0.0009385768098016426,0.0008967744061934559,0.000972153547524395,0.0010168938102899444,0.0008616277034715771,0.0009454345815288407,War / energy shock 2022
2022-04-21,0.0007858945856704705,0.0009472710620521775,0.0009087558826512219,0.000961788969429749,0.0010255740760590835,0.0008719264507087948,0.0009683099314120385,War / energy shock 2022
2022-04-22,0.0006539792652599435,0.0014217410355267526,0.001367848553515387,0.001524086018318698,0.0014157123416703903,0.0012422423825147126,0.0015588158816145746,War / energy shock 2022
2022-04-25,0.0004083326740405975,0.0017315479009050374,0.0016002319494780193,0.0019136197722533245,0.0018271356253871732,0.0015690718093155631,0.0017476803480911067,War / energy shock 2022
2022-04-26,0.00023946479818327113,0.0024104105425518966,0.0021528864952786676,0.0027161557682312152,0.0025829126245274854,0.0021432038470940865,0.002456893977628028,War / energy shock 2022
2022-04-27,0.00048028927524419355,0.0021000967902255695,0.0017697829476839057,0.0022593421236408754,0.0025536661440238697,0.0019604719376690003,0.001957220798110197,War / energy shock 2022
2022-04-28,0.0005948227373486953,0.0016833881451046237,0.0013443810588711933,0.00172775944026016,0.002285129846538791,0.0016287245268406104,0.0014309458530123637,War / energy shock 2022
2022-04-29,0.0014192633481378684,0.0018518121656799318,0.001497506750030602,0.0018992687204547854,0.0024031969604709014,0.001751851896677381,0.001707236500765989,War / energy shock 2022
2022-05-03,0.0014135628714587799,0.0015549553687200673,0.001204367440125607,0.00156400449898368,0.0020827237403819596,0.0015383407704538902,0.0013853403936551997,War / energy shock 2022
2022-05-04,0.0017256373074414186,0.0013243262415810453,0.0010350279732096843,0.001312150032170969,0.001791292224804643,0.0013409498822120754,0.0011422110955078561,War / energy shock 2022
2022-05-05,0.0015346168180939029,0.0018798342239438894,0.0016274295771155915,0.001953168979932283,0.0021493642749904505,0.0017396298008289137,0.0019295784868522078,War / energy shock 2022
2022-05-06,0.0020799521326128993,0.002411336500182284,0.002137498688010315,0.002621237888427688,0.002611524781922565,0.0021703496703267106,0.0025160714722241412,War / energy shock 2022
2022-05-09,0.0012104650788227094,0.0038595270725283273,0.0033500213985694118,0.004347934147570464,0.003900440861439151,0.003266074241218498,0.004433164713844112,War / energy shock 2022
2022-05-10,0.0013674629713488176,0.0030504956548755196,0.002586091618263964,0.0032772062241141794,0.0034760543871004894,0.002709389357191665,0.003203736687707301,War / energy shock 2022
2022-05-11,0.0011405600900698295,0.0025244195910211027,0.0020191632032939924,0.002599876013967397,0.0031400648049157735,0.0022892423395323067,0.0025737515933960445,War / energy shock 2022
2022-05-12,0.0014092016677196447,0.0021964799400894216,0.0017594556838329176,0.002239328898837088,0.0027801376561551747,0.0020331567391467234,0.002170320722475205,War / energy shock 2022
2022-05-13,0.0008876423898087776,0.0017166222767443957,0.0013520514006822428,0.0016923610311841831,0.002317012714737633,0.0016427161836948165,0.001578970053423103,War / energy shock 2022
2022-05-16,0.0010167105846979562,0.0015717487278696473,0.0012996773845924045,0.0015530948846185684,0.00205319314099792,0.0015136706266249734,0.0014391076025143709,War / energy shock 2022
2022-05-17,0.0010457529783564458,0.0013851904231468226,0.001180758059248263,0.0013686310580235943,0.001808326917781321,0.0013465512228197076,0.0012216848578612274,War / energy shock 2022
2022-05-18,0.0011695782963768967,0.0019777756606550725,0.0017773095748766486,0.002074955473708459,0.0022362421836053864,0.0018135117157685465,0.001986859355316323,War / energy shock 2022
2022-05-19,0.000952580532223022,0.002421743205982394,0.0021243184423023554,0.0026247745969471673,0.002685328030520104,0.002232886100558644,0.002441408859583698,War / energy shock 2022
2022-05-20,0.0008852957773588184,0.0019186467479653756,0.0016002465462583346,0.002007830924924143,0.002378122132179054,0.0018599134691827694,0.0017471206672825764,War / energy shock 2022
2022-05-23,0.0008433853995883126,0.0015648626285183359,0.0012815800281301738,0.0015871184256896406,0.0020687867442157125,0.001566896520070748,0.0013199314244854027,War / energy shock 2022
2022-05-24,0.000897710260660376,0.0017184199753399164,0.0014458449337462834,0.0017544333126256265,0.002212261070331095,0.0017018495268779994,0.0014777110331185763,War / energy shock 2022
2022-05-25,0.0012789698116343672,0.0016045966558252103,0.0013704179173134724,0.0016297991713700047,0.0021046900078988684,0.001585172998264213,0.0013329031842794932,War / energy shock 2022
2022-05-26,0.0011984329608485163,0.0014375364035928537,0.0012649673378982529,0.001421380487371599,0.0019161225574761927,0.0014108087856102302,0.0011744028496079929,War / energy shock 2022
2022-05-27,0.001029716282552743,0.0013427694577237605,0.0012928594786370392,0.0012900546455366817,0.0017415420257137443,0.0012642084350612734,0.0011251827036700638,War / energy shock 2022
2022-05-30,0.0009723875225726038,0.0013237760585267887,0.0013808285516174628,0.0012591150140030699,0.0016315323796552523,0.0011930975762458667,0.001154306771112292,War / energy shock 2022
2022-05-31,0.0007810396906533144,0.0015892322671300543,0.0016892294897974658,0.0015536792655301821,0.001843207452602226,0.0014124973717438071,0.0014475477559765908,War / energy shock 2022
2022-06-01,0.0002312191197358075,0.0020915278139662452,0.0021909998265981726,0.0021933816801736434,0.0022789582373740585,0.0018359588764548908,0.0019583404492304634,War / energy shock 2022
2022-06-02,0.00022086532555729447,0.0020582121986002047,0.0020442865304081542,0.002267045770227752,0.002329484701599677,0.001855091010448171,0.0017951529803172678,War / energy shock 2022
2022-06-03,0.0015496076117225547,0.002212578550625334,0.0021564087088656934,0.0025567881365201168,0.0023649095570101157,0.001990428197173735,0.0019943581535570095,War / energy shock 2022
2022-06-06,0.002203031666348302,0.0019534128482525475,0.0019011769241204053,0.002293902883950089,0.0021055386807947983,0.0017594315030484454,0.0017070142493490002,War / energy shock 2022
2022-06-07,0.0024097098566666034,0.0018625936262048031,0.001829426901304254,0.0022260221615447015,0.0019656169833904735,0.0016788096631495876,0.0016130924216350001,War / energy shock 2022
2022-06-08,0.002435477539915585,0.002004339709631563,0.0019835848679914943,0.002461495566140488,0.0020144551068929607,0.0017732071812211294,0.0017889558259117416,War / energy shock 2022
2022-06-09,0.002788768740023154,0.0024810460946738827,0.0023610692639360756,0.0032017222456508895,0.0023880479694551723,0.0021676187883424057,0.0022867722059848714,War / energy shock 2022
2022-06-10,0.0015388435598036143,0.003879477162829055,0.003490753295475003,0.005156035341488394,0.0036282509102927353,0.0032832777199383314,0.003839068546950814,War / energy shock 2022
2022-06-13,0.0008872852444677478,0.005823816436489623,0.004809594877972845,0.007680544452825176,0.005670237993259162,0.004972439287219761,0.005986265571171171,War / energy shock 2022
2022-06-14,0.0006558595746220088,0.005954638745100369,0.004601445497643131,0.0074368216658621785,0.0065499460668432515,0.005263713567401903,0.005921266927751384,War / energy shock 2022
2022-06-15,0.0006676738670518787,0.004734952616286375,0.003330952814915108,0.005752944037602742,0.006037200780134202,0.004295802464686013,0.004257862984093808,War / energy shock 2022
2022-06-16,0.0003286733235688811,0.005863353025765757,0.00421228874476339,0.006909655764939051,0.007146547761323448,0.005033593732805173,0.006014679124997717,War / energy shock 2022
2022-06-17,0.0008207453570606803,0.004583137296280295,0.003104252180950357,0.005148115923720663,0.0062032718682367635,0.004031289757506363,0.004428756750987326,War / energy shock 2022
2022-06-20,0.000789563194340415,0.003440939069148669,0.002262940278931262,0.003657262929168268,0.004985902347281359,0.00308765432880896,0.0032109354615534992,War / energy shock 2022
2022-06-21,0.0009162281972107765,0.0026472978369808395,0.0017689650875172688,0.00277802842112759,0.0038546635205556727,0.0024204292637768654,0.0024144028919268006,War / energy shock 2022
2022-06-22,0.0010563167212341536,0.002285802386988479,0.0016276170597476303,0.0023034908951460827,0.003222384976057176,0.002099960052983771,0.002175558951007736,War / energy shock 2022
2022-06-23,0.001088914919320145,0.0021081376870022697,0.0015642765420690744,0.0021261781657153844,0.002892342906923308,0.0019494283574214698,0.0020084624628821115,War / energy shock 2022
2022-06-24,0.0005467567053951996,0.0017190198432437832,0.0012908911938034244,0.0017054391479250975,0.0024380574120867666,0.0015929703678675645,0.0015677410945360629,War / energy shock 2022
2022-06-27,0.0005288411682558159,0.0014663897044463285,0.0011558304266285266,0.001430114391228235,0.002040498052688724,0.0013683410221221842,0.001337164629563972,War / energy shock 2022
2022-06-28,0.0009731906379635882,0.0016492228903831987,0.0013670230521771265,0.0016232960727778588,0.00208366952849251,0.0014971355129063456,0.001674990285562152,War / energy shock 2022
2022-06-29,0.0009628811846703924,0.0017527058535366565,0.001457940098900186,0.001726117721278961,0.0021668607024236523,0.0016167540105241221,0.0017958567345563612,War / energy shock 2022
2022-06-30,0.0011532108047354185,0.00195012185710421,0.001606618114559488,0.0019718432250888105,0.0024092860947141823,0.001811402062456019,0.001951459788702551,War / energy shock 2022
2022-07-01,0.001328128188775632,0.0016991768122063989,0.0013721598987186038,0.0016945299262516483,0.0022129460534057585,0.0016202166539963142,0.00159603152865967,War / energy shock 2022
2022-07-04,0.0016530507081901015,0.0014410616591974232,0.0011715392535437885,0.0014208076741629577,0.0018981403580642315,0.001394156862885172,0.0013206641473309665,War / energy shock 2022
2022-07-05,0.0010753994322146205,0.001626668510201879,0.0013791317924931393,0.0016324463017577788,0.002044110409557795,0.0015357226003353689,0.0015419314468653122,War / energy shock 2022
2022-07-06,0.0012422157543193941,0.001428396081699063,0.0011660776627714698,0.0014069724588539963,0.0019046479564834259,0.0013653594965241625,0.0012989228338622595,War / energy shock 2022
2022-07-07,0.0010080185671342181,0.0012351351040204958,0.001016159205151833,0.0011912860694529516,0.0017123561732844631,0.0011932703561767905,0.0010626037160364414,War / energy shock 2022
2022-07-08,0.0009307628124084453,0.0010946500008492774,0.0009469309097829776,0.0010457165886687543,0.0015006876808808943,0.0010570584617922243,0.0009228563631215363,War / energy shock 2022
2022-07-11,0.0007830076812390916,0.0013437288835646002,0.001228497323606526,0.001333143700669787,0.0017062392051496226,0.001261574282954338,0.0011891899054427277,War / energy shock 2022
2022-07-12,0.0010892976211320387,0.0013649319229191458,0.001253398008683667,0.0013717406765633346,0.0017024461273690505,0.0012925671099449374,0.001204507692034741,War / energy shock 2022
2022-07-13,0.0007021892111608712,0.001592079264331575,0.0014690142920389623,0.0016419832542216247,0.0019225384870548605,0.0014991302475581335,0.0014277300407842938,War / energy shock 2022
2022-07-14,0.0006971428466339693,0.0016812574798436661,0.0014978333764909734,0.0017437577901566754,0.002081802549781287,0.0016131257531527617,0.0014697679296366334,War / energy shock 2022
2022-07-15,0.000657027057760155,0.0014173732248883605,0.0011993525783018538,0.001428442747463819,0.0019172242622843983,0.0013904463334223041,0.0011514002029694278,War / energy shock 2022
2022-07-18,0.0005418066322136018,0.0013471265411575174,0.0011735644848475766,0.0013442456264726864,0.0018070181731597362,0.0013071219464024493,0.001103682474905138,War / energy shock 2022
2022-07-19,0.0003209350641603816,0.0012280067076863078,0.001137931858051129,0.0011825474368568234,0.0016413500196333405,0.0011685338673294698,0.0010096703565607766,War / energy shock 2022
2022-07-20,0.0005177208177644899,0.0011543851867936964,0.0011427035617362668,0.001103298113807872,0.0014572798653257062,0.0010848182483271236,0.0009838261447715135,War / energy shock 2022
2022-07-21,0.0006654277116485544,0.0011092029751282777,0.0011564609451545952,0.0010631345231165651,0.0013265096194807855,0.0010322332514990794,0.0009676765363903639,War / energy shock 2022
2022-07-22,0.0008881885179382333,0.0011455271722304763,0.001249470003326498,0.0011164409695340253,0.0012612219643464634,0.0010407298397630059,0.0010597730841823887,War / energy shock 2022
2022-07-25,0.000825618538372119,0.00115697876682022,0.0012857919129391326,0.0011533371812856104,0.0012201828631424009,0.0010506521580112404,0.001074929718722715,War / energy shock 2022
2022-07-26,0.0007608605701169951,0.0013135508348425047,0.0014180544531071156,0.0013704224736434784,0.0013566863356461413,0.0011964997648698649,0.0012260911469459232,War / energy shock 2022
2022-07-27,0.0008579292207230673,0.0012721936224804765,0.0013540000944692223,0.0013380423714104619,0.0013654306485963324,0.0011622789396314639,0.0011412160582949028,War / energy shock 2022
2022-07-28,0.0007340239764318954,0.0012336359223783335,0.0013448558670472281,0.0012753523558879532,0.0013410284731349522,0.0011010725868603093,0.0011058703289612247,War / energy shock 2022
2022-07-29,0.0004759631641670289,0.0012343574011584493,0.0014177567843087586,0.0012357253870367855,0.0013283728480867855,0.0010538360956444859,0.0011360958907154317,War / energy shock 2022
2022-08-01,0.0005645219615777316,0.0012024517611012304,0.0014344342288159387,0.001201329431544515,0.001214095207371641,0.0010021268352643112,0.0011602731025097462,War / energy shock 2022
2022-08-02,0.0007666935148867586,0.0012692575568037157,0.001535156311930208,0.0012924849372789073,0.0012065946781572954,0.0010483220697953184,0.0012637297868568485,War / energy shock 2022
2022-08-03,0.0009048231957284494,0.0012579884153245077,0.001542085625015951,0.0012823381698572004,0.0011965325986279586,0.0010296539538862252,0.001239331729235203,War / energy shock 2022
2022-08-04,0.0008486697366462311,0.001182870561790308,0.0014753413137688221,0.001194038830691202,0.0011128430118097878,0.0009622671880363231,0.0011698624646454055,War / energy shock 2022
2022-08-05,0.0014986137178631556,0.0011685306215244227,0.001437091128237175,0.0011848033635092395,0.0010992011752495427,0.0009694250823964646,0.0011521323582296915,War / energy shock 2022
2022-08-08,0.0014839501424381704,0.00105198771517509,0.0012529519402597143,0.0010592140563826639,0.0010255689733985904,0.0009042907208610652,0.0010179128849734163,War / energy shock 2022
2022-08-09,0.0012543178586121514,0.0011594972912509097,0.0013462889266431645,0.0011841001951605789,0.0011298028134104836,0.001010288338077141,0.0011270061829631803,War / energy shock 2022
2022-08-10,0.0009754393228762334,0.0011153946649828962,0.001295748676062819,0.0011149738535642599,0.0011338811170741236,0.0009733752583162127,0.0010589944198970667,War / energy shock 2022
2022-08-11,0.000973071756257856,0.00098888575985398,0.001158635120456659,0.0009806883242944845,0.0009839231050045548,0.0008657861228940082,0.0009553961266201936,War / energy shock 2022
2022-08-12,0.00030451997035731577,0.0009337114379180204,0.001141395592993785,0.0008877048790069997,0.0009177537242469826,0.0008008415653986684,0.0009208614279436663,War / energy shock 2022
2022-08-15,0.0004890400106802146,0.0009280421626850696,0.0011791000069857503,0.000869234612486363,0.0008779506221941381,0.0007810268913978819,0.0009328986803612155,War / energy shock 2022
2022-08-16,0.00047888277918695744,0.0008547624011505577,0.0010877328665625555,0.0007926013641848348,0.0008070673141444626,0.0007293065586244004,0.0008571039022365351,War / energy shock 2022
2022-08-17,0.00031875467602728,0.0010143696128630272,0.0012860047319250135,0.0009669337010114214,0.0009240515679760014,0.0008543601696518267,0.0010404978937508735,War / energy shock 2022
2022-08-18,0.0004023572483980361,0.0008597594279988686,0.0010325763648096932,0.0008278298010581445,0.0007898750017858769,0.0007454485133770371,0.0009030674589635913,War / energy shock 2022
2022-08-19,0.0007848483199464453,0.0009474888169137372,0.0011453830416059275,0.0009350015851225761,0.0008161138982468277,0.0007889888898795614,0.0010519566697137924,War / energy shock 2022
2022-08-22,0.0005458526391302925,0.0013241291781739748,0.0015637145410895255,0.0013888964928029737,0.0010690353268986144,0.0010312323263631823,0.0015677672037155788,War / energy shock 2022
2022-08-23,0.0005468038405440962,0.0012151983569505958,0.0014086732826944699,0.0012655959618762943,0.0010141230966653938,0.0009574743801628235,0.0014301250633539972,War / energy shock 2022
2022-08-24,0.0005724054928120306,0.0010113685707363205,0.001169830282001281,0.0010204687305308408,0.0008527001223501882,0.0008050868343560974,0.0012087568844431952,War / energy shock 2022
2022-08-25,0.0012593057906428145,0.0008506934754903082,0.0009770951768152231,0.0008342820189355703,0.0007452018578815565,0.0006942715287068963,0.0010026167951122948,War / energy shock 2022
2022-08-26,0.0012998484502765553,0.0012430608929833943,0.0014307710285196298,0.0012431992554048483,0.0009766726728408306,0.000910072569892787,0.0016545889382588762,War / energy shock 2022
2022-08-29,0.0017431979701710487,0.0013762133078030945,0.0015344954433869384,0.0013811568451463296,0.0011203575834555404,0.0010124187963172222,0.0018326378707094416,War / energy shock 2022
2022-08-30,0.001850265617432255,0.0012917099549730046,0.0014086947958486897,0.0012666169061907847,0.0010976904916229523,0.0009659382550310648,0.0017196093261715323,War / energy shock 2022
2022-08-31,0.001833050526919067,0.0012482561310214121,0.0013370295346750727,0.0012036062586487611,0.0010950484977143675,0.0009508400273784575,0.001654756336690401,War / energy shock 2022
2022-09-01,0.0010805419592613166,0.00145254575314675,0.0015419317556241952,0.001381235301004143,0.001269647053177481,0.0010741901346906857,0.0019957245212372456,War / energy shock 2022
2022-09-02,0.0009787122846989503,0.0012678115185272808,0.0012193390655299268,0.0011761183394143437,0.0013074077794899982,0.0010132297985656397,0.0016229626096364953,War / energy shock 2022
2022-09-05,0.000881452059376629,0.0016401204763606542,0.0015460147003504446,0.001559198440527077,0.0016987661906691898,0.0012913680916018398,0.002105254958654719,War / energy shock 2022
2022-09-06,0.0012942144181751587,0.0015365389781875002,0.0013442928986684818,0.0014472072943115968,0.0017931192180781514,0.0013004092086662553,0.0017976662712130163,War / energy shock 2022
2022-09-07,0.0016450780812950394,0.001285289217989238,0.0010791223059196473,0.0011929497578062492,0.001630745728112343,0.0011653669744001657,0.0013582613237077847,War / energy shock 2022
2022-09-08,0.0016741957969193832,0.0010940400151360952,0.0009220124766418862,0.001007080593021427,0.0014017052977323278,0.001028665872503231,0.0011107358357816046,War / energy shock 2022
2022-09-09,0.0018036269424939527,0.0009385400836348983,0.0007565163901902681,0.0008504911401689942,0.0012665117997137476,0.0009210274344095274,0.0008981536536919544,War / energy shock 2022
2022-09-12,0.001492443276147719,0.000889269192550637,0.0007397766464983337,0.0007971773349566727,0.0012102930487996695,0.0008703549812099534,0.0008287439512885556,War / energy shock 2022
2022-09-13,0.0012336491563057542,0.001451673272303638,0.0011866927032030624,0.0013850817524087657,0.0017380907934824836,0.0013380233245611774,0.0016104777878627001,War / energy shock 2022
2022-09-14,0.000875602528777794,0.001906176175113971,0.0015368369689195702,0.0019112850940048033,0.002273123717215887,0.001790391785676759,0.0020192433097528345,War / energy shock 2022
2022-09-15,0.0011458648289430526,0.002120530210204089,0.001649519213805513,0.0021816139618570578,0.0026319632956314093,0.0020361222763849406,0.002103432303341525,War / energy shock 2022
2022-09-16,0.0013875699987524897,0.002619859864830699,0.002015280732795219,0.002784518456341762,0.003254544884037827,0.0024987274551189413,0.0025462277958597443,War / energy shock 2022
2022-09-19,0.0013602513356770624,0.002405304153865155,0.0017858558225300825,0.0025711125214013452,0.0032264852874042843,0.0023526152766621677,0.002090451861327896,War / energy shock 2022
2022-09-20,0.0011008863651082866,0.002714165075188521,0.0020575013371579272,0.00296033018499058,0.0035470502670044025,0.0025954370019650595,0.002410506584824636,War / energy shock 2022
2022-09-21,0.0011227494681422794,0.002579796129452127,0.0019629362675970268,0.0028230365179939556,0.0033549420612564167,0.0024763907935773173,0.0022816750068359194,War / energy shock 2022
2022-09-22,0.001943573404987164,0.002953893429237515,0.0022858304069200675,0.003319679124100671,0.003667900326998791,0.0027693574208060134,0.0027266998673620303,War / energy shock 2022
2022-09-23,0.0017040641413618425,0.003970364486764373,0.0031159191462787183,0.004560453719972471,0.004628442281336736,0.003552398704162135,0.003994608582071803,War / energy shock 2022
2022-09-26,0.0016862269362800828,0.004094490435105868,0.0032027053821178596,0.004559257597859001,0.004844723283819852,0.003619956408015616,0.004245809503717013,War / energy shock 2022
2022-09-27,0.004665502770752684,0.0031990640723401223,0.0025306812895983665,0.0033821930726718923,0.0040036328882334885,0.0028479233837083433,0.00323088972748852,War / energy shock 2022
2022-09-28,0.005126278487387808,0.002497310527136799,0.0020109176377759953,0.0025639651302631727,0.0031706283103007647,0.0022121760579968956,0.002528865499347168,War / energy shock 2022
2022-09-29,0.003993903627840076,0.003379178616629021,0.0029068440983019586,0.003539049244690963,0.003689908951919228,0.002728172799220526,0.004031917989012427,War / energy shock 2022
2022-09-30,0.00390463591598202,0.0033514164578189996,0.002753858123902934,0.0035310885012726553,0.003750548609313708,0.0026956749457831782,0.00402591210882252,War / energy shock 2022
2022-10-03,0.003985448289090826,0.0026086933378490613,0.0020863224397862285,0.002745643922908541,0.003160092217619132,0.002220568517848908,0.0028308395910824967,War / energy shock 2022
2022-10-04,0.0010785020679528227,0.002066365444865927,0.0017949486675336952,0.0020751077553175946,0.0025758114598720097,0.0017206541655736469,0.0021653051760326895,War / energy shock 2022
2022-10-05,0.0007454271714235845,0.0021939419902764017,0.0020458730063525436,0.0022353768034127836,0.0025969612512781784,0.0018124951585179719,0.0022790037318205303,War / energy shock 2022
2022-10-06,0.0010794296632809068,0.002192633694851168,0.0020505339736539676,0.002286996295710812,0.002511790494638483,0.0018486392901915258,0.0022652084200610514,War / energy shock 2022
2022-10-07,0.0009505183065017306,0.003054511145444111,0.0027724597355429995,0.0033718206060563815,0.0032173777439370196,0.0025342569452149705,0.003376640696469182,War / energy shock 2022
2022-10-10,0.001437425453988566,0.003019410118995589,0.002669545872974386,0.003390794150175167,0.003138574013543565,0.002560646429281161,0.003337490129003668,War / energy shock 2022
2022-10-11,0.0013826791239718351,0.002955525223702268,0.0025533467205945634,0.0033050851812348736,0.003102314486747559,0.002554951831480699,0.003261927898453647,War / energy shock 2022
2022-10-12,0.0013549990497906496,0.0028501527503743142,0.0024279280374656844,0.0031281320935588226,0.003041401972747512,0.0024957496358676656,0.0031575520122318866,War / energy shock 2022
2022-10-13,0.0010793398118818089,0.0022904416561137604,0.001920688166878956,0.0025518909596103883,0.0026828930406553506,0.00208565692270384,0.0022110791907202663,War / energy shock 2022
2022-10-14,0.0010382630208048186,0.0023892827719321262,0.002062260619659406,0.0026655080435123097,0.002699975867278567,0.0021388126764907253,0.0023798566527196236,War / energy shock 2022
2022-10-17,0.0006946743948731277,0.002194268785292988,0.0020273529151208095,0.002421121983473683,0.002489277541162721,0.0019356263854115197,0.002097965101296206,War / energy shock 2022
2022-10-18,0.0014409269523766035,0.0019837854100228274,0.001953916032844396,0.0021401931187487898,0.002205733202082043,0.0017424879500515503,0.001876596746387356,War / energy shock 2022
2022-10-19,0.0013215028735183714,0.002110105216103735,0.0021450016562202475,0.002328347996147005,0.0022033846964843113,0.0018469573734804605,0.0020268343581866504,War / energy shock 2022
2022-10-20,0.001317872569852075,0.002114242787524743,0.0021537114417544004,0.002393459362028074,0.0021290331005433226,0.0018554012628295956,0.0020396087704683233,War / energy shock 2022
2022-10-21,0.0011177853844588925,0.0022079878357232604,0.00223502770713477,0.002649649418398557,0.002172169683257506,0.001958484174472142,0.0020246081953533258,War / energy shock 2022
2022-10-24,0.0009289302934673184,0.002089669160698294,0.0021285695338679887,0.002524499059090775,0.0020835030847197633,0.0018248225883867437,0.0018869515374261986,War / energy shock 2022
2022-10-25,0.0001634932095092815,0.002035965480376897,0.002210412335668703,0.002386870481594728,0.0019896066872985476,0.0016733405451263095,0.0019195973521961961,War / energy shock 2022
2022-10-26,0.00019230472954480612,0.002006988079211152,0.0022526983513904406,0.002372844744763362,0.001855823661703478,0.0016041199568370857,0.0019494536813613925,War / energy shock 2022
2022-10-27,0.00021246432330946225,0.002103586241600161,0.002347142264125044,0.0026340930088046195,0.0018162126183581598,0.0016752109160142663,0.0020452724006987154,War / energy shock 2022
2022-10-28,0.0003719596962370198,0.0019248634209678012,0.0021578072186799885,0.0024164833205736675,0.0016568783113948143,0.001551982978992429,0.0018411652751981068,War / energy shock 2022
2022-10-31,0.0006652416122362142,0.001864597344162148,0.0021334162491321,0.0023297243881471503,0.0015279718835915542,0.0014779670580799898,0.0018539071418599447,War / energy shock 2022
2022-11-01,0.0006629925113586631,0.0016517208126904802,0.0019018606037802875,0.00206255807315088,0.001315514446095948,0.0013056262762511845,0.001673044664174102,calm
2022-11-02,0.0007232473451414673,0.0018935060383658852,0.0021636682341223588,0.002431614745899851,0.001389268656638262,0.0014661909833008529,0.0020167875718681005,calm
2022-11-03,0.0017801503448824645,0.002023386193290022,0.0022233577940581417,0.0026057924644630782,0.0015260094237187329,0.0016023648345657965,0.002159406449644359,calm
2022-11-04,0.0016147291473227053,0.0017324790292496024,0.0018655919003765582,0.0021773806100275983,0.0014666094989349363,0.0014229563497574216,0.0017298567871514975,calm
2022-11-07,0.001427585584616164,0.0016227278313312124,0.0017935690414787892,0.0020031954556498114,0.0014155978848844515,0.001315084065902504,0.0015861927087405057,calm
2022-11-08,0.0014737035379047173,0.0012583458112156438,0.0014521548502708218,0.0014564097407548204,0.0010711127525633714,0.0010041102509105164,0.0013079414615786886,calm
2022-11-09,0.0016675620536492624,0.0013778366308297867,0.0016517527054192784,0.0015833910087495028,0.001043145703905907,0.0010281036442373853,0.00158279009183686,calm
2022-11-10,0.0005889805301908588,0.001246391452601449,0.001598119033764359,0.0013576103724265375,0.0009728328366201209,0.0008860710960318093,0.0014173239241644174,calm
2022-11-11,0.0008264104389905757,0.001201001331374118,0.001626664125364905,0.0012507523802980883,0.0009252623475857143,0.0008315163404729664,0.0013708114631489153,calm
2022-11-14,0.0006673042335258663,0.0013203047291664674,0.0018211127983685954,0.001344997980933121,0.001001760922048951,0.0009059860361163202,0.001527665908365349,calm
2022-11-15,0.0006324065022296601,0.00130289574190393,0.0017826523029780858,0.0013345681533031063,0.0010119237379307053,0.0009093537189625435,0.001475980796345208,calm
2022-11-16,0.0004552674315613974,0.0015188210474381535,0.0019737069098407977,0.0015830964844996468,0.0012147087397145167,0.0011034027223525294,0.0017191903807832762,calm
2022-11-17,0.0003980061079606723,0.001580429361024377,0.0019351097315322547,0.0017122872942472644,0.0013277521847075728,0.0012099153609939327,0.0017170822336408608,calm
2022-11-18,0.00015120211952312837,0.0014573357782651853,0.0017296564397382573,0.0015731122548088858,0.001327676124529378,0.0011582806144487742,0.0014979534578006312,calm
2022-11-21,0.00018871788025306513,0.00132607669287615,0.00155106059461781,0.0014313320441124424,0.001214944047089025,0.0010773890790475161,0.001355657699513956,calm
2022-11-22,0.000178001190550508,0.0011328019708603005,0.0013368883655738768,0.0011708363610260818,0.0010565793953160464,0.0009467925141523507,0.0011529132182331466,calm
2022-11-23,6.640942300557089e-05,0.000990647160088711,0.0011619028254381536,0.0009987216465252447,0.0009320870882789236,0.0008519129121725809,0.0010086113280286526,calm
2022-11-24,7.762959119756979e-05,0.0008046673964275823,0.0008885390259457795,0.0008071222583190844,0.0007911256389953596,0.0007362599199572014,0.0008002901389204858,calm
2022-11-25,5.454496103705394e-05,0.0007418383748268836,0.0008562325827575609,0.0007496208224981376,0.0006703107207621018,0.0006667398162423688,0.0007662879318742488,calm
2022-11-28,2.3235109957504016e-05,0.0008273332744598881,0.0009914393329831866,0.0008489447517645137,0.0006874790484459415,0.000713057929008955,0.0008957453100968432,calm
2022-11-29,7.41408076855586e-05,0.000752539969066221,0.0008951996302777965,0.0007738755155762043,0.0006079202347831537,0.0006542412599408607,0.0008314632047530903,calm
2022-11-30,8.079002734028233e-05,0.0006463391105295195,0.0007689821389486564,0.0006562918034419947,0.000522138844872563,0.0005600515438652043,0.0007242312215191789,calm
2022-12-01,8.379127578800545e-05,0.0005848288091213585,0.0006926027061661211,0.0005921787011234611,0.0004716682323770491,0.0005078412147363589,0.0006598531912038016,calm
2022-12-02,0.00020460961082489825,0.0005249159578305646,0.0006377823590541724,0.0005228004346720482,0.00040120694934235113,0.00044112627222083807,0.0006216637738634136,calm
2022-12-05,0.00026457147831506855,0.0005453107138254793,0.000683548210887599,0.0005308484435756026,0.00038831507459019825,0.00043316045920487945,0.0006906813808691172,calm
2022-12-06,0.000319947499824966,0.0006022016089321429,0.0007442091374591914,0.0005809452161638043,0.00041545861155727233,0.0004605900281524604,0.0008098050513279864,calm
2022-12-07,0.00031254311144608877,0.0005871830799418045,0.0006995067028912217,0.0005657025319081307,0.0004233768523004756,0.00046190591767216875,0.0007854233949370259,calm
2022-12-08,0.0009376632891759989,0.0005833476129700451,0.0006977445561791529,0.0005532071707646801,0.00041686275023724515,0.00045492049077800015,0.000794003096891147,calm
2022-12-09,0.0008169236594567142,0.0005419967286741916,0.000624876232071729,0.0005069218271525971,0.00042615707717581666,0.0004439621513169345,0.0007080663556538808,calm
2022-12-12,0.0007993649623412846,0.00046450737782614235,0.0004601118941709335,0.00044844226362710773,0.00045310453834618606,0.000446085705335791,0.0005147924876506933,calm
2022-12-13,0.0007086579445575035,0.00042728879390360513,0.00038817038084390076,0.0004103945451138946,0.0004799482615513999,0.0004432256029187549,0.0004147051790900756,calm
2022-12-14,0.001087738786463136,0.0003985235671931901,0.00035397763617928113,0.0003783366808287558,0.0004578226686401853,0.00042453513832567885,0.00037794571199204906,calm
2022-12-15,0.0005215139139612488,0.0005758148899582344,0.0005091412243860643,0.000565572605484873,0.0006238583680495509,0.0005837798355067434,0.00059672241636394,calm
2022-12-16,0.0005215386954199587,0.0006244484317091457,0.0005734602244724978,0.0006011403727691129,0.0006501858800831185,0.0006156774442085887,0.0006817782370124111,calm
2022-12-19,0.00047568657399189857,0.0006274445561581441,0.0005672282157587408,0.0005850643544040113,0.0006570239717032772,0.0006063190915629655,0.0007215871473617257,calm
2022-12-20,0.0004627130098377794,0.0005481230056889363,0.00045095206778963406,0.000518722202505938,0.0006236462675495751,0.0005740265739472368,0.0005732679166522973,calm
2022-12-21,0.0001764053348940001,0.0005116070017397665,0.0004143483294824534,0.00046940738595123465,0.0006086794320761624,0.0005374583987718291,0.0005281414624171531,calm
2022-12-22,0.0007589269260015154,0.0005830959440956732,0.0004605847250431895,0.000533224442055522,0.0007002837184767268,0.0006139697409883446,0.0006074170939145833,calm
2022-12-23,0.0013709418197773477,0.0005241392966881395,0.00041914174482752826,0.00048630846306075556,0.0006340366616333756,0.0005684472412144227,0.0005127623727046155,calm
2022-12-28,0.0014095112281409263,0.0005415969672963892,0.0004476244994797841,0.0004974561703338242,0.000614214334325683,0.000567781338254677,0.000580908494087978,calm
2022-12-29,0.0016275708269068254,0.000476910747304243,0.0003916033366037747,0.00044389266821244803,0.0005610480451871376,0.000512776405108181,0.0004752332814096737,calm
2022-12-30,0.0016924548939098688,0.0004947774515324917,0.0004079472470585261,0.00045964241093321114,0.000574462555819323,0.0005264493292138477,0.00050538571463755,calm
2023-01-03,0.001041947115331737,0.000490130615952034,0.0004410714153343524,0.0004437243827434439,0.0005005252115979418,0.0006036500058539106,0.0004616820642305216,calm
2023-01-04,0.0004307346394762485,0.00044713115580537086,0.0004086779728688554,0.0004258382390009682,0.0004445754772820789,0.0005198117525577653,0.00043675233731718676,calm
2023-01-05,0.000476871884360752,0.0005018496797089048,0.0004531452883557122,0.00046171121259522746,0.0004588748479586145,0.0006421980244259695,0.0004933190252090001,calm
2023-01-06,0.0002754437784531608,0.0005023708147909308,0.00045462611540933283,0.00048327088728104464,0.00044895101264200485,0.0006246121740789424,0.0005003938845433291,calm
2023-01-09,0.00011938923571927454,0.0005118481207706385,0.00047813488849666953,0.0004836658037112587,0.00045217591482712245,0.000629507804226127,0.0005157561925920145,calm
2023-01-10,0.00011391046981547998,0.0005105745442045178,0.0004989136599308393,0.00047819721375501784,0.0004486554700834183,0.0006133506586435618,0.0005137557186097517,calm
2023-01-11,0.00011517456765962987,0.0004896076172317317,0.0004744820846902054,0.0004579346886112691,0.00043143698799628347,0.0005893254066699088,0.0004948589181909919,calm
2023-01-12,8.272098250922141e-05,0.0004977274656323548,0.00047759715620735783,0.00044836259031785536,0.0004295154827446324,0.000629661316228851,0.0005035007826630771,calm
2023-01-13,0.0001060915114260953,0.00048685751151559506,0.00046020504406199097,0.0004336097107701657,0.0004263355930633519,0.0006213804495535234,0.0004927567601289433,calm
2023-01-16,0.00012338972512660037,0.0004557903084948016,0.00043031598074452017,0.0004101576985434809,0.000409001246223407,0.0005704707107961289,0.00045900590616647087,calm
2023-01-17,0.00020186396034106396,0.00043784522692973533,0.0004106427490524736,0.0003854011950806048,0.00039750318106422455,0.0005496133308605941,0.0004460656785907797,calm
2023-01-18,0.00020143246901371765,0.000503538369022747,0.000491386740318843,0.00039414359030382677,0.0004461740366460009,0.0006641067568708074,0.0005218807209742567,calm
2023-01-19,0.00015155903991688198,0.0005367670753596593,0.0005553972877831955,0.0004486872123502311,0.0005465072364352651,0.0005730136493933981,0.0005602299908362068,calm
2023-01-20,0.00012385491559590843,0.0005578869737096183,0.0005887757221777024,0.00044677658496524873,0.0005659805383566911,0.0006119059599028944,0.0005759960631455548,calm
2023-01-23,0.00015222642951802522,0.0005198312837309029,0.0005442377369343866,0.0004129370546610232,0.0005294705646296638,0.0005878507883004002,0.000524660274129041,calm
2023-01-24,7.995435700913237e-05,0.0004914110910639943,0.0005176559442659433,0.0003886183583064786,0.0005016577428399452,0.0005605417916209709,0.0004885816182866335,calm
2023-01-25,0.00021726592542096072,0.0004011441277543092,0.0004106211926293018,0.00035211227061962937,0.0004256059824417015,0.00041938401264808697,0.0003979971804328265,calm
2023-01-26,0.0006394610612427057,0.0003749255146302885,0.00040137528351676474,0.00032791956253310417,0.00039917319263919784,0.0003796156289650609,0.0003665439054973146,calm
2023-01-27,0.0006271471228883889,0.000375520794236455,0.00041144988534983146,0.0003200912914756488,0.00039210643638916144,0.00038586347859572654,0.00036809287937190677,calm
2023-01-30,0.0006328700944749036,0.0004367508731653731,0.0004949987041074216,0.0003409634221478192,0.00044632212644931237,0.0004647078853426152,0.000436762227779697,calm
2023-01-31,0.0006585916525243277,0.00042574383922407605,0.0004759446105630238,0.0003288796823098041,0.0004350340796609688,0.0004669988478104354,0.0004218619757761481,calm
2023-02-01,0.0005422827268023804,0.00040089702170147324,0.0004574448670049514,0.00031483657253571673,0.0004221581780940405,0.0004270874572384696,0.0003829580336341879,calm
2023-02-02,0.00013469722319086214,0.0003352375967829951,0.00037405943096706313,0.00029525674721092967,0.0003856179961141,0.0003239102635328002,0.00029734354609008243,calm
2023-02-03,0.0006711682247373391,0.00031409000241601107,0.00033824410120785354,0.0002946743910874501,0.00037061300501481023,0.00030584036875126513,0.00026107814601867635,calm
2023-02-06,0.0007673220880187686,0.00038305146185287065,0.00042879815231646395,0.0003370958001663755,0.0004472643012262895,0.00038154160251893427,0.00032055745303629003,calm
2023-02-07,0.0007786688298809614,0.0003470463010575276,0.0003500646577456506,0.0003470646264619555,0.00041406612009904756,0.00033753076077589535,0.00028650534020508887,calm
2023-02-08,0.0009659325863887823,0.0003538887105017614,0.00033733682077790797,0.0003708031775239399,0.00042242072138277145,0.00034854796977264743,0.0002903348630515404,calm
2023-02-09,0.0009518245711856555,0.0003686119337280401,0.000350958843016023,0.000392188100397056,0.0004475218898466358,0.0003494048556265179,0.0003029859797539679,calm
2023-02-10,0.0004790408639754351,0.00047708476609897,0.00048164384163172175,0.0004883575647868369,0.0005685536182106309,0.00043605019126420185,0.00041081861460145867,calm
2023-02-13,0.00034009600698047264,0.00044332363346315164,0.0004243042428512959,0.0004931930429150058,0.0005206254377424752,0.0003997828396005566,0.0003787126042064247,calm
2023-02-14,0.0002987411850826298,0.0004244729490329422,0.00041230557210710655,0.0004719892866682504,0.0004764018755502452,0.0004010692063792472,0.00036059880445986196,calm
2023-02-15,0.00016164583264520547,0.00041598502114268635,0.0004113539699609909,0.00046605845322404075,0.00045758183596897176,0.0003905304601123273,0.0003544003864471014,calm
2023-02-16,0.00015379891727938376,0.00045178276768267315,0.0004603221896624928,0.0004959908646327281,0.0004902054154427383,0.0004223114433259721,0.0003900839253494339,calm
2023-02-17,0.00023704188973445986,0.000492457328923694,0.0005232716937881581,0.0005238153314258283,0.0005253807229122798,0.0004563480458920175,0.0004334708506001868,calm
2023-02-20,0.000600090880033658,0.0004851519737904049,0.0005258970372820869,0.0004975505183988458,0.0005224119679010849,0.00044986137154644543,0.0004300389738235616,calm
2023-02-21,0.000596728262534336,0.0005099391764046631,0.0005429731304461169,0.0005346793890257754,0.0005516853215941736,0.0004569007379313761,0.0004634573030258732,calm
2023-02-22,0.0005242028601943244,0.000522688910847447,0.0005492542700924897,0.0005306768964521329,0.0005569026612482142,0.0004741241463790242,0.0005024865800653743,calm
2023-02-23,0.0009598794275894208,0.0004687580203594158,0.00047783688974137816,0.0004807709696714403,0.0005013228594109243,0.0004375150523707519,0.0004463443306025844,calm
2023-02-24,0.0008507822334766686,0.0005784208723483236,0.0005802280855036834,0.0005880720188228575,0.0006426294421234297,0.0005314350478365117,0.0005497397674551356,calm
2023-02-27,0.0006593447392745496,0.0005291184134672883,0.0005121875680322985,0.0005593061679225835,0.0006042371225036201,0.0004575245626641923,0.0005123366462137466,calm
2023-02-28,0.0006651420384769122,0.0005032365008018685,0.0005011237575985326,0.000492410129659286,0.0005504276866984684,0.0004826180328069454,0.0004896028972461102,calm
2023-03-01,0.0006688331944623996,0.000509683794647791,0.0005387065639015678,0.00044307522450646764,0.0005277236839561023,0.0005395083183999429,0.0004994051824748742,calm
2023-03-02,0.00030854535279251305,0.0004836838173731208,0.0005153722099744056,0.00040313284390583616,0.00048438508603043857,0.0005373059405812303,0.0004782230063736929,calm
2023-03-03,0.0004281935857502972,0.00038339589904987125,0.00039247578321756295,0.0003569657339992504,0.00041543834091704846,0.0003752069620807851,0.00037689267503470916,calm
2023-03-06,0.0014097647468725516,0.000324677261916652,0.00032413669221909404,0.00033068119603751835,0.00036617796337369215,0.0002880478936838358,0.0003143425642691197,calm
2023-03-07,0.0019320770001690153,0.00036619727330624815,0.000383293736709969,0.0003587331698219781,0.00040603315373650707,0.0003214608957434439,0.00036146541051934253,calm
2023-03-08,0.0033230761164805976,0.00035705651628925225,0.0003738954313883524,0.00035371372585295166,0.0004011996575928872,0.0003065450315718345,0.0003499287350402356,calm
2023-03-09,0.00374479009336289,0.00040231103299310345,0.00043065562536101086,0.0003756279703796684,0.00044455952972146756,0.00034613480714791334,0.00041457723235545704,calm
2023-03-10,0.003973989403628393,0.0005415374689356286,0.0005820053810662776,0.0004810306160919936,0.0006109414454299282,0.00046374342846699227,0.0005699664736229515,calm
2023-03-13,0.0031997229743941837,0.0008891739850902397,0.0009521610866744518,0.000715210977009783,0.0009748034146660845,0.000902805471066902,0.0009008889760339767,calm
2023-03-14,0.003298395671248837,0.0007370782847432653,0.0007475734702952879,0.0006874161920346646,0.0008679704061803158,0.0006552884903014571,0.0007271428649046009,calm
2023-03-15,0.0019290743921805639,0.0011453321508603765,0.0012251251999385974,0.0010374566912692037,0.001325138790158539,0.0010123464001591505,0.0011265936727763923,calm
2023-03-16,0.0015668820792142308,0.0009942131920801288,0.0009654279598928874,0.001026576459479611,0.0011810253801177687,0.000827087965550062,0.0009709481953603145,calm
2023-03-17,0.0020237156126576283,0.001310865087067113,0.00135079168819432,0.0013207388123628865,0.0014965385474198616,0.0010947861933218565,0.0012914701940366401,calm
2023-03-20,0.001773863018292532,0.0011946154007726796,0.0011775369952634325,0.0012828028046284992,0.001356408689259879,0.0009806464124818175,0.001175682102229769,calm
2023-03-21,0.0011608935293322474,0.0010260615194531443,0.0009154345525329294,0.0011648943917743283,0.0011747738666961442,0.0008370267216864629,0.0010381780645758577,calm
2023-03-22,0.0012809327179114146,0.0012567364620783106,0.001164790523736062,0.0013028110571241189,0.0013097880707937648,0.0012102044089756154,0.0012960882497619907,calm
2023-03-23,0.0013074272211660422,0.0013764488260985571,0.0013459508266719152,0.0013645327488357906,0.0013462005685480802,0.001426038299880568,0.0013995216865564319,calm
2023-03-24,0.00046305616494088045,0.0017272897567856993,0.0017652517953904395,0.0016936594369196568,0.0016425500962704692,0.0018609156900133246,0.0016740717653346067,calm
2023-03-27,0.0004360995801608976,0.0014368915766604603,0.0014023751213874565,0.0015776017056632545,0.001421345077469837,0.0014020684207037314,0.001381067558078021,calm
2023-03-28,0.0004420735230353724,0.001177860868026429,0.0011387176638032917,0.0013501467327472023,0.0011830166099940885,0.0011064282230430762,0.0011109951105444848,calm
2023-03-29,0.0007519585598471288,0.0009527736329946274,0.0008745680709309615,0.0011634210420856533,0.0009962073990315635,0.000814977142129899,0.0009146945107950589,calm
2023-03-30,0.0006955771284724228,0.000883959328064109,0.0007865642878486115,0.0010878616959685405,0.0009505792825203394,0.0007140305409713193,0.0008807608330117346,calm
2023-03-31,0.0009699103915624011,0.0008285341300283744,0.000739039531719236,0.0009879376014903752,0.0008743937285401748,0.000698781859685343,0.0008425179287067434,calm
2023-04-03,0.0008714993279436932,0.0008454123438512327,0.0007515964458061781,0.0009788220826083876,0.0008914776923843553,0.0007548507238122709,0.0008503147746449709,calm
2023-04-04,0.0008599227291618357,0.0008855089422680981,0.0007864355533064825,0.0009839764217601844,0.0009231355418370341,0.0008375379640413054,0.000896459230395484,calm
2023-04-05,0.00044582444591295125,0.0010450178684855414,0.0009339923649657614,0.001122178247546654,0.001077250791240195,0.0010457793167252328,0.0010458886219498638,calm
2023-04-06,0.00041093619421304526,0.0009813371269595992,0.000855306308540015,0.0010855101189520039,0.0010268658398393908,0.0009628701900391068,0.0009761331774274789,calm
2023-04-11,0.0002808368417272873,0.0008389123219164584,0.0007394342955615057,0.0009332951683318545,0.0008716643421413395,0.0008139123783902962,0.0008362554251572964,calm
2023-04-12,0.00032051970182991863,0.0007762028963729161,0.0007071087653704152,0.000856241467277742,0.000778873874176626,0.0007552282276076483,0.0007835621474321498,calm
2023-04-13,0.0003267036188048412,0.00070078752575889,0.0006513492323865587,0.0007609057030158147,0.0006939242000079782,0.000689454703002059,0.0007083037903820395,calm
2023-04-14,0.00029106164700570694,0.0006576194229484618,0.0006428264095844813,0.0006869690547031556,0.0006482856355571254,0.0006510990655903537,0.0006589169493071924,calm
2023-04-17,0.0002208440852219991,0.0005970068294887304,0.0005686508395280667,0.0006210207473304235,0.000593807206899806,0.0006185817175768774,0.0005829736361084784,calm
2023-04-18,7.637094164176061e-05,0.0005663038731735604,0.0005765601020496306,0.0005618430489999197,0.0005552760209168716,0.0005888663672780568,0.0005489738266233227,calm
2023-04-19,5.2109557271997826e-05,0.0004875795887851063,0.0004851461941696993,0.0005018256247636143,0.0004824528047772088,0.0005130567226712806,0.0004554165975437288,calm
2023-04-20,0.00015860465602558183,0.0005085265373120783,0.0005306937963833631,0.0005062045883768343,0.0004926800100235198,0.0005340062473182045,0.00047904804445847015,calm
2023-04-21,0.00020978179001000607,0.0004597959056253973,0.00047968171012717324,0.00047595536170679333,0.00045832912462370295,0.00045172615083219635,0.0004332871808371209,calm
2023-04-24,0.00023640887107994395,0.00041385119546910755,0.0004452511934125244,0.00042498553930785587,0.0004197315784389978,0.0003805302741280632,0.0003987573920580963,calm
2023-04-25,0.0003041678351162116,0.00043689065833644927,0.00048668069693674467,0.00041082168787402474,0.00043714053493828885,0.00041416043408548837,0.00043564993784770003,calm
2023-04-26,0.00028918311952951897,0.0004635547739734779,0.0005192268641451901,0.0004166827422604406,0.00046801041383263666,0.00044236075773317605,0.00047149309189594595,calm
2023-04-27,0.00034072996800943136,0.0004609658612671513,0.0005171744741220889,0.00040071679804491337,0.0004773049773262181,0.00043732536253537126,0.0004723076943071651,calm
2023-04-28,0.0004696058353579828,0.00041359059057353146,0.0004566341205286545,0.00037664847134144064,0.0004511568263606973,0.00037161643623789185,0.000411897098398973,calm
2023-05-02,0.0004707672133749935,0.00048123123418696977,0.0005408633131068235,0.00042615902533478745,0.000530632999734292,0.00043796301600709206,0.0004705378167518534,calm
2023-05-03,0.0004067053111195444,0.0004979721069451316,0.0005541121595583082,0.0004567512089909263,0.0005726382139776312,0.0004191211709049205,0.00048723778129387173,calm
2023-05-04,0.00039299393667830383,0.000518738579258757,0.0005704295697132149,0.0004852784025475491,0.000603422616536689,0.00043098146342664915,0.000503580844069683,calm
2023-05-05,0.00022058427411518141,0.00045315885248010035,0.00048265268035041064,0.00045637477662010254,0.0005344839491989323,0.0003574359970035391,0.0004348468592275172,calm
2023-05-08,0.00013010940517092947,0.00041068060845244356,0.0004372722596921585,0.0004194527875250219,0.0004730099236414576,0.00033474952581561226,0.00038891854558796736,calm
2023-05-09,0.00010207302105294493,0.0004028295994883033,0.0004311373029889889,0.0003992936184693645,0.00044234020283908103,0.00035687379355549964,0.0003845030795885824,calm
2023-05-10,0.0001057785847888408,0.00038667250928965007,0.00041848702493602367,0.0003841461930014547,0.00041544469828381424,0.00035199517830901194,0.0003632894519179459,calm
2023-05-11,0.00010885273464937639,0.00037329882292123516,0.00040510452904649654,0.00036866347896705485,0.00039174784843548107,0.00035239168125392786,0.00034858657690321553,calm
2023-05-12,0.00011040004863188396,0.0003541728830491151,0.0003778063292951893,0.00033858550736160485,0.0003632171020237387,0.0003612603347082984,0.00032999514185674415,calm
2023-05-15,3.363896018798737e-05,0.000345782499651496,0.00036958849804137644,0.0003167618375551915,0.0003504824276877416,0.000365271543360865,0.00032680819161230544,calm
2023-05-16,3.3536066569734146e-05,0.00034814395904928896,0.000379320777351373,0.00029998443274969675,0.0003438069785429826,0.00038494602593132935,0.00033266158067106325,calm
2023-05-17,0.0006081008448220194,0.0003231093617588908,0.00034552045978069956,0.00028172979554904237,0.0003250568196450264,0.00035855138729905364,0.000304688346520632,calm
2023-05-18,0.000620030766326562,0.0002852553767070958,0.0002931259291297342,0.0002616736021156401,0.0002981697597037041,0.000313189890343878,0.00026011770224252273,calm
2023-05-19,0.0006643262600036894,0.00026058408921963093,0.0002546803645440932,0.0002480335692114993,0.00027949158828202003,0.0002912403713941826,0.00022947455266635936,calm
2023-05-22,0.0006521748492072223,0.00025322582219270047,0.00023751450005964723,0.00025011606075854407,0.0002784598516841595,0.00028431014157303316,0.0002157285568881183,calm
2023-05-23,0.0008013789246268629,0.0002637044623204568,0.0002470058699980847,0.00025216931090483183,0.00029668963690870654,0.0002951496702636223,0.00022750782352703872,calm
2023-05-24,0.00022336407016656623,0.00034968177649521417,0.00032200326886340356,0.00032285256917414064,0.00041341854654933,0.00036493035927261705,0.00032520413861657964,calm
2023-05-25,0.0002589301064228363,0.000366155201366314,0.0003362418403959854,0.0003491832080703018,0.00045541424720290714,0.00033697637110030446,0.00035296034006207126,calm
2023-05-26,0.00045699596562532506,0.0003446600681194897,0.00033584656933341374,0.0003392008937801244,0.0004395543837256556,0.0002708346022325291,0.00033786389152572574,calm
2023-05-29,0.00048555584441866545,0.0003252351264677731,0.0003238080871299367,0.00032242227870357844,0.0004138375358501484,0.0002522576507718979,0.0003138500798833042,calm
2023-05-30,0.000355861787351762,0.0003378187334104314,0.00035136599296904647,0.00032658543570192214,0.00040343974524179163,0.00028261518070603174,0.0003250873124333651,calm
2023-05-31,0.0003543189472098674,0.00037909993178740595,0.00039881984962399764,0.000359708561102374,0.0004335492459883772,0.0003462633315707453,0.00035715867065153577,calm
2023-06-01,0.0003074581973743796,0.00036937165160492243,0.00038807723600813986,0.0003562500769514027,0.0004224999655910569,0.0003391710819485509,0.000340859897525462,calm
2023-06-02,0.00020187451404678008,0.00034475867876369745,0.0003597522930156729,0.0003436786753816034,0.00039260966570675684,0.00031161527703993386,0.00031613748267452033,calm
2023-06-05,0.00017846123653521853,0.0003754316199639945,0.0004067748205038865,0.0003651258615055413,0.00041617547373525043,0.00034169409456128244,0.00034738784951401176,calm
2023-06-06,0.00021694689650140388,0.00036023549940196323,0.0003733067372473194,0.0003696284813374381,0.00039021503281282057,0.0003322649081388479,0.00033576233747339024,calm
2023-06-07,0.00029902101965348615,0.00035511179651332917,0.00036758672571126976,0.0003736332259125228,0.00037931937709889316,0.0003297891365109281,0.00032523051733303224,calm
2023-06-08,0.0002946613722373637,0.00034839379569138096,0.00036778279746618476,0.0003629880850251718,0.00036769913577626044,0.00032762520918303234,0.0003158737510062553,calm
2023-06-09,0.00026758678696445166,0.0003786971204690779,0.00040118182596545154,0.0003779597873189565,0.0003928000408291524,0.0003741056529978651,0.0003474382952339642,calm
2023-06-12,0.00034544222992231844,0.00036944447110168893,0.0003833743092153623,0.000371545214157616,0.0003859087094083901,0.00037317077690315203,0.00033322334582392424,calm
2023-06-13,0.0003007232736258873,0.0003636355110361852,0.000377600910436133,0.0003690058489610498,0.0003839616134380986,0.0003585866964437379,0.0003290224859019066,calm
2023-06-14,0.00021432958469015423,0.00035133399849783894,0.0003648845071887144,0.000363559646232334,0.0003724898276015393,0.00034471838756401857,0.00031101762390258847,calm
2023-06-15,0.00028943290586714736,0.0003577488284293894,0.0003809254047431413,0.0003454221574770041,0.00036325005388493375,0.0003751647258471006,0.0003239818001947671,calm
2023-06-16,0.0003278973626737572,0.00036067669716388515,0.000389116365293437,0.0003409522617013539,0.00036612831417918653,0.00038095643677516687,0.0003262301078702814,calm
2023-06-19,0.00027221144260856385,0.0004260857654404024,0.0004707329916292467,0.00038312993261264657,0.00042190873940018466,0.0004660759453437187,0.0003885812182162151,calm
2023-06-20,0.0003307333236871974,0.00048336647447644337,0.0005312269113017322,0.00042469292805083405,0.0004716524187230674,0.0005497917635190274,0.0004394683507875559,calm
2023-06-21,0.0004527426980981549,0.0004953130917331522,0.0005375027297772497,0.00042830586706001577,0.0004799842586980959,0.0005858616763975009,0.0004449109267328987,calm
2023-06-22,0.00037912281447705873,0.0005454991922908155,0.0006012434613030842,0.0004422533898998049,0.0005181760447189133,0.0006589640410668611,0.000506859024465414,calm
2023-06-23,0.0004189191670106764,0.0006442037172436655,0.0007320189890713856,0.0004980597547252384,0.000629077676406567,0.0007566910863712904,0.000605171079643846,calm
2023-06-26,0.0003857910735115249,0.0007064916758566833,0.0007955928097095666,0.0005182016685083212,0.0006752526481823961,0.0008720613904698091,0.0006713498624133234,calm
2023-06-27,0.0003196934836787108,0.0006148092612674296,0.0006787237389223388,0.00048089557783797957,0.0006087235436320508,0.0007144716356152568,0.0005912318103295223,calm
2023-06-28,0.00020791719001604224,0.0005249546711390891,0.0005667746914889951,0.000439245365648686,0.0005291974680356812,0.0005893498080266015,0.0005002060224954813,calm
2023-06-29,0.0012999908215339873,0.0004506647483327386,0.0004857614388541743,0.00039053503794385895,0.00046022171726553296,0.00048742225944417507,0.0004293832881559514,calm
2023-06-30,0.0011838272230359369,0.00040975247365142384,0.0004466466211018652,0.0003641140919332384,0.00042614240865717864,0.0004282850859531241,0.0003835741606117129,calm
2023-07-03,0.001244600453483858,0.000372783136414609,0.00040748960445650067,0.0003428600181160463,0.0003929958209446833,0.0003725708493280976,0.0003479993892277171,calm
2023-07-04,0.0016841794322677778,0.00035111280252243685,0.0003795970139425101,0.0003298656332361779,0.00036978801536690064,0.0003480022535629579,0.00032831109650363746,calm
2023-07-05,0.0018085213954566845,0.000367760228877098,0.00040089063840852786,0.0003391252067309595,0.0003867638781383691,0.0003671651538852985,0.00034485626722233486,calm
2023-07-06,0.0007364416951576159,0.0005794232865209753,0.0006443282499927845,0.00048668763279617096,0.0006004624496756164,0.0006020888804103999,0.0005635492197299045,calm
2023-07-07,0.0006731648310039995,0.0006142566860607551,0.0006464187119490393,0.0005276949936896802,0.0006402599696490771,0.0006467735583606869,0.0006101361966552924,calm
2023-07-10,0.0006596829593357074,0.0005627723922589843,0.0005692289936270043,0.0005095905328321862,0.0005887619734572739,0.000587589144580622,0.0005586913167978355,calm
2023-07-11,0.00023307344094389783,0.0005001946130049192,0.0004962398249664182,0.0004795009306589501,0.0005304746153379918,0.0005024965736017663,0.0004922611204594695,calm
2023-07-12,0.0001564961807548831,0.00046019317177766253,0.0004575708396075578,0.00045904096507882905,0.0004859480344527041,0.00044721096618838074,0.000451195053560841,calm
2023-07-13,0.00015198667550164868,0.0004355726631969698,0.0004364093020273266,0.0004454443112346569,0.0004538771620991113,0.00041953731714850954,0.0004225952234752444,calm
2023-07-14,0.00015282529689979247,0.0004291352830335463,0.0004345495705788527,0.0004387339306137507,0.0004400404959675232,0.000420757052536223,0.0004115953654713816,calm
2023-07-17,0.000176797238589667,0.00046026456312602053,0.000475857783161371,0.00046326618916603206,0.0004591746330712455,0.0004598911375676308,0.00044313307266382354,calm
2023-07-18,0.00019139327782168985,0.0004481309952138571,0.0004597904101958067,0.0004540627041178497,0.00044736712393808636,0.00045127727077830807,0.0004281574670392348,calm
2023-07-19,0.00013332444835185243,0.0004335362786893792,0.00044254406448859704,0.00044087341213345756,0.00044009687625553033,0.00043418048940205295,0.00040998655116725825,calm
2023-07-20,0.00034944482179733556,0.00044993291191040494,0.0004626910906579327,0.0004544325206086965,0.00046162365653974074,0.00044461838530213723,0.0004262989064435174,calm
2023-07-21,0.00033913637331583064,0.0004518278999831102,0.0004712647175263996,0.00044696833458813135,0.0004578370016478066,0.00044952801842555387,0.0004335414277276599,calm
2023-07-24,0.00027812431093871177,0.0004520010404473855,0.00046834812975103294,0.0004398794192904718,0.0004575385686518584,0.00046193792965066997,0.0004323011548928947,calm
2023-07-25,0.0002632493535670576,0.0004327805352253195,0.0004486019581444271,0.0004194172700271692,0.0004435338810412927,0.00044294001832864216,0.0004094095485850664,calm
2023-07-26,0.0003254749501231038,0.0004275359456363463,0.00046243655163628064,0.00038868586015702845,0.0004228431686935939,0.00044248726768604887,0.00042122688000877963,calm
2023-07-27,9.274865701975674e-05,0.0004040823991842193,0.00043316210742916703,0.00037054527831903943,0.0004101719131840827,0.0004077944589033342,0.00039873823808547336,calm
2023-07-28,0.0003413356642496908,0.0003765997703012064,0.00040298848092880406,0.00034538311999870324,0.000387637753015221,0.0003802668621204322,0.00036672263544287154,calm
2023-07-31,0.000335799005203582,0.0003739274580390091,0.0004060666822169259,0.0003348904103364473,0.00038393363271034477,0.0003815319938108173,0.00036321457112051025,calm
2023-08-01,0.00043035145303529893,0.0003997727989168292,0.00044287245130622934,0.00035255736099779116,0.00041146865337674606,0.000406493509401176,0.0003854720195022036,calm
2023-08-02,0.0005281043666515071,0.0005105919845411682,0.000573695547069179,0.0004382212115915575,0.0005285997511540282,0.00051917578998065,0.0004932676229104265,calm
2023-08-03,0.000563935904985228,0.0005266094652103386,0.0005779562896578763,0.0004534761793272809,0.0005449039814018089,0.0005477056336977286,0.0005090052419669982,calm
2023-08-04,0.0005289990781596947,0.0005163566656918485,0.0005566741226563248,0.00044531836153629796,0.0005381160002802594,0.0005354910543086495,0.0005061837896777107,calm
2023-08-07,0.0005238030353950361,0.0004718337424518426,0.0005259592386878814,0.00039349861805191243,0.00048627515435375877,0.0004844021847533012,0.00046903351641235916,calm
2023-08-08,0.000431519711834231,0.0005180870524590729,0.0005880841080533401,0.00042043622320374395,0.0005275507164535837,0.0005429703446324413,0.000511393869952255,calm
2023-08-09,0.00028104071984081036,0.0005630060757929973,0.0006395340870189055,0.0004600193486384626,0.000586437271710742,0.0005664858322050609,0.0005625538393918154,calm
2023-08-10,0.00043247085917298933,0.0004630137596709022,0.0004933207884895894,0.00042466145453948944,0.0005004737882349484,0.00044106304980527395,0.00045554971728520993,calm
2023-08-11,0.00032911208826029605,0.0004922894867341189,0.00051749037366395,0.00045561455700303166,0.0005216078181261805,0.000487343379135486,0.00047939130574194605,calm
2023-08-14,0.0003454640407598942,0.0004567059321405594,0.00048396326377387835,0.00042860765875859505,0.0004704034820214787,0.00046098300174303404,0.0004395722544058111,calm
2023-08-15,0.00048825706851550276,0.0005074888973654339,0.0005515499466503117,0.00047011731756750803,0.0005171697879525905,0.0005123901611668132,0.0004862172734899459,calm
2023-08-16,0.0005448673660589604,0.0005108774076907125,0.0005543465142778886,0.00046933654894647144,0.0005187820439347037,0.0005159950588942211,0.000495926872400278,calm
2023-08-17,0.00036102385524687227,0.0005940177039366789,0.000643340793769421,0.0005380036205155971,0.0006097496741047193,0.00058327825576684,0.000595716175526817,calm
2023-08-18,0.00027140304608685225,0.0006228372492006571,0.0006596143679519609,0.0005478059070912753,0.0006208621907671762,0.0006590357176191619,0.0006268680625737111,calm
2023-08-21,0.0003986819453064508,0.0006018507004902725,0.0006548152861557376,0.0005216531831572491,0.0005869882579424236,0.0006418382481994156,0.0006039585269965364,calm
2023-08-22,0.0002439437025902048,0.000538667371633233,0.0005704680446106598,0.0004954211941988948,0.0005359862859532712,0.0005570663116135103,0.000534395021789829,calm
2023-08-23,0.00019910470914831504,0.0004753159538314058,0.0004941280709268475,0.0004620369068931706,0.0004775308993052608,0.0004815811922647256,0.0004613026997670245,calm
2023-08-24,0.0002681628593561354,0.0005008709496598775,0.0005288726452471923,0.0004909154169325964,0.000497890971627351,0.0005081082235978778,0.0004785674908943693,calm
2023-08-25,0.0002595377457587893,0.00047220534912074805,0.0004903317511496476,0.00048145610316577297,0.00047405809127503665,0.00046461653199146786,0.0004505642680218152,calm
2023-08-28,0.0001341566352955948,0.00041087473276635414,0.0004141152165433738,0.00044398292601897514,0.00042682465971277797,0.0003793248408066458,0.000390126020749998,calm
2023-08-29,0.00025843918856350515,0.0003707434716319514,0.00036954863136133873,0.0004163977621023618,0.0003895052109475144,0.00032994749921336875,0.0003483182545351736,calm
2023-08-30,0.0003470979442914177,0.0003667850883268181,0.0003694018439215529,0.00041221950413895033,0.0003848803910652008,0.0003272274699773836,0.00034019623253100267,calm
2023-08-31,0.00035238451892271276,0.0003611228020670325,0.00036524256596384913,0.0004064827652128474,0.00038212032749282367,0.00032061775195193587,0.0003311505997137065,calm
