,rv5_fwd,RF,SVR,window
2007-01-02,0.0002893627705219,0.00033572505296648964,0.0002857734301066503,calm
2007-01-03,0.0002081670161451,0.00030946743330412816,0.0002723520955498176,calm
2007-01-04,0.0001973267738342,0.00030841379529094866,0.00026219935778749214,calm
2007-01-05,0.0001856952807406,0.0003017714669297309,0.00026229469621654285,calm
2007-01-08,0.0001175845403223,0.00030584948124214327,0.0002526910311505409,calm
2007-01-09,0.0002164420093581,0.0003153388796561232,0.0002759138661343283,calm
2007-01-10,0.0001625561033504,0.0003059741091619156,0.00024319471054716938,calm
2007-01-11,0.0001625819439469,0.0003320961649555976,0.0002737129199581575,calm
2007-01-12,0.000316023035222,0.0003063334154997918,0.00026302751041208503,calm
2007-01-15,0.0003107832144615,0.00030272747312127363,0.0002716732584275673,calm
2007-01-16,0.0001962905351334,0.0003019855501392843,0.00027454967786005305,calm
2007-01-17,0.0003699958935491,0.0003060157663994836,0.00027986335507583753,calm
2007-01-18,0.0004255013685579,0.00033658282261706803,0.0002856288097857814,calm
2007-01-19,0.0003152074932527,0.00031554311859610445,0.0002312884714945177,calm
2007-01-22,0.0002927151205182,0.00030685909295005535,0.00023544637105066594,calm
2007-01-23,0.0003006651224039,0.0003113339522399038,0.00026035177068912637,calm
2007-01-24,0.0002035869928914,0.00030778219536482766,0.00026529289804251566,calm
2007-01-25,0.0003928023894062,0.00028880850287207736,0.0003187800026984493,calm
2007-01-26,0.0005654236300202,0.0002939392689790985,0.0003090647522141934,calm
2007-01-29,0.000625842891178,0.0002970526755664684,0.00029878398778732134,calm
2007-01-30,0.0006233160202416,0.00029361611641422214,0.0003054223351278528,calm
2007-01-31,0.000544094758217,0.00030158450303096446,0.00034543029884556405,calm
2007-02-01,0.0003042561962455,0.00031086262525865845,0.0002755471355150732,calm
2007-02-02,0.0002058907034277,0.00031106017175635105,0.00028049781914719923,calm
2007-02-05,0.0001560985085141,0.0003074532043560902,0.00029054063502514206,calm
2007-02-06,0.0001551363159005,0.0003248004535534738,0.00030652428186782,calm
2007-02-07,0.0003157875227903,0.0003166680314683297,0.00027974215805213565,calm
2007-02-08,0.0004094825013562,0.0003180991798156744,0.00031702386213382634,calm
2007-02-09,0.0002919070940193,0.00031970570617446145,0.00028067952356991576,calm
2007-02-12,0.0002933241786847,0.000337232628811683,0.0002885133265878394,calm
2007-02-13,0.000291022235439,0.0003340202067592058,0.0003131820034423201,calm
2007-02-14,0.0001308651803231,0.0003169203765530392,0.0003135967575828247,calm
2007-02-15,4.334885245849562e-05,0.0003215387820600848,0.0003288607479298074,calm
2007-02-16,4.457021276805174e-05,0.0003303991584510237,0.00032939970939079857,calm
2007-02-19,3.3806224207786696e-05,0.00032243434454755533,0.00030498620044431163,calm
2007-02-20,0.0013124565890254,0.000344553802155982,0.0003085119349228737,calm
2007-02-21,0.0014921846196589,0.0003824600736858043,0.00034668902824566136,calm
2007-02-22,0.0016867435899344,0.00039359715348822157,0.0003697883514107872,calm
2007-02-23,0.0016847041772597,0.00037843868454339016,0.00034284980261180443,calm
2007-02-26,0.0020275124176278,0.00038357857001462153,0.00032076031545478443,calm
2007-02-27,0.0008623070480304,0.0006937810109299452,0.0007495837734256304,calm
2007-02-28,0.0008504671091729,0.0006389955306689653,0.0007334195199571547,calm
2007-03-01,0.001310312967009,0.000641789443355863,0.0007279009790053419,calm
2007-03-02,0.0013103150688266,0.0006655035637336399,0.0007409111940969507,calm
2007-03-05,0.0009687447408725,0.0006585427013676586,0.0007890791565871019,calm
2007-03-06,0.0009554243193341,0.0005595682219192021,0.0005774550202490973,calm
2007-03-07,0.0024842736075473,0.00047306012637806586,0.0005191574042523667,calm
2007-03-08,0.0019484710290594,0.00048532315110482187,0.0005579479204028143,calm
2007-03-09,0.0019917445337056,0.0004612907475969015,0.00046945012376367243,calm
2007-03-12,0.0020875363370511,0.00043970658895301694,0.0004417289213879856,calm
2007-03-13,0.0019966578279055,0.00053168125792967,0.0005931728724635533,calm
2007-03-14,0.0003278795722956,0.0005705012492979926,0.0006443690580460247,calm
2007-03-15,0.0003926504716339,0.0005705883296701346,0.0006459362623221636,calm
2007-03-16,0.000356487223283,0.0005624826857696637,0.0005750438327334507,calm
2007-03-19,0.0002985049792556,0.000577658395600258,0.0006937680733758835,calm
2007-03-20,0.000336718041763,0.0004726444572333928,0.0005184622561931493,calm
2007-03-21,0.0004438246152004,0.0005885064007931625,0.0006571478029444118,calm
2007-03-22,0.0004768063473608,0.000571646254494773,0.0006666664838744925,calm
2007-03-23,0.0004798590911569,0.0005703591678215808,0.0006277114140140831,calm
2007-03-26,0.000447747669294,0.0005339107872420156,0.0005995771904454089,calm
2007-03-27,0.0004340124351951,0.0005308314157685883,0.0005897823320297637,calm
2007-03-28,0.0003188721073003,0.00046772428137731027,0.0004646864624795218,calm
2007-03-29,0.0001329055710201,0.00037128161185596883,0.00040232840785561227,calm
2007-03-30,0.0002622039390647,0.0003681097124324698,0.0003963468089508664,calm
2007-04-02,0.0002559481084296,0.0003737227393188023,0.00038959385867708395,calm
2007-04-03,0.0002146633366143,0.00037763406314571973,0.0004463962390409381,calm
2007-04-04,0.0002182531907626,0.0003647206119604758,0.00040064681197071327,calm
2007-04-05,0.00028840218031,0.00036995486101088545,0.0003982959965511187,calm
2007-04-10,0.0001450870327265,0.00036831152874138094,0.00038634750182813443,calm
2007-04-11,0.0001852144045775,0.00036807870942063544,0.00040244788367806795,calm
2007-04-12,0.000195356460962,0.00037478645212334034,0.00038711535607591533,calm
2007-04-13,0.0002817118908718,0.00037045411616541506,0.00038130104691171015,calm
2007-04-16,0.0001697097703027,0.00037912039354628355,0.00042207116374735985,calm
2007-04-17,0.0003462606164697,0.0003528028476628309,0.0003895273195635744,calm
2007-04-18,0.0003090063511858,0.0003505526165732725,0.0003716229331339848,calm
2007-04-19,0.0003361465066566,0.00036064236845063165,0.0003517461303340285,calm
2007-04-20,0.0004123126096727,0.00038046241903011673,0.0003726098420317074,calm
2007-04-23,0.0004122619061655,0.0003258880047955793,0.0003469898872131575,calm
2007-04-24,0.0002393966912338,0.0003142698976058733,0.00030801415388246716,calm
2007-04-25,0.0006333144506884,0.00029510359036349004,0.00033377603885169685,calm
2007-04-26,0.0008015489359181,0.00029022074529760385,0.0003311953065165383,calm
2007-04-27,0.0006183937454726,0.0003153417780597442,0.0003522562770125502,calm
2007-04-30,0.0007749837263547,0.0003000994144010606,0.0003476371739410064,calm
2007-05-01,0.0008791976343538,0.00029680960986541607,0.00031320321201875066,calm
2007-05-02,0.0005240550216742,0.0003162735321291161,0.0002830782256895149,calm
2007-05-03,0.000376315023874,0.00031781476165038304,0.0002928864058616582,calm
2007-05-04,0.0003730622558347,0.00031132408090323304,0.0003016479650754253,calm
2007-05-08,0.0002303631115255,0.0003121453405817935,0.00028357265814997793,calm
2007-05-09,0.0001447977380123,0.0003090403396548981,0.00028054722890864174,calm
2007-05-10,9.7645143647768e-05,0.0003592585769895047,0.000359543316096464,calm
2007-05-11,0.0001268919153065,0.00042443341956969707,0.00039351040728079163,calm
2007-05-14,0.0002550335588775,0.0004177204093846587,0.0003771758663792786,calm
2007-05-15,0.0002759121373995,0.00041938450048682025,0.0003768496708271341,calm
2007-05-16,0.0004001669693791,0.00044859947488274185,0.0004251962186699996,calm
2007-05-17,0.0004114070884194,0.00032385054036327505,0.00036938219111977996,calm
2007-05-18,0.0003244298925913,0.0003169763767194047,0.0003450482091328421,calm
2007-05-21,0.0001968287269452,0.00031812453257709785,0.0003351416717830965,calm
2007-05-22,0.0001626720683178,0.0003187034308269015,0.00033874524173711974,calm
2007-05-23,6.867955066216287e-05,0.00031259360848510617,0.0002997853376351422,calm
2007-05-24,5.590423840097618e-05,0.0003173557878045621,0.0003450326823648482,calm
2007-05-25,0.0001756535397754,0.00032397844305390497,0.00034550344880211184,calm
2007-05-28,0.0008063825825214,0.0003236096324466604,0.0003506033439876194,calm
2007-05-29,0.001433049354092,0.0003233232850293351,0.0003549997478113263,calm
2007-05-30,0.0014025802049995,0.0003276972737861541,0.00040860988990851866,calm
2007-05-31,0.0014295157065124,0.00032133818596363046,0.000398356890859225,calm
2007-06-01,0.001414793117421,0.00032015997644790553,0.00033021659191214347,calm
2007-06-05,0.0008365840686972,0.00034126729229163,0.0003180045188494886,calm
2007-06-06,0.0002399468307853,0.0003829465377728935,0.00038940496831148583,calm
2007-06-07,0.0004640297267471,0.0005688515171641726,0.0005203540655543538,calm
2007-06-08,0.0006966234200908,0.0005405258643466231,0.0005288913810226032,calm
2007-06-11,0.0005940963611882,0.0005395002290853837,0.0005440435141705141,calm
2007-06-12,0.0005638350956675,0.00053511636021333,0.0005454157248139807,calm
2007-06-13,0.0005845092379356,0.0005357858582368646,0.0005789092370300825,calm
2007-06-14,0.0006286355049162,0.000556420700848445,0.0005346900155041269,calm
2007-06-15,0.0004946939643344,0.0005552183120553853,0.000543740427940857,calm
2007-06-18,0.0004933007803386,0.0005479393863582508,0.00046730195505468756,calm
2007-06-19,0.0004692783308037,0.0005105289316824474,0.0004398472353975545,calm
2007-06-20,0.0006689488685979,0.0004787133544909682,0.0004858734909607324,calm
2007-06-21,0.0004322036187155,0.00048093781580247193,0.00048042156363607236,calm
2007-06-22,0.0003061640194194,0.0005228236954329528,0.000497587037579403,calm
2007-06-25,0.0003121127277264,0.0004930220695762412,0.0004797129846456981,calm
2007-06-26,0.0003262873817986,0.000491168953834572,0.000506335999400895,calm
2007-06-27,0.0001031256330607,0.0004872070927473819,0.0004703976741974896,calm
2007-06-28,9.234071969877252e-05,0.00040879172959278596,0.00048416231720463827,calm
2007-06-29,0.0001973350541824,0.0003848354399625809,0.00043097383458622117,calm
2007-07-02,0.0001936702478577,0.00041427407242925775,0.0004709776496726801,calm
2007-07-03,0.0004323102052193,0.0004192853429144098,0.0004682221454194689,calm
2007-07-04,0.0005487349876086,0.00041360037858500273,0.0004601665820332562,calm
2007-07-05,0.0005123324867926,0.0003665336682476859,0.00046991709520389656,calm
2007-07-06,0.0004100619219582,0.00036670446548098414,0.00041032917211107265,calm
2007-07-09,0.0004424772478168,0.0003778168302235907,0.00034899864356628934,calm
2007-07-10,0.0002059820842704,0.0004118432631947036,0.00042432477353066884,calm
2007-07-11,8.586116316133623e-05,0.00039038341195475883,0.00042380633936293114,calm
2007-07-12,0.0001228856796752,0.0005822074624710095,0.0006042263764140901,calm
2007-07-13,0.000360073501258,0.0005552587743604049,0.0005335834318159603,calm
2007-07-16,0.0003258756857173,0.0005596440380227723,0.0005107278047441524,calm
2007-07-17,0.0007400284407414,0.000519925957105553,0.0005221330251276087,calm
2007-07-18,0.000869200253645,0.0005251830273759726,0.0005206986409725629,calm
2007-07-19,0.0016296992284974,0.000428595903024201,0.0003503837692351796,calm
2007-07-20,0.0015923345043346,0.0004531075477397977,0.00041892340049465163,calm
2007-07-23,0.0017399244110896,0.0004341371598720679,0.0004202376425705829,calm
2007-07-24,0.0026472894049131,0.0005878645955300386,0.0005931920503987555,calm
2007-07-25,0.0025849172248466,0.0005578966919681529,0.0005735381810369369,calm
2007-07-26,0.0023943770362422,0.0007252177313080328,0.0007952196045616994,calm
2007-07-27,0.0023245670187258,0.0007539755709337899,0.0007912079798897437,calm
2007-07-30,0.0023819513750352,0.0007249506099669077,0.0007289111829084029,calm
2007-07-31,0.0013545429228103,0.0007332150101235657,0.0007759247303621724,calm
2007-08-01,0.002220560595484,0.0007072934554117092,0.0007706177923604234,calm
2007-08-02,0.00208770449504,0.0005610973991996351,0.0006014700345719694,calm
2007-08-03,0.0036841935270381,0.0007527534928860636,0.0007749290211540653,calm
2007-08-06,0.003868717632643,0.0008447971665085556,0.0008056505455056073,calm
2007-08-07,0.0036630884185702,0.0007670813334440667,0.0008211760357300758,calm
2007-08-08,0.0027425878237765,0.0007471153099485749,0.0008246631853830743,calm
2007-08-09,0.0037704772524935,0.0009022384798115154,0.0010363594825137559,Global Financial Crisis
2007-08-10,0.0020787255874687,0.0008582988965310667,0.000881914143779423,Global Financial Crisis
2007-08-13,0.0017160310572086,0.000802849605756401,0.0008218048391814612,Global Financial Crisis
2007-08-14,0.0016329483179395,0.0009022329043083564,0.0008522936387450596,Global Financial Crisis
2007-08-15,0.0018167377909227,0.0009004034697536698,0.0008231375971821602,Global Financial Crisis
2007-08-16,0.0003326185580007,0.0006575862730657976,0.0006870170567523633,Global Financial Crisis
2007-08-17,0.0003036229539713,0.000868088197393401,0.0008690398678259364,Global Financial Crisis
2007-08-20,0.0003796487816236,0.0008157428999580526,0.000771397214726158,Global Financial Crisis
2007-08-21,0.0010437958541483,0.0006628659688705424,0.0006860784912719084,Global Financial Crisis
2007-08-22,0.0009225792215698,0.0006496394251065912,0.0007476864457972049,Global Financial Crisis
2007-08-23,0.000922299570115,0.0005667902363540407,0.0006858366722015964,Global Financial Crisis
2007-08-24,0.0010114262472765,0.0004696510596484696,0.000551726246671557,Global Financial Crisis
2007-08-27,0.0009274873147601,0.0005538962090163677,0.0005698842972784741,Global Financial Crisis
2007-08-28,0.0003213023074274,0.0006747950981136713,0.0007047796112463551,Global Financial Crisis
2007-08-29,0.0007637903591296,0.0007937111678223523,0.0006932656010399733,Global Financial Crisis
2007-08-30,0.0007416800370612,0.0007350719596689719,0.0007590077828318005,Global Financial Crisis
2007-08-31,0.0008522628986689,0.0007321344013867244,0.000847256469911945,Global Financial Crisis
2007-09-03,0.0011232209675944,0.0007357587943902795,0.0007929215888626869,Global Financial Crisis
2007-09-04,0.0012319426279638,0.0006142739761164978,0.0008331294698031395,Global Financial Crisis
2007-09-05,0.0007334526776613,0.000624260449666843,0.0007088877095482474,Global Financial Crisis
2007-09-06,0.0007315674025731,0.0006222463227117721,0.0006498917329615672,Global Financial Crisis
2007-09-07,0.001786372003494,0.000637746480807783,0.0007981822641181944,Global Financial Crisis
2007-09-10,0.0032022505170048,0.0006063977632399573,0.0006795607599173419,Global Financial Crisis
2007-09-11,0.0032141963917786,0.0006251041586645134,0.0007299657701505488,Global Financial Crisis
2007-09-12,0.0052359296474003,0.0006167744144312495,0.0006548451003749153,Global Financial Crisis
2007-09-13,0.0057057698014369,0.0006122083736950871,0.0006716020297330696,Global Financial Crisis
2007-09-14,0.0045335993889067,0.0004100688278703651,0.0005224331637791295,Global Financial Crisis
2007-09-17,0.0029412229251502,0.0004376664502470038,0.0004699032090727384,Global Financial Crisis
2007-09-18,0.0032683735210169,0.0006375277107427638,0.0006668121912671182,Global Financial Crisis
2007-09-19,0.0012045404642561,0.0007181412756100141,0.0007269869632684502,Global Financial Crisis
2007-09-20,0.0012632831098822,0.0007170426480365485,0.0006637883698014399,Global Financial Crisis
2007-09-21,0.0013063042133902,0.0007098797111809779,0.0006959144560371282,Global Financial Crisis
2007-09-24,0.0013502816443312,0.000707024781314134,0.0006567278018570554,Global Financial Crisis
2007-09-25,0.0018597680109928,0.00047317846290736727,0.0004707892372110127,Global Financial Crisis
2007-09-26,0.0020769903865519,0.00041272940198262386,0.00040901160120998986,Global Financial Crisis
2007-09-27,0.0015754071897059,0.0004016317080094715,0.000381464215819341,Global Financial Crisis
2007-09-28,0.0015045023943732,0.00039257154209390197,0.000353672777268363,Global Financial Crisis
2007-10-01,0.0013622890164589,0.00043769033896440604,0.00043888567706432867,Global Financial Crisis
2007-10-02,0.0003650579389068,0.0003740418240156168,0.0004483508871328606,Global Financial Crisis
2007-10-03,0.0002291902154153,0.00037102181939936463,0.00040239749025484185,Global Financial Crisis
2007-10-04,0.000457967565647,0.0003516524387011252,0.00038901740596049126,Global Financial Crisis
2007-10-05,0.0007961033585285,0.00042672206662347154,0.00044197855791858307,Global Financial Crisis
2007-10-08,0.0009042487777979,0.00035270966604008733,0.00037101343932823574,Global Financial Crisis
2007-10-09,0.0008932961412103,0.0003470893443125118,0.0004320748286406587,Global Financial Crisis
2007-10-10,0.0009445312966089,0.0003439929543842259,0.0004318942013319525,Global Financial Crisis
2007-10-11,0.0008518228062997,0.0003464256370539603,0.0004199451532970918,Global Financial Crisis
2007-10-12,0.0005749449484559,0.0003606526216756069,0.00037648522964475343,Global Financial Crisis
2007-10-15,0.0008128077960692,0.00034405934123973305,0.0004103132874028132,Global Financial Crisis
2007-10-16,0.0010380324400243,0.00034099871506266616,0.00039911920247547635,Global Financial Crisis
2007-10-17,0.000909931886354,0.00034178337960229753,0.0003931461776255806,Global Financial Crisis
2007-10-18,0.0007609184501909,0.0003250754103991856,0.0003514730643410522,Global Financial Crisis
2007-10-19,0.0007501517971935,0.0006530271244886137,0.0005810950653134844,Global Financial Crisis
2007-10-22,0.0003875503441762,0.0005583057364827532,0.000529643875706656,Global Financial Crisis
2007-10-23,0.0001504922151883,0.0005828692191077514,0.0005493320661682306,Global Financial Crisis
2007-10-24,0.0002383441690687,0.0005679407236778024,0.0005128333872923951,Global Financial Crisis
2007-10-25,0.0006703477459259,0.000573399429106937,0.0005542114599055916,Global Financial Crisis
2007-10-26,0.0008443524970127,0.0005719027171947832,0.0004765031702777742,Global Financial Crisis
2007-10-29,0.0012753872254005,0.00048534406020200036,0.0004746312658201859,Global Financial Crisis
2007-10-30,0.0012997864789667,0.00035344541889894177,0.0005029618710285165,Global Financial Crisis
2007-10-31,0.0021387504548344,0.0005965334651692939,0.0005354178099611,Global Financial Crisis
2007-11-01,0.0020815528556505,0.0006050203263804774,0.0007400146420002032,Global Financial Crisis
2007-11-02,0.0019239686985714,0.0005228278535479977,0.0006338125450020823,Global Financial Crisis
2007-11-05,0.0015104021361577,0.0005267821715754704,0.0006365321716993856,Global Financial Crisis
2007-11-06,0.0014979965496918,0.0005971821502570821,0.0006554316565620895,Global Financial Crisis
2007-11-07,0.0011606824312509,0.0006707676246942693,0.0008083325344812188,Global Financial Crisis
2007-11-08,0.0008078905869121,0.0005991791635994162,0.000581853928710509,Global Financial Crisis
2007-11-09,0.0006813444355981,0.0007318575228157444,0.0006158674544941248,Global Financial Crisis
2007-11-12,0.0015179656771041,0.0006925446137217903,0.0005995187072254539,Global Financial Crisis
2007-11-13,0.0017902378105487,0.0007632585024148887,0.0007329040623124522,Global Financial Crisis
2007-11-14,0.002723349792659,0.0006829132781769702,0.000615322449484232,Global Financial Crisis
2007-11-15,0.0027601150287144,0.0007092989982086666,0.0008242689827869804,Global Financial Crisis
2007-11-16,0.0046427187321649,0.0006554264665632845,0.0007757971250777946,Global Financial Crisis
2007-11-19,0.0038067698474647,0.0007365652929693399,0.0008499961162471725,Global Financial Crisis
2007-11-20,0.0035576598873654,0.0005894853420970049,0.0006754936595810617,Global Financial Crisis
2007-11-21,0.0036104715890038,0.0006378503757345118,0.000750183420827516,Global Financial Crisis
2007-11-22,0.0035808215422735,0.0006977458449408563,0.0007348679006032923,Global Financial Crisis
2007-11-23,0.0029265993357803,0.0008251129343305837,0.0007620469628059497,Global Financial Crisis
2007-11-26,0.0034195211124429,0.0008430917878647994,0.0007936870410183362,Global Financial Crisis
2007-11-27,0.0039179565170522,0.0007504599878984485,0.0007751849751886086,Global Financial Crisis
2007-11-28,0.0024993088631654,0.0008551691296356139,0.0009548065432391354,Global Financial Crisis
2007-11-29,0.0029942031769693,0.0008029084807813696,0.0008356703143613849,Global Financial Crisis
2007-11-30,0.0019833643018552,0.0008537809519376615,0.0008892085513204855,Global Financial Crisis
2007-12-03,0.0017860600793187,0.0007671273636230872,0.0007629360774498791,Global Financial Crisis
2007-12-04,0.0012960282423823,0.0007122850991399252,0.0007237829936229901,Global Financial Crisis
2007-12-05,0.0011367702517973,0.0006447158068998767,0.0006080607161730813,Global Financial Crisis
2007-12-06,0.0021257815095824,0.0006499206958946571,0.0006093351634749346,Global Financial Crisis
2007-12-07,0.00200472802491,0.0005887918654796641,0.0006037863926819784,Global Financial Crisis
2007-12-10,0.0024261583292019,0.0005834560543152093,0.0006185379836740351,Global Financial Crisis
2007-12-11,0.0024696067555119,0.0007565343898917528,0.0007805874488203508,Global Financial Crisis
2007-12-12,0.0024676117925499,0.0006830483606392644,0.0006762277659155857,Global Financial Crisis
2007-12-13,0.0009540582431104,0.0005823658252623111,0.0006838035415448153,Global Financial Crisis
2007-12-14,0.0011793298451266,0.0006910671083656838,0.0006930309979029759,Global Financial Crisis
2007-12-17,0.0005221459022507,0.0008546161290146024,0.000785644155024647,Global Financial Crisis
2007-12-18,0.0005722735955459,0.000654944603479957,0.0006052486132987752,Global Financial Crisis
2007-12-19,0.0006270344789015,0.0006189992264261458,0.0005465158767831482,Global Financial Crisis
2007-12-20,0.0006190374712158,0.0005619000361531718,0.0005875131416800572,Global Financial Crisis
2007-12-21,0.000301695389927,0.0006464981758727229,0.0006909047894160553,Global Financial Crisis
2007-12-24,0.0002394807705419,0.0006035929885783361,0.0006666512000473906,Global Financial Crisis
2007-12-27,8.581803910104813e-05,0.0006287487726912589,0.0007079031228455303,Global Financial Crisis
2007-12-28,0.0003175968419764,0.0006002585068910198,0.0006452885368888148,Global Financial Crisis
2007-12-31,0.0003300789564429,0.0005748867811950335,0.0006602412049932686,Global Financial Crisis
2008-01-02,0.0012422328054145,0.0011840170625032017,0.0013127274228682993,Global Financial Crisis
2008-01-03,0.0013027562960028,0.0009159415305007135,0.0011629131370782474,Global Financial Crisis
2008-01-04,0.0013313760206305,0.0010600382096257602,0.0015506814874544673,Global Financial Crisis
2008-01-07,0.0011459293081379,0.0009444779303479553,0.0012853568913186986,Global Financial Crisis
2008-01-08,0.0025571895987745,0.001129256505969063,0.0014446981154753737,Global Financial Crisis
2008-01-09,0.0016398133121199,0.0011411275011181245,0.00133583087556939,Global Financial Crisis
2008-01-10,0.0015716516954003,0.0010172124962336297,0.0012976779975805205,Global Financial Crisis
2008-01-11,0.0015930119509087,0.0010457891471221232,0.0010651170013305582,Global Financial Crisis
2008-01-14,0.0033089757858624,0.0009841509376866296,0.001120656258412137,Global Financial Crisis
2008-01-15,0.0032467518535411,0.0017991117210019933,0.0015581230974695164,Global Financial Crisis
2008-01-16,0.0032453349714796,0.001648344002962873,0.0013224935423791818,Global Financial Crisis
2008-01-17,0.005605326200713,0.0015805453033807028,0.0015452084371805027,Global Financial Crisis
2008-01-18,0.0056158618500125,0.0016826113697304796,0.0015546483575407267,Global Financial Crisis
2008-01-21,0.0041136099301672,0.002120131717509657,0.002261496842689512,Global Financial Crisis
2008-01-22,0.0028842135164154,0.002057968632341598,0.0019237522726502257,Global Financial Crisis
2008-01-23,0.002911349586514,0.0021147864961791976,0.0020135305690808865,Global Financial Crisis
2008-01-24,0.0007282954882161,0.0017977044164953148,0.0021499846629978903,Global Financial Crisis
2008-01-25,0.0013425130620023,0.0018485098107573353,0.0017563974094127622,Global Financial Crisis
2008-01-28,0.0011281650299688,0.0019979153553814446,0.0016867239281248073,Global Financial Crisis
2008-01-29,0.0028747903900749,0.0019337965927071188,0.0019126365663305722,Global Financial Crisis
2008-01-30,0.0028862587827954,0.0017004338952234953,0.0015049818343226859,Global Financial Crisis
2008-01-31,0.0030253063780341,0.0012264713627260302,0.0012071322339956665,Global Financial Crisis
2008-02-01,0.0025064024523014,0.0011867201678056073,0.0013593426716468054,Global Financial Crisis
2008-02-04,0.0024607556807453,0.0011205997571758605,0.0012337857155228045,Global Financial Crisis
2008-02-05,0.0011585646589956,0.0020934842199974517,0.0018190949370113008,Global Financial Crisis
2008-02-06,0.0011799019510788,0.0019852469209786167,0.0016581615076711196,Global Financial Crisis
2008-02-07,0.0009397420906213,0.00203278388608263,0.001738482921924163,Global Financial Crisis
2008-02-08,0.0008623276577034,0.001988641867722258,0.0015899316511739313,Global Financial Crisis
2008-02-11,0.0008723595199032,0.001964580889412897,0.001534088937750386,Global Financial Crisis
2008-02-12,0.0002939950427398,0.0019979316206293835,0.0013690377619277286,Global Financial Crisis
2008-02-13,0.0002337517573803,0.0015885066815758242,0.0012341928978580545,Global Financial Crisis
2008-02-14,0.0001854015864737,0.0014899140435260486,0.001301137111162568,Global Financial Crisis
2008-02-15,0.0003374871252132,0.0015345635672425015,0.0014194960761455106,Global Financial Crisis
2008-02-18,0.0007579248414628,0.0015217068544707748,0.001463563519824802,Global Financial Crisis
2008-02-19,0.0015473045171196,0.0013298852538287398,0.0012358919482687702,Global Financial Crisis
2008-02-20,0.001613388936287,0.0012815570140531263,0.0012468855088680854,Global Financial Crisis
2008-02-21,0.0021378760629878,0.0013202682752953326,0.001189181129028167,Global Financial Crisis
2008-02-22,0.0021655564884596,0.001312481621844601,0.001294602192713607,Global Financial Crisis
2008-02-25,0.0020623110471824,0.0013570241716955125,0.0012871069060566987,Global Financial Crisis
2008-02-26,0.0014667260712784,0.0014983280642197332,0.001353010408774459,Global Financial Crisis
2008-02-27,0.0021777207436257,0.0013233431393944405,0.0011054723142706136,Global Financial Crisis
2008-02-28,0.002593182142373,0.001569166177374709,0.0013394093212114962,Global Financial Crisis
2008-02-29,0.0023475965448254,0.0017779208380000243,0.0016158488333724637,Global Financial Crisis
2008-03-03,0.0020463082334022,0.001496246337562692,0.0014445382391097283,Global Financial Crisis
2008-03-04,0.0019180326617845,0.0015102335334452475,0.0015381235212551813,Global Financial Crisis
2008-03-05,0.0014246049831198,0.0017820633402206227,0.001670523018637149,Global Financial Crisis
2008-03-06,0.0014010000736142,0.0020265212069286937,0.001795067552115011,Global Financial Crisis
2008-03-07,0.0015236267331001,0.0016339103259756956,0.0013886762188407647,Global Financial Crisis
2008-03-10,0.0036941253499177,0.0016654828723934726,0.0015425018295439027,Global Financial Crisis
2008-03-11,0.0045471296987363,0.0017594598976133492,0.0017841526028433681,Global Financial Crisis
2008-03-12,0.0043617901962249,0.0017292360107357544,0.0016908664131158161,Global Financial Crisis
2008-03-13,0.0062405821568753,0.001748934968469033,0.001643658852423703,Global Financial Crisis
2008-03-14,0.0068354282854756,0.001721965736994779,0.0016624681481035132,Global Financial Crisis
2008-03-17,0.0048556184452653,0.002024835195600893,0.002045485883266916,Global Financial Crisis
2008-03-18,0.0039479329358829,0.002066227399068644,0.0021181820800098964,Global Financial Crisis
2008-03-19,0.004084071255132,0.001987278935446184,0.0019612180289320016,Global Financial Crisis
2008-03-20,0.0012683182343931,0.002039803262620186,0.0020452091000814545,Global Financial Crisis
2008-03-25,0.0019250917195752,0.0020137107449691603,0.00206371126292391,Global Financial Crisis
2008-03-26,0.0021320695239093,0.001961802023118839,0.0018414911125833398,Global Financial Crisis
2008-03-27,0.0034205778506035,0.0019093095515674817,0.001520124811882072,Global Financial Crisis
2008-03-28,0.0032091614849039,0.0016783191598456564,0.001401347300673975,Global Financial Crisis
2008-03-31,0.0032282401115845,0.0014763593664812887,0.0012027391035944834,Global Financial Crisis
2008-04-01,0.0019282842647806,0.0018174089003974696,0.0017039592938284896,Global Financial Crisis
2008-04-02,0.0016675841332075,0.0017511640741029778,0.0015315759229732283,Global Financial Crisis
2008-04-03,0.0003903958123351,0.0017636590679712522,0.001465159297018359,Global Financial Crisis
2008-04-04,0.0006671588966379,0.0016784902580545531,0.0013351333226983835,Global Financial Crisis
2008-04-07,0.0009600948557044,0.0016854212746901893,0.0014040362856459134,Global Financial Crisis
2008-04-08,0.0009027967997995,0.001153122707562026,0.000914251986127952,Global Financial Crisis
2008-04-09,0.0013674795897085,0.0011598103724135987,0.0009563207240175665,Global Financial Crisis
2008-04-10,0.0013414477176959,0.0009403939538801935,0.0009678864080708099,Global Financial Crisis
2008-04-11,0.0015860909330354,0.0011317592093182608,0.001341472967330185,Global Financial Crisis
2008-04-14,0.0012733367668835,0.0010860080545011708,0.0012367031261811064,Global Financial Crisis
2008-04-15,0.001603149140763,0.0010554336226166739,0.0011771154061998455,Global Financial Crisis
2008-04-16,0.0009372839475024,0.0015848133956247355,0.001517795947258312,Global Financial Crisis
2008-04-17,0.0010098480283911,0.001444432655511858,0.00113807392369485,Global Financial Crisis
2008-04-18,0.0006654971922687,0.0015210021173792804,0.0015628661236189885,Global Financial Crisis
2008-04-21,0.0010684748356136,0.0014162430820339033,0.0013799773318887568,Global Financial Crisis
2008-04-22,0.0007102059476061,0.001472416497070259,0.0015432105995177355,Global Financial Crisis
2008-04-23,0.0007073773404111,0.001402724518504889,0.001212535513233014,Global Financial Crisis
2008-04-24,0.0010861333500525,0.0014132101969212276,0.001228118418564773,Global Financial Crisis
2008-04-25,0.0010579377288148,0.0009388357034622363,0.0010253587912812854,Global Financial Crisis
2008-04-28,0.0007686743112025,0.001059512224736852,0.0009712669758123603,Global Financial Crisis
2008-04-29,0.0007764040388295,0.0009738232491210967,0.0008683420620264593,Global Financial Crisis
2008-04-30,0.0008248440294509,0.0009485076935485726,0.0009019060553188769,Global Financial Crisis
2008-05-02,0.0004522966470545,0.0008846313838108826,0.0009379946368874225,Global Financial Crisis
2008-05-06,0.0005922205589333,0.0008264492927067489,0.0008998311655813534,Global Financial Crisis
2008-05-07,0.0004713011464787,0.001045191834887179,0.001123424160316712,Global Financial Crisis
2008-05-08,0.0004864236612067,0.0009300943438965318,0.0009579027215258588,Global Financial Crisis
2008-05-09,0.0004239709469963,0.0009372973904952563,0.0010760301492469609,Global Financial Crisis
2008-05-12,0.0003686351585853,0.000959443471521351,0.0010881985607091838,Global Financial Crisis
2008-05-13,0.0005045123107507,0.0009403906369540853,0.0010157721661820127,Global Financial Crisis
2008-05-14,0.0012696123860588,0.0007454743274884542,0.000835045565531517,Global Financial Crisis
2008-05-15,0.0012460726091571,0.00088695471294269,0.0008985194819313033,Global Financial Crisis
2008-05-16,0.0014182044165277,0.0007256816929681467,0.0008399766470410788,Global Financial Crisis
2008-05-19,0.0014584915404039,0.000716712041788124,0.0008259427221960418,Global Financial Crisis
2008-05-20,0.0010109717712478,0.0007443775806796827,0.0009655886132033686,Global Financial Crisis
2008-05-21,0.0002424429961745,0.0013109121928981389,0.0012026616866112367,Global Financial Crisis
2008-05-22,0.0002553417360718,0.0012288808344421247,0.0009140660029145225,Global Financial Crisis
2008-05-23,8.430472687226878e-05,0.0013891444231754894,0.0012440364842018698,Global Financial Crisis
2008-05-26,0.0005486235865654,0.001364737144539552,0.0011761464413003212,Global Financial Crisis
2008-05-27,0.0006090284112537,0.0009656244127433071,0.0009902502894226558,Global Financial Crisis
2008-05-28,0.0007777350362987,0.0009236229481640413,0.0010298272870273351,Global Financial Crisis
2008-05-29,0.0018231065144852,0.0009229732069743558,0.001019980764118018,Global Financial Crisis
2008-05-30,0.0026860006291864,0.0007591708634503414,0.0009217999471138314,Global Financial Crisis
2008-06-03,0.0021580123484016,0.0007225434661483135,0.0008034866475598962,Global Financial Crisis
2008-06-04,0.0025038146379982,0.0007049098758943902,0.0007922124775825338,Global Financial Crisis
2008-06-05,0.0024144894722241,0.001085481404520399,0.000941233064685247,Global Financial Crisis
2008-06-06,0.0014288411122662,0.0014331496122337826,0.0015205244108008177,Global Financial Crisis
2008-06-09,0.0006602128906629,0.0011166101791482389,0.001291015479979019,Global Financial Crisis
2008-06-10,0.0007353958436054,0.001322711618517473,0.0011513363950672434,Global Financial Crisis
2008-06-11,0.0009112201825486,0.0015553224430924853,0.0016341273729034414,Global Financial Crisis
2008-06-12,0.0008281852273262,0.001426056281660175,0.0014467980368385244,Global Financial Crisis
2008-06-13,0.000772617091994,0.001253245605669472,0.001194461082754315,Global Financial Crisis
2008-06-16,0.0008505862214711,0.001114714064449676,0.0011928768642746647,Global Financial Crisis
2008-06-17,0.0011650448447297,0.0011666225732130753,0.0012332207992109218,Global Financial Crisis
2008-06-18,0.0011446906310324,0.0009730085989970019,0.0011362850372875187,Global Financial Crisis
2008-06-19,0.0023565248013801,0.0009279991395976785,0.0009217087762011666,Global Financial Crisis
2008-06-20,0.0024907358366094,0.0013997720119750833,0.0012813931850266015,Global Financial Crisis
2008-06-23,0.0025854300518571,0.0012248945439725294,0.0011688324962388212,Global Financial Crisis
2008-06-24,0.0028769219587328,0.0012836920319014595,0.00118404557059631,Global Financial Crisis
2008-06-25,0.003693924923849,0.001276619743001749,0.001219485271338211,Global Financial Crisis
2008-06-26,0.0025556958458987,0.0020370635575209933,0.0017738911210273755,Global Financial Crisis
2008-06-27,0.0026039203873694,0.001607635542906323,0.0013858863509591214,Global Financial Crisis
2008-06-30,0.0023361145519536,0.001585673665269437,0.001275108112180006,Global Financial Crisis
2008-07-01,0.0034086029685504,0.0016666488776390415,0.0015316230662057403,Global Financial Crisis
2008-07-02,0.0027483803707322,0.001745746537750045,0.0015408889470364747,Global Financial Crisis
2008-07-03,0.0031163157073672,0.0010581883984794873,0.0010662355516098563,Global Financial Crisis
2008-07-04,0.0064856454937868,0.0011944400719010257,0.001148877027557127,Global Financial Crisis
2008-07-07,0.0068426633038742,0.001458560598393031,0.001201611283887402,Global Financial Crisis
2008-07-08,0.0061544852066511,0.0015356570322348384,0.0015161585223556256,Global Financial Crisis
2008-07-09,0.0058693238119203,0.0015490430502343876,0.0015914884196604102,Global Financial Crisis
2008-07-10,0.0079167185617031,0.0015723865951655413,0.001561765581977356,Global Financial Crisis
2008-07-11,0.0064755211283352,0.0019007929856827436,0.0018046488260457618,Global Financial Crisis
2008-07-14,0.0072306336730981,0.001669304283300577,0.0016030168462192133,Global Financial Crisis
2008-07-15,0.0070761427639865,0.0017268029193496712,0.0016997537328462793,Global Financial Crisis
2008-07-16,0.0091020396041692,0.00176645993910451,0.0016701885890187706,Global Financial Crisis
2008-07-17,0.0082253525638493,0.0019414907125972903,0.0017609734114821115,Global Financial Crisis
2008-07-18,0.0063648273963346,0.0016302702847650907,0.0016151251285671665,Global Financial Crisis
2008-07-21,0.0081823902177855,0.0015361777734165464,0.0015280501125155609,Global Financial Crisis
2008-07-22,0.0073264654287754,0.001618842857214562,0.0014915057591939613,Global Financial Crisis
2008-07-23,0.0058728068044461,0.0015711692292436465,0.001439032967048652,Global Financial Crisis
2008-07-24,0.0045141936009322,0.00155634124446629,0.0015300269852427785,Global Financial Crisis
2008-07-25,0.0086900452210452,0.0011255049291552066,0.0012066117893019734,Global Financial Crisis
2008-07-28,0.0057595150950603,0.0016220641796991515,0.0015623648103844131,Global Financial Crisis
2008-07-29,0.0116032194831991,0.001680892735721483,0.0014801334877992296,Global Financial Crisis
2008-07-30,0.0109540239396678,0.0016189139890735713,0.0015451819432512922,Global Financial Crisis
2008-07-31,0.0115344044048289,0.0012893218323137073,0.0013272468070631377,Global Financial Crisis
2008-08-01,0.0080966186291629,0.0013437390446923265,0.001493735250004736,Global Financial Crisis
2008-08-04,0.0095734408431128,0.00116124340528444,0.0010965571122498949,Global Financial Crisis
2008-08-05,0.0043368833674354,0.0018043088028357652,0.0016902618543640068,Global Financial Crisis
2008-08-06,0.0054111833863983,0.0016653683882280835,0.0014491471524962966,Global Financial Crisis
2008-08-07,0.0050711079042757,0.0017696646674084937,0.001505091419388979,Global Financial Crisis
2008-08-08,0.0046139353139888,0.0017690024862766543,0.0015485616395146658,Global Financial Crisis
2008-08-11,0.0033204826404135,0.0017459070542895608,0.0015448707199994817,Global Financial Crisis
2008-08-12,0.0049214003194121,0.0012906898309233952,0.0011612587074118115,Global Financial Crisis
2008-08-13,0.0035599887049153,0.001724660948221426,0.0014946818353222535,Global Financial Crisis
2008-08-14,0.0035520313632923,0.0015197850248236731,0.0013505438054572686,Global Financial Crisis
2008-08-15,0.0043367994863259,0.0017081879584202268,0.0011750751904532014,Global Financial Crisis
2008-08-18,0.0042331270016851,0.001510883135340698,0.0012762861375669784,Global Financial Crisis
2008-08-19,0.0020060613384524,0.0016403777507053685,0.0015147302606886885,Global Financial Crisis
2008-08-20,0.0019927984889746,0.0013830560189861025,0.001226164411679134,Global Financial Crisis
2008-08-21,0.0021751309407658,0.0015419343046718088,0.0013230868414247146,Global Financial Crisis
2008-08-22,0.0008414895445843,0.0015682570464690298,0.001496573780780114,Global Financial Crisis
2008-08-25,0.0007773934883382,0.001479820140352152,0.0014577792030892162,Global Financial Crisis
2008-08-26,0.001525744711224,0.0013347733372245732,0.0012571670640072552,Global Financial Crisis
2008-08-27,0.0017955316417131,0.0013351588784631281,0.0012644044229907715,Global Financial Crisis
2008-08-28,0.0014226153723091,0.001496210416349746,0.001500443079309149,Global Financial Crisis
2008-08-29,0.0028090939020888,0.001114246190266675,0.001081244648498022,Global Financial Crisis
2008-09-01,0.0069938777787438,0.0010912007113456645,0.001159943097821777,Global Financial Crisis
2008-09-02,0.0062144251717149,0.0011330808587907157,0.001366650944663012,Global Financial Crisis
2008-09-03,0.0071750335487769,0.0013520225534005945,0.0013018837851673363,Global Financial Crisis
2008-09-04,0.0072917371997795,0.0017150820687925794,0.001811031645221531,Global Financial Crisis
2008-09-05,0.0059716136748392,0.0019269100234617458,0.0017964759118440645,Global Financial Crisis
2008-09-08,0.0028334766807808,0.0019840111815602624,0.00195997580991683,Global Financial Crisis
2008-09-09,0.0042474972820634,0.0019479574323927116,0.0017575057980933398,Global Financial Crisis
2008-09-10,0.0052946726018708,0.0019815154390877177,0.0018607591893750606,Global Financial Crisis
2008-09-11,0.0056645343701203,0.0017476963401889742,0.0016643178598894082,Global Financial Crisis
2008-09-12,0.0150714821027334,0.0016255445877668884,0.0014505808400696648,Global Financial Crisis
2008-09-15,0.0155716685459234,0.0017798424025087356,0.0019364748395081506,Global Financial Crisis
2008-09-16,0.0179152830785922,0.0017971060965622423,0.0018157660090694547,Global Financial Crisis
2008-09-17,0.0156699406226161,0.001983079755089251,0.001972327264835326,Global Financial Crisis
2008-09-18,0.0150693910179447,0.0018937692135234268,0.0017840117516183236,Global Financial Crisis
2008-09-19,0.0057145012524392,0.0020596661351683075,0.0020817310074316632,Global Financial Crisis
2008-09-22,0.0236501816035985,0.002046322448390756,0.0019243626992406834,Global Financial Crisis
2008-09-23,0.0256294858378708,0.002020196673037758,0.0018596093218989818,Global Financial Crisis
2008-09-24,0.0261760057169028,0.0019257452120782273,0.001615634210812461,Global Financial Crisis
2008-09-25,0.0283640682318015,0.002023018498492274,0.001737948431157189,Global Financial Crisis
2008-09-26,0.0292122096789999,0.0017481261525171788,0.0014236396240032937,Global Financial Crisis
2008-09-29,0.0206019853609634,0.002055664727126245,0.0017362802248867225,Global Financial Crisis
2008-09-30,0.0203525475577484,0.0020255288735490065,0.001645374904965201,Global Financial Crisis
2008-10-01,0.0256570842549536,0.001981899398888152,0.0015650443597130899,Global Financial Crisis
2008-10-02,0.0233168722967425,0.0020534153551904095,0.001671245952681817,Global Financial Crisis
2008-10-03,0.0255293396818997,0.0020457304049073823,0.0016448864092637665,Global Financial Crisis
2008-10-06,0.0152417902627563,0.002057938453180423,0.0016874118393842177,Global Financial Crisis
2008-10-07,0.0104765266659984,0.0020205884166555528,0.0016273933302785645,Global Financial Crisis
2008-10-08,0.0088783132379878,0.0020575383104197735,0.0016699065315397986,Global Financial Crisis
2008-10-09,0.0102040446893383,0.0020207823620471215,0.001603511529825579,Global Financial Crisis
2008-10-10,0.0070325026085347,0.001976107262631035,0.0016829889194111395,Global Financial Crisis
2008-10-13,0.0069181972216631,0.0019540041412663797,0.001691314777360449,Global Financial Crisis
2008-10-14,0.0083964735167829,0.0019279467499885518,0.0016683540289552162,Global Financial Crisis
2008-10-15,0.0085042657681014,0.0019667353157458664,0.0017160624277077596,Global Financial Crisis
2008-10-16,0.0071831695158813,0.0019667353157458664,0.0016717875651531277,Global Financial Crisis
2008-10-17,0.0076853386150995,0.0018852796531817395,0.0016191548520614765,Global Financial Crisis
2008-10-20,0.0082523278527435,0.0019255373632741798,0.0015486192479703142,Global Financial Crisis
2008-10-21,0.0063678626126944,0.0019380830644939936,0.0015666046650380393,Global Financial Crisis
2008-10-22,0.005677080122651,0.0019664925882497387,0.0015149240303037517,Global Financial Crisis
2008-10-23,0.0067534310535867,0.0018895921530490043,0.0013639054422321603,Global Financial Crisis
2008-10-24,0.014249685038669,0.0019473261639669616,0.0014708712353179475,Global Financial Crisis
2008-10-27,0.0131986021722842,0.0019255931056964613,0.0014253735435193948,Global Financial Crisis
2008-10-28,0.0131435084094802,0.001955912001582872,0.0016003708759752956,Global Financial Crisis
2008-10-29,0.0094088412048323,0.0019383217158090923,0.0015689018747087034,Global Financial Crisis
2008-10-30,0.0159477386429761,0.0019505667567989125,0.0016020796966701191,Global Financial Crisis
2008-10-31,0.0080094589559126,0.001963586274771509,0.001553721183864139,Global Financial Crisis
2008-11-03,0.0080959636921637,0.001852191759520622,0.0014180218504472137,Global Financial Crisis
2008-11-04,0.0080580948467009,0.001954002635065133,0.001280160346036633,Global Financial Crisis
2008-11-05,0.0088690217347736,0.0019217863595934383,0.0013563304418602142,Global Financial Crisis
2008-11-06,0.001644954031399,0.0019667353157458664,0.0015058510123233276,Global Financial Crisis
2008-11-07,0.0015774821050852,0.0019217131975154775,0.001488727880584962,Global Financial Crisis
2008-11-10,0.0030395510857804,0.0019136045935030444,0.0015006452048964968,Global Financial Crisis
2008-11-11,0.0051122107683639,0.0019362638488231478,0.0015360967903799655,Global Financial Crisis
2008-11-12,0.0044718382100287,0.001967243011900463,0.001608725008502521,Global Financial Crisis
2008-11-13,0.0060356498549525,0.0017968047602466032,0.001673457975018301,Global Financial Crisis
2008-11-14,0.0060537373828676,0.0017648558988496922,0.0016443369598314365,Global Financial Crisis
2008-11-17,0.0080588117037445,0.0019706729908240653,0.0017478096178486294,Global Financial Crisis
2008-11-18,0.0057586346092555,0.0019088746502624882,0.0015488234184893152,Global Financial Crisis
2008-11-19,0.0055727762112815,0.001932501006244756,0.0016724045738041352,Global Financial Crisis
2008-11-20,0.00401925452959,0.0019664925882497387,0.0016638421339100929,Global Financial Crisis
2008-11-21,0.004030515096118,0.0019195677447252791,0.0016524690946647831,Global Financial Crisis
2008-11-24,0.0006339429007329,0.0019667353157458664,0.0017564705648343384,Global Financial Crisis
2008-11-25,0.000647122849075,0.0018287668652215748,0.0015523569743483153,Global Financial Crisis
2008-11-26,0.0008507938360954,0.0018242216792699714,0.0015053564067161276,Global Financial Crisis
2008-11-27,0.0004996500847269,0.001953138834728016,0.0017964568273855467,Global Financial Crisis
2008-11-28,0.0005440474771907,0.001836819144836742,0.0015528083382252628,Global Financial Crisis
2008-12-01,0.0036063634444698,0.001730756941298636,0.0019366801265981528,Global Financial Crisis
2008-12-02,0.0039383060061493,0.0017368055918039692,0.0019774116715926522,Global Financial Crisis
2008-12-03,0.0037510577789312,0.0017448001054894363,0.001899659145138593,Global Financial Crisis
2008-12-04,0.0042072804801538,0.0016940855253911884,0.0018688681264433745,Global Financial Crisis
2008-12-05,0.0055346844949654,0.0017276778458285061,0.0020649756701612842,Global Financial Crisis
2008-12-08,0.0023188836708705,0.0019667353157458664,0.001745020630097144,Global Financial Crisis
2008-12-09,0.002207723859594,0.00193320287702851,0.0016304534924249312,Global Financial Crisis
2008-12-10,0.0025609186077763,0.0018869126832747806,0.0015346096781381977,Global Financial Crisis
2008-12-11,0.0033340339845091,0.0019189566736381796,0.0016042069526603694,Global Financial Crisis
2008-12-12,0.0026031177700084,0.0019335996261424183,0.0015443377900364924,Global Financial Crisis
2008-12-15,0.0026013619031295,0.0016835430243641368,0.0011771634725173902,Global Financial Crisis
2008-12-16,0.0024896103064283,0.0017239323695512913,0.001459708768782977,Global Financial Crisis
2008-12-17,0.0021320728930129,0.0016869885895257834,0.0013824287230234393,Global Financial Crisis
2008-12-18,0.0008335432562259,0.001735959602845515,0.0013991086271713702,Global Financial Crisis
2008-12-19,0.0001664801481523,0.0015837941006239193,0.0013522148668873863,Global Financial Crisis
2008-12-22,0.0001724832953983,0.0017076684931747934,0.0013798601550440376,Global Financial Crisis
2008-12-23,0.0010745734356411,0.0012026849504948624,0.001117326966872296,Global Financial Crisis
2008-12-24,0.0021744464475243,0.0011625558127747427,0.0011068284329814957,Global Financial Crisis
2008-12-29,0.0043278093834889,0.0013447988564289353,0.0011573264426338898,Global Financial Crisis
2008-12-30,0.0043245124465678,0.0016540421938050017,0.001633299682592249,Global Financial Crisis
2008-12-31,0.0043699884730695,0.0015930943267186287,0.0016169011909123762,Global Financial Crisis
2009-01-02,0.0036308035018824,0.004008123482954946,0.0038031307614731437,Global Financial Crisis
2009-01-05,0.0027908857072497,0.00441879544929065,0.004373018838271549,Global Financial Crisis
2009-01-06,0.0006224306893316,0.004483911166964511,0.005039349521391232,Global Financial Crisis
2009-01-07,0.0037827304003148,0.0045176520424535785,0.0033074250311084536,Global Financial Crisis
2009-01-08,0.003767967484817,0.004469478097874891,0.004286010222327869,Global Financial Crisis
2009-01-09,0.003572957464166,0.005469663906099616,0.0044963452224283185,Global Financial Crisis
2009-01-12,0.00924452729972,0.005775895735809056,0.005884771326080204,Global Financial Crisis
2009-01-13,0.0096129410456041,0.003079395274781622,0.0033350575975235864,Global Financial Crisis
2009-01-14,0.0067551174197075,0.004451260449757655,0.005713011193321663,Global Financial Crisis
2009-01-15,0.0070895537126763,0.0042801396323253645,0.004470569958084775,Global Financial Crisis
2009-01-16,0.0073627127739686,0.004359550321129327,0.004613172310530236,Global Financial Crisis
2009-01-19,0.0015687568293677,0.0044866493219904375,0.005844801664561981,Global Financial Crisis
2009-01-20,0.0013358629335692,0.004686560476432541,0.007876666261669624,Global Financial Crisis
2009-01-21,0.0031852805611823,0.005658035055134674,0.009000479903688114,Global Financial Crisis
2009-01-22,0.0052207688146001,0.005648370601994263,0.008764424669778116,Global Financial Crisis
2009-01-23,0.0049060815387593,0.005385778251721935,0.008432785414302521,Global Financial Crisis
2009-01-26,0.0047757264604803,0.004175050014724939,0.006094332426647484,Global Financial Crisis
2009-01-27,0.0046410931620676,0.0045263732207097606,0.005124382209742186,Global Financial Crisis
2009-01-28,0.0034767177950064,0.004382842584825836,0.004721020363490325,Global Financial Crisis
2009-01-29,0.0010782903581106,0.004576121660145746,0.006070272071146064,Global Financial Crisis
2009-01-30,0.0020052137543135,0.004428382419725163,0.005462626412961866,Global Financial Crisis
2009-02-02,0.0020156735430456,0.004242150546235403,0.005041183338003547,Global Financial Crisis
2009-02-03,0.0021952368944163,0.004325329376470658,0.004651547627073789,Global Financial Crisis
2009-02-04,0.0014422473574131,0.004231056698086989,0.005142410562751727,Global Financial Crisis
2009-02-05,0.0018406967614357,0.00416571633736539,0.0034704057630927177,Global Financial Crisis
2009-02-06,0.000905631595504,0.004213258684974946,0.004244858522722938,Global Financial Crisis
2009-02-09,0.0025166582533174,0.00410796024830849,0.0037301000319248123,Global Financial Crisis
2009-02-10,0.0030950175845179,0.00433897107391188,0.005488607362514524,Global Financial Crisis
2009-02-11,0.0029148445390639,0.004272289241065416,0.005533668714044752,Global Financial Crisis
2009-02-12,0.0025074641869565,0.004104706169104957,0.0050498999967063815,Global Financial Crisis
2009-02-13,0.0044074116500811,0.004033754405148851,0.0047776744134400825,Global Financial Crisis
2009-02-16,0.0029244205522912,0.004463150825474055,0.006086277436439138,Global Financial Crisis
2009-02-17,0.0022225459123429,0.0044070149154670805,0.005631190465381154,Global Financial Crisis
2009-02-18,0.0022494075370942,0.004272366646283333,0.004592415028705626,Global Financial Crisis
2009-02-19,0.0022481569390312,0.004772018246904031,0.00429790261860551,Global Financial Crisis
2009-02-20,0.0004451500577393,0.004213674170145777,0.004753148635808557,Global Financial Crisis
2009-02-23,0.0023916436626428,0.004516153288273945,0.005048318739636025,Global Financial Crisis
2009-02-24,0.0024066855745011,0.004536800257753558,0.0047430490135753145,Global Financial Crisis
2009-02-25,0.0040796488091911,0.004240485910805122,0.004787129513421416,Global Financial Crisis
2009-02-26,0.0042807312386495,0.004285849224289809,0.003975537195069756,Global Financial Crisis
2009-02-27,0.0053787267193484,0.002918708226094074,0.004449335325341254,Global Financial Crisis
2009-03-02,0.0035612820005868,0.004369814261967296,0.005874109964650755,Global Financial Crisis
2009-03-03,0.0047490552539807,0.004264529191942797,0.004774405831103938,Global Financial Crisis
2009-03-04,0.0033726060857759,0.0043226966232212125,0.005062163636416012,Global Financial Crisis
2009-03-05,0.0036662184099972,0.004346822453443786,0.005032555506101798,Global Financial Crisis
2009-03-06,0.0025795761680575,0.004404847622733143,0.005447795480072989,Global Financial Crisis
2009-03-09,0.0037677496391854,0.004450598724994706,0.004425942186400906,Global Financial Crisis
2009-03-10,0.0025315860468379,0.00436787691994502,0.0055524047989787325,calm
2009-03-11,0.0022984307612184,0.004444317563092943,0.005401418507358105,calm
2009-03-12,0.0018305077860869,0.004637590802284762,0.00608346746458935,calm
2009-03-13,0.0021792072494162,0.004271007688919915,0.005675687581672149,calm
2009-03-16,0.0007601231825803,0.004229946070415746,0.005820818501319499,calm
2009-03-17,0.0008667291112473,0.0053124185638480075,0.004576805207910869,calm
2009-03-18,0.0008073816991397,0.005323016079992057,0.005252693108412744,calm
2009-03-19,0.0008979295619118,0.005098895450577909,0.0037197961254398565,calm
2009-03-20,0.0004510710319683,0.005475861100777017,0.004665488750969595,calm
2009-03-23,0.0006902133744578,0.004486782953051856,0.005640103257631245,calm
2009-03-24,0.0014528619211347,0.004944573730533959,0.006263408232755393,calm
2009-03-25,0.0030485600174529,0.004644965639697577,0.005706181010027543,calm
2009-03-26,0.0040670254215267,0.004939514277998284,0.006074358214884687,calm
2009-03-27,0.0042234929144385,0.003231589849952506,0.005452748005914273,calm
2009-03-30,0.0040803430641473,0.0032338809534075584,0.003999916619280938,calm
2009-03-31,0.0033347730465955,0.004167576443487666,0.004318214002169581,calm
2009-04-01,0.0019192784301355,0.004598364093147247,0.0050558950899111,calm
2009-04-02,0.0014909269689849,0.004331695071980486,0.004387768583382839,calm
2009-04-03,0.0015766517485494,0.004369539938189825,0.004691236534353284,calm
2009-04-06,0.0024971093068145,0.0043404331369955385,0.004040588646949003,calm
2009-04-07,0.0036511089030443,0.004607520796851056,0.004429606890817679,calm
2009-04-08,0.0035191326222724,0.004360838778682897,0.004055545558829523,calm
2009-04-09,0.0037020657969181,0.004906333759721354,0.004811196648808069,calm
2009-04-14,0.0034238154877352,0.004920831855198827,0.004915795291566126,calm
2009-04-15,0.0029494344989198,0.0049881341561505655,0.0056762602325180255,calm
2009-04-16,0.0017799148896794,0.005041376556457232,0.005525888673237002,calm
2009-04-17,0.0016475104593827,0.004575885072637857,0.004707280358902245,calm
2009-04-20,0.0007663260036134,0.004405876419241375,0.005211029493009767,calm
2009-04-21,0.0009130305540447,0.004583545269694505,0.004781515522913257,calm
2009-04-22,0.0020413708407697,0.0043919652341851126,0.004904290697180232,calm
2009-04-23,0.0041679372362649,0.00417878948027765,0.004396347885117859,calm
2009-04-24,0.0050949746097308,0.004132985352715533,0.0034091819699390447,calm
2009-04-27,0.0051457405212412,0.004125156698360026,0.0026010383849357998,calm
2009-04-28,0.0061953143741553,0.0035745611829998704,0.002262307294215506,calm
2009-04-29,0.0055296566334419,0.004421129350859219,0.0033663295935700997,calm
2009-04-30,0.0041119544145134,0.004205006375950633,0.003515681079186987,calm
2009-05-05,0.0032012170695792,0.004301590924305225,0.0034753253892545162,calm
2009-05-06,0.0052439009216551,0.004295412734018549,0.003651328064352415,calm
2009-05-07,0.00469066453273,0.005201603272937797,0.00426069106594299,calm
2009-05-08,0.0044378232603909,0.005138429402685146,0.004934187037570413,calm
2009-05-11,0.0036148547666266,0.005619838130237094,0.0055652919851171545,calm
2009-05-12,0.0050395386485596,0.005141710190539392,0.004151568787055281,calm
2009-05-13,0.0029544892925125,0.0046894593959151175,0.006035382139129847,calm
2009-05-14,0.0025484742960562,0.00491511124415702,0.005964063185261639,calm
2009-05-15,0.0017704800590323,0.005511617708496386,0.005606702541900847,calm
2009-05-18,0.0017553818946513,0.004816778049974943,0.004864352557316338,calm
2009-05-19,0.0003159984147681,0.004559305602795217,0.005373684117501106,calm
2009-05-20,0.0006438080975432,0.004595562111374581,0.0037029824546800606,calm
2009-05-21,0.0008357211111856,0.004456591516190389,0.004199413324218355,calm
2009-05-22,0.0009306161832728,0.0043229798046766285,0.003529910679311363,calm
2009-05-25,0.0021165718424212,0.003782935885173235,0.00209621534321939,calm
2009-05-26,0.0022591591136424,0.003077700467295093,0.0027887799825331867,calm
2009-05-27,0.002018050646912,0.0034960870934168343,0.004098507853312495,calm
2009-05-28,0.0018764283270388,0.005394541682768378,0.0042618287486283065,calm
2009-05-29,0.0022531352831519,0.005410815183928747,0.004494573357100426,calm
2009-06-02,0.0011668859020707,0.0056878205822581875,0.005013501208961613,calm
2009-06-03,0.0011550080494664,0.005541445915567844,0.004232233075350447,calm
2009-06-04,0.0011268056661484,0.0045300662475145515,0.0038029927408952035,calm
2009-06-05,0.0008486264549246,0.004695883477575865,0.0032597411587484593,calm
2009-06-08,0.0012734182853346,0.004605287939684017,0.0028298981832847623,calm
2009-06-09,0.0011766948694654,0.004108699326766605,0.0025264534509345468,calm
2009-06-10,0.0023661170382305,0.004614777885888832,0.001996560196865526,calm
2009-06-11,0.0023075055596495,0.004552671402133988,0.001561438987358252,calm
2009-06-12,0.0025114040412141,0.004391551517317323,0.0014308080897826431,calm
2009-06-15,0.0032073307724189,0.004137328648097124,0.0028918370547516554,calm
2009-06-16,0.0032890092038716,0.004186214053116154,0.00249101927817936,calm
2009-06-17,0.0027776296067768,0.004247556873896166,0.00306568565587831,calm
2009-06-18,0.0031429615678396,0.004069252194297287,0.00268679939231407,calm
2009-06-19,0.0029300969741253,0.004706866693249799,0.002842350287008733,calm
2009-06-22,0.0014434917285244,0.005157405521037282,0.004242901396854656,calm
2009-06-23,0.001398794217706,0.005925091559216872,0.003449850625686781,calm
2009-06-24,0.0006169151777295,0.004649982014200043,0.003712140315832321,calm
2009-06-25,0.0003245067694658,0.005360868010627015,0.004576584098038487,calm
2009-06-26,0.0004157433020003,0.00482272899056666,0.0034165564950910158,calm
2009-06-29,0.0015650336350408,0.0038113912687033147,0.0024818279028868727,calm
2009-06-30,0.0018925702636482,0.003714824286487266,0.0023856000598516977,calm
2009-07-01,0.0018859736422913,0.0024361945355554134,0.002003014642717501,calm
2009-07-02,0.0018831307221836,0.0028378414509915273,0.0023706322144880975,calm
2009-07-03,0.0023686267531775,0.0029809240877268998,0.003314669021807335,calm
2009-07-06,0.0012377183914523,0.004465816195188116,0.003778431614303721,calm
2009-07-07,0.0009998707907001,0.004732089226817067,0.004254467921124004,calm
2009-07-08,0.0012004473178825,0.004455514859098205,0.0035032735139171162,calm
2009-07-09,0.0011151810476039,0.005083316462149793,0.0031182274092291227,calm
2009-07-10,0.0005761353585908,0.004400340115483978,0.0024780311253283747,calm
2009-07-13,0.0006213936131731,0.004476657182453193,0.0029443758961891662,calm
2009-07-14,0.0004984766484282,0.0037059569914942485,0.002389543976270733,calm
2009-07-15,0.0003157873523111,0.004314284996316654,0.0034138894876095775,calm
2009-07-16,0.0015212786455386,0.004209734210848749,0.002891093534863586,calm
2009-07-17,0.0015451818779821,0.002923280317860648,0.0028040544094199643,calm
2009-07-20,0.0014730881085842,0.003199593086523943,0.0027275168370151414,calm
2009-07-21,0.001484269011739,0.002906827804112123,0.0022776759293395925,calm
2009-07-22,0.0014434862489585,0.002053114731795739,0.001359090469114435,calm
2009-07-23,0.000443190511582,0.004434243116793317,0.0026597949584287184,calm
2009-07-24,0.0003741590934854,0.004092286748697062,0.0022890044515431578,calm
2009-07-27,0.0012445324483392,0.004071195769706357,0.002098579254975468,calm
2009-07-28,0.0014773235707127,0.003975890745891301,0.0019146827473938254,calm
2009-07-29,0.0015777019002181,0.003746257854664439,0.0016215799887483583,calm
2009-07-30,0.0014038871497142,0.0022942998040354754,0.0013909185075510356,calm
2009-07-31,0.0014219582798172,0.002132125627097614,0.0012671790056891837,calm
2009-08-04,0.0004606332872185,0.004465246008567307,0.001747075091234058,calm
2009-08-05,0.000450927744298,0.004201060259505295,0.0015644272610864643,calm
2009-08-06,0.0007276855695662,0.0037190769758866735,0.001492083381717704,calm
2009-08-07,0.0006927268128712,0.0037319233781865926,0.0014421483458363306,calm
2009-08-10,0.0016870755901201,0.0035376031954514092,0.0013831658289017174,calm
2009-08-11,0.0016476271057887,0.0023335770471552665,0.0014907811374154536,calm
2009-08-12,0.0014190846866623,0.0024400885066614064,0.0016801086146331454,calm
2009-08-13,0.0015903811961116,0.0030926533370145954,0.001797613429997506,calm
2009-08-14,0.0018618007276752,0.002467376917838877,0.001365581663111658,calm
2009-08-17,0.0008604084464665,0.00551031274723487,0.0029017184173033826,calm
2009-08-18,0.0010469186208403,0.005276290499245585,0.0021969486411589152,calm
2009-08-19,0.0011393469011607,0.0047828986273297505,0.0021389029686482027,calm
2009-08-20,0.0008584561296254,0.00554520565197476,0.0026427456980220657,calm
2009-08-21,0.0008317134498287,0.00466056799124874,0.0029588765193433986,calm
2009-08-24,0.00085046414087,0.003667186588618794,0.001825947374804981,calm
2009-08-25,0.0010343383591872,0.0036026382310962155,0.001720668696858654,calm
2009-08-26,0.0013479004148407,0.003423308015733123,0.0017823911310626479,calm
2009-08-27,0.0010812768992904,0.0036088303711741257,0.001527929885736107,calm
2009-08-28,0.0012376894674262,0.0033833593725471314,0.0009749699971216544,calm
2009-08-31,0.0012866724200575,0.0033740830632630627,0.0010991709001613066,calm
2009-09-01,0.0015272551519829,0.004056257743692789,0.0021302344636710915,calm
2009-09-02,0.0012102418331863,0.004305886842777078,0.002149381181759663,calm
2009-09-03,0.00122569672414,0.003726318042032734,0.0016860111019808405,calm
2009-09-04,0.0012795861918932,0.004457257317476305,0.0023846433098990904,calm
2009-09-07,0.0012168132414797,0.004834715444627069,0.00236562315106596,calm
2009-09-08,0.0007164821785517,0.004502439638851388,0.0021937016046483047,calm
2009-09-09,0.0008872870068064,0.004011599882072132,0.001994549692459787,calm
2009-09-10,0.0018154471150962,0.004371061031114923,0.00201217954921717,calm
2009-09-11,0.0013780041756222,0.0046822302736434385,0.0019337237174749029,calm
2009-09-14,0.0019731588208556,0.004013173786763517,0.0016160548831201768,calm
2009-09-15,0.001878584818146,0.003087353011015168,0.0014742741948116649,calm
2009-09-16,0.0016337258476951,0.003954559610980922,0.0017631363586976011,calm
2009-09-17,0.0014035785356558,0.004310212413097207,0.0018606253854725524,calm
2009-09-18,0.0013874214050407,0.003830168410588864,0.0015462635393911513,calm
2009-09-21,0.0008112879008693,0.0039088672522637966,0.001810341707716937,calm
2009-09-22,0.000795848584316,0.0035225488981933785,0.0016695284267553324,calm
2009-09-23,0.0007701267752903,0.0033899967091189187,0.0015687334763424667,calm
2009-09-24,0.0002232417376816,0.003986326144054502,0.0018710290092858566,calm
2009-09-25,0.0007268141875156,0.0035863932137017653,0.0015353159320236017,calm
2009-09-28,0.0006844647103525,0.004117717172849711,0.0020591975580142247,calm
2009-09-29,0.0010472557573212,0.003921095735282634,0.0017226749730239433,calm
2009-09-30,0.0010633184113752,0.0037270711432304615,0.0016195980352115688,calm
2009-10-01,0.0011305401735577,0.003066925480540248,0.002387512919923714,calm
2009-10-02,0.0006470956677811,0.004268349429718212,0.002558335628233102,calm
2009-10-05,0.0006872701059993,0.003992793431061671,0.0020138734420028347,calm
2009-10-06,0.0011071766740627,0.0050716334967033,0.0027703113772156894,calm
2009-10-07,0.0013001730565964,0.005021965908280917,0.002326177106294776,calm
2009-10-08,0.0010667795429738,0.003988989407098113,0.0019229021747365648,calm
2009-10-09,0.0012946754371494,0.002442253041964693,0.0016635324839439087,calm
2009-10-12,0.0013238591981047,0.00240456350984497,0.0014296059037136447,calm
2009-10-13,0.0005571100721423,0.003939014661196142,0.0013308745672583242,calm
2009-10-14,0.0004048722336337,0.004270441438024815,0.0019380438547039237,calm
2009-10-15,0.0008909470795261,0.003937575158414088,0.0014543909379340337,calm
2009-10-16,0.0007708708029662,0.003899975990862694,0.0018264240752882614,calm
2009-10-19,0.0014905737329918,0.0034179667856897625,0.0017190191761966619,calm
2009-10-20,0.0060183919154273,0.0022523370440656262,0.0015175255286565565,calm
2009-10-21,0.0066827559380248,0.002000610515852539,0.0012384071839707134,calm
2009-10-22,0.0067844010532581,0.0038312574409807084,0.0016369493534596309,calm
2009-10-23,0.0066595004915932,0.0037798856665867005,0.0016795209249446557,calm
2009-10-27,0.0063357209762313,0.0040717529368212,0.0017788662026987437,calm
2009-10-28,0.0033136794671296,0.004611059411511249,0.003811422470593367,calm
2009-10-29,0.0027862635235455,0.005659820636500117,0.004544868398699353,calm
2009-10-30,0.0022022051893547,0.004912783093640937,0.005188059191643692,calm
2009-11-02,0.0023949388640401,0.004790601756146647,0.004010892011053324,calm
2009-11-03,0.0023685568051325,0.004749591640645292,0.004598492632896282,calm
2009-11-04,0.0008474831174052,0.0049542621012056455,0.0040547555616827395,calm
2009-11-05,0.0006573634626964,0.005222652384542974,0.004032686220074313,calm
2009-11-06,0.0008017998012962,0.004157726700528342,0.002243583629404105,calm
2009-11-09,0.0007048480170391,0.00494176179076579,0.0035234265102560987,calm
2009-11-10,0.000651540211373,0.005037991686633386,0.0032966582248665816,calm
2009-11-11,0.0006495936521386,0.004606764422118328,0.0026300483093348996,calm
2009-11-12,0.0008194690712951,0.002787041003341892,0.0024669454091935535,calm
2009-11-13,0.0006779196471303,0.004184347748281511,0.0027350505985621384,calm
2009-11-16,0.000773137830675,0.0030843760533801148,0.002277031415979047,calm
2009-11-17,0.00052231939243,0.0027105396052530687,0.0022710158465861553,calm
2009-11-18,0.000528217032739,0.0027643704526472655,0.0019336014892350046,calm
2009-11-19,0.0011781453349718,0.00473230864220842,0.0025427044270883094,calm
2009-11-20,0.0015367138908979,0.0030372195254587484,0.002088059992385904,calm
2009-11-23,0.0015221719901852,0.004127569151755603,0.0023525807151086125,calm
2009-11-24,0.0016078287237719,0.0025178744529330997,0.0021304728375419408,calm
2009-11-25,0.0017609513733066,0.0025249283527362925,0.00198168166979985,calm
2009-11-26,0.0010534195256711,0.0039057207234601244,0.0020152848186925807,calm
2009-11-27,0.0012331952600995,0.004240366483200267,0.0024090681985674206,calm
2009-11-30,0.0011150267980123,0.003835599401382074,0.0018464912471125002,calm
2009-12-01,0.0018713486426009,0.003722038066034875,0.0020275336891733813,calm
2009-12-02,0.0017466684976897,0.0036087271399377284,0.0019136784493445276,calm
2009-12-03,0.0016795373878646,0.0037759137930870436,0.0018965425157095122,calm
2009-12-04,0.0014416525378018,0.0037165802216117872,0.001518921250707909,calm
2009-12-07,0.0013794426312017,0.0030893811771913796,0.0012819398756925063,calm
2009-12-08,0.0004077687069226,0.003633579034601125,0.0016046805628547145,calm
2009-12-09,0.0003732205004648,0.0031518592714702208,0.0013238430779268407,calm
2009-12-10,0.0003522819542936,0.003149789239840249,0.0012583177250535653,calm
2009-12-11,0.0001354082188568,0.003552257963384415,0.0012940596949624463,calm
2009-12-14,0.0002288583994897,0.0032227929261189137,0.0011542047028788613,calm
2009-12-15,0.0008779135718901,0.0016076776008832733,0.0009905295510886257,calm
2009-12-16,0.0008751394048237,0.0014320260636708825,0.0009492326163299728,calm
2009-12-17,0.0010081630073086,0.0016775324437225015,0.001103304686266416,calm
2009-12-18,0.0014456399467326,0.0015802546924840405,0.0010845212895521346,calm
2009-12-21,0.0015897101645002,0.0018471337849407115,0.0011716793664771222,calm
2009-12-22,0.0010880572659434,0.003109740614388972,0.0014075129925384114,calm
2009-12-23,0.0027228622869839,0.002483710610729522,0.0011457872240423319,calm
2009-12-24,0.0026297656114658,0.0024866750198091537,0.0012212866402862713,calm
2009-12-29,0.0021291595692986,0.0029568614544819563,0.0012857539951930193,calm
2009-12-30,0.0019227694154253,0.0025593744452397133,0.0011944500282877336,calm
2009-12-31,0.0017809935053298,0.0020816964404977395,0.00117387016692554,calm
2010-01-04,0.0001816053371738,0.0012825045208147631,0.0015473189570772033,calm
2010-01-05,0.0003299562913838,0.0009893029808801129,0.0012005054415418018,calm
2010-01-06,0.0004232854046251,0.0009653810983578103,0.0010095964458319885,calm
2010-01-07,0.0004462034476289,0.0009655056787017052,0.0010904250162329465,calm
2010-01-08,0.0004520584458088,0.000936450960117122,0.0009187162404798554,calm
2010-01-11,0.0004251897617073,0.0005881440563720837,0.0006041040435943931,calm
2010-01-12,0.0002089792981863,0.00043715670633920497,0.0006044324961378798,calm
2010-01-13,0.0001078724577983,0.00043448757008340496,0.0006801038000065904,calm
2010-01-14,0.0002463786770159,0.0004296544904279634,0.0006325916192309981,calm
2010-01-15,0.0002361525864595,0.0005239050823857119,0.000744000948437557,calm
2010-01-18,0.0002732303642696,0.0005569510634544225,0.0007934073287355741,calm
2010-01-19,0.0002687531798642,0.0006017937550769143,0.0007715026682668097,calm
2010-01-20,0.000729622484356,0.0006384307736569172,0.0007377848453694911,calm
2010-01-21,0.0005370327216633,0.0008353337365875067,0.0010575261062963552,calm
2010-01-22,0.0006203506260185,0.00091507851165705,0.001187957896606525,calm
2010-01-25,0.0005756869883728,0.0008518861253502412,0.0010840438963381869,calm
2010-01-26,0.0007031128967793,0.0008480194983383182,0.0009334547867622155,calm
2010-01-27,0.0002324389620729,0.0012391589272913324,0.0012431215568718455,calm
2010-01-28,0.0008439138527955,0.000708857336400035,0.0010500285227434752,calm
2010-01-29,0.0011927465382671,0.0006883432281337323,0.000816589618082749,calm
2010-02-01,0.001228997427223,0.0007549977415037931,0.0008914342023653505,calm
2010-02-02,0.0011702678214376,0.0008139140027235025,0.0010434030564958781,calm
2010-02-03,0.0013303279835453,0.0005013895884985415,0.0005699700794364009,calm
2010-02-04,0.0007983575135296,0.001532670399693404,0.0013568117376816006,calm
2010-02-05,0.0003636185684019,0.0016391953322772213,0.0012947632416712672,calm
2010-02-08,0.0005108661762227,0.0015433103076704427,0.001265958113076106,calm
2010-02-09,0.0005892273956092,0.001524487683325965,0.0013162021976988853,calm
2010-02-10,0.0007710247466799,0.0016162357603988306,0.001279600595064215,calm
2010-02-11,0.0007231857249136,0.0010894711019704794,0.0008388513404906268,calm
2010-02-12,0.0007194595786154,0.0007248825687398286,0.0006816367609467136,calm
2010-02-15,0.0005377667779698,0.0007449594477626073,0.0007597061272036344,calm
2010-02-16,0.000454535413994,0.0007969905014597654,0.0009481410506612131,calm
2010-02-17,0.0002263190747825,0.0013506983414824172,0.0009724199266360464,calm
2010-02-18,0.0004286192302102,0.0010494442456550938,0.0009028024287814285,calm
2010-02-19,0.000428152318529,0.0010270986783112049,0.0008404249192057541,calm
2010-02-22,0.0004958202804523,0.0007631453057955019,0.0007596305334157422,calm
2010-02-23,0.0005719229743592,0.0005786108709788312,0.0007043016914361018,calm
2010-02-24,0.0004537553021145,0.00077728646092766,0.00069180197067928,calm
2010-02-25,0.0002926270939608,0.0007603420332738352,0.0007223163939631331,calm
2010-02-26,0.0005279249315208,0.0006251662533156638,0.0006757515326704109,calm
2010-03-01,0.0004577107130804,0.000616440946014542,0.0007672496382803867,calm
2010-03-02,0.0003233257344264,0.0005765106196239419,0.0006522896623776749,calm
2010-03-03,0.0003170430356013,0.0005171343780918989,0.0005451085489274256,calm
2010-03-04,0.0002680499653656,0.00048047944201088955,0.000500008433606973,calm
2010-03-05,0.0001546370193617,0.000712901211548668,0.0007877346315148927,calm
2010-03-08,0.0002656776451942,0.0004142223838845307,0.0005322126517535219,calm
2010-03-09,0.0003037510816995,0.0003829893642736212,0.00045045607032073227,calm
2010-03-10,0.0009388185162341,0.0003821779365050125,0.0005289206678090488,calm
2010-03-11,0.0009500258711391,0.00036081952466387855,0.000436921690136338,calm
2010-03-12,0.0008673415669843,0.0003600794918427923,0.0004050011496414701,calm
2010-03-15,0.0008218581612685,0.0003483785342572887,0.00037466582313484766,calm
2010-03-16,0.0011580791405229,0.0003539575481792505,0.0003930587984541712,calm
2010-03-17,0.0005359001619276,0.0006139836292297511,0.0005326288083661291,calm
2010-03-18,0.0007959643773734,0.0005154519003121484,0.0004492312152090936,calm
2010-03-19,0.000766544491914,0.0005149155989770482,0.0004291309693484143,calm
2010-03-22,0.0009922436643641,0.0005044324013302728,0.00045283183144369623,calm
2010-03-23,0.0006189917239983,0.0005910368725152495,0.0005602613843686119,calm
2010-03-24,0.0006859550678605,0.0003696186805533423,0.0004893773382681842,calm
2010-03-25,0.0008306080620268,0.0006016874162400007,0.0004996882023956228,calm
2010-03-26,0.0010275663982047,0.0005410325324898258,0.00042043774750136236,calm
2010-03-29,0.0007881419283376,0.0005810749948957271,0.000496497974015866,calm
2010-03-30,0.0007867269270043,0.0004133923221659347,0.0004584760226260019,calm
2010-03-31,0.0009870673040713,0.00043017796771525077,0.00038740020996142415,calm
2010-04-01,0.0005467396472507,0.0006083442022476431,0.0005246591603159402,calm
2010-04-06,0.0003883096999938,0.0006128309725261695,0.0005132530735601825,calm
2010-04-07,0.0005230031624128,0.0005976175568783699,0.0005066369378888624,calm
2010-04-08,0.0005340785151537,0.0005388084841953161,0.00044767121901470054,calm
2010-04-09,0.0002556934748413,0.0006430004226504634,0.0005612552068904041,calm
2010-04-12,0.0002651364586518,0.00044927038268729547,0.0004336945676494035,calm
2010-04-13,0.0003829175713504,0.0004175558735271907,0.00042173725489299407,calm
2010-04-14,0.0003137179513915,0.0004568137148296636,0.0005758033390262413,calm
2010-04-15,0.0004550487404373,0.0004403370303578657,0.0004912363709121015,calm
2010-04-16,0.0012372459731984,0.000515144603780111,0.0006524157030506666,calm
2010-04-19,0.0013385477643721,0.0004902835545707167,0.0005751342289791287,calm
2010-04-20,0.0032712302951353,0.00047491568097886256,0.0006440633898580889,calm
2010-04-21,0.0037931224416387,0.00046556333924976907,0.0005383634936743699,calm
2010-04-22,0.0048372941261092,0.0004851846731012529,0.0005871978099175658,calm
2010-04-23,0.0041082476504324,0.0007285954207667144,0.0006795227448006005,Irish sovereign debt crisis
2010-04-26,0.0058280181105241,0.0006741659446888278,0.000601349262380429,Irish sovereign debt crisis
2010-04-27,0.0041642335323421,0.0014264766460776732,0.001854261651687718,Irish sovereign debt crisis
2010-04-28,0.0041266360823152,0.001355657031103493,0.0017885577535088242,Irish sovereign debt crisis
2010-04-29,0.0046753324818484,0.0020096664721928406,0.002453830692685376,Irish sovereign debt crisis
2010-04-30,0.0103510022313458,0.0016724902752503215,0.0023527043798515094,Irish sovereign debt crisis
2010-05-04,0.0086882095902605,0.0029304131554073773,0.003987550181414862,Irish sovereign debt crisis
2010-05-05,0.0083926133625745,0.001996880914077293,0.00290866138923008,Irish sovereign debt crisis
2010-05-06,0.0077912568361167,0.0032083903324333037,0.004592083998679061,Irish sovereign debt crisis
2010-05-07,0.0079306982262865,0.003967636396504531,0.004632459424378015,Irish sovereign debt crisis
2010-05-10,0.0022755605701148,0.009334830918601867,0.008028504448548662,Irish sovereign debt crisis
2010-05-11,0.0024083341851706,0.007074587211297343,0.00611019835894541,Irish sovereign debt crisis
2010-05-12,0.0040838330386574,0.007087440493311748,0.006586429584667076,Irish sovereign debt crisis
2010-05-13,0.0051729689727683,0.006847384595671118,0.0051537991658379785,Irish sovereign debt crisis
2010-05-14,0.0032869717909327,0.008151639809667443,0.006545221973102628,Irish sovereign debt crisis
2010-05-17,0.003211824456149,0.0029627470799913633,0.002674025366602108,Irish sovereign debt crisis
2010-05-18,0.0044094234829348,0.0040584957644367176,0.0035196366229843673,Irish sovereign debt crisis
2010-05-19,0.0039124424208514,0.0035492775527860504,0.0037522079905163595,Irish sovereign debt crisis
2010-05-20,0.0042617961023648,0.007103559086677438,0.00653420837733587,Irish sovereign debt crisis
2010-05-21,0.0045634127975828,0.004143982371054036,0.004902171299064314,Irish sovereign debt crisis
2010-05-24,0.0045722548819657,0.004173846758520174,0.004536903537120219,Irish sovereign debt crisis
2010-05-25,0.0032110091094489,0.006254694563932294,0.004967229441678437,Irish sovereign debt crisis
2010-05-26,0.0019030249731015,0.004736316499039618,0.005713837976707311,Irish sovereign debt crisis
2010-05-27,0.0006643530466156,0.006249182613579129,0.0057991680289084845,Irish sovereign debt crisis
2010-05-28,0.0006494816817245,0.005806877810939589,0.005314990183437813,Irish sovereign debt crisis
2010-05-31,0.0010292166771889,0.005433976307513853,0.004783617461545024,Irish sovereign debt crisis
2010-06-01,0.0018508761655755,0.004546839366032006,0.005185704495103776,Irish sovereign debt crisis
2010-06-02,0.0021503221367833,0.004481993753551724,0.0042675261127734015,Irish sovereign debt crisis
2010-06-03,0.0020019474120805,0.0024971433029966246,0.003172966068137655,Irish sovereign debt crisis
2010-06-04,0.0017187503704918,0.00338801467336736,0.004187855365652102,Irish sovereign debt crisis
2010-06-08,0.0014443835913844,0.0039796299687866014,0.004273101313433678,Irish sovereign debt crisis
2010-06-09,0.0004964389900862,0.0046328316312746485,0.004486287136728805,Irish sovereign debt crisis
2010-06-10,0.0001883434908226,0.003041550453064894,0.004656663462208376,Irish sovereign debt crisis
2010-06-11,0.0001592904105548,0.002705622853558177,0.0037401392932830805,Irish sovereign debt crisis
2010-06-14,0.0001527186747982,0.002472219913926024,0.0027082273781466907,Irish sovereign debt crisis
2010-06-15,0.0002486166534892,0.002703169504008446,0.003659604776704297,Irish sovereign debt crisis
2010-06-16,0.0008459771416521,0.0017173642172113326,0.0021477810644671357,Irish sovereign debt crisis
2010-06-17,0.0009122846311651,0.0013268825539645148,0.0014978345601617655,Irish sovereign debt crisis
2010-06-18,0.0009987840565787,0.0013174516344730302,0.001427698086934131,Irish sovereign debt crisis
2010-06-21,0.0012261870948546,0.0013160206424708556,0.0014126439163918137,Irish sovereign debt crisis
2010-06-22,0.0025028587676962,0.0013801705393257644,0.001305631471370835,Irish sovereign debt crisis
2010-06-23,0.0018946241809428,0.001914532055835588,0.0015580173428964169,Irish sovereign debt crisis
2010-06-24,0.0026646503450589,0.0018489876001972648,0.002002184047259736,Irish sovereign debt crisis
2010-06-25,0.0028395697300135,0.001807612443974667,0.0017241381646488408,Irish sovereign debt crisis
2010-06-28,0.0026442636778399,0.002120864571973219,0.0016532824362195245,Irish sovereign debt crisis
2010-06-29,0.0020402310569793,0.00285980519089702,0.002996822766012124,Irish sovereign debt crisis
2010-06-30,0.0025522704061408,0.0024899037707096987,0.0019953212754710166,Irish sovereign debt crisis
2010-07-01,0.0019812943260464,0.002722590581221887,0.002529277162424806,Irish sovereign debt crisis
2010-07-02,0.0017087574593227,0.002653857129430694,0.0025299539243349256,Irish sovereign debt crisis
2010-07-05,0.0017043448225326,0.002500414305070935,0.002262143887164839,Irish sovereign debt crisis
2010-07-06,0.0010993362931826,0.002221107292527364,0.0014618847378702335,Irish sovereign debt crisis
2010-07-07,0.000587495755006,0.00285375678513951,0.002918365319484572,Irish sovereign debt crisis
2010-07-08,0.0006857904729763,0.002648489144799636,0.0024988817910578448,Irish sovereign debt crisis
2010-07-09,0.0008246664983009,0.002489131531358628,0.00208889912020631,Irish sovereign debt crisis
2010-07-12,0.0009467885993808,0.0024841310211714826,0.001704528621522191,Irish sovereign debt crisis
2010-07-13,0.0006689327847442,0.002339144708766828,0.0021535832780600166,Irish sovereign debt crisis
2010-07-14,0.0010255330736492,0.001308889627806904,0.0010785031018176066,Irish sovereign debt crisis
2010-07-15,0.0011531786364306,0.0014278491446844323,0.0011025605416431791,Irish sovereign debt crisis
2010-07-16,0.0010448410108293,0.0022968325351457024,0.0020409626413992773,Irish sovereign debt crisis
2010-07-19,0.0009930763876633,0.0021426646550423874,0.0019021026426990653,Irish sovereign debt crisis
2010-07-20,0.0009941986879053,0.0016706648304561536,0.001655033462682499,Irish sovereign debt crisis
2010-07-21,0.0007590788297002,0.0022767229547565903,0.002242342516958236,Irish sovereign debt crisis
2010-07-22,0.0002665554915899,0.002556249209031212,0.002661733957346456,Irish sovereign debt crisis
2010-07-23,0.000224655720073,0.0021067717204624396,0.0018237017514180444,Irish sovereign debt crisis
2010-07-26,0.0003835490073106,0.0021230789157110465,0.0019418463618834255,Irish sovereign debt crisis
2010-07-27,0.0003822552171506,0.0020650116310639227,0.0014697584227191828,Irish sovereign debt crisis
2010-07-28,0.0002607072186261,0.0017960542954073401,0.001627146677841518,Irish sovereign debt crisis
2010-07-29,0.0002626527247584,0.0012337357932933903,0.0009331951496162974,Irish sovereign debt crisis
2010-07-30,0.0003899695036498,0.0012252374695467482,0.0008910768904623233,Irish sovereign debt crisis
2010-08-02,0.0004181502632055,0.0010323563044671205,0.0012086266131163903,Irish sovereign debt crisis
2010-08-03,0.0004872977985042,0.0009689898079690073,0.0009748785031253767,Irish sovereign debt crisis
2010-08-04,0.0012492224691295,0.0009701329308020642,0.0009392552430324846,Irish sovereign debt crisis
2010-08-05,0.0012720410522459,0.000920998288784197,0.0007841309704630981,Irish sovereign debt crisis
2010-08-06,0.0013372156223002,0.0007483307543965499,0.0008283716591737717,Irish sovereign debt crisis
2010-08-09,0.0010666250721134,0.0006767030902997532,0.0005832769472587062,Irish sovereign debt crisis
2010-08-10,0.001242468061188,0.0006602977480550575,0.0005925153905906184,Irish sovereign debt crisis
2010-08-11,0.0004814944948398,0.0018728125918399416,0.0016502729183381336,Irish sovereign debt crisis
2010-08-12,0.0007973430056588,0.001739563404980155,0.0012938824215212672,Irish sovereign debt crisis
2010-08-13,0.0008822667926357,0.001807983022628858,0.0014049163778049848,Irish sovereign debt crisis
2010-08-16,0.0009467700833758,0.0015372265581047903,0.0010768705711911878,Irish sovereign debt crisis
2010-08-17,0.0042471784182625,0.0017024128592805676,0.0014319610412542678,Irish sovereign debt crisis
2010-08-18,0.0042821684749915,0.0007548688005384205,0.0006450271973132723,Irish sovereign debt crisis
2010-08-19,0.0040364315562199,0.0013177845183901006,0.0010871333322867171,Irish sovereign debt crisis
2010-08-20,0.003765428378654,0.0012375399289985688,0.0009681987708332541,Irish sovereign debt crisis
2010-08-23,0.0036857693768905,0.0008563208122243579,0.0008697729779951614,Irish sovereign debt crisis
2010-08-24,0.0003152852357529,0.001653154357525079,0.002358988288176189,Irish sovereign debt crisis
2010-08-25,0.0007123466313084,0.0013767263058596226,0.001809594909373847,Irish sovereign debt crisis
2010-08-26,0.0006501765550257,0.0013272986288265858,0.001674080951327026,Irish sovereign debt crisis
2010-08-27,0.0010338361292195,0.0016504739857894557,0.002024291497615079,Irish sovereign debt crisis
2010-08-30,0.0010401871426294,0.0020380410043072104,0.002049272030888613,Irish sovereign debt crisis
2010-08-31,0.0009418759724172,0.0011756705998957329,0.0011739158194852902,Irish sovereign debt crisis
2010-09-01,0.0005892227707269,0.002054089582969281,0.0022268653464745367,Irish sovereign debt crisis
2010-09-02,0.0006244169640695,0.0017077432081959933,0.0017555423647824743,Irish sovereign debt crisis
2010-09-03,0.0002318409093122,0.0022942482051262116,0.0023277826180873188,Irish sovereign debt crisis
2010-09-06,0.0003806273352598,0.0021395362961905235,0.002092644460690882,Irish sovereign debt crisis
2010-09-07,0.0003570600476925,0.002234257644713415,0.002262073990338399,Irish sovereign debt crisis
2010-09-08,0.0002769326500943,0.0013172377636696926,0.0015636097265590177,Irish sovereign debt crisis
2010-09-09,0.0005365775111185,0.0013200481393993114,0.0014941058712617428,Irish sovereign debt crisis
2010-09-10,0.000753294173267,0.0011895939851328762,0.0010081133233161886,Irish sovereign debt crisis
2010-09-13,0.0007005276287803,0.001265933576200725,0.0011895890444438345,Irish sovereign debt crisis
2010-09-14,0.0006810165777423,0.001177048262196976,0.0009244563590247522,Irish sovereign debt crisis
2010-09-15,0.0008757921932861,0.001191694364205689,0.0008735252803682424,Irish sovereign debt crisis
2010-09-16,0.000644237588055,0.0011656044552598047,0.0010231921743503944,Irish sovereign debt crisis
2010-09-17,0.0004520746523841,0.0016072664325951758,0.0010297093821891009,Irish sovereign debt crisis
2010-09-20,0.0003843115813356,0.0012257390177940765,0.0012366735538430322,Irish sovereign debt crisis
2010-09-21,0.0004171725766822,0.0011627403058795337,0.0010583740961355578,Irish sovereign debt crisis
2010-09-22,0.0002242794643708,0.0015867470098420023,0.0012100184547924931,Irish sovereign debt crisis
2010-09-23,0.0001795219141709,0.0006058716082123626,0.0008115319205939104,Irish sovereign debt crisis
2010-09-24,0.0001830728006046,0.0007788261081659691,0.0010467230373582923,Irish sovereign debt crisis
2010-09-27,0.0001551572808817,0.0007292311064099075,0.0008207798401291672,Irish sovereign debt crisis
2010-09-28,0.000328020262646,0.0006907102762182901,0.0008284232299380376,Irish sovereign debt crisis
2010-09-29,0.0004392998585833,0.0005738283474556228,0.0007097371863247304,Irish sovereign debt crisis
2010-09-30,0.0004414099487072,0.0005337624731462899,0.0006693881023302063,Irish sovereign debt crisis
2010-10-01,0.0004182810778211,0.0003878077489185061,0.0004829114444705012,Irish sovereign debt crisis
2010-10-04,0.0004233331183312,0.00038502046323731404,0.00046083869546781917,Irish sovereign debt crisis
2010-10-05,0.0002093936652506,0.0004995851557965098,0.0007414956711663913,Irish sovereign debt crisis
2010-10-06,0.0001477672976183,0.00046271107632087414,0.0006577591878149053,Irish sovereign debt crisis
2010-10-07,0.0002520843418814,0.0004604012901699386,0.0006104803839224117,Irish sovereign debt crisis
2010-10-08,0.0002692095077766,0.00045861043943108926,0.0006203462666923864,Irish sovereign debt crisis
2010-10-11,0.0002711309868615,0.00045916147497726024,0.000617127892872406,Irish sovereign debt crisis
2010-10-12,0.0002842938789884,0.00038397029581472956,0.0004080908609103015,Irish sovereign debt crisis
2010-10-13,0.0002483118570877,0.00038275056982863855,0.0003859142391241026,Irish sovereign debt crisis
2010-10-14,0.0010369736438739,0.0003862700222585891,0.00040534520463323797,Irish sovereign debt crisis
2010-10-15,0.0011246904937415,0.0003863506713082236,0.00037787334748257535,Irish sovereign debt crisis
2010-10-18,0.0011166109181939,0.00038652797865441186,0.0003915603851051868,Irish sovereign debt crisis
2010-10-19,0.0011239397605038,0.0004745335130055496,0.0005205352141143219,Irish sovereign debt crisis
2010-10-20,0.0011179189146909,0.00045567717608544514,0.0005277827153996615,Irish sovereign debt crisis
2010-10-21,0.0001726623559284,0.0007136028068303533,0.0007914986910151062,Irish sovereign debt crisis
2010-10-22,6.29449277849586e-05,0.0006601713715837864,0.0007345193792726541,Irish sovereign debt crisis
2010-10-25,6.284711156319807e-05,0.0006418116757992592,0.0006609298518987185,Irish sovereign debt crisis
2010-10-26,5.436139901052071e-05,0.0005259888834141293,0.0005674008670929588,Irish sovereign debt crisis
2010-10-27,6.410666349653015e-05,0.0005349520602760802,0.0003870711489465332,Irish sovereign debt crisis
2010-10-28,0.0004003869429559,0.00035819129144892326,0.0003649918085326427,Irish sovereign debt crisis
2010-10-29,0.0008050284627023,0.0003605926478269424,0.0004160361831447248,Irish sovereign debt crisis
2010-11-01,0.0008526571964105,0.00035689179706238427,0.00037546309568785497,Irish sovereign debt crisis
2010-11-02,0.0012073387935539,0.0003594424056892357,0.00036621665705352974,Irish sovereign debt crisis
2010-11-03,0.0016670696615817,0.00034543910294048026,0.00037011867035978164,Irish sovereign debt crisis
2010-11-04,0.001582859868681,0.00047448184316593,0.0006563562660602931,Irish sovereign debt crisis
2010-11-05,0.001179359746413,0.0006184677364039669,0.0007015312060951094,Irish sovereign debt crisis
2010-11-08,0.0011889650948715,0.0005738717022698982,0.0006483419471812444,Irish sovereign debt crisis
2010-11-09,0.0010831974599731,0.0007076660317830426,0.0008689958729919252,Irish sovereign debt crisis
2010-11-10,0.0008288620584768,0.0008204372893298388,0.0009769368386848413,Irish sovereign debt crisis
2010-11-11,0.0015079447269501,0.0006732718456075814,0.0007204049907796417,Irish sovereign debt crisis
2010-11-12,0.0015755254251251,0.0006730741698282676,0.0008013345265503594,Irish sovereign debt crisis
2010-11-15,0.0017383694841344,0.0006441700770577326,0.000749164409672945,Irish sovereign debt crisis
2010-11-16,0.0026254227080819,0.0009196686922572263,0.0010916504746167283,Irish sovereign debt crisis
2010-11-17,0.002469154090582,0.0008159872363259342,0.0008992647472308935,Irish sovereign debt crisis
2010-11-18,0.0016753112018464,0.0010392679381366048,0.001456393577287483,Irish sovereign debt crisis
2010-11-19,0.001627135942007,0.0008496071871763448,0.0010708672940817827,Irish sovereign debt crisis
2010-11-22,0.0014198850474069,0.0008452282802290215,0.0010506024948993152,Irish sovereign debt crisis
2010-11-23,0.0002588580980688,0.0013094885659494964,0.0015646686917681618,Irish sovereign debt crisis
2010-11-24,0.0005215190765407,0.0012151534301007316,0.0016477590913891286,Irish sovereign debt crisis
2010-11-25,0.0008264347933576,0.001234988186468316,0.001570836053634378,Irish sovereign debt crisis
2010-11-26,0.0008209356585081,0.0012007032388303214,0.0014385558469712633,Irish sovereign debt crisis
2010-11-29,0.000819070471468,0.001219851848349106,0.0012955123267317677,Irish sovereign debt crisis
2010-11-30,0.0010991395452883,0.0007959079721526653,0.0008863773303577779,Irish sovereign debt crisis
2010-12-01,0.0008083019788905,0.0010621138651000952,0.0013809734158122678,Irish sovereign debt crisis
2010-12-02,0.0004595330248022,0.001544353055055088,0.001488387488530571,Irish sovereign debt crisis
2010-12-03,0.0004673386859147,0.0014016150916254882,0.0011887876007018506,Irish sovereign debt crisis
2010-12-06,0.0005112203515687,0.0011674186895206478,0.0011030239729404644,Irish sovereign debt crisis
2010-12-07,0.0002484215720674,0.001250859699328333,0.001257938697237454,Irish sovereign debt crisis
2010-12-08,0.0002157475504264,0.001108581863499232,0.0008775340679380503,Irish sovereign debt crisis
2010-12-09,0.0001309458219505,0.0007769407684171431,0.0006553524047900895,Irish sovereign debt crisis
2010-12-10,0.0001573616974594,0.0007012581231607701,0.0006612642866131528,Irish sovereign debt crisis
2010-12-13,0.0001260171728577,0.0006073485275285932,0.0007334019497539092,Irish sovereign debt crisis
2010-12-14,0.0003009486771352,0.0005502629816358375,0.0006267515325228525,Irish sovereign debt crisis
2010-12-15,0.0003046871674032,0.0005570921909907085,0.0006316534820342912,Irish sovereign debt crisis
2010-12-16,0.0002964295594015,0.0005438247716892214,0.0006107435464860053,Irish sovereign debt crisis
2010-12-17,0.0002502843251918,0.000544864785898336,0.0005766673001328988,Irish sovereign debt crisis
2010-12-20,0.0002336346535232,0.0005269286609693957,0.0004845761483413282,Irish sovereign debt crisis
2010-12-21,3.837917359869535e-05,0.0005470737061226295,0.0005553772003304469,Irish sovereign debt crisis
2010-12-22,3.241531305885467e-05,0.0005277017265651914,0.0005011179915767317,Irish sovereign debt crisis
2010-12-23,3.096351230068091e-05,0.00038882632675527024,0.0003815288000972147,Irish sovereign debt crisis
2010-12-24,5.895825329096328e-05,0.00036047848327500716,0.0003719357514141923,Irish sovereign debt crisis
2010-12-29,4.831202803705564e-05,0.0003436818171954301,0.00035177549918251474,Irish sovereign debt crisis
2010-12-30,4.210629508903392e-05,0.0003519580115517348,0.00031084029012801325,Irish sovereign debt crisis
2010-12-31,4.136524838539101e-05,0.0003550059793334173,0.0003767993434827206,Irish sovereign debt crisis
2011-01-04,0.0002526732212507,0.00038155760628178767,0.0003529217173069595,Irish sovereign debt crisis
2011-01-05,0.0003126656895903,0.0003723062277725151,0.0002680861912596624,Irish sovereign debt crisis
2011-01-06,0.0004295252460094,0.0003321635211852816,0.00022332359853249824,Irish sovereign debt crisis
2011-01-07,0.0004621597601895,0.0003342960300840746,0.00022525066312261425,Irish sovereign debt crisis
2011-01-10,0.0004618854884591,0.000322772819053774,0.00022581442297109664,Irish sovereign debt crisis
2011-01-11,0.0002916940166849,0.0003225863458526652,0.00022012750748930172,Irish sovereign debt crisis
2011-01-12,0.0003762704717606,0.0003422522339915975,0.0002573193530210372,Irish sovereign debt crisis
2011-01-13,0.0008166119377206,0.0003494135648490881,0.00025649192729466105,Irish sovereign debt crisis
2011-01-14,0.0008286997649943,0.00035445903678236465,0.00031576589916773487,Irish sovereign debt crisis
2011-01-17,0.0011016556495103,0.0003263850043153114,0.00029724961092891886,Irish sovereign debt crisis
2011-01-18,0.0010930681106918,0.0003170534759800124,0.00027037876044741033,Irish sovereign debt crisis
2011-01-19,0.0009920428604358,0.0003534239036144856,0.00033837442600942295,Irish sovereign debt crisis
2011-01-20,0.0004921538615588,0.0005518306342347995,0.00041837374683518277,Irish sovereign debt crisis
2011-01-21,0.0005020219988709,0.0005177062649320467,0.0003790806242803042,Irish sovereign debt crisis
2011-01-24,0.0003980931932221,0.0005459998768372643,0.00045685754052393797,Irish sovereign debt crisis
2011-01-25,0.0010353579748848,0.0005176964414936264,0.0004084197468270232,Irish sovereign debt crisis
2011-01-26,0.0010307578797857,0.0005162950551190809,0.00036217610650367526,Irish sovereign debt crisis
2011-01-27,0.0011116925049596,0.0003745744185870023,0.0003389916612263983,Irish sovereign debt crisis
2011-01-28,0.0013174753608742,0.0004578893873275172,0.0005717666476612731,Irish sovereign debt crisis
2011-01-31,0.001218660469043,0.0004437164606203212,0.0005654580094983909,Irish sovereign debt crisis
2011-02-01,0.0005770873233326,0.0007571331693786671,0.0010020272453242767,Irish sovereign debt crisis
2011-02-02,0.0008375345032042,0.0006917514417769693,0.0008307054456541727,Irish sovereign debt crisis
2011-02-03,0.0006999219570675,0.0007102829252256068,0.0008732897365971978,Irish sovereign debt crisis
2011-02-04,0.0005764266664527,0.0008573244483095586,0.0008371334341937371,Irish sovereign debt crisis
2011-02-07,0.0005047610795771,0.000865767984004524,0.0008568647686764884,Irish sovereign debt crisis
2011-02-08,0.0004767932523187,0.0006207516190370805,0.0005794510942359759,Irish sovereign debt crisis
2011-02-09,0.000157100909732,0.0009217470930257027,0.0006721170860603057,Irish sovereign debt crisis
2011-02-10,0.0002201564061105,0.0008014404528836606,0.0005720049022126425,Irish sovereign debt crisis
2011-02-11,0.0002636614861114,0.0006264471245300954,0.0006495681349819578,Irish sovereign debt crisis
2011-02-14,0.0005283295320976,0.000537263645573705,0.0005604982345115827,Irish sovereign debt crisis
2011-02-15,0.0006549041501897,0.0005320249397760488,0.0005608199026681602,Irish sovereign debt crisis
2011-02-16,0.0006733545041303,0.0005080486337693043,0.0005614688806270832,Irish sovereign debt crisis
2011-02-17,0.0006133378823987,0.0005129534657602065,0.0005829467677086892,Irish sovereign debt crisis
2011-02-18,0.000642152267346,0.0005176670291484298,0.0005726463965203525,Irish sovereign debt crisis
2011-02-21,0.0004998870199576,0.0004476139414200392,0.0005559531145401796,Irish sovereign debt crisis
2011-02-22,0.0004072734087505,0.000831270227087008,0.0010026755261757045,Irish sovereign debt crisis
2011-02-23,0.0005405572450438,0.0006223848183522549,0.0008809993073472407,Irish sovereign debt crisis
2011-02-24,0.0005439124867258,0.0006063836599404848,0.000779070334369895,Irish sovereign debt crisis
2011-02-25,0.0003439415485549,0.0006532802050196031,0.0010024535329033332,Irish sovereign debt crisis
2011-02-28,0.0002221034877254,0.0006312276459824593,0.0009377727153996848,Irish sovereign debt crisis
2011-03-01,0.0001882308883379,0.0006000738856723745,0.0008624161459891887,Irish sovereign debt crisis
2011-03-02,0.0001261006747111,0.000560897430944603,0.0007785600914722743,Irish sovereign debt crisis
2011-03-03,0.0001670297223133,0.0005318690682493772,0.0008619293419335713,Irish sovereign debt crisis
2011-03-04,0.0002619655371637,0.0004941834327508902,0.0007469006232055506,Irish sovereign debt crisis
2011-03-07,0.0003308675067719,0.0004936522464862966,0.0006943376721062222,Irish sovereign debt crisis
2011-03-08,0.0010373856165179,0.00048013772564179,0.0006127506128697984,Irish sovereign debt crisis
2011-03-09,0.0010893566150924,0.00048194808619193483,0.0005832313301783491,Irish sovereign debt crisis
2011-03-10,0.0018759058638911,0.0005066591098214218,0.0007400638275109798,Irish sovereign debt crisis
2011-03-11,0.0017726217681684,0.00048548873076721883,0.000680826061414731,Irish sovereign debt crisis
2011-03-14,0.0018724453273505,0.000506045501738933,0.0006950306251650171,Irish sovereign debt crisis
2011-03-15,0.0011981138310893,0.0009783765560834276,0.0009963770621308158,Irish sovereign debt crisis
2011-03-16,0.0010493401208792,0.0012965158690310427,0.001220885126327637,Irish sovereign debt crisis
2011-03-17,0.0005729055593126,0.0018720225401224625,0.0014694558748081339,Irish sovereign debt crisis
2011-03-18,0.0005944234907659,0.0015632062377934509,0.0011626055600745804,Irish sovereign debt crisis
2011-03-21,0.0004949987028365,0.0021747960761234492,0.0015253594014632652,Irish sovereign debt crisis
2011-03-22,0.0005683902268623,0.0017843935979484434,0.0011740639977390697,Irish sovereign debt crisis
2011-03-23,0.0005766658529325,0.0011625728289462035,0.0009105444547263247,Irish sovereign debt crisis
2011-03-24,0.0002337897060389,0.0011281823734508474,0.0008900093554715101,Irish sovereign debt crisis
2011-03-25,0.0007443320885266,0.0010763308723043144,0.0008020906026786729,Irish sovereign debt crisis
2011-03-28,0.0006832071881255,0.0009509246186731817,0.0006682004533399424,Irish sovereign debt crisis
2011-03-29,0.0005790730756187,0.0008947811632696787,0.0007242359077699891,Irish sovereign debt crisis
2011-03-30,0.000692247732214,0.0009166996581617549,0.0007425749635275535,Irish sovereign debt crisis
2011-03-31,0.0007061572885868,0.0006526983640514649,0.0005631223738857917,Irish sovereign debt crisis
2011-04-01,0.0001701761512147,0.0014621942636202636,0.0007412082272277809,Irish sovereign debt crisis
2011-04-04,0.0002941995998853,0.0009708451316204232,0.0006472131684916754,Irish sovereign debt crisis
2011-04-05,0.0003452908439985,0.0009050689717957718,0.0006066057106551408,Irish sovereign debt crisis
2011-04-06,0.0003220312982365,0.001009823452355402,0.0005564596176220087,Irish sovereign debt crisis
2011-04-07,0.000291025869881,0.001006904092201007,0.0005430087411314573,Irish sovereign debt crisis
2011-04-08,0.0003036816062459,0.0008048373669922301,0.0005605949909296885,Irish sovereign debt crisis
2011-04-11,0.0004743324189974,0.0007793949322844831,0.000510472792159189,Irish sovereign debt crisis
2011-04-12,0.0004899741802013,0.0007856476804761993,0.000563773146926061,Irish sovereign debt crisis
2011-04-13,0.0004116489994345,0.0007281804225092634,0.0006095450996941996,Irish sovereign debt crisis
2011-04-14,0.0004537354177182,0.0004300220176342061,0.0005634825960515708,Irish sovereign debt crisis
2011-04-15,0.0004857165712174,0.00040756383914792633,0.0004238605341031509,Irish sovereign debt crisis
2011-04-18,0.0001832624646381,0.0004758665359268968,0.0005016805229552374,Irish sovereign debt crisis
2011-04-19,0.000158102348384,0.0004354887793162921,0.00045862641285410313,Irish sovereign debt crisis
2011-04-20,0.0001610857230205,0.0005197332567077046,0.0005305882805105948,Irish sovereign debt crisis
2011-04-21,0.0002121929959865,0.0005144814970188955,0.0005068324762012224,Irish sovereign debt crisis
2011-04-26,0.0002927721117427,0.0005204466078258177,0.0005628971215187331,Irish sovereign debt crisis
2011-04-27,0.0003206259287136,0.0004949309671687517,0.00042799474938774496,Irish sovereign debt crisis
2011-04-28,0.0007754512835603,0.0004942617037388731,0.00041808815880580764,Irish sovereign debt crisis
2011-04-29,0.0007923730601877,0.00039144155970749744,0.00035885358864109747,Irish sovereign debt crisis
2011-05-03,0.0008174121122366,0.00039085646755501817,0.00035864771973953405,Irish sovereign debt crisis
2011-05-04,0.0007378612660935,0.00040019453723764785,0.00037847384755587416,Irish sovereign debt crisis
2011-05-05,0.000766505509506,0.00039242462505620904,0.0004168509105703831,Irish sovereign debt crisis
2011-05-06,0.0002690674024528,0.0006656249070444472,0.00046023873866431414,Irish sovereign debt crisis
2011-05-09,0.0002687495880515,0.0006388243530890549,0.0004524527512570235,Irish sovereign debt crisis
2011-05-10,0.0001628521385869,0.0006625845407382455,0.0005195773931817713,Irish sovereign debt crisis
2011-05-11,0.0001615486872871,0.0006928883601664223,0.0005449560285456141,Irish sovereign debt crisis
2011-05-12,0.0001741208637971,0.0006326386511140205,0.0005131059621108958,Irish sovereign debt crisis
2011-05-13,0.0001918173931921,0.00044286666468601986,0.0004849748281710104,Irish sovereign debt crisis
2011-05-16,0.0005447337748339,0.00045106968797677875,0.0004752804764761168,Irish sovereign debt crisis
2011-05-17,0.0005615681166702,0.00039642064726094225,0.0004594078386833987,Irish sovereign debt crisis
2011-05-18,0.0005265735464851,0.00040465223866536593,0.00041743248637861216,Irish sovereign debt crisis
2011-05-19,0.0004598497149208,0.0004066019540215238,0.0004101319928120613,Irish sovereign debt crisis
2011-05-20,0.000635836038922,0.0004363439953775097,0.0004253848926822779,Irish sovereign debt crisis
2011-05-23,0.0002542258972529,0.0005492754598544844,0.0005686138541075549,Irish sovereign debt crisis
2011-05-24,0.0002451204546826,0.0005008739570398565,0.0004987618793765,Irish sovereign debt crisis
2011-05-25,0.00023608421247,0.00042893136357716394,0.0004568632223287405,Irish sovereign debt crisis
2011-05-26,0.0002360739641591,0.0004278938494436927,0.00045916204182686727,Irish sovereign debt crisis
2011-05-27,0.0001031141943908,0.00046962059425670734,0.000487262707229811,Irish sovereign debt crisis
2011-05-30,0.0001174432024384,0.0003798416497099925,0.0003852208741755508,Irish sovereign debt crisis
2011-05-31,0.0002012159207545,0.00039900190517156385,0.00045106068363522475,Irish sovereign debt crisis
2011-06-01,0.0003770231788641,0.0005581189023942393,0.0007060644816981245,Irish sovereign debt crisis
2011-06-02,0.0006585394098503,0.0005400707390089216,0.0006079896843335514,Irish sovereign debt crisis
2011-06-03,0.0006561447737484,0.0005449236125027898,0.000591636788341807,Irish sovereign debt crisis
2011-06-07,0.0006534116155,0.0005400707390089216,0.0005477818810427227,Irish sovereign debt crisis
2011-06-08,0.0006811706498726,0.0005293367340151414,0.0005138160709873344,Irish sovereign debt crisis
2011-06-09,0.0005708038895081,0.00047725207859288584,0.00045775037756012416,Irish sovereign debt crisis
2011-06-10,0.0003398091545036,0.0005764341912568042,0.0006429112200503699,Irish sovereign debt crisis
2011-06-13,0.0003033197099587,0.0005012093046753216,0.0005276512367968329,Irish sovereign debt crisis
2011-06-14,0.0004197416699479,0.000596444812877302,0.000635777953400163,Irish sovereign debt crisis
2011-06-15,0.0002880944679184,0.0006452346287269619,0.0008039582601206183,Irish sovereign debt crisis
2011-06-16,0.0003556412767805,0.0005450984009264034,0.0006598925616012108,Irish sovereign debt crisis
2011-06-17,0.0003069066576427,0.0005121840219834182,0.0006146893525185797,Irish sovereign debt crisis
2011-06-20,0.0002864121834929,0.0005134593087019504,0.0006008341388388633,Irish sovereign debt crisis
2011-06-21,0.0002196368233179,0.0005537155002684418,0.0007209348340682538,Irish sovereign debt crisis
2011-06-22,0.0003246814736793,0.0004319921595150481,0.0005575780293686351,Irish sovereign debt crisis
2011-06-23,0.0002058953384963,0.0004798306729458472,0.0005270919977848371,Irish sovereign debt crisis
2011-06-24,0.0003865578240864,0.0005355380744724256,0.0005727312082706429,Irish sovereign debt crisis
2011-06-27,0.0004349187148324,0.0005454198905449177,0.0005719674120209359,Irish sovereign debt crisis
2011-06-28,0.0003763971749753,0.0005400207620607567,0.0006114633894266918,Irish sovereign debt crisis
2011-06-29,0.0004819890680852,0.0005684638404054563,0.0006189178725119174,Irish sovereign debt crisis
2011-06-30,0.000475442004005,0.0006157764780049488,0.0006132713587348282,Irish sovereign debt crisis
2011-07-01,0.0003558532502498,0.0006975908835084351,0.0007493347681730467,Irish sovereign debt crisis
2011-07-04,0.000524735216971,0.0005669012338183089,0.0007596055567623523,Irish sovereign debt crisis
2011-07-05,0.0005280626170032,0.0005201678276572063,0.0006293327289915993,Irish sovereign debt crisis
2011-07-06,0.0003701954674385,0.0005220808602506792,0.0006790129496414901,Irish sovereign debt crisis
2011-07-07,0.0004000645152704,0.0005314600027945124,0.0007372691362493765,Irish sovereign debt crisis
2011-07-08,0.000429882367818,0.000518224647930434,0.0006546924357271829,Irish sovereign debt crisis
2011-07-11,0.0003702011779707,0.0007247427933680578,0.0008178493540902887,Irish sovereign debt crisis
2011-07-12,0.0003764875448331,0.000581761051608479,0.0006659990526479344,Irish sovereign debt crisis
2011-07-13,0.0004227647222683,0.000571074505604813,0.0006436981836095254,Irish sovereign debt crisis
2011-07-14,0.0004226493309332,0.0005598676784533982,0.0006389737536675464,Irish sovereign debt crisis
2011-07-15,0.0005210151510169,0.0005321991674297709,0.0006057020311585927,Irish sovereign debt crisis
2011-07-18,0.0003793598513787,0.0004666896774707998,0.0005274281159192302,Irish sovereign debt crisis
2011-07-19,0.0004253740632483,0.0005638207636963468,0.0006591200255036215,Irish sovereign debt crisis
2011-07-20,0.0004995490682663,0.0005306332416779478,0.0006187153374221866,Irish sovereign debt crisis
2011-07-21,0.0005538123930077,0.0005545380459215612,0.0007000919496172808,Irish sovereign debt crisis
2011-07-22,0.0003580378156839,0.0005878677154816376,0.0006930642252903394,Irish sovereign debt crisis
2011-07-25,0.0008738279859166,0.0005183888111557688,0.0006416179234436595,Irish sovereign debt crisis
2011-07-26,0.0010901243410283,0.0004168939188048214,0.0005753099558737511,Irish sovereign debt crisis
2011-07-27,0.0016257708277869,0.0006497657492165608,0.0008869087946191999,Irish sovereign debt crisis
2011-07-28,0.0028388362820366,0.0005405880474173848,0.0007324120514118216,Irish sovereign debt crisis
2011-07-29,0.0030756915712545,0.0005212001893758558,0.000688092971010329,Irish sovereign debt crisis
2011-08-01,0.004584086415722,0.000981894892334793,0.0009077146496054748,Irish sovereign debt crisis
2011-08-02,0.0051389463470098,0.0014598362982338213,0.0013300702688529237,Irish sovereign debt crisis
2011-08-03,0.0049673392232828,0.0014989660949214362,0.0012804306669581902,Irish sovereign debt crisis
2011-08-04,0.0039252667959771,0.0030315367356577084,0.0031197167075723204,Irish sovereign debt crisis
2011-08-05,0.0045076621403463,0.0028097050733375925,0.002544041457472209,Irish sovereign debt crisis
2011-08-08,0.0025944907897316,0.004391577135740455,0.0050599067778864144,Irish sovereign debt crisis
2011-08-09,0.0017719604316772,0.004482175224508141,0.005777951923296595,Irish sovereign debt crisis
2011-08-10,0.0013617180721614,0.004337091546794791,0.005819103215398738,Irish sovereign debt crisis
2011-08-11,0.0030748658094314,0.0038884225844077183,0.0057085899718781075,Irish sovereign debt crisis
2011-08-12,0.0024584232015146,0.004079024768677545,0.005502989043194602,Irish sovereign debt crisis
2011-08-15,0.002505162597897,0.0036160310700456425,0.004807271476950329,Irish sovereign debt crisis
2011-08-16,0.0025165419748419,0.0034829482715896553,0.00393526294193265,Irish sovereign debt crisis
2011-08-17,0.0025620991518453,0.003301514233153896,0.0031892382634769786,Irish sovereign debt crisis
2011-08-18,0.0006540369455769,0.003629799953733234,0.004148484177778333,Irish sovereign debt crisis
2011-08-19,0.0005169233169286,0.0033790174013734863,0.004070230237784003,Irish sovereign debt crisis
2011-08-22,0.0006288285999069,0.0033315750666521133,0.003297441519290815,Irish sovereign debt crisis
2011-08-23,0.0006285418510312,0.003462314498640879,0.004411565804393488,Irish sovereign debt crisis
2011-08-24,0.0017532634097871,0.0033908915606690793,0.00428688905300066,Irish sovereign debt crisis
2011-08-25,0.0017798864851331,0.0029613460820453294,0.0030514355723243428,Irish sovereign debt crisis
2011-08-26,0.0027053966686985,0.002867799756863394,0.002921231468276445,Irish sovereign debt crisis
2011-08-29,0.0036568278752657,0.003218607642087037,0.0033498357288375084,Irish sovereign debt crisis
2011-08-30,0.0036564750909318,0.0027403723939753836,0.00265904311881525,Irish sovereign debt crisis
2011-08-31,0.003187804492639,0.0030977530065393853,0.0033137439322760472,Irish sovereign debt crisis
2011-09-01,0.0030964058011646,0.0030577614927111336,0.003323446107066924,Irish sovereign debt crisis
2011-09-02,0.0031404441159064,0.0033255771864242507,0.0038694815214915137,Irish sovereign debt crisis
2011-09-05,0.0025606654560595,0.003316034200783212,0.0036384898741174663,Irish sovereign debt crisis
2011-09-06,0.0027490242385842,0.0032555631879932125,0.003588919529111557,Irish sovereign debt crisis
2011-09-07,0.0023362638124591,0.003455699920579916,0.003659517291272739,Irish sovereign debt crisis
2011-09-08,0.0023351181225208,0.0033359903300019113,0.0028645089937154177,Irish sovereign debt crisis
2011-09-09,0.0014787398691514,0.0034693492411837275,0.003477851577118089,Irish sovereign debt crisis
2011-09-12,0.0010892390241872,0.003283581482418763,0.003040360308870124,Irish sovereign debt crisis
2011-09-13,0.0010846835012877,0.0032946802308234957,0.0030619402697831823,Irish sovereign debt crisis
2011-09-14,0.0010530468704902,0.003110756680091244,0.002683272718944438,Irish sovereign debt crisis
2011-09-15,0.0021131916626542,0.0030982200216564484,0.002722881314959551,Irish sovereign debt crisis
2011-09-16,0.0021944193092341,0.002487304491026794,0.0020841157352136544,Irish sovereign debt crisis
2011-09-19,0.0021525791261743,0.0022592692362669287,0.0018438211444076595,Irish sovereign debt crisis
2011-09-20,0.0029503006745167,0.0022136103077774285,0.0017235393384184279,Irish sovereign debt crisis
2011-09-21,0.0026209374989219,0.0027989320026951727,0.0022709872249663276,Irish sovereign debt crisis
2011-09-22,0.0015748592241109,0.003148233905261895,0.002817044070194775,Irish sovereign debt crisis
2011-09-23,0.0013246865862887,0.003021068043880675,0.002734917567414642,Irish sovereign debt crisis
2011-09-26,0.0011327628135712,0.003291754518693848,0.003024534192247893,Irish sovereign debt crisis
2011-09-27,0.0013889309943093,0.0031173971529486902,0.0030739218558001333,Irish sovereign debt crisis
2011-09-28,0.0017599211175905,0.0030167224813217285,0.0029233640115304336,Irish sovereign debt crisis
2011-09-29,0.0024988900337755,0.002706817221002188,0.0022672188051356423,Irish sovereign debt crisis
2011-09-30,0.002512262005781,0.003285217268221874,0.002443078844683877,Irish sovereign debt crisis
2011-10-03,0.002595314977979,0.0033174256623128505,0.0025081461987828332,Irish sovereign debt crisis
2011-10-04,0.0014842882900869,0.003366569587310602,0.002575279567153111,Irish sovereign debt crisis
2011-10-05,0.0014072202435644,0.003293987796617301,0.0024940278758677193,Irish sovereign debt crisis
2011-10-06,0.0008348630793281,0.0033691396098822365,0.0028066727887480778,Irish sovereign debt crisis
2011-10-07,0.0009720584028209,0.002923715939704863,0.002438781006934234,Irish sovereign debt crisis
2011-10-10,0.0008924388724945,0.0034059409777311344,0.002762250595390336,Irish sovereign debt crisis
2011-10-11,0.0007727507238895,0.0032007776959256215,0.0020630361257042177,Irish sovereign debt crisis
2011-10-12,0.0004602601805298,0.00313176781326415,0.0021219532861374395,Irish sovereign debt crisis
2011-10-13,0.0003427849876179,0.0029774912698316003,0.0018044941501365365,Irish sovereign debt crisis
2011-10-14,0.0003154372968413,0.003127750568958337,0.0020139359104693064,Irish sovereign debt crisis
2011-10-17,0.0008144833572595,0.002877292379627301,0.0017585628513918773,Irish sovereign debt crisis
2011-10-18,0.0009619783838395,0.0030048859398076806,0.0018563488058019532,Irish sovereign debt crisis
2011-10-19,0.0009435900761208,0.00249607015337656,0.0017425736643785885,Irish sovereign debt crisis
2011-10-20,0.0022431764279354,0.0024990785823747245,0.001634164348034048,Irish sovereign debt crisis
2011-10-21,0.0021226823591298,0.002573158021456233,0.001600077418404115,Irish sovereign debt crisis
2011-10-24,0.0017136375389404,0.0026898896288281493,0.0016704389380291448,Irish sovereign debt crisis
2011-10-25,0.0034355385138331,0.002704563325593604,0.0017119350669251674,Irish sovereign debt crisis
2011-10-26,0.0034181009451231,0.0026104443291300947,0.0016143647863014348,Irish sovereign debt crisis
2011-10-27,0.0027967181949416,0.003421183880903979,0.0025002898208578953,Irish sovereign debt crisis
2011-10-28,0.002825517013518,0.00309208376056165,0.0019317273904905878,Irish sovereign debt crisis
2011-10-31,0.0026960082749567,0.0033386982659599548,0.002395525562492599,Irish sovereign debt crisis
2011-11-01,0.0008558228599653,0.0034645997087804116,0.0030297423514181795,Irish sovereign debt crisis
2011-11-02,0.0009477645793561,0.0033485414772894025,0.002907611873937172,Irish sovereign debt crisis
2011-11-03,0.0002042048313062,0.0032087181029325975,0.0027192898127422318,Irish sovereign debt crisis
2011-11-04,0.0003338360156771,0.0029668444962556344,0.002602293265107403,Irish sovereign debt crisis
2011-11-07,0.0003345996090318,0.0028430849223747647,0.0020767557349159844,Irish sovereign debt crisis
2011-11-08,0.0004036877356547,0.0026361711953634755,0.0016644303861717787,Irish sovereign debt crisis
2011-11-09,0.0003475501975488,0.0029953088030907687,0.0022959708139407235,Irish sovereign debt crisis
2011-11-10,0.0005822964338474,0.0024030375614362237,0.0016723387046446458,Irish sovereign debt crisis
2011-11-11,0.0005536525258606,0.0026900732763628222,0.0018683949112309056,Irish sovereign debt crisis
2011-11-14,0.0009590594045299,0.0027012374616015937,0.0018151543375146586,Irish sovereign debt crisis
2011-11-15,0.0008427628617279,0.0023925933275553346,0.0017406028739612148,Irish sovereign debt crisis
2011-11-16,0.0009626925024899,0.0021508352072250364,0.0014428961460198027,Irish sovereign debt crisis
2011-11-17,0.0007280572825992,0.00231126272298663,0.0016908279393366072,Irish sovereign debt crisis
2011-11-18,0.0005974058711226,0.0017619688031047073,0.0014645835152455745,Irish sovereign debt crisis
2011-11-21,0.0014083778811167,0.0027605415206536205,0.0018542783514639252,Irish sovereign debt crisis
2011-11-22,0.0014089629913386,0.00267869172939283,0.0016980377601140328,Irish sovereign debt crisis
2011-11-23,0.0034301204708532,0.0027250847924044403,0.0019175754674272175,Irish sovereign debt crisis
2011-11-24,0.0036370082038356,0.0028870273824580265,0.0018343667814442269,Irish sovereign debt crisis
2011-11-25,0.0036391810106512,0.002291187429364091,0.0016789767079360932,Irish sovereign debt crisis
2011-11-28,0.0026712077392242,0.0030187468056361265,0.002243295482735424,Irish sovereign debt crisis
2011-11-29,0.0026920937678076,0.0028749854682307945,0.0019979038932921495,Irish sovereign debt crisis
2011-11-30,0.0005260363196346,0.0036244895812454236,0.003484822985786442,Irish sovereign debt crisis
2011-12-01,0.0004749520987153,0.0031021777537444525,0.0027932693873606723,Irish sovereign debt crisis
2011-12-02,0.0005145671965899,0.003091722474222503,0.0025978677867622133,Irish sovereign debt crisis
2011-12-05,0.0003876605546742,0.002921265182162501,0.0025103577325821603,Irish sovereign debt crisis
2011-12-06,0.0003626238965215,0.002882573221198679,0.0023650317572387293,Irish sovereign debt crisis
2011-12-07,0.0005853156919417,0.0016109162043108013,0.0010157506977790417,Irish sovereign debt crisis
2011-12-08,0.0005302262839242,0.0018215991960935788,0.0015235084488555042,Irish sovereign debt crisis
2011-12-09,0.0005192751734981,0.0021608348357271723,0.0015929853665359248,Irish sovereign debt crisis
2011-12-12,0.0004040550655199,0.002172148221119802,0.001550763729680249,Irish sovereign debt crisis
2011-12-13,0.0007037375890284,0.002122126440111741,0.0014433043976787624,Irish sovereign debt crisis
2011-12-14,0.0005656670769103,0.0022246558681082453,0.0017283855442038502,Irish sovereign debt crisis
2011-12-15,0.0005533182956089,0.0017246927586671416,0.0014372408724357614,Irish sovereign debt crisis
2011-12-16,0.000609434441683,0.0017058316062667186,0.0012502257033527486,Irish sovereign debt crisis
2011-12-19,0.0006600284843163,0.0016770790499432572,0.0011885576980792028,Irish sovereign debt crisis
2011-12-20,0.0003430511033281,0.002533340466696226,0.001844973670786788,Irish sovereign debt crisis
2011-12-21,0.0006345678205856,0.002143088791107851,0.0015271065200516214,Irish sovereign debt crisis
2011-12-22,0.0009471491499415,0.0021658035138379813,0.0016228384737847878,Irish sovereign debt crisis
2011-12-23,0.0011654286392613,0.0021774491186351804,0.0016235742333598818,Irish sovereign debt crisis
2011-12-28,0.0011366742381109,0.0022455060406229564,0.001674662892265431,Irish sovereign debt crisis
2011-12-29,0.001137201794284,0.001683107860050056,0.0012191010207445493,Irish sovereign debt crisis
2011-12-30,0.000964293136226,0.0017356920738021192,0.001176537781481694,Irish sovereign debt crisis
2012-01-03,0.0008103041467365,0.0017831005824936032,0.0013205033718102228,Irish sovereign debt crisis
2012-01-04,0.0006064285078691,0.001335384297665804,0.0010032417818409915,Irish sovereign debt crisis
2012-01-05,0.0006679047233768,0.001081073315256242,0.0007954664970716911,Irish sovereign debt crisis
2012-01-06,0.0006790873993526,0.0009973584344675733,0.0007477394924917656,Irish sovereign debt crisis
2012-01-09,0.0004694909059713,0.001012851475128895,0.0007309003752581587,Irish sovereign debt crisis
2012-01-10,0.000229923740566,0.0011636591592311142,0.0006742977851962185,Irish sovereign debt crisis
2012-01-11,0.0001226627534277,0.0009568917102832098,0.0006677713441122798,Irish sovereign debt crisis
2012-01-12,0.0008347908809912,0.000893705624301206,0.0006086079608993242,Irish sovereign debt crisis
2012-01-13,0.0009306396008836,0.0007778030396878304,0.0006088536812995693,Irish sovereign debt crisis
2012-01-16,0.0009274567804263,0.0005427065644501635,0.0006004176489288269,Irish sovereign debt crisis
2012-01-17,0.0009776660122758,0.0005071209587255861,0.0005001365340330199,Irish sovereign debt crisis
2012-01-18,0.0009719289934504,0.0005063276068040081,0.0005170353130543078,Irish sovereign debt crisis
2012-01-19,0.0003530890536595,0.0011476550988617834,0.0007743131346193862,Irish sovereign debt crisis
2012-01-20,0.0002726723549212,0.0010903384112055275,0.0007340612581221633,Irish sovereign debt crisis
2012-01-23,0.0003062288173899,0.001052734185950747,0.0006928324974241637,Irish sovereign debt crisis
2012-01-24,0.0002848147824827,0.0008274939613534949,0.0005848281459205125,Irish sovereign debt crisis
2012-01-25,0.0006800274693209,0.0008179274313513561,0.0005847873232740137,Irish sovereign debt crisis
2012-01-26,0.0004970070546555,0.0005511815526835501,0.0005242166496790451,Irish sovereign debt crisis
2012-01-27,0.000972037049589,0.0005017658011439818,0.00047213941479434064,Irish sovereign debt crisis
2012-01-30,0.0009382978632954,0.0005076946826959433,0.00047908442588761197,Irish sovereign debt crisis
2012-01-31,0.0009254203618531,0.0004993799516254582,0.00047778625133257314,Irish sovereign debt crisis
2012-02-01,0.000558827789679,0.0007171117645027688,0.0005879943740286553,Irish sovereign debt crisis
2012-02-02,0.0005724505670741,0.0005010285559323728,0.00043604404876686404,Irish sovereign debt crisis
2012-02-03,9.90731636907794e-05,0.0008729073973000491,0.0007099766459477088,Irish sovereign debt crisis
2012-02-06,9.882969138570915e-05,0.0007789264136353871,0.0005700308380060408,Irish sovereign debt crisis
2012-02-07,7.782010134860853e-05,0.0007849962287634852,0.0005923669534508519,Irish sovereign debt crisis
2012-02-08,0.0001990491814938,0.00048780013996251677,0.0004905445212163535,Irish sovereign debt crisis
2012-02-09,0.000184753315562,0.0004154084692524623,0.000472845301125713,Irish sovereign debt crisis
2012-02-10,0.0003495764864747,0.00037063244850318665,0.00036107881845147573,Irish sovereign debt crisis
2012-02-13,0.0004450388514484,0.0003721127020783025,0.0003820818586962455,Irish sovereign debt crisis
2012-02-14,0.0004968827159246,0.0003707951511544306,0.00036609773018962536,Irish sovereign debt crisis
2012-02-15,0.0003732567852438,0.00038992506690667714,0.0004080228551202048,Irish sovereign debt crisis
2012-02-16,0.0003747385461407,0.0003730432652639242,0.0005228459965190997,Irish sovereign debt crisis
2012-02-17,0.000266862666281,0.0004540579489494083,0.0004797430906139786,Irish sovereign debt crisis
2012-02-20,0.0001778922065501,0.0003662874168436473,0.00041272611721006726,Irish sovereign debt crisis
2012-02-21,0.0001335729970725,0.000380959545632792,0.0004125060999713421,Irish sovereign debt crisis
2012-02-22,0.0001770554418069,0.00037866897635017733,0.00038908841511971345,Irish sovereign debt crisis
2012-02-23,0.0002640444929139,0.0003799184188408365,0.0003493797396902904,Irish sovereign debt crisis
2012-02-24,0.0002477855324814,0.00036299639072840415,0.0003396631268234278,Irish sovereign debt crisis
2012-02-27,0.0003885674258838,0.00035492778681469835,0.00031563859859921905,Irish sovereign debt crisis
2012-02-28,0.0012467220466065,0.00035492778681469835,0.00030754691003909406,Irish sovereign debt crisis
2012-02-29,0.0012011284544807,0.0003545565095914323,0.00032402663343252246,Irish sovereign debt crisis
2012-03-01,0.0018875608115503,0.0003566148366262838,0.0003506054979650949,Irish sovereign debt crisis
2012-03-02,0.0018991567354748,0.00034270063853075814,0.00031673864929832155,Irish sovereign debt crisis
2012-03-05,0.002058409832348,0.000362608784599466,0.00035894611259570627,Irish sovereign debt crisis
2012-03-06,0.0015042093112439,0.0007455299295549306,0.0006562013847756492,Irish sovereign debt crisis
2012-03-07,0.0014926866838138,0.0006847088596045634,0.0005848018352353533,Irish sovereign debt crisis
2012-03-08,0.0008744353894331,0.0009463429302092051,0.0008696562709486715,Irish sovereign debt crisis
2012-03-09,0.0009231485720536,0.0008704985260454345,0.000793012937732137,Irish sovereign debt crisis
2012-03-12,0.0006660103101381,0.0010362723808622547,0.0009056665704990489,Irish sovereign debt crisis
2012-03-13,0.0004300617100477,0.0012552933228878193,0.000974005009904561,Irish sovereign debt crisis
2012-03-14,0.0004198378493761,0.001136197793560027,0.0008164260445578278,Irish sovereign debt crisis
2012-03-15,0.000386876278516,0.0011294138939115489,0.0007545837501787724,Irish sovereign debt crisis
2012-03-16,0.000257059026152,0.0011022447057960146,0.0007058350269731899,Irish sovereign debt crisis
2012-03-19,0.0002175091340733,0.0008508923309843874,0.0006651471131010562,Irish sovereign debt crisis
2012-03-20,0.0001405024532494,0.000624791392411964,0.0005027115246742942,Irish sovereign debt crisis
2012-03-21,0.0001414185766082,0.0006181229240241884,0.0004786450637374349,Irish sovereign debt crisis
2012-03-22,0.0002827027899645,0.0006360414634730825,0.0005190609909212039,Irish sovereign debt crisis
2012-03-23,0.0003270397002669,0.0006135320722835561,0.0004890134226964402,Irish sovereign debt crisis
2012-03-26,0.0004371314243485,0.0007081884458288391,0.0005995138397268865,Irish sovereign debt crisis
2012-03-27,0.0004857621138277,0.0006661099264169747,0.000532372818080588,Irish sovereign debt crisis
2012-03-28,0.0008842492166266,0.0007018056605016695,0.0005478394380046568,Irish sovereign debt crisis
2012-03-29,0.0006192803496344,0.0007274527620354443,0.0006007779481222613,Irish sovereign debt crisis
2012-03-30,0.0009418199514932,0.0007082977017393751,0.0005964594457694805,Irish sovereign debt crisis
2012-04-02,0.0008211156785595,0.0007204961653290436,0.0005775815369424072,Irish sovereign debt crisis
2012-04-03,0.0010895977206503,0.0007319922441013956,0.0005761744163881457,Irish sovereign debt crisis
2012-04-04,0.0007097674581631,0.0011850820214593023,0.0007704092299921392,Irish sovereign debt crisis
2012-04-05,0.000711448407492,0.0006041398889647544,0.0005868918771639204,Irish sovereign debt crisis
2012-04-10,0.0005559856469024,0.0012891868702809806,0.0009038809975429208,Irish sovereign debt crisis
2012-04-11,0.0005558958360845,0.00081414585021749,0.0007125359191078277,Irish sovereign debt crisis
2012-04-12,0.0002576418447785,0.0009924556408423602,0.0009192250662543032,Irish sovereign debt crisis
2012-04-13,0.0002807678864529,0.0006555449516084564,0.0007887828188306606,Irish sovereign debt crisis
2012-04-16,0.0007611120577862,0.0006233674185396499,0.0006465397267776501,Irish sovereign debt crisis
2012-04-17,0.0005751022349,0.0005800538292787582,0.0007223407689048237,Irish sovereign debt crisis
2012-04-18,0.0007267093997854,0.0005294861287127942,0.0006408409316814009,Irish sovereign debt crisis
2012-04-19,0.0007089228864038,0.0004968067738386218,0.0005267961080681983,Irish sovereign debt crisis
2012-04-20,0.0007437076778707,0.0004530295634850071,0.00048631914565939387,Irish sovereign debt crisis
2012-04-23,0.0002931474871612,0.0008142487545641666,0.0006803388850698571,Irish sovereign debt crisis
2012-04-24,0.000398333743416,0.0005065258278065855,0.0005170567925255026,Irish sovereign debt crisis
2012-04-25,0.0002507225403228,0.0007247525632304537,0.0006583130470348144,Irish sovereign debt crisis
2012-04-26,0.0002725433973812,0.0006634124633956059,0.0006256718349929477,Irish sovereign debt crisis
2012-04-27,0.0009704557636997,0.0008432463315524294,0.0006253658872081277,Irish sovereign debt crisis
2012-04-30,0.0012640975723665,0.0005081846624237801,0.0005021705998012505,Irish sovereign debt crisis
2012-05-01,0.0011478634202651,0.00054888882186489,0.0005491531275351848,Irish sovereign debt crisis
2012-05-02,0.0011751807497224,0.0004287569455808379,0.0004385219144754824,Irish sovereign debt crisis
2012-05-03,0.001198761660031,0.0004176113814298931,0.0004490798834276886,Irish sovereign debt crisis
2012-05-04,0.0009119810846565,0.0011059389117391506,0.0008109403055283566,Irish sovereign debt crisis
2012-05-08,0.0005882045695545,0.0012438149507458481,0.0008468650645931422,Irish sovereign debt crisis
2012-05-09,0.0005735681187179,0.000992262126266188,0.0007669676452635693,Irish sovereign debt crisis
2012-05-10,0.0009080537928376,0.000992262126266188,0.000759932762031273,Irish sovereign debt crisis
2012-05-11,0.0008757686988345,0.00086735851706977,0.0007049066391210033,Irish sovereign debt crisis
2012-05-14,0.000413752575891,0.0010512636540563815,0.0007214360106157482,Irish sovereign debt crisis
2012-05-15,0.000756138926123,0.0005758484096744986,0.0005844554086233183,Irish sovereign debt crisis
2012-05-16,0.0010539459646037,0.000552595723729193,0.0005943979216436375,Irish sovereign debt crisis
2012-05-17,0.0007299628144712,0.0011953066440790856,0.0008281442868462107,Irish sovereign debt crisis
2012-05-18,0.000860475952484,0.0010035496207560486,0.0007403902536738037,Irish sovereign debt crisis
2012-05-21,0.0008441064241306,0.0006879100267656695,0.0007429844008571772,Irish sovereign debt crisis
2012-05-22,0.0006611190948097,0.00120837898437623,0.0008364207438300514,Irish sovereign debt crisis
2012-05-23,0.0005253509606387,0.0012560102935296092,0.0009240716080536004,Irish sovereign debt crisis
2012-05-24,0.0006646413487044,0.0009621463501963496,0.0007095204829753036,Irish sovereign debt crisis
2012-05-25,0.0007693698673106,0.0011373425250461643,0.0007381862501939371,Irish sovereign debt crisis
2012-05-28,0.0010595073688372,0.0009573639864204702,0.000521636920235474,Irish sovereign debt crisis
2012-05-29,0.0014904919212658,0.0008534461962540614,0.0006661798203847329,Irish sovereign debt crisis
2012-05-30,0.0013339532010698,0.0008494821892519427,0.0007730714797845028,Irish sovereign debt crisis
2012-05-31,0.0011566845231512,0.0009198244704440376,0.000747478584172854,Irish sovereign debt crisis
2012-06-01,0.0009093235411718,0.001542694664951298,0.0012005546828863071,Irish sovereign debt crisis
2012-06-05,0.0006243825123845,0.0015279668585224879,0.0012130890455496362,Irish sovereign debt crisis
2012-06-06,3.683155556567367e-05,0.0020179756831243782,0.0017324643578758116,Irish sovereign debt crisis
2012-06-07,6.219261672162817e-05,0.0017133285957595858,0.0012601351925889785,Irish sovereign debt crisis
2012-06-08,0.0004900037124654,0.0017223941851134622,0.001203070081674091,Irish sovereign debt crisis
2012-06-11,0.0004876814444338,0.001700522836721562,0.001014027437592311,Irish sovereign debt crisis
2012-06-12,0.0004953435137968,0.0014231524299572684,0.0010023728838164784,Irish sovereign debt crisis
2012-06-13,0.000493502520335,0.0011807189574401739,0.0006270448360449142,Irish sovereign debt crisis
2012-06-14,0.0005136690396721,0.000825658395524067,0.0006545514452499714,Irish sovereign debt crisis
2012-06-15,0.0001239450151039,0.00125145055086784,0.000894437178978255,Irish sovereign debt crisis
2012-06-18,0.0001864735488288,0.0012139412808175275,0.0007477654846574806,Irish sovereign debt crisis
2012-06-19,0.0001668755537067,0.0009234184978956987,0.0007778045115409608,Irish sovereign debt crisis
2012-06-20,0.0003375823954895,0.0009006551975044541,0.000695235733897964,Irish sovereign debt crisis
2012-06-21,0.0002911289506697,0.0009888811415194436,0.0009588505899836159,Irish sovereign debt crisis
2012-06-22,0.0008428790675883,0.0008015372540596166,0.0006942233844466289,Irish sovereign debt crisis
2012-06-25,0.0007959871026811,0.0008337794929954187,0.0008272366559597703,Irish sovereign debt crisis
2012-06-26,0.0008655180374289,0.0008060173808325704,0.0007011003230416801,Irish sovereign debt crisis
2012-06-27,0.0007748661952643,0.000842299910653005,0.0008582831246093443,Irish sovereign debt crisis
2012-06-28,0.0007716223015196,0.0007075484169781758,0.0006888199515142396,Irish sovereign debt crisis
2012-06-29,0.0003464757100013,0.0013922401067061072,0.0011872913795195942,Irish sovereign debt crisis
2012-07-02,0.0003303199086254,0.001095393458088724,0.0009436007703026407,Irish sovereign debt crisis
2012-07-03,0.0002742690085633,0.0011043766731261182,0.0009720762595700402,Irish sovereign debt crisis
2012-07-04,0.0001935675983431,0.000983424107876432,0.0008931345282713925,Irish sovereign debt crisis
2012-07-05,0.0003305013483553,0.0009517009179254891,0.0008168879791447305,Irish sovereign debt crisis
2012-07-06,0.0002393561578934,0.0006028551275896114,0.0005003406217684053,Irish sovereign debt crisis
2012-07-09,0.0004044778677336,0.0005810518508008957,0.0004887810407940229,Irish sovereign debt crisis
2012-07-10,0.0003886265575766,0.0005685998091428843,0.0004804709474647691,Irish sovereign debt crisis
2012-07-11,0.0003869830646088,0.0004936666756975149,0.0005225023280703581,Irish sovereign debt crisis
2012-07-12,0.0002916138393047,0.000450173337883135,0.0004734345410609492,Irish sovereign debt crisis
2012-07-13,0.0003130165285309,0.0006456213546033783,0.0005560190113369955,Irish sovereign debt crisis
2012-07-16,0.0006882857985253,0.0005970300331651593,0.0005588732047712965,Irish sovereign debt crisis
2012-07-17,0.0010634134245058,0.0005194506294604338,0.0005034655358662653,Irish sovereign debt crisis
2012-07-18,0.0010717550989607,0.0005706271107285521,0.0005941206711545603,Irish sovereign debt crisis
2012-07-19,0.0013777585884628,0.0005051673058545088,0.0004965366987785148,Irish sovereign debt crisis
2012-07-20,0.0013432910498788,0.000510942817799762,0.00048626513443629016,Irish sovereign debt crisis
2012-07-23,0.0010484287193964,0.0006129385071670683,0.0006339281880936529,Irish sovereign debt crisis
2012-07-24,0.0007362845517199,0.0009298172968764593,0.0007420414897897582,Irish sovereign debt crisis
2012-07-25,0.0007945624563195,0.0007932307470655985,0.0006674469439642258,Irish sovereign debt crisis
2012-07-26,0.000447414262391,0.001030751661706263,0.0009430015768062573,Irish sovereign debt crisis
2012-07-27,0.0004691188767637,0.0011115168200255877,0.00101536395250675,calm
2012-07-30,0.0003228535807582,0.0011796970350161193,0.0009185142691907807,calm
2012-07-31,0.0003127531155646,0.0008241480460230121,0.0007218870587213935,calm
2012-08-01,0.0002624626629627,0.0008741151575107515,0.0007358241952295063,calm
2012-08-02,0.0003492001485173,0.0005356400749289843,0.0006480782183681396,calm
2012-08-03,0.0002788899969679,0.0005779803237945336,0.0006966088652782798,calm
2012-08-06,0.0002045677157609,0.0006012809865368637,0.0006169572355517968,calm
2012-08-07,0.0002424183977946,0.0005355296654892003,0.0006071739466683246,calm
2012-08-08,0.0002699260582139,0.00054445162769782,0.000585242754662726,calm
2012-08-09,0.0001833234183349,0.0005708179652621648,0.0006145866226136823,calm
2012-08-10,0.0002794745082384,0.00047941946250364603,0.0004361456349834885,calm
2012-08-13,0.0003096230134597,0.00041938283483366806,0.00043098069779540135,calm
2012-08-14,0.0003334395058998,0.00043979459493090264,0.0005495147382948252,calm
2012-08-15,0.0004385961739277,0.00041224997672164237,0.00042709027922518505,calm
2012-08-16,0.0004478343735593,0.000401595018406882,0.0004121920110797707,calm
2012-08-17,0.0003569643018366,0.00042682279420240576,0.0004193954828076177,calm
2012-08-20,0.0003264742346053,0.00042994784925012386,0.0005205473230263757,calm
2012-08-21,0.00021646268504,0.0004506374881455852,0.00043233291496748395,calm
2012-08-22,6.79033870454461e-05,0.00042004662028882506,0.00048088985165718864,calm
2012-08-23,0.0001024924856999,0.0003977750101156426,0.00039278339714873063,calm
2012-08-24,0.000172831891479,0.00039322118112860335,0.0003927912536979948,calm
2012-08-27,0.0001576401714347,0.0003740086453848109,0.00037044791187551275,calm
2012-08-28,0.0001691172631229,0.000360122291963755,0.000310963052350963,calm
2012-08-29,0.000200953957106,0.00034422887254962026,0.0002886219194506801,calm
2012-08-30,0.0004299059755367,0.00033210633980735975,0.00026907419099072823,calm
2012-08-31,0.0004542147047941,0.00035971160855120213,0.0002730725695677566,calm
2012-09-03,0.0004448128346271,0.0003523372068745111,0.00027834283058956165,calm
2012-09-04,0.0004412084618384,0.00032576186465519183,0.00026896480572085793,calm
2012-09-05,0.0004089816681238,0.0003203396985766384,0.00026175609799076853,calm
2012-09-06,0.0001480482000817,0.0005074151319239452,0.00047625748269105244,calm
2012-09-07,0.0001850431107624,0.0004804886687168716,0.00043567608769344763,calm
2012-09-10,0.0002278641014536,0.00046180381334287173,0.00044092200191346825,calm
2012-09-11,0.0002273315953182,0.0004638830320815121,0.00042011970596339353,calm
2012-09-12,0.0002447505991208,0.00046283728723448003,0.00041777414443574075,calm
2012-09-13,0.0003881870988887,0.0004237355742177433,0.0003643634201592367,calm
2012-09-14,0.0002731637371707,0.00044099571140050373,0.0003670553343486197,calm
2012-09-17,0.0002498951169181,0.000411455702638335,0.0003621051459002582,calm
2012-09-18,0.0002616649641653,0.0004015502008582403,0.0003483100751271722,calm
2012-09-19,0.0004077040183686,0.00039391776815455123,0.00034379662500592494,calm
2012-09-20,0.0002517479086982,0.0003820546101958202,0.0003594094549991507,calm
2012-09-21,0.0002169535803751,0.0003457590271999307,0.0003936244683690813,calm
2012-09-24,0.0001973202796415,0.000339518148431381,0.00029663427146785237,calm
2012-09-25,0.0002062339422312,0.0003371041826353313,0.00032605982348558844,calm
2012-09-26,5.4859678406309656e-05,0.0004060924289725833,0.00036613180915210037,calm
2012-09-27,6.114831428430326e-05,0.0003973583960553574,0.0003752370377558872,calm
2012-09-28,0.0001834917999894,0.00040186531996017153,0.00036594572807187976,calm
2012-10-01,0.0003437499843109,0.0004031315115373328,0.0003918411726484465,calm
2012-10-02,0.0003899354441098,0.0003834471710611142,0.0003257626924461935,calm
2012-10-03,0.0004424953702975,0.00035958971844622607,0.0002894457673525494,calm
2012-10-04,0.0004424988535695,0.0003514760827616581,0.0003298674397391628,calm
2012-10-05,0.0003256987311294,0.00038920487038007984,0.0003487815056848521,calm
2012-10-08,0.0001661955623728,0.0003264145665051393,0.0003029010379488536,calm
2012-10-09,0.0001470958756247,0.00031971726256826717,0.00034264460619599674,calm
2012-10-10,8.27922108549662e-05,0.00033981252215422604,0.00035234999344881297,calm
2012-10-11,8.554638577504965e-05,0.00034093915973434897,0.0003808544095569417,calm
2012-10-12,0.000124387450451,0.00033311748179661016,0.00032123305391458615,calm
2012-10-15,0.0001245638402211,0.00031504776289526025,0.00031134087399666905,calm
2012-10-16,0.0002564331512126,0.00031516083012612586,0.0003069665805178048,calm
2012-10-17,0.0002934102723107,0.000302873891734198,0.0002891519137765159,calm
2012-10-18,0.0003614294052162,0.0003015085194954378,0.0002737827758607591,calm
2012-10-19,0.0003140961477966,0.00041130924414271316,0.0003677610287502911,calm
2012-10-22,0.0003334666817909,0.0003627774079480316,0.00033415664373870265,calm
2012-10-23,0.0002178914911474,0.0004731091788632119,0.00042021588430529966,calm
2012-10-24,0.0001865405727724,0.0004397432120417543,0.0003825730373059682,calm
2012-10-25,0.0002148343435459,0.00043860660050586473,0.0003980023267175745,calm
2012-10-26,0.0003019596130984,0.00032442842219422655,0.00033858493965438616,calm
2012-10-29,0.0004307852386852,0.0003148999320964612,0.00032648472760585674,calm
2012-10-30,0.0003740523964113,0.00032347931744494495,0.00030005509130244735,calm
2012-10-31,0.0005794814351255,0.00032655629658322503,0.0003598801171775293,calm
2012-11-01,0.0005610995693891,0.00033052025364856743,0.0003273132166287721,calm
2012-11-02,0.0004749660926693,0.00035613805192131136,0.00037263696926789926,calm
2012-11-05,0.0003876920140635,0.0003808935302513987,0.0003912397993161308,calm
2012-11-06,0.0004125093688348,0.00038964217454322665,0.00039883140155178926,calm
2012-11-07,0.0005226649017345,0.0006459565125925416,0.0006742972279894223,calm
2012-11-08,0.0005757178846815,0.0005740468306128784,0.000622789099852161,calm
2012-11-09,0.0006030145164916,0.0005496686939313009,0.0005181460107605958,calm
2012-11-12,0.0007109929824512,0.000539959525526505,0.0005537507452175846,calm
2012-11-13,0.000696062280323,0.0004655225555066738,0.0005569207867683619,calm
2012-11-14,0.0003761313341145,0.0005040124811912913,0.0005921101615809101,calm
2012-11-15,0.0002425972027641,0.00042395288058018636,0.0005156694437793496,calm
2012-11-16,0.0002269321910218,0.00042632111139594494,0.000539119026739413,calm
2012-11-19,7.290394860339657e-05,0.0006711483133557488,0.0008140332484474555,calm
2012-11-20,4.2512536457028304e-05,0.0005899274062380708,0.0006763170338587499,calm
2012-11-21,5.320707982986218e-05,0.0004851395508776721,0.0005524589150780555,calm
2012-11-22,0.0001391541079705,0.0004777460893993433,0.0005147589964172078,calm
2012-11-23,0.0001362649335384,0.0005021408183069737,0.0005832113288368125,calm
2012-11-26,0.0001206245459835,0.0003860635231676871,0.0003896298501226521,calm
2012-11-27,0.00011846973686,0.0003875304040443386,0.0004078287281665616,calm
2012-11-28,0.0001301100036268,0.0003894236923166876,0.0004224320490176757,calm
2012-11-29,0.000184002727545,0.0004139403063723897,0.0004432464230176424,calm
2012-11-30,0.0001788915636891,0.0003869100121886871,0.0004508356841116867,calm
2012-12-03,0.0001933946538845,0.00038189015711627937,0.00041959260208749633,calm
2012-12-04,0.0002302423037317,0.00038004666469158106,0.00040841047061296516,calm
2012-12-05,0.0002220218139895,0.0003802576010820308,0.0003481952828621421,calm
2012-12-06,9.133621616253546e-05,0.0003899813666442363,0.00035786237758833204,calm
2012-12-07,8.648027661592661e-05,0.0003598556232954668,0.00031562107520739704,calm
2012-12-10,9.13673324173469e-05,0.0003347572487550033,0.00033229159881385025,calm
2012-12-11,8.899918860776257e-05,0.0003406058625927941,0.0003171752211631196,calm
2012-12-12,0.0003367199120987,0.0003242648383295906,0.00032300195303122805,calm
2012-12-13,0.0003265814053877,0.00032605817070932753,0.000303920494371828,calm
2012-12-14,0.0003320631706541,0.0002867595337341277,0.0002895490977833243,calm
2012-12-17,0.0003313896438475,0.0002977785093954772,0.000286707263049744,calm
2012-12-18,0.0002954690741908,0.00036259146990770893,0.0003029451400826739,calm
2012-12-19,4.092384584972222e-05,0.00037699437644299534,0.0003628761069564508,calm
2012-12-20,0.0001152313637682,0.0003576598600681814,0.0003523574370392051,calm
2012-12-21,0.0004115047535221,0.00036560275827653084,0.0003679485754583519,calm
2012-12-24,0.0004335554206323,0.0003419908462002509,0.0003285589800128327,calm
2012-12-27,0.0004626613669208,0.0002906631659954679,0.0003062425420420788,calm
2012-12-28,0.0004541868184715,0.0002918508248190902,0.00031273835196400684,calm
2012-12-31,0.0003899610747156,0.0004045287847647208,0.000398246286872486,calm
2013-01-02,9.638218024261162e-05,0.0005209165479894859,0.0006383715620749558,calm
2013-01-03,5.683062286946977e-05,0.000469310882038141,0.0005103117348476397,calm
2013-01-04,5.515122722864019e-05,0.00047509397799893395,0.0005376274241619323,calm
2013-01-07,7.999759547689545e-05,0.0004672255727665148,0.000499543184133734,calm
2013-01-08,7.51276176840341e-05,0.0003956434197993172,0.0004663686156679254,calm
2013-01-09,7.4913522889864e-05,0.00029937118153023615,0.00029769915113618545,calm
2013-01-10,0.0001279273275283,0.00028626545424913116,0.00031856079360184907,calm
2013-01-11,0.0001049093788751,0.00028752139180190543,0.0003477737620202726,calm
2013-01-14,7.986490346924391e-05,0.0002888030969695325,0.00030871227983205797,calm
2013-01-15,7.552198280594138e-05,0.000290702588803946,0.0002943345775496291,calm
2013-01-16,7.315822203776401e-05,0.0002907323565160613,0.0003185056142939034,calm
2013-01-17,0.0002296292804783,0.0002866054535887589,0.00028956475482323595,calm
2013-01-18,0.0002674684138723,0.0002862873620804527,0.00028381010766937635,calm
2013-01-21,0.0002673051226951,0.0002836407780278167,0.00029061065567418846,calm
2013-01-22,0.000259886372153,0.0002814518124436116,0.0002761572977703145,calm
2013-01-23,0.0002588673172063,0.00026669533325149184,0.00024144038540883806,calm
2013-01-24,4.8217488662275774e-05,0.00027856674976889725,0.00033849146254466084,calm
2013-01-25,6.084662347421663e-05,0.0002760719214484315,0.0002804985795779332,calm
2013-01-28,0.0001293360709001,0.00027546808994487675,0.0002732660758614553,calm
2013-01-29,0.0001434472073256,0.00027546808994487675,0.0002823527562277301,calm
2013-01-30,0.0001529670165168,0.00026788955042243083,0.00026753726265360463,calm
2013-01-31,0.0002831892989287,0.00024407900078137469,0.00025077373432604917,calm
2013-02-01,0.0004156916478918,0.00025100241207336735,0.00022211935695430835,calm
2013-02-04,0.0004053001541491,0.0002837706316115724,0.0002468025166617861,calm
2013-02-05,0.0005658044876436,0.000320080367179778,0.0002485562087110132,calm
2013-02-06,0.0007873428650754,0.00031065110335675925,0.00025298210787955524,calm
2013-02-07,0.0006570779025698,0.0003205121057826704,0.00028107680902830946,calm
2013-02-08,0.0004906767890071,0.00031256410098123085,0.0003182510330456469,calm
2013-02-11,0.0004328085180834,0.00026840682583022225,0.0002807667477718451,calm
2013-02-12,0.0002979497511176,0.00030931950642479534,0.0002822156266439764,calm
2013-02-13,6.821119762422253e-05,0.0004484137827757991,0.0003372256020568162,calm
2013-02-14,0.0003098080447386,0.00034870749181754916,0.0003031708716086369,calm
2013-02-15,0.0006668971573082,0.00033098555304065386,0.00029860281752505863,calm
2013-02-18,0.0006814343244658,0.00031325181346022107,0.00028870241558055977,calm
2013-02-19,0.0006831728173945,0.0003115463887211543,0.0002815466584279383,calm
2013-02-20,0.0006861159392969,0.00031268915333984457,0.00031089827525296136,calm
2013-02-21,0.0005325158829203,0.00035307631914676654,0.0003885679668062058,calm
2013-02-22,0.000155904114125,0.000451353888669635,0.0005169670164372765,calm
2013-02-25,0.0003027068987425,0.0004996835082342859,0.0005912281336066,calm
2013-02-26,0.0006291203817616,0.00049500610450715,0.000562275250713765,calm
2013-02-27,0.000847547299802,0.000506736300394967,0.0005776238484458793,calm
2013-02-28,0.0007596241180539,0.0004659764768833294,0.0005419741001238195,calm
2013-03-01,0.000758104457635,0.0004547747709679151,0.0004428560663318929,calm
2013-03-04,0.0006299223067259,0.0003914424893489984,0.0004364938138962569,calm
2013-03-05,0.0002837859312008,0.00047055739153835824,0.0005609271668732829,calm
2013-03-06,5.97512484615468e-05,0.0006217843638333678,0.0005097540297892716,calm
2013-03-07,0.0002485917587619,0.0005158634124142914,0.0004465456232462151,calm
2013-03-08,0.000513040789814,0.00051797479174491,0.0004684405912837561,calm
2013-03-11,0.0006965911609705,0.00041484139630482446,0.00046844400526059794,calm
2013-03-12,0.0007354146934046,0.0003468497077247457,0.0003589209814555247,calm
2013-03-13,0.0008105136827405,0.0003429426169888975,0.00035709363608989105,calm
2013-03-14,0.0007248781838493,0.0003631034370867963,0.0003756824481460002,calm
2013-03-15,0.0004620953206145,0.0003991580258444146,0.0004007727283212275,calm
2013-03-18,0.000247796566304,0.0004471111177421403,0.0004545321147422975,calm
2013-03-19,0.0001918032623869,0.0004979084464775493,0.000443126164236783,calm
2013-03-20,0.0001204073051985,0.0005498805167547186,0.0004961378561433808,calm
2013-03-21,0.0001484640510648,0.00047472961625760307,0.000528995761722818,calm
2013-03-22,0.0002727268304969,0.0003907235137543863,0.0004821320346249382,calm
2013-03-25,0.0003973931992298,0.00034254787576617487,0.00041762579240787697,calm
2013-03-26,0.0005314826041275,0.00033356525974195746,0.00040761033686431914,calm
2013-03-27,0.0012387126419875,0.0003180705389016522,0.00036390807318652306,calm
2013-03-28,0.0011168987882509,0.0003278596714462981,0.0003724583465907884,calm
2013-04-02,0.0010310739263352,0.00033881802029601303,0.0003847945018477011,calm
2013-04-03,0.0012564372434343,0.0003589185952819345,0.0004619382483567691,calm
2013-04-04,0.001149113759202,0.0003807082354205035,0.00046355305561932903,calm
2013-04-05,0.0005178934105563,0.0006465370492202828,0.0006429026574013894,calm
2013-04-08,0.0005354839806727,0.0005210827616345412,0.0005510389084409553,calm
2013-04-09,0.0005091578665666,0.0004849831552584734,0.0005028280363434948,calm
2013-04-10,0.0002492226022926,0.000651085043438529,0.0006678505855592766,calm
2013-04-11,0.0002279876732211,0.0006002009546222037,0.0005804065671844524,calm
2013-04-12,0.0001606951995693,0.00042524394882338695,0.0005200456800947971,calm
2013-04-15,0.0001577334239933,0.0005529075648239985,0.0007661541816058703,calm
2013-04-16,0.0008173739802513,0.0006209507970978734,0.0007885632803204984,calm
2013-04-17,0.0007530991452353,0.0006036678893084496,0.0007453568963218496,calm
2013-04-18,0.0007466717474978,0.0005604032444657425,0.0006508100058663595,calm
2013-04-19,0.0008402042903489,0.0005464329023268788,0.0006166164770255669,calm
2013-04-22,0.0008465842249363,0.0004579460843398016,0.0005174222430282748,calm
2013-04-23,0.0002130607999026,0.0007982433081914442,0.0007850544062678427,calm
2013-04-24,0.0001882362769579,0.000591730320694157,0.000678067760321813,calm
2013-04-25,0.0002243284809851,0.0005855966454598872,0.0005718712840599165,calm
2013-04-26,0.0002817756386976,0.0006487373209883047,0.000566928359258713,calm
2013-04-29,0.0003492428946389,0.0006454519348460519,0.0005928633415108882,calm
2013-04-30,0.0003304874979315,0.00041130324029428606,0.00043432107537958456,calm
2013-05-01,0.0003392828889843,0.00041537871014929646,0.0004830961288934847,calm
2013-05-02,0.0003182941905322,0.0004056573056532002,0.000519653905988341,calm
2013-05-03,0.0001525542397779,0.0004939369240791826,0.0005908662173591087,calm
2013-05-07,5.709596722692662e-05,0.000448644017244094,0.0005665578188324715,calm
2013-05-08,0.0001105300696319,0.00041082219899433683,0.00047976541702809153,calm
2013-05-09,0.0001080528738851,0.00037552770716023023,0.0004508395323097224,calm
2013-05-10,9.236463220960396e-05,0.00037244003761561237,0.0004265981383223358,calm
2013-05-13,0.0003039787330154,0.00034904404878347543,0.00040588943795999763,calm
2013-05-14,0.000301795936301,0.00035101201032492575,0.00036590391817761765,calm
2013-05-15,0.0002310809243336,0.0003495935877505564,0.00036891683311234794,calm
2013-05-16,0.0002684870115341,0.0003428588988629861,0.0003537658294413031,calm
2013-05-17,0.0002668011787067,0.0003419188424977346,0.0003727992267819742,calm
2013-05-20,0.0001220191528881,0.00033216611249991,0.00040735536917312933,calm
2013-05-21,0.0001632851860043,0.00031764656157981476,0.00035794253102888117,calm
2013-05-22,0.0004608095985228,0.0003099138634252599,0.00037182455669044936,calm
2013-05-23,0.0004156208045344,0.00033365208222291867,0.0003692658231228961,calm
2013-05-24,0.0004637046761097,0.0002689120199243299,0.00026370935365816004,calm
2013-05-27,0.0004186308168033,0.00027500176664273034,0.00026866917818990714,calm
2013-05-28,0.0004908871726803,0.0002787421437720191,0.0002740506935389613,calm
2013-05-29,0.0004061298102383,0.00036330775905325834,0.0003369539065037416,calm
2013-05-30,0.000569716648023,0.00031371636642374737,0.0002965627174658585,calm
2013-05-31,0.0005362282214896,0.0003885802371981637,0.00039591974286031417,calm
2013-06-04,0.0007361426164601,0.000373573699834425,0.0003746555249653921,calm
2013-06-05,0.0006682381819695,0.00045236632924534485,0.0004599672058275593,calm
2013-06-06,0.0004543618381367,0.0004265666408491693,0.00045606518554274655,calm
2013-06-07,0.0004046405031937,0.00047388174360080246,0.0005381322620523972,calm
2013-06-10,0.0003887983109055,0.00044042076530222704,0.00045222408084462113,calm
2013-06-11,0.0001770135895706,0.0005925420336980863,0.0005695996949833778,calm
2013-06-12,0.0001409276088472,0.00046948765413308357,0.0005133035663409492,calm
2013-06-13,0.0003204278987907,0.000469124248459473,0.000535004368329933,calm
2013-06-14,0.0002069885053943,0.0004330857776114208,0.0004939052489822467,calm
2013-06-17,0.0008845072705451,0.0004440248621188784,0.0004995542271394724,calm
2013-06-18,0.0012701480244971,0.00042863419979508147,0.0004421364711763703,calm
2013-06-19,0.0015511898559941,0.000447329523470282,0.0004787809525759991,calm
2013-06-20,0.0014308067909243,0.0006357522729376549,0.0006604870181385751,calm
2013-06-21,0.0014299403332593,0.0005896055789404112,0.0005614145021533922,calm
2013-06-24,0.0009833734862114,0.0010130157401303877,0.0008974553650043876,calm
2013-06-25,0.0005872609929104,0.0011254879063372215,0.00103961740757317,calm
2013-06-26,0.0003662450638355,0.0011887994089695296,0.0011070792260461954,calm
2013-06-27,0.0007178787763682,0.0009589223778989741,0.0008211846462130232,calm
2013-06-28,0.0010073452805666,0.0009056151091070007,0.000763495282287508,calm
2013-07-01,0.0008033245801035,0.0008498815799550695,0.000717912098875407,calm
2013-07-02,0.000854772813319,0.0006016444461896191,0.0005899760517624478,calm
2013-07-03,0.0007922512564706,0.0004864400798160102,0.0005107560344713566,calm
2013-07-04,0.0003783574364765,0.0007613591170777608,0.0005908921733260517,calm
2013-07-05,0.0001038742108139,0.0009657518664096216,0.0007048017832851694,calm
2013-07-08,7.716156867444636e-05,0.0008108348660797176,0.0006209103377410553,calm
2013-07-09,0.0002463033679098,0.0007633961908291599,0.0006491999294355077,calm
2013-07-10,0.0002559930081014,0.0007392004570924578,0.0006322291731301198,calm
2013-07-11,0.0006729630287398,0.0005146471238340011,0.0006698866070550098,calm
2013-07-12,0.0006725916470498,0.0004371109607004665,0.0004998467382140528,calm
2013-07-15,0.0006764129176834,0.0004194222702237772,0.000477501169211738,calm
2013-07-16,0.0004942418706203,0.00044636434026952966,0.0005153325781483192,calm
2013-07-17,0.0007668899705585,0.00043400393341051053,0.0005065245965580168,calm
2013-07-18,0.0003525925849655,0.0006054868791444505,0.0005464126463334346,calm
2013-07-19,0.0004505496872362,0.0005839295001187611,0.0004958340634647871,calm
2013-07-22,0.0004489315636007,0.0005070004660452672,0.00048641594734422913,calm
2013-07-23,0.000412606555447,0.0004826838680760439,0.0004420616900215377,calm
2013-07-24,0.0001616194524139,0.0005723926891010091,0.0004627743475211139,calm
2013-07-25,0.0004205094495402,0.0003409599898378935,0.00035878090519501124,calm
2013-07-26,0.0003619261623008,0.0003620276868480291,0.0003698409477633469,calm
2013-07-29,0.0003614863339683,0.00035279780093489243,0.00034338433594017647,calm
2013-07-30,0.0003602653225555,0.0003446393037795741,0.00035406208555943653,calm
2013-07-31,0.0003407353737843,0.00032764009598900464,0.0003658006646628637,calm
2013-08-01,0.0001868922277619,0.0003797001597257693,0.0004532723316081768,calm
2013-08-02,0.0002048399821409,0.000342256657508564,0.00041370004944649207,calm
2013-08-05,0.0002454710401465,0.00032753492489755886,0.0003582967280428886,calm
2013-08-06,0.0002632496937528,0.00032239223768186324,0.0003594912801945485,calm
2013-08-07,0.000244981863597,0.00031020434304761377,0.0003625267334721049,calm
2013-08-08,0.0003738852550325,0.00031720782073856306,0.0003152687133445466,calm
2013-08-09,0.0003153022829576,0.0003163740099390312,0.00032399502444564987,calm
2013-08-12,0.0003228092840896,0.00031798314689118187,0.00031837625822313666,calm
2013-08-13,0.0003571605799254,0.00031872569855603063,0.00031098247714149077,calm
2013-08-14,0.0003592783356609,0.0003189516608405735,0.0003176088447312505,calm
2013-08-15,0.0001789021022383,0.0003510821844897747,0.00045384263240769873,calm
2013-08-16,0.0001660425800625,0.0003190356458219075,0.00038863119190545275,calm
2013-08-19,0.0001155642671869,0.0003325618446030797,0.0003775984885538806,calm
2013-08-20,0.000492684899019,0.0003380320301163683,0.00038215074147424186,calm
2013-08-21,0.0005212322679985,0.0003442319359629313,0.00037837090910297687,calm
2013-08-22,0.0008357698600742,0.0003068288454570287,0.0003473206239335218,calm
2013-08-23,0.0008346171334317,0.00028331740201313827,0.0002963603491594235,calm
2013-08-26,0.0010269665219171,0.0002835205334941218,0.00032929024950672316,calm
2013-08-27,0.0006164710948506,0.0004544096053765442,0.0005160682124385246,calm
2013-08-28,0.000840767676754,0.0004127237143033627,0.000446703616064752,calm
2013-08-29,0.0006321798935262,0.0005343556652649137,0.0005366855322209651,calm
2013-08-30,0.0006359677106594,0.0005066879963220761,0.00048693751718992663,calm
2013-09-02,0.0004437526950245,0.0005310301976225725,0.0005315381735200072,calm
2013-09-03,0.0005201769610815,0.0003733857054948231,0.00035287987764789556,calm
2013-09-04,0.000271974087942,0.0004929598424422867,0.00047013777589136676,calm
2013-09-05,0.0001249887252549,0.000393453000098506,0.0004458388565766553,calm
2013-09-06,0.00016197884929,0.00037097685823034673,0.0004659581448129596,calm
2013-09-09,0.0004181905364647,0.00033239139108663207,0.0005028692161790247,calm
2013-09-10,0.0003217608083921,0.00035651624493467804,0.0004835861959389646,calm
2013-09-11,0.0003148059783589,0.0003303247876755532,0.00039197437255860675,calm
2013-09-12,0.0003220486545489,0.00032782851791717324,0.0003983698916918381,calm
2013-09-13,0.0003177592573688,0.0003256993924678222,0.00038574841203581627,calm
2013-09-16,6.881501858473119e-05,0.00037556289040582987,0.00041671280265218947,calm
2013-09-17,8.751810759632341e-05,0.00032739309898883296,0.00038041084638284616,calm
2013-09-18,8.649713707964986e-05,0.0003313089754080965,0.0004321979284475055,calm
2013-09-19,7.547103698038477e-05,0.0003255848286826484,0.00040096896493743744,calm
2013-09-20,5.55790469665784e-05,0.0003268497319556893,0.00043295546558222924,calm
2013-09-23,4.850857018543638e-05,0.00032157766397283535,0.0003758742576281246,calm
2013-09-24,0.0001393979270186,0.0003221125981430311,0.0003695794289558566,calm
2013-09-25,0.0001422599016628,0.0003217692713999389,0.00042608066391011234,calm
2013-09-26,0.0001428296710998,0.00030887398238770236,0.0003499670031282907,calm
2013-09-27,0.0001419821652101,0.00030870242406379596,0.00033745155918601456,calm
2013-09-30,0.0001442149657274,0.00028821819127226015,0.000293601932826821,calm
2013-10-01,0.0001646052576923,0.0003076027370986805,0.00030960880162070163,calm
2013-10-02,0.0002034646816714,0.0002710806346945113,0.0002827544629354947,calm
2013-10-03,0.000447715514341,0.00027196240673394215,0.00030480794738650284,calm
2013-10-04,0.0004361674587746,0.0002455809833402867,0.00028513484662172903,calm
2013-10-07,0.0004482384636506,0.00024853208821675826,0.0002647607641577088,calm
2013-10-08,0.0004657990514738,0.00032216125932128776,0.00032473864211764885,calm
2013-10-09,0.0004856180811608,0.00030865437781605525,0.00030865395924377614,calm
2013-10-10,0.0002294248788605,0.0004139368090847039,0.0005250622291640981,calm
2013-10-11,0.0003005370187809,0.0003742840579730169,0.00044330711204847634,calm
2013-10-14,0.0002897706730352,0.00037507214907754767,0.00047074296959932944,calm
2013-10-15,0.0001465372588728,0.0004060031219966977,0.00047710888827343133,calm
2013-10-16,0.0001097123830665,0.0004102187623804942,0.000490965768015982,calm
2013-10-17,0.0001224539460575,0.00033262139991783936,0.00036546922861942455,calm
2013-10-18,7.345254072543887e-05,0.0003391054162394121,0.00038033759964118085,calm
2013-10-21,7.127642511276828e-05,0.0003242412458426757,0.0003887334129684527,calm
2013-10-22,6.693945419946847e-05,0.00032137523725048477,0.00033604863773396837,calm
2013-10-23,9.364822164175742e-05,0.0002823363337482109,0.000296109296916642,calm
2013-10-24,0.0002073518668228,0.00028206746203247374,0.0002842495742817984,calm
2013-10-25,0.0001891903311919,0.00028454602414027577,0.0002925945513136304,calm
2013-10-28,0.0002258176086885,0.00028358534933536504,0.00028467087004168025,calm
2013-10-29,0.0002784218359709,0.0002829235422282818,0.0003405610948517979,calm
2013-10-30,0.0002772771901769,0.00028723950050212635,0.00029963982500570414,calm
2013-10-31,0.0001506081604946,0.00029583456271689134,0.00033023273497069175,calm
2013-11-01,0.0001453462138857,0.00028889109542884955,0.00031178320764365763,calm
2013-11-04,0.0001697382370573,0.0002977063879658755,0.00032019920031548947,calm
2013-11-05,0.0001552172868948,0.0002979144569437876,0.0003270500865801058,calm
2013-11-06,0.0001507928883443,0.00029737316978139915,0.00032651698477348997,calm
2013-11-07,0.0001729894148119,0.0002971002893448391,0.00040691151187351274,calm
2013-11-08,0.0001752235131477,0.00036681916050859177,0.0004166112049336492,calm
2013-11-11,0.0001376096981787,0.00031678447316367536,0.0003243817121822777,calm
2013-11-12,0.0001886801303344,0.0003173754812591587,0.000323745496353684,calm
2013-11-13,0.0001657041706499,0.000324723404631577,0.00035992176097295644,calm
2013-11-14,0.0001446316850175,0.0002673212931383361,0.0002983378686670704,calm
2013-11-15,0.0001436525463745,0.00024707802826850805,0.00024915110799199374,calm
2013-11-18,0.0001452396808593,0.00024707802826850805,0.0002493459922090908,calm
2013-11-19,5.734328916217092e-05,0.0002478459555402846,0.0002576508644510472,calm
2013-11-20,6.501567679650763e-05,0.00024760047085475655,0.00025118170524412493,calm
2013-11-21,9.841537535978992e-05,0.00025287899984351305,0.0002928519687643454,calm
2013-11-22,9.311449952717635e-05,0.00025240671706321213,0.000268513622163428,calm
2013-11-25,6.905692085169546e-05,0.0002486060486518529,0.00025913568924202274,calm
2013-11-26,0.0005383431945096,0.00024761888326171297,0.00028174381262954714,calm
2013-11-27,0.0005559173819104,0.00024774656477265445,0.0002448239524167232,calm
2013-11-28,0.0005569094706871,0.00024760047085475655,0.0002378549956826946,calm
2013-11-29,0.0006359167543002,0.0002479606754651209,0.0002586441399079463,calm
2013-12-02,0.0006521590031737,0.0002510500995301065,0.0002487080254510491,calm
2013-12-03,0.0001821656430871,0.000305082035912925,0.00030880775134425,calm
2013-12-04,0.000182695896661,0.0002988624219987895,0.00028485077785810135,calm
2013-12-05,0.0002427384632151,0.00029397957766034316,0.0002822149960718007,calm
2013-12-06,0.0001638599122716,0.00032497897752876634,0.0003646119248585085,calm
2013-12-09,0.0002346019614916,0.0003244923187325691,0.00032218672261778405,calm
2013-12-10,0.0002895780875849,0.0002717876714535891,0.0002741917711345931,calm
2013-12-11,0.0002631482154669,0.0002991698716493752,0.0003189706994616668,calm
2013-12-12,0.0003133031042309,0.0002968242968371106,0.0003213240355272745,calm
2013-12-13,0.0004422039154644,0.0002717196197501326,0.0003176782020137041,calm
2013-12-16,0.000352911005352,0.00027330858398924937,0.0003102609896285185,calm
2013-12-17,0.0003101607865351,0.000288937155033862,0.0003073303035227358,calm
2013-12-18,0.0005614305443937,0.0003587839963847632,0.00037343446038058203,calm
2013-12-19,0.0004814036401773,0.000370106188028641,0.0003871732786603088,calm
2013-12-20,0.0003885598178285,0.0004021144414617944,0.0004036035467264212,calm
2013-12-23,0.0003997296102471,0.00037675323037020703,0.0003744127603735406,calm
2013-12-24,0.0004311893361039,0.000376904129458263,0.0003577028740850203,calm
2013-12-27,0.0001627663296852,0.00038384715492039264,0.0003879571418241931,calm
2013-12-30,0.0004453631217365,0.000344303266485002,0.0003779668044491603,calm
2013-12-31,0.0004280287533786,0.0003297786855822295,0.0003211711100042519,calm
2014-01-02,0.0004988848834408,0.0003458803415835542,0.0003468953152319053,calm
2014-01-03,0.0004594772230573,0.00033780817026108696,0.0003572911191884027,calm
2014-01-06,0.0005963454593626,0.00033238817169860984,0.00031454446076740236,calm
2014-01-07,0.0002513754647132,0.00033783961025262175,0.00036550653495416005,calm
2014-01-08,0.000283753414505,0.0003128345985288911,0.00034532656363774094,calm
2014-01-09,0.0002064068174667,0.0003322886360896712,0.00034615900746062664,calm
2014-01-10,0.0002274776814024,0.00032699554553674025,0.00030093793091973993,calm
2014-01-13,8.657822581731116e-05,0.000369559161819627,0.0004144706471377194,calm
2014-01-14,9.04636839850014e-05,0.00034271920545171235,0.0003910352062107203,calm
2014-01-15,4.798286529326345e-05,0.00038128167352513364,0.0003939275521294794,calm
2014-01-16,0.0001064953358394,0.00035821307095145583,0.0003452556844811946,calm
2014-01-17,0.0005064652643429,0.00035740666815121193,0.0003614662674452557,calm
2014-01-20,0.0007707649278832,0.00030716145885161645,0.0003192184948590914,calm
2014-01-21,0.0010626376653723,0.0003064242688556192,0.0002829041976501594,calm
2014-01-22,0.0010539803698648,0.0003059402818442215,0.0003226134830107111,calm
2014-01-23,0.0010581785658487,0.0003040310509533764,0.00030068496317801923,calm
2014-01-24,0.0006802853838517,0.00047050570261776326,0.0005312073803167522,calm
2014-01-27,0.0004202114023171,0.0005625521942749233,0.0005583789301737775,calm
2014-01-28,0.0001218490588913,0.0006217118907456552,0.0006564198550544175,calm
2014-01-29,0.0001566860005592,0.0005736648759541547,0.0006189308714876924,calm
2014-01-30,0.0003077755170366,0.0005760869345940384,0.0006546314246581781,calm
2014-01-31,0.0004444593470838,0.00043713801975438205,0.0004995369306627296,calm
2014-02-03,0.0004660164243277,0.0005171300012561781,0.0006491600858921728,calm
2014-02-04,0.0005613081322436,0.0005053823366534641,0.0005469653481869196,calm
2014-02-05,0.0007145526712009,0.00044147939646929527,0.0004921616662801417,calm
2014-02-06,0.0004976175071248,0.0005275430717976182,0.0005910429279202872,calm
2014-02-07,0.0003255176231976,0.000559329388641878,0.0006730183893853965,calm
2014-02-10,0.0003581788563686,0.00045369656422742635,0.0004808036731645884,calm
2014-02-11,0.0002651199780955,0.0005116392223309663,0.0006004111843548828,calm
2014-02-12,8.932986574519255e-05,0.0005161286265950308,0.000602707724114336,calm
2014-02-13,9.08807650014314e-05,0.0004513384377888061,0.0005125445837634618,calm
2014-02-14,9.212643998212814e-05,0.0003870680290734879,0.00044255925906357135,calm
2014-02-17,0.0001288786100588,0.0003945328107279807,0.00046473685351058284,calm
2014-02-18,0.0004834185111755,0.00037818714698156596,0.0003814400268043456,calm
2014-02-19,0.000555145216449,0.0003801953196275371,0.0004373901161539959,calm
2014-02-20,0.0005916201526131,0.0003813891782131454,0.0004144311327985768,calm
2014-02-21,0.0007127466563894,0.0003823420894690284,0.0004013016545268528,calm
2014-02-24,0.0012224334752104,0.00037873305046067727,0.0004195057211255648,calm
2014-02-25,0.0008835453663289,0.0004017308044873083,0.00043463166553682817,calm
2014-02-26,0.0008081383263671,0.0003811255635735968,0.00043291632281877696,calm
2014-02-27,0.0008209192384229,0.0003722242177670483,0.000365862517510422,calm
2014-02-28,0.0010136829097337,0.0004132402527760743,0.0003924617764412976,calm
2014-03-03,0.0004286011137459,0.0006204776504240046,0.0005273016143570114,calm
2014-03-04,0.000477070116032,0.0006074775585428999,0.0005880385043397278,calm
2014-03-05,0.0006540022208543,0.0005613729264174495,0.0005732966978055729,calm
2014-03-06,0.000652813383933,0.0005399656412885701,0.0005214003500866605,calm
2014-03-07,0.0006608003180105,0.000615880874478658,0.0006339917328597908,calm
2014-03-10,0.0008281328612077,0.000380013578944057,0.00047433027709149425,calm
2014-03-11,0.0007760972245535,0.0003814173972724848,0.0003567424064881267,calm
2014-03-12,0.0007482433067996,0.00042788836256696345,0.00044198912067654,calm
2014-03-13,0.0006980821521636,0.00042127084831903005,0.00046152628770153065,calm
2014-03-14,0.0003799591914141,0.00046074836938916577,0.0004695360066220802,calm
2014-03-17,0.0003654267208097,0.0006118204346679569,0.0005547957337512534,calm
2014-03-18,0.0005765170382828,0.0005855250945929833,0.0005312128533595501,calm
2014-03-19,0.0005677481448982,0.0006157580610434518,0.000560424850534715,calm
2014-03-20,0.0005769616778167,0.0004715207267110402,0.0004973367301867892,calm
2014-03-21,0.0005800595879279,0.00041186890748525645,0.00046253758883031947,calm
2014-03-24,0.0004071923437901,0.0004198805868966694,0.0004799557945789672,calm
2014-03-25,0.000464956121838,0.0005131006724775781,0.0005111944435024081,calm
2014-03-26,0.0003158968562344,0.0004975271370249147,0.0005173005400179874,calm
2014-03-27,0.0003159322504339,0.00047521511902849525,0.000441270902755211,calm
2014-03-28,0.000399014712555,0.00047470403409353426,0.00046438710870353096,calm
2014-03-31,0.0005593460057545,0.0004343104856578598,0.00046241082372856703,calm
2014-04-01,0.0004432721334287,0.00045116240039921553,0.0005028087825183314,calm
2014-04-02,0.0004753675510034,0.0003507104799547767,0.00042888627195180804,calm
2014-04-03,0.000470935815715,0.00034581977852864387,0.00037673600000289424,calm
2014-04-04,0.0005294898264129,0.00037969967469172225,0.0004975993521330737,calm
2014-04-07,0.0004457663083944,0.0004524618908942816,0.0005525792401951267,calm
2014-04-08,0.0003775529990484,0.0003826791729575588,0.000482489511345699,calm
2014-04-09,0.0005839188628576,0.00043798932852652354,0.0005361640229300484,calm
2014-04-10,0.0005885686627666,0.0005482210947153424,0.0006751072697838801,calm
2014-04-11,0.0007026731047589,0.0005358443090019366,0.000672825954706889,calm
2014-04-14,0.0006932178047472,0.0004486990992062567,0.0006198578408284926,calm
2014-04-15,0.0006202317210596,0.0004668827027350155,0.0005961278748376823,calm
2014-04-16,0.000469818402046,0.0005029854273841955,0.0006592208130828007,calm
2014-04-17,0.0005310731577043,0.0004589285974465202,0.0005051996718331271,calm
2014-04-22,0.0003388442834677,0.00047509055624241563,0.0005383498851384899,calm
2014-04-23,0.0002830510428956,0.0004552509352205594,0.0004905633223892642,calm
2014-04-24,0.0002568446014177,0.0004481625636184538,0.00044639699357550974,calm
2014-04-25,0.0001993743619222,0.0004177797698676769,0.00043751975853564704,calm
2014-04-28,0.0001491175250804,0.0004150866099790251,0.00041629429525165694,calm
2014-04-29,0.0001948364537942,0.00038775167066673334,0.00040105033490531677,calm
2014-04-30,0.0004274299498689,0.00038489002051058003,0.0003762726812931431,calm
2014-05-01,0.0005216957521837,0.0003787768470323785,0.00041137893685459033,calm
2014-05-02,0.0005058345792615,0.00037045419564695517,0.0003473178181629194,calm
2014-05-06,0.0005306921987972,0.0003708234363746529,0.00035553015244218724,calm
2014-05-07,0.0004987348384916,0.0003742705930330498,0.00038091827192154247,calm
2014-05-08,0.0011975824853734,0.000394961675365747,0.0004263658606132634,calm
2014-05-09,0.0011137533109172,0.0003929119941568179,0.00040974064473399576,calm
2014-05-12,0.0017742214487466,0.00038357980539330163,0.0004487032452107083,calm
2014-05-13,0.0017315898315693,0.0003804590088069919,0.0004011532786441179,calm
2014-05-14,0.001738948433548,0.00037712949459080313,0.0004269828019230899,calm
2014-05-15,0.0008260956065154,0.0006145650210227503,0.0006235014463266669,calm
2014-05-16,0.0008171130893345,0.0005697683615650765,0.000511440542782912,calm
2014-05-19,0.0002245259708392,0.0006633244469943707,0.0006331162348216173,calm
2014-05-20,0.0002310297639665,0.0006034182534218904,0.0005836704722736984,calm
2014-05-21,0.0001640357318798,0.0005900279522863369,0.0006430669838122678,calm
2014-05-22,0.0001428338654579,0.0005755846427611509,0.0004931615841981608,calm
2014-05-23,0.0001478368509748,0.0005413206634385607,0.0004747110634476524,calm
2014-05-26,6.566563326929032e-05,0.00038999708733064364,0.00044742417394352845,calm
2014-05-27,0.0001225193575323,0.0003908180398193733,0.0004330446543639685,calm
2014-05-28,9.355295854058714e-05,0.0003871476849822268,0.0003982349286397641,calm
2014-05-29,0.0002361419114217,0.0003880215074233284,0.0004256367784410779,calm
2014-05-30,0.0002340412847607,0.000368173220915268,0.00037661075958761106,calm
2014-06-03,0.0002362709099753,0.0003571899099417612,0.0004013693284604158,calm
2014-06-04,0.0002819813097327,0.0003875488446371473,0.0004215497792122387,calm
2014-06-05,0.0002734101688142,0.00038750221776293466,0.0004238658533193489,calm
2014-06-06,0.0003188125443998,0.00039307789419857513,0.0004290611330158925,calm
2014-06-09,0.0003685828504597,0.0003875488446371473,0.00038384507459904223,calm
2014-06-10,0.0003722114389532,0.00033677998249411584,0.00038421657933592103,calm
2014-06-11,0.0003680301109306,0.00033894321877072676,0.00039582418981343523,calm
2014-06-12,0.0006007670398072,0.00033674846303187754,0.00038914490806264397,calm
2014-06-13,0.0005544719007418,0.0003617449427227196,0.00041116978932954787,calm
2014-06-16,0.0006020090067341,0.00035585386252259246,0.00039334289826294496,calm
2014-06-17,0.0006187754669056,0.00031092695735204085,0.00030928199529675355,calm
2014-06-18,0.000545955617024,0.0003248734159963493,0.00038542858715724947,calm
2014-06-19,0.0003166130426438,0.000345634069677595,0.00031708913778420153,calm
2014-06-20,0.0001654422655126,0.0003343366542989465,0.0003194276249434358,calm
2014-06-23,8.938129186298608e-05,0.0003405791160128316,0.0003573108340493234,calm
2014-06-24,0.0001864583351774,0.00034383830009747975,0.0003269444191333409,calm
2014-06-25,0.0001504324009318,0.0003300332985996163,0.00031303874823077976,calm
2014-06-26,0.0004212984643794,0.00030407467303968864,0.0002835316293414774,calm
2014-06-27,0.0004452018269078,0.00030336899322047205,0.0002875427220246466,calm
2014-06-30,0.0005502990284881,0.000303135102805654,0.0002884376303004609,calm
2014-07-01,0.0007527998646928,0.00030817782392737823,0.0003029595429366874,calm
2014-07-02,0.0007632679194559,0.00030466190569178206,0.0002963800384623331,calm
2014-07-03,0.0005465189059213,0.0003409788028458141,0.0003550750271777738,calm
2014-07-04,0.0005276432539643,0.00032432707950291853,0.0003378453736009795,calm
2014-07-07,0.0004890906166117,0.0003534249558126911,0.0003753813201561289,calm
2014-07-08,0.0001678387158141,0.00045599337047165663,0.0004321722185308471,calm
2014-07-09,0.0003020987234645,0.0004301653090155044,0.00039492898582822576,calm
2014-07-10,0.0002853539966241,0.0003625749615103674,0.00040112734170463294,calm
2014-07-11,0.0003303782446956,0.00035503089834370915,0.0003504064529434844,calm
2014-07-14,0.0002629430449946,0.00035779535446394544,0.00038638598638066995,calm
2014-07-15,0.0003605468354125,0.0003213491119709933,0.00031081079317838366,calm
2014-07-16,0.0002310495937141,0.000347561385854512,0.00034256945686261353,calm
2014-07-17,0.0001896430390458,0.00033567517102703874,0.00038998188482282234,calm
2014-07-18,0.0001650874821704,0.00035742069644909024,0.0004125376513449951,calm
2014-07-21,0.0001402524762571,0.0003467738879095472,0.0003644772370056304,calm
2014-07-22,8.27783019094547e-05,0.0003629409697473635,0.0003849915090841245,calm
2014-07-23,0.0001147986098163,0.00033083905203472905,0.00033218587742470703,calm
2014-07-24,0.0003352231128865,0.00030664948696443176,0.00032599137580983825,calm
2014-07-25,0.0003602662273556,0.0003234050903404215,0.0002865881740531942,calm
2014-07-28,0.0003672813708965,0.0003117145885727404,0.00031874247580340585,calm
2014-07-29,0.0003376711801048,0.0003106009136295414,0.00027923545624018037,calm
2014-07-30,0.0003282587148651,0.000313773881014471,0.00035291280225746026,calm
2014-07-31,0.0001106734101869,0.0004298166415650813,0.0004631983407923027,calm
2014-08-01,7.866089940001752e-05,0.00042203486251147826,0.00043588208669191787,calm
2014-08-04,0.000229235086693,0.00041440779272553516,0.0003987684120217544,calm
2014-08-05,0.0002218251302102,0.0004219147737800888,0.0004119948707006168,calm
2014-08-06,0.0001984372472405,0.0004185218786716006,0.00044973698763755643,calm
2014-08-07,0.0002848340886617,0.00031441238285399907,0.0002737723464043685,calm
2014-08-08,0.0002742504461361,0.00035260005833421913,0.00030001539831192993,calm
2014-08-11,0.0001877078636468,0.00034152501939998755,0.0003165687986213762,calm
2014-08-12,0.0001962640485677,0.0003377475291624884,0.00029315818941658643,calm
2014-08-13,0.0002477866879729,0.0003318884690457216,0.0002899674907589088,calm
2014-08-14,0.0002315581365764,0.00034003883679408154,0.00030109301903672494,calm
2014-08-15,0.0002247941807654,0.0003316518098028966,0.0003291374941709174,calm
2014-08-18,0.0001954734047558,0.0003282976962924567,0.0002701645301082978,calm
2014-08-19,0.0002478929469257,0.0003080741265645029,0.0002616097938314961,calm
2014-08-20,0.000218154887993,0.0003037447760660434,0.0002595222392445331,calm
2014-08-21,0.0001541406687518,0.00030973918582485915,0.000256498055060673,calm
2014-08-22,0.0001721605283616,0.00029729598996389546,0.0002575042744710431,calm
2014-08-25,0.0001974161580315,0.00030500207791811946,0.00024838917071882765,calm
2014-08-26,0.0001329406185348,0.00030828661327285243,0.0002548933802445716,calm
2014-08-27,0.0002268050145742,0.00031122941965070286,0.00030361935387064837,calm
2014-08-28,0.0004088508700145,0.0003080740282612876,0.0002459770559000207,calm
2014-08-29,0.0003901064057151,0.00030306022563493377,0.0002412498229135395,calm
2014-09-01,0.0004487033180016,0.0002711537630222797,0.00022561956211670885,calm
2014-09-02,0.0004477037933633,0.0002615714243727492,0.0002350190338777989,calm
2014-09-03,0.000337925591911,0.00028277424553304465,0.00024588739377765916,calm
2014-09-04,0.0001525842367912,0.000309874475301506,0.00026334002399207063,calm
2014-09-05,0.0001587595957881,0.0003010307952337187,0.00025163905740145025,calm
2014-09-08,0.0001077678630217,0.00031585858013607115,0.0002706557289780556,calm
2014-09-09,0.0001588489942932,0.00031043005311249785,0.00030654532508536,calm
2014-09-10,0.0001464810131656,0.0002903916191577445,0.0002551453057861994,calm
2014-09-11,0.0003857042107053,0.0002843279127328351,0.0002663998698431989,calm
2014-09-12,0.0004791309692042,0.0002793007215647777,0.0002629329085249512,calm
2014-09-15,0.000405507949714,0.00027333621547044764,0.0002663286635846504,calm
2014-09-16,0.0004689067772547,0.0002817320551211082,0.0002833003111515521,calm
2014-09-17,0.0004631410902371,0.0002713761814006158,0.00025667808831251733,calm
2014-09-18,0.0002221538198082,0.00031479257890980734,0.00030023778117832544,calm
2014-09-19,0.0001220558594588,0.00032055771719683893,0.00031932256058167855,calm
2014-09-22,0.0001245138428357,0.00030037112984026583,0.0002893474749348484,calm
2014-09-23,0.0001523069360557,0.0003383265319420804,0.00031497040339544127,calm
2014-09-24,0.0001997131723591,0.00033293928615653454,0.0003153315415343231,calm
2014-09-25,0.0007442819324868,0.0003796725221672977,0.0003645790116451935,calm
2014-09-26,0.0009140886767359,0.00036652467473265355,0.0003879273643864461,calm
2014-09-29,0.0009431263162276,0.0003620687988171016,0.0003278890214770203,calm
2014-09-30,0.0015056091084638,0.0003697552409860408,0.0003466469378766976,calm
2014-10-01,0.0016935900480048,0.00038240107516022856,0.000393235582014578,calm
2014-10-02,0.0012852619455014,0.0004798511947187615,0.0005660911452109923,calm
2014-10-03,0.0013932894576245,0.0005552099121181855,0.0005299190742760747,calm
2014-10-06,0.0013979878157994,0.0005345580292780907,0.00044992519325598554,calm
2014-10-07,0.0007546392515993,0.0007033518135963531,0.000791386665438214,calm
2014-10-08,0.0012041430213407,0.0007113995765218813,0.0008705235827564788,calm
2014-10-09,0.0011233149487884,0.0008778425122717188,0.000983345400851881,calm
2014-10-10,0.0018483778789795,0.0009359507048404559,0.0010330734518267826,calm
2014-10-13,0.0018460476466125,0.0009858236042970426,0.0010786125775321081,calm
2014-10-14,0.0025973946655964,0.0009135395999940472,0.0008228953763045325,calm
2014-10-15,0.0020132546748081,0.0011909337953353572,0.0010887995961958463,calm
2014-10-16,0.0019544183066142,0.0009674954920872595,0.0008184844403967076,calm
2014-10-17,0.0009913894367171,0.0012760292929688845,0.0011835417973906526,calm
2014-10-20,0.0009565411781739,0.0011181514498038994,0.000988350316688576,calm
2014-10-21,0.0001628633198888,0.001469068216772863,0.0014576610563355882,calm
2014-10-22,9.629798067126653e-05,0.0014065279533732424,0.0012886749268939792,calm
2014-10-23,9.68712566104886e-05,0.0015465570415163987,0.001347791261747617,calm
2014-10-24,0.0004799732381519,0.001321492834921056,0.001135664615781049,calm
2014-10-27,0.0006462170209418,0.001277659957514145,0.001033486192725646,calm
2014-10-28,0.0006336281778658,0.001079001073907092,0.0008428523102947727,calm
2014-10-29,0.0008534371487693,0.0010622392333937474,0.00070702538520774,calm
2014-10-30,0.0008558865088222,0.0010276011651352977,0.000718160765741684,calm
2014-10-31,0.0006525503666702,0.001122720441699422,0.0009283124879353287,calm
2014-11-03,0.0004866375878794,0.0010988261842242253,0.0009337100915047457,calm
2014-11-04,0.000480158255145,0.0010112252826729238,0.0007722427823976221,calm
2014-11-05,0.0003162555598031,0.0012432059003178052,0.0008874224404197601,calm
2014-11-06,0.0003152383082866,0.0010260028636872218,0.0007499161155543288,calm
2014-11-07,0.0001442180845132,0.0007056186891590284,0.0006526461668384565,calm
2014-11-10,0.0001965085888258,0.0005828449937971077,0.0005761604978465561,calm
2014-11-11,0.000235076616464,0.0005486273520415723,0.0005610772696444737,calm
2014-11-12,0.0002655823924125,0.0005459955696961072,0.0005198565452175245,calm
2014-11-13,0.0002864342940498,0.00053481662737665,0.0004931588637558351,calm
2014-11-14,0.0005286709300742,0.00047474492486482587,0.0004492854398711279,calm
2014-11-17,0.0005132598898869,0.0004757324429707582,0.0004895881364894892,calm
2014-11-18,0.000525613947758,0.00039069304436933634,0.0003675834782217452,calm
2014-11-19,0.0004565684909783,0.00036793919620338466,0.0003719212389308175,calm
2014-11-20,0.0006748857181665,0.00033897279881139864,0.00029766647578459654,calm
2014-11-21,0.0003858133138048,0.00041053577691703837,0.0003622377575991451,calm
2014-11-24,0.0003493808497564,0.0003829275910636424,0.0003414304383224915,calm
2014-11-25,0.000341182284584,0.0003827669236617576,0.0003422385617459795,calm
2014-11-26,0.0004106253723946,0.00038128302139208683,0.00033521108228812,calm
2014-11-27,0.0003223342507118,0.0004348019927623777,0.0003807641361948581,calm
2014-11-28,0.0007117484547215,0.00035141019484379125,0.0003351753453552529,calm
2014-12-01,0.0007459293290681,0.0003485017314014384,0.00035061229617341493,calm
2014-12-02,0.0012817492107752,0.0003323735544758381,0.0003328257143093392,calm
2014-12-03,0.001173358653335,0.00033809521386562823,0.0003398128429280044,calm
2014-12-04,0.0010450190338458,0.0003369756694981663,0.0003487947598539555,calm
2014-12-05,0.0010312107605921,0.00045399445043572186,0.0004084569060264396,calm
2014-12-08,0.0015565585766978,0.00048062542190018226,0.00038183398841215934,calm
2014-12-09,0.0010628543570481,0.0005976134915258803,0.0005398260049290696,calm
2014-12-10,0.0011049298719833,0.0005990704489705206,0.000561797279741302,calm
2014-12-11,0.0016193458972315,0.0005941943890815341,0.0005284169024140524,calm
2014-12-12,0.0012465351993211,0.0007277062987932817,0.0007200028243353694,calm
2014-12-15,0.0006889194785471,0.0008019869121634099,0.0008299725972979337,calm
2014-12-16,0.0006969788012327,0.0007278605567441603,0.0007716781478232935,calm
2014-12-17,0.0006682924089551,0.0008648410921402305,0.0008565809371568572,calm
2014-12-18,0.0001671770530015,0.0010889451706718126,0.0012042162500940099,calm
2014-12-19,0.0001770584438591,0.0009750572795000198,0.0009328098835048994,calm
2014-12-22,0.0001793314666511,0.0008185447172081335,0.000872572555044349,calm
2014-12-23,8.704239048273138e-05,0.0007740796316964212,0.0008305190463780952,calm
2014-12-24,0.0002089525979854,0.0006443096763549065,0.0007702491477312198,calm
2014-12-29,0.0004069489283592,0.0005112843566247357,0.00044841018144711227,calm
2014-12-30,0.0003939183186288,0.0004901631762751867,0.00046617579241185807,calm
2014-12-31,0.0005202799651209,0.0004926130545954033,0.0005208136453461597,calm
2015-01-02,0.0005264021816709,0.0005312557640345688,0.0006135546931338908,calm
2015-01-05,0.0003782290781257,0.0007698108950922632,0.0007888478340154153,calm
2015-01-06,0.0006255945140802,0.0008554575928375684,0.000878524703817373,calm
2015-01-07,0.0007216711733426,0.0008289837645761727,0.0008939855595749331,calm
2015-01-08,0.0008178586706657,0.0009943613858165098,0.0009866879861300294,calm
2015-01-09,0.0008331007241988,0.0009539865515265482,0.0009387376496302725,calm
2015-01-12,0.0009086067857067,0.0008227784472289171,0.0008408132822218324,calm
2015-01-13,0.0004248131631621,0.000849612271310932,0.0008191979230041741,calm
2015-01-14,0.0004444339322256,0.000808735436555223,0.0007982337671140647,calm
2015-01-15,0.0003922032777717,0.0008618144797043087,0.0007456469477250058,calm
2015-01-16,0.0008107283268936,0.0008951772753942978,0.0007547354392460563,calm
2015-01-19,0.0007392587258028,0.0009255109409746739,0.0007350499759597079,calm
2015-01-20,0.0008195959229321,0.0007141375771588736,0.0006324325718321774,calm
2015-01-21,0.0007392781554507,0.0006401008776961466,0.000635870314954937,calm
2015-01-22,0.0005669435498178,0.0005429966049255359,0.0006276154254282456,calm
2015-01-23,0.0001501444164956,0.0006568794933693461,0.0006998558237840179,calm
2015-01-26,0.0001441263229562,0.0005619607152510608,0.0006158982006092615,calm
2015-01-27,0.0003852238147531,0.0006933941479224072,0.0007142191695148287,calm
2015-01-28,0.0003819857392344,0.0007242849927750627,0.000758806972270669,calm
2015-01-29,0.0003796049799055,0.0006892985371656289,0.0006762860246346951,calm
2015-01-30,0.0003636353068695,0.0007036600169503508,0.000666916586654892,calm
2015-02-02,0.0003954034005611,0.0008071457964138341,0.0008210041229918312,calm
2015-02-03,0.0001802600966178,0.0009068437505010333,0.0008302438862486118,calm
2015-02-04,0.000217387279344,0.0007026576392729899,0.0006893804024571892,calm
2015-02-05,0.0002523352992682,0.0006907966237493076,0.0006753591533306404,calm
2015-02-06,0.0002480751153144,0.0006721494758467119,0.000620369656553499,calm
2015-02-09,0.0002274831118534,0.0005510380612506919,0.0005941766881996631,calm
2015-02-10,0.0001370514040137,0.00048794673976622745,0.0005681804155980895,calm
2015-02-11,0.0003670382451916,0.0004758451835383881,0.0005498659608652785,calm
2015-02-12,0.0003578847242132,0.0004990017880028867,0.0005196052989664638,calm
2015-02-13,0.0003806677891162,0.000493178664149706,0.00048798628304094635,calm
2015-02-16,0.0006884778104651,0.00044847551342104227,0.00044327189789141526,calm
2015-02-17,0.0006729054175114,0.0004163227106702961,0.0003920200734407282,calm
2015-02-18,0.0003752108988427,0.0004412286789593096,0.00047094942931343194,calm
2015-02-19,0.0003589760373094,0.00042294252351055727,0.0003934377325502696,calm
2015-02-20,0.0005096052004071,0.0004248321634051828,0.000401234230510377,calm
2015-02-23,0.0002011988923412,0.0004811817973765519,0.00045222638214703506,calm
2015-02-24,0.0003191677568936,0.0004422247922617412,0.00037771107386992594,calm
2015-02-25,0.0004224970114403,0.0004034053576330227,0.00035512872279119893,calm
2015-02-26,0.0005246760612133,0.0003998364932744819,0.000350199246845583,calm
2015-02-27,0.0003481000941848,0.0004305935522081198,0.00037053980563719554,calm
2015-03-02,0.0003965138916864,0.000391770501218394,0.00036965094823915957,calm
2015-03-03,0.0003232084766981,0.0004005184211458623,0.0003894380215144296,calm
2015-03-04,0.0004111412814109,0.0004054316445457268,0.0004209085367791256,calm
2015-03-05,0.0009396495984644,0.0004212379610501447,0.0004005173753567398,calm
2015-03-06,0.0009796679415318,0.0004187418376595017,0.00044901738451503295,calm
2015-03-09,0.0011719186395868,0.00039317845090817337,0.0004392601960682089,calm
2015-03-10,0.0015107735906425,0.0004851625385833772,0.0005366543785203204,calm
2015-03-11,0.0014905024705045,0.0005193734704016123,0.0005806663459630482,calm
2015-03-12,0.0008494719288603,0.0007116467087970811,0.000867043063458084,calm
2015-03-13,0.0011148253295838,0.0006658321444590121,0.0007142686985744441,calm
2015-03-16,0.0008951722623916,0.0007487210704660076,0.0008926635044654129,calm
2015-03-17,0.0005129359367059,0.00082906365425204,0.0008639292512842818,calm
2015-03-18,0.0004024424177113,0.0008489831096322889,0.0009626656479477084,calm
2015-03-19,0.0006374151659104,0.0007603078153071968,0.0007459925742988488,calm
2015-03-20,0.0003329020608276,0.0008150349760047882,0.0008853040831933764,calm
2015-03-23,0.0005471027770289,0.0006884178388911717,0.0007091879100924082,calm
2015-03-24,0.0007281091048453,0.0005620015767990893,0.0006768425319128207,calm
2015-03-25,0.000664678759732,0.0005862207385827894,0.0007004621245789531,calm
2015-03-26,0.0004312363599655,0.0006206049005697909,0.0007189536732268142,calm
2015-03-27,0.0007418358742342,0.000507568694861766,0.0006107169638687257,calm
2015-03-30,0.0005112851283972,0.0006635995468295025,0.0008267726136292009,calm
2015-03-31,0.0004980627148465,0.0007001634864742383,0.0008601335163131764,calm
2015-04-01,0.0004987237058354,0.0005802297014631633,0.0007088959183774421,calm
2015-04-02,0.0005236879152443,0.0005305143317177244,0.0006548243998303481,calm
2015-04-07,0.0002119486388852,0.0006443331088697743,0.0007640948096391795,calm
2015-04-08,0.0002905560988164,0.0005554833235529915,0.0006066845702040071,calm
2015-04-09,0.0001286196293482,0.0005697342313146363,0.0005866427676658687,calm
2015-04-10,0.0003423536354029,0.00058542733787011,0.0006178746007725022,calm
2015-04-13,0.0003163954417018,0.0005864702930399565,0.0005872540579483154,calm
2015-04-14,0.0003826257166712,0.0005301589250426934,0.0005997858882265303,calm
2015-04-15,0.0003123518473571,0.0004606947657469228,0.0005287010571188958,calm
2015-04-16,0.0003072644071913,0.0004761151001422008,0.0005150995909531155,calm
2015-04-17,0.0001210303269402,0.00047904575036371874,0.0005646863043838972,calm
2015-04-20,0.0002060694032935,0.00046914515738863557,0.0005548170305610296,calm
2015-04-21,0.000250455842419,0.00046364860487835367,0.0005095169219340401,calm
2015-04-22,0.0013367525060053,0.00045511777548622466,0.0005052578948837497,calm
2015-04-23,0.0013718392166655,0.00045386331749163014,0.00046662154092341795,calm
2015-04-24,0.0013544460039634,0.000436169084117425,0.0003977012718670784,calm
2015-04-27,0.0013045857553897,0.000451387945466642,0.00038523097107726794,calm
2015-04-28,0.0012922153142248,0.00045494093239080576,0.00040161106260148873,calm
2015-04-29,0.0002423625411906,0.0007599378612249131,0.0005655486844419203,calm
2015-04-30,0.0007167657501273,0.000698900286694346,0.0006352533059739041,calm
2015-05-01,0.0007796632945963,0.0006603614552854702,0.0006511228062098072,calm
2015-05-05,0.0009775932390244,0.0007283894982635585,0.0006736039335661363,calm
2015-05-06,0.00088472883412,0.0007261084275678085,0.0006811253685186008,calm
2015-05-07,0.0009244364936783,0.0005321514195913469,0.000569861849077125,calm
2015-05-08,0.0004330565798361,0.0006567387406045752,0.0007214243637384313,calm
2015-05-11,0.0003916569377268,0.000665968739059058,0.0006766005586204064,calm
2015-05-12,0.0004645615390273,0.0006777371020295654,0.0006556396441087346,calm
2015-05-13,0.0004913570824831,0.0006593122665734797,0.0006677545975928207,calm
2015-05-14,0.0004109095770289,0.000740651212642375,0.0007052997619963031,calm
2015-05-15,0.0003913194744624,0.0005325783432731778,0.000579977501534112,calm
2015-05-18,0.0003619913273922,0.0005286314774948637,0.0005473168338660027,calm
2015-05-19,5.586034955478488e-05,0.0005856142229572723,0.0006214707846109651,calm
2015-05-20,0.0002866331539791,0.0005465210620742977,0.000561076942173441,calm
2015-05-21,0.0002686729918211,0.0005222233889996589,0.0004980659383627416,calm
2015-05-22,0.0004596878250624,0.0005169387225658829,0.0005028270115595479,calm
2015-05-25,0.0007377201239955,0.0005052316438418375,0.0004892384144613449,calm
2015-05-26,0.0007431824894805,0.00048139031071895414,0.0005673518373888836,calm
2015-05-27,0.0005278438385914,0.0005136798291888189,0.000604639044151537,calm
2015-05-28,0.0005698496079324,0.0005109806411200145,0.000595109429850676,calm
2015-05-29,0.0003893761424472,0.000572283690932706,0.0006496602710471629,calm
2015-06-02,0.0001234254530546,0.0005368800309333401,0.000587170030096388,calm
2015-06-03,0.0003629399541663,0.0005211011255951113,0.0005102172247997299,calm
2015-06-04,0.0005357722597625,0.0004913993402197988,0.0004992104334448842,calm
2015-06-05,0.0005257484835715,0.0004945661700516777,0.0005107130130278898,calm
2015-06-08,0.0005599827277339,0.00044779073098360616,0.0004732013708604076,calm
2015-06-09,0.0005454509099129,0.00043120258765045417,0.0004739013859647693,calm
2015-06-10,0.0003132851524671,0.00047372629305723093,0.0005045483792976928,calm
2015-06-11,0.0001285247080792,0.0004937165746087591,0.0005057536696292945,calm
2015-06-12,0.0002756529262601,0.00048424226089395777,0.0004886549625428463,calm
2015-06-15,0.0003291748391715,0.0004848305463580346,0.0004928946528868059,calm
2015-06-16,0.0003956651994345,0.0004852303903764644,0.00048728024613674926,calm
2015-06-17,0.0004054325108935,0.000448463520273044,0.0004112842186243985,calm
2015-06-18,0.0003709307898891,0.00045333259549384534,0.0004419081627098834,calm
2015-06-19,0.0001999374601807,0.0004459898254974977,0.0004303116977865573,calm
2015-06-22,0.0007363407180739,0.0004562035271878691,0.00045413954961982247,calm
2015-06-23,0.000720109630899,0.00046478518756474927,0.00046891247293230696,calm
2015-06-24,0.0008706385879145,0.00046532336234964044,0.000468029630924657,calm
2015-06-25,0.0008694431928664,0.00046162521186052116,0.0004480899470635535,calm
2015-06-26,0.0008638306669275,0.00045436966119880246,0.00044216789930025675,calm
2015-06-29,0.0004572188951234,0.0006409290033290143,0.0006707039951367117,calm
2015-06-30,0.000489883070948,0.0005858020005786665,0.0006382649543125684,calm
2015-07-01,0.0003559389636116,0.0007152799268724227,0.000665561640102355,calm
2015-07-02,0.0007442180428532,0.0006944296759451251,0.0006693224252318923,calm
2015-07-03,0.0010665894400283,0.0006912185844181963,0.0006079173154259746,calm
2015-07-06,0.0011028758187929,0.0005054221236463643,0.0004408281250969526,calm
2015-07-07,0.0010748128295928,0.0005008505342401201,0.00046295182436410407,calm
2015-07-08,0.0010453387489458,0.0005306892130590342,0.0005633091050879986,calm
2015-07-09,0.0006987810961826,0.0006254815142038225,0.000652211076126546,calm
2015-07-10,0.0003754052576533,0.0008070907936885295,0.0007525286000962527,calm
2015-07-13,0.0001215275278189,0.0007993750373497857,0.0007963285909199467,calm
2015-07-14,9.937293874991986e-05,0.000788149626440167,0.0007561172604629855,calm
2015-07-15,0.0001550468744128,0.0007114286356425373,0.0006453635868554972,calm
2015-07-16,0.0001142703819741,0.0006292975580820267,0.000671043681858195,calm
2015-07-17,0.000131540404998,0.0005134725451067404,0.000555383149708295,calm
2015-07-20,0.000776010678937,0.0004940415471753857,0.0004919676903312038,calm
2015-07-21,0.0008363653729136,0.0004593421700729079,0.00046597053244594265,calm
2015-07-22,0.0008260200932643,0.0004579161296864454,0.00046913181458235444,calm
2015-07-23,0.0008365335327235,0.00044861926427661696,0.0004603473881510341,calm
2015-07-24,0.0009115353711878,0.0004500677148416328,0.00051187742133112,calm
2015-07-27,0.0005848333164504,0.0006575339519549745,0.0006780088298944733,calm
2015-07-28,0.0004912362258597,0.0007539739836505942,0.0007645147366401227,calm
2015-07-29,0.0005524363481147,0.0006663780351645066,0.0006806441679437429,calm
2015-07-30,0.0007456746651059,0.0006656610837979305,0.00069104791972609,calm
2015-07-31,0.000663800707687,0.0006329846328974794,0.0006092766769258542,calm
2015-08-03,0.0003348617003058,0.0005540916865031201,0.000610811412631117,calm
2015-08-04,0.0003639531628671,0.0005268172169079965,0.0005406340002394891,calm
2015-08-05,0.0009847297453863,0.0005302677565842175,0.00048299113974274244,calm
2015-08-06,0.0011592432567126,0.0005753068941548594,0.0005719313919408355,calm
2015-08-07,0.0011544166921125,0.0005335829346249238,0.0005357182429664821,calm
2015-08-10,0.0011611179620156,0.00044764242982094234,0.0005818704136368734,calm
2015-08-11,0.001189739481492,0.0005102528779476953,0.0005689764252092958,calm
2015-08-12,0.0005860040207413,0.0007195264570676937,0.0007227863912106829,calm
2015-08-13,0.0006772030539916,0.000718726955505192,0.0007305190281513918,calm
2015-08-14,0.0016673393245377,0.0007015862757217537,0.0006897008833719197,calm
2015-08-17,0.0043494699582659,0.0006890556637655534,0.000625762519973146,calm
2015-08-18,0.0058075789249079,0.0006902695331004452,0.0005715687661023341,calm
2015-08-19,0.0056854734539846,0.0005612741484096413,0.0005867095757909993,calm
2015-08-20,0.0064266637110625,0.0007614771899275128,0.000916112479912295,calm
2015-08-21,0.0054413439906634,0.0016482573257404697,0.0016447404821787763,calm
2015-08-24,0.0029840720473077,0.0029624724070507133,0.0029635142090611434,calm
2015-08-25,0.0019969779552945,0.003841409470581808,0.0031687517432246893,calm
2015-08-26,0.0019892187345003,0.003707906601116347,0.0035872813516546814,calm
2015-08-27,0.0011148551599889,0.00429142902869898,0.0038788425737598846,calm
2015-08-28,0.001238669611353,0.0032231670497586784,0.0028442861507619347,calm
2015-08-31,0.0010485011985762,0.002302800515536246,0.0028574709904277303,calm
2015-09-01,0.0005839453820718,0.0022697901858065995,0.0032123212300581238,calm
2015-09-02,0.0009446545092009,0.002135334192448216,0.0027090790134175207,calm
2015-09-03,0.0006367740477977,0.0019530445456985913,0.002206590268026616,calm
2015-09-04,0.0005529539207686,0.002058250858587134,0.0024495614835456847,calm
2015-09-07,0.0005532719645119,0.002021453963432838,0.0024317038001016892,calm
2015-09-08,0.0005892431033225,0.0020161108195003202,0.0022492336631683343,calm
2015-09-09,0.0002360815143935,0.0020949148976273737,0.0022950844059561144,calm
2015-09-10,0.0002231312016062,0.0019368605946274604,0.002196948802751051,calm
2015-09-11,0.0002327457844034,0.0018220946248613259,0.0019963330017560266,calm
2015-09-14,0.0002229326085367,0.0017705012504222015,0.0017018741448602403,calm
2015-09-15,0.0006286477125419,0.0015505129440031825,0.0016681506037062633,calm
2015-09-16,0.0006285382338961,0.0014802538637260522,0.0014037755955777554,calm
2015-09-17,0.0014577661230006,0.0014687469486021395,0.0011672386209237047,calm
2015-09-18,0.0016850643019555,0.0016291446219868998,0.0016128686631019025,calm
2015-09-21,0.0018214975372782,0.0015221818532584245,0.0014551147765324833,calm
2015-09-22,0.0020556201762031,0.0014571882591197535,0.001540289858440292,calm
2015-09-23,0.0023768784093813,0.0013657217910867225,0.0011354649586837254,calm
2015-09-24,0.0015621047966098,0.0015910803912548678,0.0012559620711626402,calm
2015-09-25,0.0013191415146472,0.001583856969229527,0.0010829610979815104,calm
2015-09-28,0.0019524217271354,0.0015473526621050447,0.0013344408994532381,calm
2015-09-29,0.0012240874398048,0.001612531199206954,0.0013314972724580456,calm
2015-09-30,0.0011852481030059,0.0018631509548335098,0.001642461256234145,calm
2015-10-01,0.0011553088919207,0.0015853839451534146,0.0013052833358844994,calm
2015-10-02,0.0011468709531058,0.0015661217031603953,0.0013903630251558027,calm
2015-10-05,0.0003453471306033,0.001861776591964244,0.0015136009996559808,calm
2015-10-06,0.0003423750977848,0.0016529508794667302,0.0012993371659360965,calm
2015-10-07,5.457265726855042e-05,0.0015853919071037992,0.0012596961031112633,calm
2015-10-08,0.0003055919951385,0.0014837236144842774,0.0011895810607833914,calm
2015-10-09,0.0003382181089488,0.0012758073582838387,0.0010402888710948903,calm
2015-10-12,0.0003379021198932,0.0009123405593458161,0.0007278984583439949,calm
2015-10-13,0.0003326275761894,0.0009182221621300579,0.0007749974797552289,calm
2015-10-14,0.0004104709544703,0.0009167884200066914,0.0007157423434598141,calm
2015-10-15,0.0002421974999372,0.0009826975665939196,0.000863018668423486,calm
2015-10-16,0.0004532827076413,0.0009615007419907334,0.0008382076293321198,calm
2015-10-19,0.0005012559846136,0.0009680389541945869,0.0009339718925178471,calm
2015-10-20,0.0006935797790477,0.0007904187352809856,0.0007636496681154907,calm
2015-10-21,0.0006917231885081,0.000811120178368721,0.0008445532565907218,calm
2015-10-22,0.0006601168754554,0.0009422016293840996,0.0008555359024560062,calm
2015-10-23,0.0003968151548382,0.001047201492474312,0.0009743290280776264,calm
2015-10-26,0.0004625929572721,0.000998904724336211,0.0008078336416464039,calm
2015-10-27,0.000268038884313,0.0009494525110347196,0.0008920427817813643,calm
2015-10-28,0.0002177083765787,0.0006933932851044409,0.0009295223638200518,calm
2015-10-29,0.0001678383982209,0.000569348532442657,0.000659856496513619,calm
2015-10-30,0.0002586117880387,0.0004550998350912822,0.0005263784372152507,calm
2015-11-02,0.0002650349142944,0.0005093124391627215,0.0006410773355158345,calm
2015-11-03,0.0002645544255828,0.00047304249960090645,0.0005419707397382069,calm
2015-11-04,0.0002473600741824,0.000434760694185933,0.00041548952576867806,calm
2015-11-05,0.0003429412806939,0.00043431720082715247,0.0004084974862208939,calm
2015-11-06,0.0002410180225841,0.00042128660908463927,0.0004121967627544708,calm
2015-11-09,0.0001258945426111,0.00043699195814946593,0.0004030641714874437,calm
2015-11-10,0.0003074308856185,0.0004237072749374017,0.00038626686801897714,calm
2015-11-11,0.0003063023603103,0.0004222129711597096,0.00038343784816096657,calm
2015-11-12,0.0006137711920089,0.0004853324110834713,0.0004969785165971083,calm
2015-11-13,0.0006213667772224,0.0005220527446750874,0.0005112879555390407,calm
2015-11-16,0.0006197805549648,0.0005125584261864121,0.0004874407212900338,calm
2015-11-17,0.0005834277379162,0.0005322639038279928,0.0005278171860487639,calm
2015-11-18,0.0006641233023883,0.0006339535073953746,0.0005910357240509233,calm
2015-11-19,0.0004813906315147,0.0005818782933278054,0.0006506745547792041,calm
2015-11-20,0.0004695455761729,0.0005632328376944593,0.0005810574084462183,calm
2015-11-23,0.0005003232015276,0.0005151333447173729,0.0004961328828739274,calm
2015-11-24,0.000357791769519,0.00048110333800457017,0.0004950688926243778,calm
2015-11-25,0.0002906366023587,0.0004966383084408527,0.00048707716295362893,calm
2015-11-26,0.0004590119697181,0.0004947738948335354,0.00047905683890505957,calm
2015-11-27,0.0004553252846171,0.0004849138045092627,0.0004505960292102717,calm
2015-11-30,0.0006153392419771,0.0004877651141383947,0.000379238361856377,calm
2015-12-01,0.0007933422431945,0.0004650504697399949,0.0004331243076143393,calm
2015-12-02,0.0008058891391858,0.00042259937236770087,0.0004442229159733137,calm
2015-12-03,0.000433912871885,0.0005753153890639162,0.0006127556741828402,calm
2015-12-04,0.0005063324769203,0.0006698538638799771,0.0007440742832582289,calm
2015-12-07,0.0003454664897467,0.0006984560073614426,0.0007653844234701729,calm
2015-12-08,0.0002645024815713,0.0007431886205103023,0.0007851986792923461,calm
2015-12-09,0.0002253490998561,0.0006768337336611741,0.0007467601317638518,calm
2015-12-10,0.0004195596547039,0.0005468371741629156,0.0005919942917589221,calm
2015-12-11,0.0003473504047072,0.0006516940341215884,0.0006968940076471674,calm
2015-12-14,0.0003414070870666,0.0005714872679624273,0.0006241414383714198,calm
2015-12-15,0.0002471104987204,0.0005763062169738391,0.0006470649810589556,calm
2015-12-16,0.0003822498682948,0.0005762005080959789,0.0006968370234604529,calm
2015-12-17,0.0001860275248333,0.0008007530539566992,0.0007697750428781931,calm
2015-12-18,0.0003796242049783,0.0007955643833145601,0.000792823146569442,calm
2015-12-21,0.0003571673749298,0.0008133379372382983,0.000654587153001467,calm
2015-12-22,0.0004416048493276,0.0008147382647903872,0.000618256475752816,calm
2015-12-23,0.0004716190920165,0.000812754946646319,0.000679457567670418,calm
2015-12-24,0.0004762375440264,0.0006987062175625089,0.0005845354195446117,calm
2015-12-29,0.0003355655722616,0.0007326005871032369,0.0005699748005601341,calm
2015-12-30,0.0006773791307718,0.0007266185039490088,0.0005333064658035451,calm
2015-12-31,0.0005870137147136,0.0007329688008314239,0.0005545136177817605,calm
2016-01-04,0.0004251322138874,0.0007832408675334703,0.0006003394874596589,calm
2016-01-05,0.0005324000362034,0.0007478731387322749,0.0005773470162808348,calm
2016-01-06,0.0004851345095165,0.0007661274720079639,0.0006079610914912317,calm
2016-01-07,0.0007263496994181,0.0010191980751598252,0.0007800972655896742,calm
2016-01-08,0.0011547671169032,0.0009739617538659624,0.0007971729144403189,calm
2016-01-11,0.0011970015490363,0.0009148688189378588,0.0005928842609462918,calm
2016-01-12,0.0012558677517434,0.0009463537221709236,0.0006426114809394882,calm
2016-01-13,0.0023372459950862,0.0009995871561488782,0.0007609209557052828,calm
2016-01-14,0.0019860150952363,0.001048325138802238,0.0008719465460144159,calm
2016-01-15,0.0018131277542398,0.001235261718607698,0.0010923227399481119,calm
2016-01-18,0.0017885260910283,0.001249454850944372,0.0012054176073340544,calm
2016-01-19,0.0016632337459846,0.0012809166542117627,0.0011458342112670849,calm
2016-01-20,0.0006067078045125,0.0015762633609892327,0.0014978039446339262,calm
2016-01-21,0.0007802220478725,0.001432733499566664,0.0013390679968963617,calm
2016-01-22,0.0009430470535919,0.0014428201764396023,0.0014064268696618335,calm
2016-01-25,0.0011914971990181,0.0013741155287142924,0.0012959199062699577,calm
2016-01-26,0.0013374340337919,0.0014372802531396583,0.0013715406368179559,calm
2016-01-27,0.0017156236190964,0.0011862282245742434,0.0011797644650697096,calm
2016-01-28,0.0014611949915032,0.0013178276709097077,0.0012812022596000315,calm
2016-01-29,0.0011956373292407,0.0014641860680613818,0.001522029647663919,calm
2016-02-01,0.0039631517424843,0.0016668254832624572,0.0013327417571138513,calm
2016-02-02,0.0037779858926695,0.0017274128986100308,0.0016179835003800312,calm
2016-02-03,0.0042497953177517,0.0017705758379699139,0.0016886924014678758,calm
2016-02-04,0.004812346525745,0.001810924170185043,0.0015354208950103896,calm
2016-02-05,0.0047490495860171,0.001586244863274772,0.0015822971695611387,calm
2016-02-08,0.002465943479532,0.0024579189014059576,0.002580184285648438,calm
2016-02-09,0.0024725220418312,0.0019193049162608473,0.0019755131132707456,calm
2016-02-10,0.0025805946057138,0.002255527216594094,0.002239893029290066,calm
2016-02-11,0.0018713447561446,0.0023528836010271344,0.002617557815744703,calm
2016-02-12,0.0017822596201373,0.002285070068451705,0.002564977574532158,calm
2016-02-15,0.0010642710103611,0.002141936350992214,0.002454360283862642,calm
2016-02-16,0.0011091835691346,0.00211224355972736,0.0025463553338284117,calm
2016-02-17,0.0001796694338781,0.0022467862589495096,0.0028213940059364506,calm
2016-02-18,0.0003669514879711,0.0020530040555223716,0.0024449575096737067,calm
2016-02-19,0.0005888612596636,0.0020232721347557925,0.001904018924142538,calm
2016-02-22,0.000825160369235,0.0017505500349286006,0.0019655319761258815,calm
2016-02-23,0.000759488656645,0.0017067943658149837,0.0018582989521693809,calm
2016-02-24,0.0007061996725314,0.0014194946145655145,0.0013617535617877177,calm
2016-02-25,0.000544992656692,0.0014466580821755782,0.0015147263124532452,calm
2016-02-26,0.0003354067250049,0.0014575535101483356,0.0015578051521007376,calm
2016-02-29,0.0001392418869977,0.0016155581041712322,0.001537934729553019,calm
2016-03-01,0.0001689236129204,0.001644064367400486,0.0018099447854897479,calm
2016-03-02,0.0001676757666765,0.001467076419847424,0.001627838631862371,calm
2016-03-03,0.0002199863521627,0.0013904799015503314,0.0014649736944518296,calm
2016-03-04,0.00055432031556,0.0013598742156010364,0.0013954904054220133,calm
2016-03-07,0.0005109828348929,0.0013598742156010364,0.0012475220649191899,calm
2016-03-08,0.0008062621032098,0.0012191841672442988,0.0010573068387257298,calm
2016-03-09,0.0008214300397,0.0008685488955939892,0.0007721341630105103,calm
2016-03-10,0.0007465845430719,0.0009191871394954748,0.0008736715286945122,calm
2016-03-11,0.0004641958721775,0.001025222123279466,0.0009320051419208542,calm
2016-03-14,0.0004342155386484,0.0008640409934738593,0.0008177892008699408,calm
2016-03-15,0.0001004171083774,0.0009955796182563475,0.000826411591202943,calm
2016-03-16,0.0001368497325053,0.0007448879087331596,0.0007152528812103193,calm
2016-03-17,0.0001241471773372,0.0006818424058814996,0.000719948386304668,calm
2016-03-18,0.0001885021494558,0.0005000831240292841,0.0004461677368259327,calm
2016-03-21,0.0002341220148881,0.0004844948055715761,0.0004460630512471568,calm
2016-03-22,0.0002580302955992,0.0004718271791370019,0.0004773922081910099,calm
2016-03-23,0.0002167781668576,0.00047334289492580574,0.0004490812179196742,calm
2016-03-24,0.0002169445510806,0.00047167670628816226,0.0005422271973000544,calm
2016-03-29,0.0001943107342643,0.00047636911483728387,0.00045839301867077085,calm
2016-03-30,0.0001565547759802,0.0004802180986473421,0.00044017229729998954,calm
2016-03-31,0.0001859642758248,0.0004723956372602292,0.00041329048043493166,calm
2016-04-01,0.0001979947504629,0.0004688536507561555,0.00037785794483958103,calm
2016-04-04,0.0001992589636546,0.0004578814969122417,0.0003890149723323698,calm
2016-04-05,0.0001071611974078,0.0004664453072564525,0.00041221132297702517,calm
2016-04-06,0.0004135572384336,0.00046774042512060887,0.00042804753217718896,calm
2016-04-07,0.0003703081779206,0.0005339725102462276,0.00047148808788026003,calm
2016-04-08,0.0004144233834907,0.000520984517204711,0.0004433218212458431,calm
2016-04-11,0.0004134983392078,0.0005146005065575507,0.00043942344197114326,calm
2016-04-12,0.0004557394767134,0.0005003746630792104,0.00043725944770694786,calm
2016-04-13,0.0001828450955192,0.0005464797501767616,0.0005073766698038213,calm
2016-04-14,0.000273148357751,0.0004674518716784237,0.0004484145075253313,calm
2016-04-15,0.0002213912629162,0.00046817065370033546,0.00040996337997891504,calm
2016-04-18,0.0002371970089338,0.0003940657795458124,0.0003525129154777373,calm
2016-04-19,0.0003278119551171,0.00041639659385167755,0.00034475830689837425,calm
2016-04-20,0.0003515432506075,0.0003913067108502402,0.0003247775533410737,calm
2016-04-21,0.0002852416562131,0.0003880129512067753,0.00032970353053009217,calm
2016-04-22,0.0004186635774983,0.0003916125478978224,0.0004041240647895768,calm
2016-04-25,0.0007843108090816,0.0003930638448458108,0.00031494286523687956,calm
2016-04-26,0.0006525587607389,0.0004309151634877051,0.00033736349532820394,calm
2016-04-27,0.0005955545057389,0.0004421554887838685,0.0003448492910341465,calm
2016-04-28,0.0005613627234559,0.0004204530764809462,0.0003497196119739614,calm
2016-04-29,0.0005072105160366,0.0004755232398314848,0.0003768833672726396,calm
2016-05-03,0.0002468747059536,0.0005816005963776539,0.000490346898483612,calm
2016-05-04,0.0002320254265262,0.0005235585263690395,0.0004731456306520714,calm
2016-05-05,0.0002314160610126,0.0005228597827531568,0.0005014967698808953,calm
2016-05-06,0.0002414430166865,0.0005028635726015561,0.00045922784176474074,calm
2016-05-09,0.0001777954632692,0.0005009445560009844,0.00045510735806546574,calm
2016-05-10,5.747627602658661e-05,0.00047048166872661615,0.00046352514285104014,calm
2016-05-11,7.238460045295577e-05,0.000458559944158319,0.0004638493447981053,calm
2016-05-12,8.546249806785924e-05,0.0004597444596081993,0.0005203019011358716,calm
2016-05-13,0.0001980883584592,0.000483458882664818,0.0004776983987491656,calm
2016-05-16,0.0001906658577736,0.0004993771509019216,0.00045563292142440046,calm
2016-05-17,0.0005865301233047,0.0004879763207448444,0.000456088458215466,calm
2016-05-18,0.0007446787605352,0.0004342116948056166,0.0004532371634928996,calm
2016-05-19,0.0007294229655148,0.00044062810365635106,0.00041882243574951124,calm
2016-05-20,0.0006645630212702,0.00044496806485103173,0.00042450052441346645,calm
2016-05-23,0.0006368990882515,0.0004380438109997548,0.00038659908112764334,calm
2016-05-24,0.0002415569378727,0.0005410799881587891,0.0005240000841949629,calm
2016-05-25,0.00014749257859,0.0005781731659841411,0.0005638648084181846,calm
2016-05-26,0.0001394162362045,0.0005568036352183318,0.0005676645732796251,calm
2016-05-27,0.0001080249173132,0.0005231311115696033,0.0005107264697160783,calm
2016-05-30,0.0002347966502321,0.0005255622122045954,0.0005032061851752491,calm
2016-05-31,0.0003240343545428,0.0004580794156072505,0.000406441798564663,calm
2016-06-01,0.0003196318611441,0.000438512040547982,0.00038543120115699003,Brexit referendum
2016-06-02,0.0007457262258834,0.0004132707467943108,0.0003772727433346991,Brexit referendum
2016-06-03,0.0012574638886442,0.0004132707467943108,0.0003306087306569394,Brexit referendum
2016-06-07,0.0014525505227049,0.00043785533530936113,0.0003583609292529874,Brexit referendum
2016-06-08,0.0013813840807689,0.0004335809508550908,0.0003553283144350471,Brexit referendum
2016-06-09,0.0016150818793835,0.0004459505367962237,0.0003610289714439142,Brexit referendum
2016-06-10,0.0014294339898593,0.0005785785697633515,0.00047482706526120604,Brexit referendum
2016-06-13,0.0028685025258559,0.0007374197413774549,0.0006274488325892465,Brexit referendum
2016-06-14,0.0025492178441196,0.0007459929912119257,0.000685981994594158,Brexit referendum
2016-06-15,0.0025636952584459,0.0007180345001652796,0.0006396324925034995,Brexit referendum
2016-06-16,0.0024161682080626,0.000762306480278581,0.0007315751006498639,Brexit referendum
2016-06-17,0.0086568442798661,0.0007394238516282612,0.0006838041992099119,Brexit referendum
2016-06-20,0.0175297863751091,0.0010820178931165018,0.0009852852231825705,Brexit referendum
2016-06-21,0.0183040364354616,0.0009823921474528027,0.0008689434910768112,Brexit referendum
2016-06-22,0.0189329191704863,0.0009872286155050822,0.0008983382351510738,Brexit referendum
2016-06-23,0.0188637327515866,0.0010098648840122914,0.0011213600544010664,Brexit referendum
2016-06-24,0.0127385877362147,0.0026338943839492005,0.003221702881291169,Brexit referendum
2016-06-27,0.0020857197429122,0.0034101716136774704,0.005678738891285605,Brexit referendum
2016-06-28,0.0020033840536933,0.004554659599768421,0.005995227832080607,Brexit referendum
2016-06-29,0.0016522660590971,0.004967709530519922,0.006298018306862327,Brexit referendum
2016-06-30,0.0017218814591534,0.004884359508642404,0.0062052257331225566,Brexit referendum
2016-07-01,0.0016035101061842,0.0044786221295889965,0.004872862352689165,Brexit referendum
2016-07-04,0.0017770935867271,0.002281320260148536,0.003252452966737796,Brexit referendum
2016-07-05,0.0012082894866056,0.002104532871751509,0.0031607103815940525,Brexit referendum
2016-07-06,0.0009208656831054,0.0020555671740023983,0.002644053075713953,Brexit referendum
2016-07-07,0.0008770660989305,0.00199167263040563,0.0020945161773545194,Brexit referendum
2016-07-08,0.0007256089538096,0.0022158692385680625,0.002777589397821732,Brexit referendum
2016-07-11,0.0003757810686695,0.0022513756973677195,0.002763673487133232,Brexit referendum
2016-07-12,0.0002540986660466,0.002152054620535146,0.0026490147317154715,Brexit referendum
2016-07-13,0.0003755836297079,0.0020427585972646787,0.0022317305846319383,Brexit referendum
2016-07-14,0.0003694179618824,0.0020687678125569514,0.0024964618111545226,Brexit referendum
2016-07-15,0.0002845695080388,0.0017011453816749725,0.001700800699427285,Brexit referendum
2016-07-18,0.0002925167090852,0.001621535823066472,0.001664785294637603,Brexit referendum
2016-07-19,0.0003594435940646,0.0016110301521263483,0.0016055257998472505,Brexit referendum
2016-07-20,0.0002358259910717,0.0016358994898078695,0.0016405634957544415,Brexit referendum
2016-07-21,0.0001292778948034,0.0016291417602585785,0.0015607138277806225,Brexit referendum
2016-07-22,0.0002451393199785,0.0016096382737107874,0.0015964214379658834,Brexit referendum
2016-07-25,0.0003468055757351,0.001504646543476934,0.0016240966278523819,Brexit referendum
2016-07-26,0.0004603639322549,0.0008971460548770948,0.0013806343978492778,Brexit referendum
2016-07-27,0.0004398702273721,0.0006725756716420182,0.0006683188872326598,Brexit referendum
2016-07-28,0.0004877606094121,0.0005254649405486833,0.0005964354552811041,Brexit referendum
2016-07-29,0.000676961165359,0.0005062151464242746,0.00056978196290515,Brexit referendum
2016-08-01,0.0005863283373051,0.0005123445830110111,0.0006273481237175665,calm
2016-08-02,0.0005222225131618,0.00053411816218172,0.0005871422859897587,calm
2016-08-03,0.0005933911579128,0.0005072919297319407,0.0005433505329325747,calm
2016-08-04,0.0007228110161162,0.0005045233215545866,0.0005610765322759418,calm
2016-08-05,0.0005253696638996,0.0005429152877502552,0.0005712178865579562,calm
2016-08-08,0.000486588001133,0.0005251464500372683,0.0005334847304357133,calm
2016-08-09,0.0003693410137551,0.0005230491405809828,0.0005954243880237883,calm
2016-08-10,0.0002969777016959,0.0005049507712618891,0.0004814910787766148,calm
2016-08-11,0.0001367134297256,0.0005260889163921129,0.0005226990195095663,calm
2016-08-12,4.70828800881998e-05,0.000502301810248414,0.0005099250118491583,calm
2016-08-15,5.808735499801283e-05,0.00048684958619690495,0.0004519761531449834,calm
2016-08-16,0.0001213138824104,0.0004461146487951163,0.00042668242532115195,calm
2016-08-17,0.0001266135157605,0.00044520450401978374,0.00043935650237757185,calm
2016-08-18,0.0001073607600683,0.00044520450401978374,0.00043580342156759487,calm
2016-08-19,0.0001602517989997,0.0004254599995003423,0.0004573373665683352,calm
2016-08-22,0.0001988559954278,0.00042019276383125666,0.0004649052364817264,calm
2016-08-23,0.0001359291318448,0.0004258486668817241,0.000450657553768754,calm
2016-08-24,0.0001570658257024,0.0004230826321787337,0.0004109704064164981,calm
2016-08-25,0.0001638954988935,0.0004268299620907276,0.00042318099346121374,calm
2016-08-26,0.0003981940113823,0.0004268299620907276,0.00042347207142036977,calm
2016-08-29,0.0003535723919837,0.0004268299620907276,0.00041410697199827643,calm
2016-08-30,0.0004120893778014,0.0004271331424648449,0.00040562866965108507,calm
2016-08-31,0.0003895868169193,0.0004257988216959732,0.00038352363782351154,calm
2016-09-01,0.0003809464869165,0.00039770406298300724,0.00046719949574451354,calm
2016-09-02,0.0003533189310099,0.00045427006290198337,0.00042953287211261004,calm
2016-09-05,0.0003994997576924,0.00042877469344851897,0.0003958617676312695,calm
2016-09-06,0.0003568752978247,0.000412415509299931,0.0003863728698175892,calm
2016-09-07,0.0003545842144863,0.00040020029567228307,0.00044786396155238465,calm
2016-09-08,0.0003734210179727,0.0003484444673657967,0.0003441390334758245,calm
2016-09-09,0.0001026132446888,0.0005105045310971846,0.0005365244834586016,calm
2016-09-12,5.0337105611755495e-05,0.0005118907518004871,0.0005120041114712585,calm
2016-09-13,5.900992750456469e-05,0.0005120865725692948,0.0005060311420185149,calm
2016-09-14,6.48242858663994e-05,0.000494179223999087,0.0004300095312600283,calm
2016-09-15,0.0001382355832642,0.0005057959793890765,0.0005087609158918641,calm
2016-09-16,0.0001837940684279,0.0004105215808506261,0.00041551131510515315,calm
2016-09-19,0.0004237111173866,0.0003859091679134195,0.00047728265119237963,calm
2016-09-20,0.0004119808060553,0.0003432594520117667,0.00035117797064767464,calm
2016-09-21,0.0004691693395363,0.00034504749081428826,0.00036453582986282937,calm
2016-09-22,0.0004227125033214,0.0003723070626033144,0.0003568435476314167,calm
2016-09-23,0.0004064807803159,0.0003707916523546725,0.00035929654545538485,calm
2016-09-26,0.0001665467335269,0.0004864727830558884,0.00046108123089444366,calm
2016-09-27,0.0001807105587278,0.0004903050089971662,0.00043785082964461477,calm
2016-09-28,0.0001753210015857,0.0004890754013856911,0.00042301840872087056,calm
2016-09-29,0.0001633112074466,0.0004632027061821467,0.00044316839425289923,calm
2016-09-30,0.0007234357890834,0.0004813566574491881,0.0004495755363149688,calm
2016-10-03,0.0007504539186933,0.0004411127116473879,0.0004207992164141665,calm
2016-10-04,0.0007243922973476,0.0003654427232628597,0.00035199273993198176,calm
2016-10-05,0.0006880201075215,0.00036770556970532433,0.00035714797710645926,calm
2016-10-06,0.0006595535389039,0.00036433877635718657,0.00033671342834490847,calm
2016-10-07,0.0003195860802124,0.0005400292909987207,0.000439875234769083,calm
2016-10-10,0.0002974859150399,0.0005347284646149682,0.00042674060701819764,calm
2016-10-11,0.0006462150731837,0.0005010372790715901,0.00044207150655015647,calm
2016-10-12,0.000623504681218,0.00047884459243392025,0.0004138847057986425,calm
2016-10-13,0.0007005446374453,0.00047021517397776726,0.0004140008111180831,calm
2016-10-14,0.0004534078997416,0.000471792329698807,0.0005290208389089044,calm
2016-10-17,0.0004483747837393,0.0004541401079667921,0.0004283056729696749,calm
2016-10-18,0.0002139699550577,0.000526879085692256,0.0004722621725441484,calm
2016-10-19,0.0002144322665612,0.0004976605474621934,0.0004424756558035329,calm
2016-10-20,0.0001782554487291,0.0005041747728842662,0.00046928840326276004,calm
2016-10-21,0.0001711340790478,0.00047665683473707346,0.0004978977235620837,calm
2016-10-24,0.000181866954958,0.00045247900799896953,0.0004593789313612773,calm
2016-10-25,0.0001252704910378,0.00044346982248925313,0.000469212019492026,calm
2016-10-26,0.0001772134202098,0.0004329178583318682,0.0004021311689640962,calm
2016-10-27,0.0001350263462075,0.0004329178583318682,0.0004291989660242224,calm
2016-10-28,0.0001322272752604,0.00043201858533907316,0.0004049251199739963,calm
2016-10-31,0.0004648929435661,0.0004323293180482337,0.00048275693133478564,calm
2016-11-01,0.0004916386678931,0.00043349983847938337,0.0004247164048159706,calm
2016-11-02,0.0009896828610019,0.0004341140180886001,0.00044697067575265586,calm
2016-11-03,0.0009843910492024,0.0004341140180886001,0.00043433888177741236,calm
2016-11-04,0.0009889224329996,0.0004353408532081791,0.0004389670296449983,calm
2016-11-07,0.0007432041584169,0.0005722687104599909,0.0007191403203817215,calm
2016-11-08,0.0006628501190742,0.0005326528579766449,0.0005354697348553416,calm
2016-11-09,0.0002769163032495,0.0007198743807060178,0.0007843085529067871,calm
2016-11-10,0.0005207835128503,0.0006741980868500542,0.0006202358838392159,calm
2016-11-11,0.0005237815780755,0.0006741980868500542,0.0006404037161780636,calm
2016-11-14,0.0004581017723251,0.000527252672038103,0.0005627192121896478,calm
2016-11-15,0.0004556941731137,0.0004801977993118196,0.00048509620979640406,calm
2016-11-16,0.0003024814213081,0.0004429200585901409,0.0004458853332594493,calm
2016-11-17,0.0001006508329774,0.00048063664388510983,0.00046262712706021707,calm
2016-11-18,9.705815425545496e-05,0.00046944045163747775,0.0004240329743086663,calm
2016-11-21,0.0001952216875176,0.00045554998660866393,0.00046253749457598315,calm
2016-11-22,0.0001954987852966,0.00045637071340000134,0.0004148751397912649,calm
2016-11-23,0.0001849351067875,0.000432040501457602,0.00042401784302057967,calm
2016-11-24,0.0001627170524465,0.00043201858533907316,0.00041710138764766003,calm
2016-11-25,0.0001631984542615,0.0004308774717279446,0.00041552103915379183,calm
2016-11-28,0.0001199629660995,0.000441501761340557,0.00041747068543827913,calm
2016-11-29,0.0001511659716338,0.00043318826446946086,0.0004027596173246842,calm
2016-11-30,0.0001655724864714,0.00043318826446946086,0.0003995548208131856,calm
2016-12-01,0.0003941418451503,0.0004329178583318682,0.00040878437909509677,calm
2016-12-02,0.0004364014334539,0.00043000521487203213,0.0004115815976009696,calm
2016-12-05,0.0003986988056033,0.00043326276148964956,0.00042255170423605577,calm
2016-12-06,0.0003689324305409,0.00043440459123238157,0.0004248709961570587,calm
2016-12-07,0.0004177188769874,0.0004453765334895321,0.00046604534186829756,calm
2016-12-08,0.0004634738524514,0.0004797834199214347,0.0005224863765431796,calm
2016-12-09,0.0004299577302143,0.00043826732565388233,0.000428545474864291,calm
2016-12-12,0.0003807320723001,0.0004424748555996079,0.00041804802130305553,calm
2016-12-13,0.0003799079944237,0.0004420947555248333,0.0004149549350627553,calm
2016-12-14,0.000333553547909,0.0004182589237630255,0.0003858228678540812,calm
2016-12-15,7.367059187721897e-05,0.0004587915862838326,0.0004444876288064476,calm
2016-12-16,7.902208608043307e-05,0.000428298830548013,0.00037782045093179593,calm
2016-12-19,9.414843973240735e-05,0.0003532277553878378,0.0003606950792202311,calm
2016-12-20,9.54547784762507e-05,0.00035383801928226934,0.00033036301083786654,calm
2016-12-21,7.822718323036341e-05,0.00034309564753941875,0.00034182558026961684,calm
2016-12-22,4.532251231163575e-05,0.0003439080557710892,0.00037793023013215184,calm
2016-12-23,9.72002551296858e-05,0.0003439080557710892,0.0003982698067336152,calm
2016-12-28,0.0001144097516219,0.000345796582914813,0.0004147752296899142,calm
2016-12-29,0.0001186699798334,0.00034444178501979506,0.00042249594964973726,calm
2016-12-30,0.0001263092790766,0.000334069548093195,0.00036094732092036913,calm
2017-01-03,0.0001417511967604,0.00038497336958131075,0.0004730073724159464,calm
2017-01-04,7.733995169807138e-05,0.00039063137620552957,0.0005335797741986306,calm
2017-01-05,4.8957313845342976e-05,0.00039063137620552957,0.0004641270911219889,calm
2017-01-06,0.0001020767960909,0.00039091399752348753,0.00044380542625688436,calm
2017-01-09,0.0002416423268782,0.00037880827895507655,0.0004098629999514383,calm
2017-01-10,0.0002261627002975,0.0003768460643033,0.00044931314827553157,calm
2017-01-11,0.0002391291799029,0.00037799683768319935,0.00038441278371192776,calm
2017-01-12,0.0002903155563057,0.00036944175557821667,0.00034788948180949165,calm
2017-01-13,0.0002489998769083,0.00037114586085986774,0.0003462743668348568,calm
2017-01-16,0.0001164998984892,0.00037801655016654747,0.0003713350386335571,calm
2017-01-17,0.0002821510961617,0.00037433431276122917,0.0003556881585205728,calm
2017-01-18,0.0003549410331517,0.0003758623788684979,0.0003584392824311552,calm
2017-01-19,0.0003431329989533,0.00037240146396853564,0.000346482282696466,calm
2017-01-20,0.0003189010899833,0.000373891616795817,0.00029586617309541283,calm
2017-01-23,0.0005064922927338,0.00037296341264646076,0.00030213394282261604,calm
2017-01-24,0.0003978427800919,0.00037912138881767516,0.00035299328970779146,calm
2017-01-25,0.0004035548476698,0.0003831880488141522,0.00039221628644652587,calm
2017-01-26,0.0003654863232911,0.0003770570402346311,0.0003795565368296322,calm
2017-01-27,0.0004030562763355,0.0003734962915295258,0.0003695420380805309,calm
2017-01-30,0.00029144977652,0.00042117655027145844,0.00045535777115584755,calm
2017-01-31,0.000300511813457,0.0004231481323264146,0.0004549200226486476,calm
2017-02-01,0.0002081741035795,0.0004022129727661398,0.0004962381965309863,calm
2017-02-02,0.000308761136887,0.00040063336436655387,0.0004603992019876177,calm
2017-02-03,0.0002710398165859,0.00040278383590119183,0.0004577603645321284,calm
2017-02-06,0.0003036777321111,0.0004642785694738308,0.00045634397690251017,calm
2017-02-07,0.000244844118459,0.0004782428351521945,0.0005062266880443723,calm
2017-02-08,0.0002539613052219,0.00047759276478767193,0.00045309761249022267,calm
2017-02-09,0.0001519996770187,0.0005015168757260498,0.00047766789853243675,calm
2017-02-10,0.0001522434124857,0.0005003574050692116,0.00048229683583701414,calm
2017-02-13,2.931814936197185e-05,0.0005117763081013687,0.0004859684716270933,calm
2017-02-14,0.0001603638109984,0.0004991998526339361,0.0004904950192276841,calm
2017-02-15,0.0001550391071167,0.00047773072421791664,0.00044025710225479724,calm
2017-02-16,0.0002754110924507,0.00047922615471190217,0.000430482179145402,calm
2017-02-17,0.00033196895753,0.0004725322287168173,0.00046090187171121905,calm
2017-02-20,0.0003752903492087,0.0004553404758571164,0.0004911314279440346,calm
2017-02-21,0.0002435844423804,0.0005059701489310337,0.0004538477203336066,calm
2017-02-22,0.0008063621566179,0.000499731739518966,0.00043961688766754314,calm
2017-02-23,0.0007030431447941,0.0004842743482629101,0.00047419324066776976,calm
2017-02-24,0.0006463548692601,0.00046444929535050455,0.0004650420769036996,calm
2017-02-27,0.0006052303497208,0.0004794947296618843,0.0004625747724652356,calm
2017-02-28,0.000673371397691,0.0004702093734868409,0.00047951081365460425,calm
2017-03-01,0.0001295367796448,0.0006346333952093516,0.0006610592186014003,calm
2017-03-02,0.000120176275327,0.0005539611386685414,0.0006040409221339927,calm
2017-03-03,0.0001288413893365,0.0005407203092658595,0.0005311763023054398,calm
2017-03-06,0.0001270125140103,0.0005408783948338947,0.0005278200814720396,calm
2017-03-07,0.0001098609487562,0.0005469725050502996,0.0005809143977886124,calm
2017-03-08,9.76108590206858e-05,0.000499513126280396,0.0005071834571014595,calm
2017-03-09,0.0001219235370971,0.0004947557658726427,0.00046236038421342874,calm
2017-03-10,0.0001340792447464,0.0004947557658726427,0.00045074687694558464,calm
2017-03-13,0.0001394321389597,0.0004780611554901848,0.0005155488474066173,calm
2017-03-14,0.0001989741845664,0.000494398069480332,0.0005932515055786236,calm
2017-03-15,0.0002898115493603,0.0004709186112485841,0.0004820458610302592,calm
2017-03-16,0.0003106469870081,0.00047260837989225395,0.0004264049321143597,calm
2017-03-17,0.0003092636154674,0.00047608196388061627,0.000423372640917511,calm
2017-03-20,0.0003597637803011,0.0004780611554901848,0.0004165465119958848,calm
2017-03-21,0.0002549878281683,0.0005086082879454728,0.0005135162672611099,calm
2017-03-22,0.0001501565914456,0.000500935190452131,0.00048045339984740826,calm
2017-03-23,0.0001300920704732,0.000498428332059241,0.00048461081227454164,calm
2017-03-24,0.0001498082793396,0.000498428332059241,0.0004628889771878143,calm
2017-03-27,0.0001425984426409,0.0005061953677560265,0.0004691167325314478,calm
2017-03-28,0.0001312179973789,0.0004943294901633539,0.00043370147886104965,calm
2017-03-29,0.0001485316570423,0.0004756717772979995,0.0004227446254243518,calm
2017-03-30,0.0001306470511615,0.0004900266563131891,0.00042017221670979173,calm
2017-03-31,0.0001153061327119,0.0003714143844315519,0.00033101225752088753,calm
2017-04-03,9.717344699809438e-05,0.0003732251563069125,0.00034349777065806623,calm
2017-04-04,0.000121106691226,0.0003752077063296438,0.0003683992996538824,calm
2017-04-05,0.0001235026200125,0.00037469648358422317,0.00034197754153569425,calm
2017-04-06,0.0001727047075371,0.00037586955475511243,0.0003475271146188699,calm
2017-04-07,0.000155569199491,0.00037644060922791055,0.0003775970030188874,calm
2017-04-10,0.0001386287188248,0.00037720471223418267,0.0003885780458262122,calm
2017-04-11,0.0001181477877081,0.00037671296354349653,0.0003646685779353191,calm
2017-04-12,0.0001068130168276,0.00037700477215276215,0.00037467437216332796,calm
2017-04-13,0.0009561582358992,0.0003745802524474892,0.0003544257407473293,calm
2017-04-18,0.0009655066782137,0.0003750955774712047,0.0003394815406608662,calm
2017-04-19,0.0009498503084109,0.00037480524661364343,0.00033811834993069753,calm
2017-04-20,0.0009829087860243,0.00037288026080422145,0.0003538787175979812,calm
2017-04-21,0.0009787580657883,0.00037232058494973886,0.0003354908485125307,calm
2017-04-24,0.000355068110824,0.0007406408840817095,0.0006998024169972039,calm
2017-04-25,0.0003408793469172,0.0006848779807989485,0.0006285138301240804,calm
2017-04-26,0.00046019742816,0.0006796176110060298,0.000583837911146193,calm
2017-04-27,0.0005506835046392,0.0006796176110060298,0.0005990505718074691,calm
2017-04-28,0.000577324369652,0.0006751616698943635,0.0005685165535433202,calm
2017-05-02,0.0003074094806585,0.000538647499865619,0.0005315513269117541,calm
2017-05-03,0.0003208411453222,0.0005234279692332951,0.0005702915294879373,calm
2017-05-04,0.0002065059609087,0.0005531346614979587,0.0006202036319412057,calm
2017-05-05,0.0001552381426882,0.000569091802264598,0.0005583972820549946,calm
2017-05-08,0.0001318740630606,0.0005657020176035901,0.0006404616782583244,calm
2017-05-09,0.0001411319105437,0.0005224597378536153,0.0005476743882591584,calm
2017-05-10,0.000426815856794,0.0005222656945077928,0.0005529019984799938,calm
2017-05-11,0.0004366486574723,0.0005210582540862142,0.000527122154640219,calm
2017-05-12,0.0004406561586327,0.0005212518488178901,0.0005993867156789637,calm
2017-05-15,0.0004312087810588,0.0005212518488178901,0.000533533485649481,calm
2017-05-16,0.0004073970140079,0.0005210582540862142,0.000569322628007193,calm
2017-05-17,0.000116751010384,0.0006389920174249949,0.0007657945325892896,calm
2017-05-18,0.0001018209861411,0.000604917088988305,0.0006488097737396275,calm
2017-05-19,1.982376018963778e-05,0.000620156882014378,0.000717012830161783,calm
2017-05-22,1.9743838018812903e-05,0.0006197795489932098,0.0006621062257809,calm
2017-05-23,2.191797283915585e-05,0.0006197795489932098,0.0006506857461060305,calm
2017-05-24,6.137904206475874e-05,0.0005336480571250155,0.0005486648737622712,calm
2017-05-25,0.0003099560689408,0.0004724813985465284,0.00044314323759384733,calm
2017-05-26,0.0003128324498053,0.0004696192609363886,0.000539397084196348,calm
2017-05-29,0.000421132445172,0.0004696192609363886,0.0005688923570736786,calm
2017-05-30,0.0004109584568833,0.00045923183320755985,0.000496261536588688,calm
2017-05-31,0.0003753605452917,0.0004730502116473241,0.00047717437001882604,calm
2017-06-01,0.0001299852808586,0.0004631989340228574,0.0004379660014894325,calm
2017-06-02,0.0001853001412576,0.0004588471496480677,0.0003983388522812849,calm
2017-06-06,0.0001165818784977,0.000462901691724094,0.00042608516163610016,calm
2017-06-07,0.0001248085247634,0.0003930439568264775,0.00037594510840884834,calm
2017-06-08,0.0001469705089801,0.0003898486625227288,0.0004059667395808412,calm
2017-06-09,0.0001823367229574,0.0003787046643720476,0.0003926435937348387,calm
2017-06-12,0.0001681941426098,0.0003840727386759823,0.00041262928345548095,calm
2017-06-13,0.0001489841610141,0.000384844922521296,0.0003872452079445239,calm
2017-06-14,0.0001402082980059,0.00037845449327115316,0.0003787853417761812,calm
2017-06-15,0.0001037905057577,0.0003771854297668036,0.00038117160303860324,calm
2017-06-16,0.0002386685252305,0.00038035087432870156,0.0004186964089522869,calm
2017-06-19,0.0001947011689022,0.0003754457069089457,0.00036510316560021174,calm
2017-06-20,0.0004948615653193,0.0003726651329864827,0.00036002082241015236,calm
2017-06-21,0.0005042576717526,0.00037309536994342034,0.00035901692595452733,calm
2017-06-22,0.0005255427245411,0.00037282563106007146,0.00038764877498810476,calm
2017-06-23,0.0003530491962065,0.0003789165200396518,0.00039330547099198027,calm
2017-06-26,0.0004017961095724,0.0003754326825076305,0.0004096733424659762,calm
2017-06-27,9.899209016635284e-05,0.0005000253037155198,0.00046868699820142257,calm
2017-06-28,9.92544229648459e-05,0.0004963037832833435,0.00045356423754733954,calm
2017-06-29,0.000198780753952,0.0005110593747881876,0.0005015476466843991,calm
2017-06-30,0.0002102307306705,0.00047815540362594134,0.0004692906387540842,calm
2017-07-03,0.0002077894939714,0.0005010638868157712,0.0004919251128175916,calm
2017-07-04,0.0003259539737876,0.000387494658583053,0.00041581840943612805,calm
2017-07-05,0.0003771053566866,0.0003874263993081099,0.0004081407767446412,calm
2017-07-06,0.0002572048712215,0.00038232210962648805,0.00040305832162939865,calm
2017-07-07,0.000246538878267,0.0003762758562544403,0.0004092935943470553,calm
2017-07-10,0.000206647058004,0.00037984266382358836,0.0003906578415165028,calm
2017-07-11,0.0001195861281075,0.00045525856448896154,0.00042745189957428553,calm
2017-07-12,6.187432320114124e-05,0.00046844430625505646,0.00045878833547857673,calm
2017-07-13,0.0002809300756159,0.00038696179543428323,0.0003972401332883623,calm
2017-07-14,0.0003856978566647,0.00038661330886248914,0.00040517166104625323,calm
2017-07-17,0.0004547923620975,0.00038304344417801133,0.00046439284517413364,calm
2017-07-18,0.0004648745021029,0.0003889655915152647,0.0004375081197236606,calm
2017-07-19,0.0004850802705949,0.0003824089494677829,0.0004047654998774849,calm
2017-07-20,0.0002903694892642,0.0004825699907807545,0.0004881215869471995,calm
2017-07-21,0.0004144156123611,0.0005167905085658699,0.0005243612169896757,calm
2017-07-24,0.0003432248344443,0.0005303069540555214,0.0004888917810208292,calm
2017-07-25,0.0003243806997664,0.000525320198511955,0.00044850293148757147,calm
2017-07-26,0.0003764418019031,0.0005299454398472476,0.000529784310502625,calm
2017-07-27,0.0003555989861145,0.00039124839798595297,0.0004402423667224387,calm
2017-07-28,0.0002570661365822,0.0005222739572922312,0.0004877196823530474,calm
2017-07-31,0.0002855314980434,0.0004828421829239621,0.0004889452784580232,calm
2017-08-01,0.0002478602810081,0.0004970580621337482,0.0004987709275261085,calm
2017-08-02,0.0002322706944511,0.0005081198826328617,0.0005472947506670635,calm
2017-08-03,0.0002284177296194,0.0005039464200384769,0.0004786938283282204,calm
2017-08-04,0.0001286667230124,0.0005053033458973831,0.0005224595776815925,calm
2017-08-07,0.0002890620102186,0.0004953873749039999,0.0005260272525624347,calm
2017-08-08,0.0005534292479254,0.0004953873749039999,0.0005266568088789944,calm
2017-08-09,0.0005984914607982,0.0004999985169310863,0.0006208262901436305,calm
2017-08-10,0.0006953428467395,0.0004943407578456226,0.0005016507732246906,calm
2017-08-11,0.0008060263077198,0.0004597138380327002,0.000502015673135224,calm
2017-08-14,0.0006343049947151,0.0005372735738039607,0.0005726395493906712,calm
2017-08-15,0.0004490046016592,0.0005939144114932344,0.0006304512474658455,calm
2017-08-16,0.000469459959453,0.0005942338276410258,0.0006352657543095153,calm
2017-08-17,0.0004423316948775,0.0006361343775213211,0.0007028014894578131,calm
2017-08-18,0.0004158641092168,0.0006674263236477079,0.000671820401877965,calm
2017-08-21,0.0004314066528262,0.0005661734935177176,0.0005628391943283133,calm
2017-08-22,0.0005319229877672,0.0005949668588748832,0.0006428456776658326,calm
2017-08-23,0.0004364722026955,0.0006106154334984498,0.0006251044884651325,calm
2017-08-24,0.0004806768120589,0.0005318774312926699,0.0005464540812742542,calm
2017-08-25,0.0005386743328853,0.0005363469900178337,0.0005534057503621887,calm
2017-08-28,0.0005255966248389,0.0005313592557116806,0.0005447219723361131,calm
2017-08-29,0.0003465031117071,0.0005692022492908754,0.0005506328489521635,calm
2017-08-30,0.0003264693859158,0.0005387317198606353,0.0005130843655937335,calm
2017-08-31,0.0002131212317938,0.00055502332458449,0.0005537763405236796,calm
2017-09-01,5.031436874087476e-05,0.0005685204468411669,0.0005725940538636734,calm
2017-09-04,3.301022198091983e-05,0.0005622138304230448,0.0005530382152621571,calm
2017-09-05,4.460931623249669e-05,0.0005205099412918628,0.0005366044236760097,calm
2017-09-06,3.5945894755242536e-05,0.0005177805905951527,0.0005163787473578107,calm
2017-09-07,6.429266735222692e-05,0.000517606331336252,0.0005656379706966119,calm
2017-09-08,6.366393664855473e-05,0.0005151854537124641,0.0005146693078959582,calm
2017-09-11,5.781551360099993e-05,0.0005163206068442566,0.000619033522545964,calm
2017-09-12,4.33456057118812e-05,0.0005152435462323615,0.0005566044039892705,calm
2017-09-13,4.866125509111361e-05,0.0005091181580946289,0.0005376856294466482,calm
2017-09-14,8.539987947510773e-05,0.0004982560429383798,0.00046475400442021864,calm
2017-09-15,8.307157326448488e-05,0.0004935106549858151,0.0004441403870915436,calm
2017-09-18,8.507906100386354e-05,0.0004710857842540957,0.00047670916740875485,calm
2017-09-19,8.87150889818834e-05,0.0003888519398208437,0.000584722170429608,calm
2017-09-20,0.0002822189833276,0.0003888519398208437,0.0005512760829233754,calm
2017-09-21,0.0002380618801523,0.00039077505092407013,0.0004651905551888353,calm
2017-09-22,0.0002946782120353,0.00038108745239919884,0.00047637903920844696,calm
2017-09-25,0.0002918705177658,0.0003785593067389696,0.0005155609199786363,calm
2017-09-26,0.0003116144331135,0.000378203758356109,0.0005354805586416495,calm
2017-09-27,0.0001292060369822,0.00038434495335935273,0.00040642696292410557,calm
2017-09-28,0.0001359696463276,0.00037806387786008046,0.00035403647195801814,calm
2017-09-29,0.0001141925177487,0.00037601625177294447,0.0003492384758014408,calm
2017-10-02,0.0001516490651011,0.0003737867387062,0.00032404831661169325,calm
2017-10-03,0.0001293482722448,0.0003726299508484319,0.0002849084945218686,calm
2017-10-04,0.0001120328952596,0.00037128263331290154,0.0002961623126762294,calm
2017-10-05,8.34547529038322e-05,0.00037128263331290154,0.0003509359078969494,calm
2017-10-06,4.603167555374179e-05,0.00037296341264646076,0.00032219127998166854,calm
2017-10-09,2.049404981763789e-05,0.0003747305873150293,0.00032256563791779034,calm
2017-10-10,3.714252872604555e-05,0.0003747305873150293,0.0003215283240186958,calm
2017-10-11,3.903259237973893e-05,0.0003744596662092693,0.00039442136288153504,calm
2017-10-12,5.366891582719684e-05,0.0003749104724516194,0.0004546085587979945,calm
2017-10-13,8.662900217775831e-05,0.00037567146957058256,0.0004907019935827165,calm
2017-10-16,0.0001008574660889,0.00037489094281275366,0.0005373438521385989,calm
2017-10-17,0.0001271821997913,0.00037567146957058256,0.0005853404343513577,calm
2017-10-18,0.0001985785741123,0.00037567146957058256,0.0005296061178571506,calm
2017-10-19,0.0005481140924165,0.00037567146957058256,0.0005590609493724074,calm
2017-10-20,0.0005627686564567,0.00037410986248857353,0.00046003244087437735,calm
2017-10-23,0.0005389188269572,0.0003744596662092693,0.000366593399442128,calm
2017-10-24,0.0005710470263503,0.0003747305873150293,0.00036808517849729185,calm
2017-10-25,0.0005262143826116,0.0003753430579581994,0.00036301882823579977,calm
2017-10-26,0.0002029783341813,0.00043419230171209185,0.00048279190315430123,calm
2017-10-27,0.0001563270554507,0.00041433360080421364,0.00042364259795785175,calm
2017-10-30,0.0001597114055292,0.00041062601631823624,0.0003907097057367704,calm
2017-10-31,0.000164946925607,0.00041168342364311406,0.00041864640549734995,calm
2017-11-01,0.0002070921813174,0.00041768550174337655,0.00044242792698239553,calm
2017-11-02,0.0002026044229571,0.0003782975046357558,0.0004646532664250196,calm
2017-11-03,0.0002366631926394,0.0003782271944786575,0.00040911310263976096,calm
2017-11-06,0.0003968528877244,0.0003784286821855959,0.00044859605079569534,calm
2017-11-07,0.0003361680538709,0.00037987659174780323,0.0005424141605284391,calm
2017-11-08,0.0002900484343068,0.00038419881970698044,0.0004984029935646588,calm
2017-11-09,0.0005421599145919,0.0003811005245011755,0.0004372475841906742,calm
2017-11-10,0.0005692613989731,0.0003870369982360639,0.0004717058367318909,calm
2017-11-13,0.0004455167637278,0.0004914980074629814,0.000520833847120179,calm
2017-11-14,0.0004321306771291,0.00047460259256292887,0.00048034257137010263,calm
2017-11-15,0.0004446372635677,0.00047670660081189717,0.0004667859421618204,calm
2017-11-16,0.0001687956718938,0.0005475290728890846,0.0005498507359778488,calm
2017-11-17,0.0001092490286494,0.0005407666342514277,0.0005197364394497358,calm
2017-11-20,6.984007726514839e-05,0.0005206784596634577,0.0005131129886333396,calm
2017-11-21,6.505478010785709e-05,0.0005152364907551088,0.0005227986045682054,calm
2017-11-22,5.8063475227284434e-05,0.0005174807763863686,0.0005551377704088828,calm
2017-11-23,8.87738733522938e-05,0.0005002542200721105,0.0005109414321797625,calm
2017-11-24,8.070197595926201e-05,0.0004998925484310689,0.0004956719601790562,calm
2017-11-27,0.0002575507083657,0.0003893817477174156,0.0004865057650992796,calm
2017-11-28,0.0002550299936773,0.0003912180501890255,0.0004394341648235615,calm
2017-11-29,0.0002291322077751,0.0003910298628155385,0.0004724023913606382,calm
2017-11-30,0.000195400106743,0.00039124847400690785,0.0004397383031516293,calm
2017-12-01,0.0003011816096223,0.00038339031739290823,0.0004351797999041857,calm
2017-12-04,0.0001634718018547,0.0004642041771834761,0.000489698781516307,calm
2017-12-05,0.0001633765568181,0.00045816452195354316,0.0004436387900753495,calm
2017-12-06,0.0001592874859235,0.000456549428842064,0.0005147425667338258,calm
2017-12-07,0.0001914478554058,0.0003880155180881571,0.0004128493528207816,calm
2017-12-08,0.0001504054364036,0.00038764482259976373,0.0004241122113322809,calm
2017-12-11,0.0001464375854587,0.00038797272467791137,0.00040525395354517853,calm
2017-12-12,0.0001849419733951,0.0003866066989285934,0.00043269486458017824,calm
2017-12-13,0.0001906380838832,0.0003739936042038486,0.00038674619033049343,calm
2017-12-14,0.000167273035248,0.0003739936042038486,0.0003694088136910185,calm
2017-12-15,0.0001024090228713,0.000380422804245451,0.00040271435704121233,calm
2017-12-18,6.71008194096094e-05,0.00036854915256780027,0.00035000254763031856,calm
2017-12-19,3.978806733717312e-05,0.00036877954296578064,0.00033802949011983247,calm
2017-12-20,3.66733562738869e-05,0.0003721280741900051,0.00034925502776578476,calm
2017-12-21,2.322188544027146e-05,0.00037073884785331437,0.00033572037781251155,calm
2017-12-22,2.828706317710713e-05,0.0003686035310382939,0.000361981666462225,calm
2017-12-27,8.633898516082724e-05,0.0003676535452191041,0.00038845809530206116,calm
2017-12-28,0.000119398840711,0.0003683998121528037,0.0003933939854636582,calm
2017-12-29,0.0001178617592412,0.0003680296176858829,0.00035056596946066203,calm
2018-01-02,0.000113048620606,0.00022556036551778173,0.00022140104932658468,calm
2018-01-03,0.0002228214748061,0.00022281817066005096,0.0002122721112045529,calm
2018-01-04,0.0002369233282317,0.00022668580641913626,0.00020768382472677048,calm
2018-01-05,0.0002150579491219,0.000228655848180189,0.00021415347869454887,calm
2018-01-08,0.0002197604013428,0.00022310738358492728,0.00017867067605232235,calm
2018-01-09,0.0002324396165122,0.00022330350672063285,0.00017852225396927017,calm
2018-01-10,0.0001217315393892,0.000225269416326148,0.0002040565709849096,calm
2018-01-11,5.62380598464682e-05,0.00022341822963089554,0.00019844708196814883,calm
2018-01-12,0.0001723904565565,0.0002229088091434151,0.00017804293385960228,calm
2018-01-15,0.0001657700357526,0.0002222277755908374,0.00017170931095059533,calm
2018-01-16,0.0002688842028314,0.00022268058888507179,0.00017261751760066124,calm
2018-01-17,0.000383892686084,0.00022496866004857014,0.00018337592523035736,calm
2018-01-18,0.0006733073632066,0.00022212314523631596,0.0001837991364535826,calm
2018-01-19,0.0006190394158399,0.0002265742493467166,0.00019382170657214113,calm
2018-01-22,0.0006499363926628,0.00022350664311434043,0.00019484776369570178,calm
2018-01-23,0.000650201574113,0.00022390159717796223,0.00020134249756627434,calm
2018-01-24,0.0005403531357623,0.00022808305991472812,0.0002344660983615087,calm
2018-01-25,0.0002464124903669,0.00025639525458264113,0.0002882661113074554,calm
2018-01-26,0.0002401626106901,0.0002532336509910514,0.0002972852938645113,calm
2018-01-29,0.0005753735143834,0.0002973490111268514,0.00028822943524935065,calm
2018-01-30,0.0006638232800167,0.00032492471877946486,0.0003353376917747656,calm
2018-01-31,0.000852526858713,0.0003220430839973103,0.00028120106624529546,calm
2018-02-01,0.0010808103174087,0.00031090184456617723,0.0002987665194199974,calm
2018-02-02,0.0010624792555905,0.0003649794395350273,0.00039105184972972686,calm
2018-02-05,0.0008352654320064,0.0006701506524971865,0.0008359264241900673,calm
2018-02-06,0.0006411545855194,0.0006765911019196465,0.0008438052384029745,calm
2018-02-07,0.00045412938623,0.0007681455407649818,0.0008704884659290448,calm
2018-02-08,0.000288273242027,0.0009226184569232801,0.0012743601192136903,calm
2018-02-09,0.0002945743465136,0.0008611941563509943,0.001156864223838988,calm
2018-02-12,0.0001830680552057,0.0007829703753807009,0.0009766599870182587,calm
2018-02-13,0.0001791219116379,0.0006985418297798845,0.0007975592081033474,calm
2018-02-14,0.0001804718828708,0.0006987040816041638,0.0008589577636150725,calm
2018-02-15,0.0001206963122765,0.0005626577956285612,0.0006431544017221307,calm
2018-02-16,0.000110687782876,0.0005584178306222557,0.0005408981044376579,calm
2018-02-19,8.894885197337864e-05,0.0005249420331520672,0.000467899621489926,calm
2018-02-20,8.328316783145714e-05,0.0005459669668857184,0.0004807316470904674,calm
2018-02-21,0.0001199573842045,0.0005113684046210468,0.00042907907839659647,calm
2018-02-22,0.0001176020370825,0.0005126056867223823,0.00034887582409032274,calm
2018-02-23,0.0001337076528557,0.0005064742435310791,0.00047883198489385043,calm
2018-02-26,0.0003074758938008,0.0005300266659645755,0.0004583919462266567,calm
2018-02-27,0.0003341364045121,0.0005312723694149988,0.00047916178857050433,calm
2018-02-28,0.0002909394226509,0.0005321923086066358,0.000486685698600707,calm
2018-03-01,0.000287394300902,0.0005866719561539219,0.0005278031446753236,calm
2018-03-05,0.0002160811433582,0.0005436247726349585,0.0005103835111518076,calm
2018-03-06,0.0001240963448403,0.0005438223736135293,0.0005093281968272719,calm
2018-03-07,9.615436375015924e-05,0.000540825801054029,0.0004766953776759767,calm
2018-03-08,0.0001106291870917,0.0005116094946437564,0.0003722328975001585,calm
2018-03-09,0.0001132777505629,0.0005233016395296665,0.000399252065899849,calm
2018-03-12,0.0001247461255598,0.0004178051647506795,0.0002879609962487231,calm
2018-03-13,8.268057181540556e-05,0.0003000179049570769,0.00027564335754725824,calm
2018-03-14,9.590317754529842e-05,0.0002641584102103767,0.000276345269847351,calm
2018-03-15,0.000241154717087,0.00025941629884207484,0.00023896950847038898,calm
2018-03-16,0.000237022589875,0.00022918338996556588,0.0001983185296214705,calm
2018-03-19,0.0003363640090928,0.0002484502557456956,0.00023975514436024836,calm
2018-03-20,0.0004095668743927,0.00022996984172136587,0.00021868063331653847,calm
2018-03-21,0.0004205844359058,0.00022793742554036556,0.00021901283544680636,calm
2018-03-22,0.0003002832872864,0.0004089403443484349,0.00034076035779554185,calm
2018-03-23,0.0003038670334009,0.0004969562330950434,0.0003925987099484833,calm
2018-03-26,0.0002210692974559,0.0005687087311700015,0.0004804782929854413,calm
2018-03-27,0.000474352199203,0.0005806618635246177,0.0005319340429682908,calm
2018-03-28,0.0004875531270745,0.0005651763485451644,0.00045857356340137166,calm
2018-03-29,0.0004420659848532,0.000558718998301849,0.0004652593815658906,calm
2018-04-03,0.0004385096561603,0.0005273785359158846,0.0004289936409333206,calm
2018-04-04,0.0004895770530309,0.00046777409422959603,0.00036584983176142293,calm
2018-04-05,0.0002055545174996,0.0005370373066053076,0.00042814473604243543,calm
2018-04-06,0.0001683076193219,0.0006407570209525625,0.0005297112845511887,calm
2018-04-09,0.0002836735909336,0.000486292436082424,0.00040148527173903376,calm
2018-04-10,0.0002841120974558,0.0005426104306192949,0.0004703688814185672,calm
2018-04-11,0.0002806970540197,0.000575984500626473,0.00044548698044893003,calm
2018-04-12,0.0002008831928825,0.000580524073116233,0.0004159728609475645,calm
2018-04-13,0.0002442179702376,0.0005143287146992438,0.00033623571524972376,calm
2018-04-16,0.0001325306660124,0.0005253000545146865,0.00037643486739498823,calm
2018-04-17,0.0002282516820512,0.0004877492002810912,0.0003579568378598721,calm
2018-04-18,0.0001587099205536,0.000483742934032765,0.00033042043917218223,calm
2018-04-19,0.0002137307785329,0.00048352360366848057,0.00032431906612929556,calm
2018-04-20,0.0001733676718169,0.00048618246121913877,0.00035536663416283056,calm
2018-04-23,0.000170445495671,0.00048352360366848057,0.000339513921606381,calm
2018-04-24,7.545913447468937e-05,0.000488978171017007,0.0003848432098729986,calm
2018-04-25,0.0001163554525627,0.0004763727581771291,0.000304125403326564,calm
2018-04-26,0.0001042191963692,0.0004933696093160138,0.0003466880534890724,calm
2018-04-27,0.0002022586314686,0.00039853152917876833,0.0002862036183591393,calm
2018-04-30,0.0003518545641137,0.0002991231501600706,0.0002905983704189042,calm
2018-05-01,0.0003746048398595,0.000267324168723012,0.00025687672483473885,calm
2018-05-02,0.0003280672844615,0.00025764119752650554,0.00027415551585277883,calm
2018-05-03,0.000295409804018,0.0002571863283289137,0.00025859690009175584,calm
2018-05-04,0.0002431582082905,0.00032389824292602677,0.0003116902138790214,calm
2018-05-08,0.000100542993608,0.0002360642231012189,0.00028584993968885474,calm
2018-05-09,8.21365243921099e-05,0.00024610673848748043,0.0002823660700195772,calm
2018-05-10,0.0001926246021235,0.0002594177100155036,0.0002656898306558663,calm
2018-05-11,0.0001784080190472,0.00025725686100775693,0.0002458551339618642,calm
2018-05-14,0.0002718463625904,0.00022892038999827824,0.00022252595908876658,calm
2018-05-15,0.0002684701159781,0.0002271085064434244,0.0002310567854373979,calm
2018-05-16,0.000317857548407,0.00022637541661500748,0.00021259430626540855,calm
2018-05-17,0.0002061071536712,0.0002270231074811495,0.00021467684953816187,calm
2018-05-18,0.0002176458328197,0.00022527424545991774,0.0001965345433594304,calm
2018-05-21,7.868009109909014e-05,0.00023035350769969834,0.00023223764060493286,calm
2018-05-22,0.0001394998171754,0.00022645862684754627,0.00020966485428328995,calm
2018-05-23,8.691581357624564e-05,0.00022581895287258875,0.00023205902971323535,calm
2018-05-24,9.94899233353986e-05,0.00022604203561102834,0.00023914241717298804,calm
2018-05-25,0.0001175985146325,0.0002249567321743589,0.00021519560296640573,calm
2018-05-28,0.0001222716263758,0.0002249212702938632,0.00022153148882617373,calm
2018-05-29,6.128086089775626e-05,0.00024602604382817687,0.000240367212714984,calm
2018-05-30,9.171402995361057e-05,0.0002453852257441755,0.0002555334170326599,calm
2018-05-31,8.053387138777625e-05,0.00026759414458936323,0.00025796805730626967,calm
2018-06-01,5.620018788604687e-05,0.0002831749999819165,0.0002799912990222685,calm
2018-06-05,6.316950295433831e-05,0.0002756526887402772,0.0002586633675099661,calm
2018-06-06,5.969329251548264e-05,0.0002593184924426533,0.0002541486338999117,calm
2018-06-07,7.521530282689095e-05,0.00022460731111945958,0.00021936828226422556,calm
2018-06-08,0.0001227318958663,0.00022375604267613005,0.00018240252888933515,calm
2018-06-11,0.0001571864661351,0.000225357178868372,0.00018506243906159792,calm
2018-06-12,0.0001483233578757,0.000223890387928401,0.00020484621209175845,calm
2018-06-13,0.0001742764482831,0.00022446295457772094,0.0001850361276972641,calm
2018-06-14,0.0001567040609381,0.00022404192203277396,0.00019034486022479437,calm
2018-06-15,0.0001467112671525,0.0002245352878286809,0.00020069487716014174,calm
2018-06-18,0.0004334335889978,0.00023356594049858022,0.000201033334304221,calm
2018-06-19,0.0004272713643679,0.0002444055577787338,0.00018109078974846296,calm
2018-06-20,0.0004384414451969,0.0002447469315491099,0.0001924296375349303,calm
2018-06-21,0.0004957421925686,0.00024910499522500277,0.00016655736408856584,calm
2018-06-22,0.0004749647305453,0.0002479311941758696,0.0001750100317602745,calm
2018-06-25,0.0002083757104068,0.0002868160928386214,0.00025924008380433624,calm
2018-06-26,0.0002134870861459,0.00027227887726084197,0.000236872324638915,calm
2018-06-27,0.0001967609604815,0.0002873800596453384,0.0002567172380032538,calm
2018-06-28,0.0001093662820999,0.0002920982404559603,0.0002726118164811267,calm
2018-06-29,0.0001127374539731,0.0002904322482125157,0.0002693317414986932,calm
2018-07-02,5.156108420601067e-05,0.00025619285631862736,0.00022762892169397506,calm
2018-07-03,5.735407988167398e-05,0.0002543653897778309,0.00022765732396222183,calm
2018-07-04,7.689723583221875e-05,0.00024654451853759385,0.00022287354986590656,calm
2018-07-05,0.0002037065265585,0.00025196326639717153,0.0002301993454785233,calm
2018-07-06,0.0001917500938315,0.00025368795888048304,0.00023496190314766028,calm
2018-07-09,0.0001914246838954,0.0002572731061484321,0.0002471452494810075,calm
2018-07-10,0.0001967041581384,0.00025143188137599344,0.0002363050641771571,calm
2018-07-11,0.0001558108840834,0.0002646724150053748,0.00025146572420110076,calm
2018-07-12,7.214558179780601e-05,0.00027167140438419564,0.00026365523707629995,calm
2018-07-13,0.0001082567941521,0.0002613518999428079,0.0002453320081526984,calm
2018-07-16,0.00021197310188,0.0002546105238164284,0.00022918992514726037,calm
2018-07-17,0.0002050533035246,0.0002530750587877127,0.00022850472746464726,calm
2018-07-18,0.0002052005610877,0.000248460063196523,0.00023359731003567538,calm
2018-07-19,0.0002038779887432,0.00024555787146550407,0.00022462126115410118,calm
2018-07-20,0.0001769032561898,0.0002481651443016137,0.00023672183699052123,calm
2018-07-23,0.000144216305902,0.0002476081026841317,0.0002377720442736557,calm
2018-07-24,0.0001360145278004,0.0002470690683258036,0.00022501962820353885,calm
2018-07-25,0.0001418648777019,0.0002262982526988788,0.0001980425160985348,calm
2018-07-26,0.0002688839044522,0.0002455315640971442,0.000210191550926442,calm
2018-07-27,0.0003384858114924,0.0002343372901665065,0.0002065041619726002,calm
2018-07-30,0.0002804151091636,0.00023442159606672873,0.0002112681218606043,calm
2018-07-31,0.000279576956603,0.0002268619489666717,0.00020713708146974995,calm
2018-08-01,0.0003317214237079,0.00022513098215399792,0.00018791715220409062,calm
2018-08-02,0.0001678836382187,0.0002282866612646036,0.0002140383930862327,calm
2018-08-03,0.0001695239401552,0.00022780508652303015,0.00021860543771746953,calm
2018-08-06,0.0001546326569851,0.00022603614291345924,0.0002131754349178505,calm
2018-08-07,0.000155765245663,0.00022603614291345924,0.00020652430435726013,calm
2018-08-08,0.000230850131668,0.00022667443960385037,0.0002458451062004114,calm
2018-08-09,0.0002917425130172,0.00022747625031149606,0.00021099105845628942,calm
2018-08-10,0.000217529790571,0.00023088984897276027,0.0002354442326278907,calm
2018-08-13,0.0002341613538106,0.00023107534645745628,0.00021618262799731164,calm
2018-08-14,0.0002345948139196,0.00022848074786916783,0.00024767696045776216,calm
2018-08-15,0.0001044619977476,0.00025719828483694877,0.00025263098910007935,calm
2018-08-16,3.813185684679027e-05,0.00025414768057132817,0.0002662677997532152,calm
2018-08-17,0.0001434505575872,0.00023390963616314186,0.00023920684647101668,calm
2018-08-20,0.0001264170777232,0.00023234490403208668,0.0002403156264143667,calm
2018-08-21,0.0001286386735945,0.00023167238673909874,0.00022657890757196174,calm
2018-08-22,0.0001548963171244,0.0002290424753006265,0.0002289084842761665,calm
2018-08-23,0.0001589304187722,0.00022745627205111052,0.00024129647810533018,calm
2018-08-24,5.915356877696499e-05,0.00023074515691132692,0.00022715544250037802,calm
2018-08-27,6.300515544466378e-05,0.00022645068296369406,0.0002230929709919661,calm
2018-08-28,7.839320728450357e-05,0.00022649131315004818,0.00022625832380011683,calm
2018-08-29,0.0001283385325885,0.0002263010829832311,0.00021180804647480582,calm
2018-08-30,0.0001243401354961,0.00022603614291345924,0.00020873476709939155,calm
2018-08-31,0.0001532368983401,0.00022587580242814962,0.00028859510536526637,calm
2018-09-03,0.0001524966313789,0.00022293422874353742,0.00023796121954809094,calm
2018-09-04,0.0001364450976902,0.00022380363907385857,0.00019758384031291908,calm
2018-09-05,8.414517234011497e-05,0.0002279539504037374,0.00021114975577454345,calm
2018-09-06,9.068517707983488e-05,0.00022771326072570084,0.00020980057934268518,calm
2018-09-07,4.19658215005796e-05,0.00022477761581070357,0.00021726515411864578,calm
2018-09-10,6.454361250943825e-05,0.0002246757010272713,0.00019881559238782475,calm
2018-09-11,9.086691694487584e-05,0.00022313737954454398,0.00018196799315517686,calm
2018-09-12,6.958164861926408e-05,0.00022381156170329583,0.00021450257589594973,calm
2018-09-13,6.745339048259475e-05,0.0002259344585393849,0.00018968316111897434,calm
2018-09-14,9.516573556584486e-05,0.0002248988500693679,0.00021535203510486648,calm
2018-09-17,0.0002520332677185,0.00022470995741308568,0.00017081455274427343,calm
2018-09-18,0.0002351920709416,0.00022432529091596172,0.00016521193831610322,calm
2018-09-19,0.0002351514084006,0.00022432529091596172,0.00016796408768269492,calm
2018-09-20,0.0002332360460676,0.00022403696647992546,0.00016592475350746751,calm
2018-09-21,0.0003005874148392,0.00022332036690405612,0.0001916145508739392,calm
2018-09-24,0.0001360625511473,0.00022747762455827133,0.0002001182107195595,calm
2018-09-25,0.0001346900629008,0.00022458539070669057,0.0001768971459739129,calm
2018-09-26,0.0002367697306831,0.00022458539070669057,0.00017830303331290882,calm
2018-09-27,0.0003111895773749,0.0002248486303298616,0.0001760589574304229,calm
2018-09-28,0.0002394908707263,0.00022590454214977058,0.00028893946459764664,calm
2018-10-01,0.000313852477053,0.00022532579065895401,0.00020592338802592587,calm
2018-10-02,0.0003931269434444,0.00022534449694899816,0.00023072811932505288,calm
2018-10-03,0.0010680267075279,0.00022696730489245794,0.00024865254665894015,calm
2018-10-04,0.0014827857105442,0.00022791148133490156,0.00022482215134870785,calm
2018-10-05,0.0016305120898724,0.00022647576857782241,0.00020324144958610722,calm
2018-10-08,0.0015444260519097,0.00022713168323071304,0.0002590903006437915,calm
2018-10-09,0.0020361068899388,0.00023019295533342163,0.00023806097068851246,calm
2018-10-10,0.0013992422672019,0.0005938717939132474,0.0006724788598890013,calm
2018-10-11,0.0011580305958987,0.0007158372487876837,0.0008782848496718532,calm
2018-10-12,0.0012239438007413,0.0007172982263567049,0.0009445940714993348,calm
2018-10-15,0.0012375989241731,0.0007098514630992507,0.0008012732452202879,calm
2018-10-16,0.0009025418912876,0.0008960395003146162,0.001262058677706153,calm
2018-10-17,0.0007615872598438,0.0008114766163916876,0.0007939923999906119,calm
2018-10-18,0.0005906640359636,0.0007628379179585989,0.0008818347945029695,calm
2018-10-19,0.0003538600621992,0.0007212548361380827,0.0007487344690967729,calm
2018-10-22,0.0004766946524124,0.0007334685990038654,0.000757407533222199,calm
2018-10-23,0.0003054060859906,0.0006539590366307019,0.000670417442789633,calm
2018-10-24,0.0003535378205492,0.0007934480338809988,0.0010261515349031388,calm
2018-10-25,0.0002756758049584,0.0007442931726443011,0.0010139230504601932,calm
2018-10-26,0.00039357139449,0.0007441321758476396,0.001005622274852316,calm
2018-10-29,0.0002784273541816,0.0007623339076506105,0.0010188748121642487,calm
2018-10-30,0.0002820307703648,0.0007554626061206979,0.001038215875192459,calm
2018-10-31,0.0005945405682413,0.000713961851799995,0.0008895331180539893,calm
2018-11-01,0.0006626576464682,0.0006656802873121164,0.0007982202730689702,calm
2018-11-02,0.0005673697047156,0.0006407170234610035,0.0007439496057016803,calm
2018-11-05,0.0005943931677891,0.0006384106941861407,0.0006774676269760953,calm
2018-11-06,0.0005181302121584,0.0006273855996612571,0.0006364206733641654,calm
2018-11-07,0.0002362823402022,0.0007032072651945679,0.0009217168875922519,calm
2018-11-08,0.0016915449785321,0.0006885849767322749,0.0007505067482659359,calm
2018-11-09,0.00168666947274,0.000579772900959629,0.0007060499808978414,calm
2018-11-12,0.0018287330976138,0.0006499964143070701,0.000816136259794034,calm
2018-11-13,0.002024954973233,0.0006346798234916936,0.0006599997690388726,calm
2018-11-14,0.0021055980858994,0.0005601209148348146,0.0005987770301930769,calm
2018-11-15,0.0006143250954579,0.0009385137330736486,0.0010495108076740995,calm
2018-11-16,0.0007368539952786,0.0008664362722758623,0.0008015485961576046,calm
2018-11-19,0.0005401105057671,0.0008529143363009297,0.0009146038604711373,calm
2018-11-20,0.000423051591508,0.0008884826892164274,0.001070232900734866,calm
2018-11-21,0.0002981176783604,0.0008871351729139804,0.0009879892443710953,calm
2018-11-22,0.0002701146969466,0.0005943391517810172,0.0007515564233837599,calm
2018-11-23,0.0001581019091874,0.0006214317543083659,0.000806197964976502,calm
2018-11-26,0.0001826768444096,0.0005738928225285763,0.0007703260621115014,calm
2018-11-27,0.0007385440449464,0.000498004295157825,0.0005930687181137176,calm
2018-11-28,0.0007321225266608,0.0006018017855876451,0.0007924393507382214,calm
2018-11-29,0.001722210851598,0.000559813297781583,0.0005877300327362346,calm
2018-11-30,0.0017946927917544,0.0005584735103614005,0.000652026096862009,calm
2018-12-03,0.002419657348024,0.0005435561974433192,0.0006636539723544417,calm
2018-12-04,0.0020117650018343,0.0008524452588268567,0.001266041386896227,calm
2018-12-05,0.0020114316817928,0.0008674935584889397,0.0013984703423025838,calm
2018-12-06,0.001020687001995,0.0013618468130923958,0.0015444593465097113,calm
2018-12-07,0.0009278491016089,0.001166782664147441,0.0017946227200711714,calm
2018-12-10,0.0003562487189229,0.0014291588943197483,0.001743857243650036,calm
2018-12-11,0.0002031721855609,0.001341762132926684,0.0014227240132006166,calm
2018-12-12,0.0001855680689128,0.001140298833510952,0.0011516392730526023,calm
2018-12-13,0.0003342774745529,0.0009808666320627192,0.0007762397512164282,calm
2018-12-14,0.0003323077914004,0.000980745646227277,0.0009780854417029271,calm
2018-12-17,0.0002558709613809,0.0006742644102200596,0.000871699365373102,calm
2018-12-18,0.0003598430829112,0.0006640114120995545,0.0006943507618204132,calm
2018-12-19,0.000955131030402,0.0007173597853389472,0.0008008665764590411,calm
2018-12-20,0.0008151361856152,0.0007004560675689474,0.0009091616445021605,calm
2018-12-21,0.0008112760831895,0.0006863392154894517,0.0009375802783856739,calm
2018-12-24,0.0008125012527797,0.0007122552004253995,0.0010112715770126933,calm
2018-12-27,0.0016219677022947,0.0007076837130981973,0.000994912583152912,calm
2018-12-28,0.0010125732913233,0.0009434386566065072,0.0011284823496921605,calm
2018-12-31,0.0010253176112463,0.0008369435669647766,0.0010909595197222185,calm
2019-01-02,0.0011119860172792,0.0008248733597122663,0.0008707296161193631,calm
2019-01-03,0.0011113403439463,0.0007970471118634688,0.0010673389113516915,calm
2019-01-04,0.0001790806574791,0.001478551334486784,0.001665436776203776,calm
2019-01-07,0.0002035129157733,0.0011855939540784128,0.0013439737401472877,calm
2019-01-08,0.0002055578669865,0.0010091767948865603,0.0012989047537884054,calm
2019-01-09,0.0002221560221994,0.0010260419101697168,0.001229960687399546,calm
2019-01-10,0.0002211881797987,0.0008280173139018791,0.0009678962470354059,calm
2019-01-11,0.0004312739812101,0.0005305122237825534,0.0004959870085603518,calm
2019-01-14,0.0004076318367223,0.0005130875082629986,0.00044797283885854034,calm
2019-01-15,0.0003971786956776,0.0004988801729491804,0.00045919115398112046,calm
2019-01-16,0.0002939450291146,0.0005047469723307902,0.00042025155935021064,calm
2019-01-17,0.0003773948379712,0.0005047469723307902,0.0004474647701784752,calm
2019-01-18,0.0002731576432004,0.0005654038284103775,0.0006339540580439271,calm
2019-01-21,0.0002724660198631,0.0005699503663930703,0.0006559850154650642,calm
2019-01-22,0.0002546889257973,0.0005661929485263635,0.0006763700347389569,calm
2019-01-23,0.0002544225374382,0.000564610359611474,0.000573991704464852,calm
2019-01-24,0.000420794320755,0.0005620683773822289,0.0005818865494506684,calm
2019-01-25,0.0004035012253402,0.0005573229073878953,0.0005626443950720643,calm
2019-01-28,0.0004039874202094,0.0005222947231136149,0.0005131217703661421,calm
2019-01-29,0.0007177847800825,0.00048360851499146067,0.0004008001992067267,calm
2019-01-30,0.000748213373505,0.0005004217300853209,0.0004594568874126286,calm
2019-01-31,0.0009640388137534,0.0005112755842200167,0.0005292534919681007,calm
2019-02-01,0.0008196164841541,0.0005203941232651636,0.00042038259698603766,calm
2019-02-04,0.0009656225885378,0.0004689356171095226,0.00040159231747273635,calm
2019-02-05,0.0006583008015212,0.0003396283472365051,0.0004213010113059328,calm
2019-02-06,0.0007840812958224,0.0003147233185074371,0.00035157018125203746,calm
2019-02-07,0.0003747091029678,0.0004583688119991733,0.00047878458485908423,calm
2019-02-08,0.0003825903837531,0.0003742586147532241,0.0004356041950983574,calm
2019-02-11,0.0002367602132831,0.00047267480532575673,0.00047218883411761977,calm
2019-02-12,0.0002298387616817,0.00036441471200431523,0.0004759250407324895,calm
2019-02-13,0.0002387240223367,0.00040495472219084056,0.0004994919618439744,calm
2019-02-14,0.0001853273641219,0.00035687727228174567,0.0003993786737541938,calm
2019-02-15,0.0001783829103343,0.000368609886842967,0.00044548372579906315,calm
2019-02-18,0.0001815933287769,0.0003756542341563141,0.0004808830385001178,calm
2019-02-19,0.0002297841705636,0.0003174868842296113,0.0003610674000812401,calm
2019-02-20,6.252927086213903e-05,0.0003240638778199073,0.00039678081107981665,calm
2019-02-21,0.0001140171946542,0.00031700107186251054,0.0003739617295063663,calm
2019-02-22,0.0002792255805416,0.00031491811608738924,0.0003296617270371212,calm
2019-02-25,0.0002900435314899,0.0003144802504494892,0.0003032206682524808,calm
2019-02-26,0.0002534246234246,0.00030971047031342816,0.0003019087035479675,calm
2019-02-27,0.0002849218015547,0.0003051487006477305,0.00031543281270459816,calm
2019-02-28,0.0005082958679204,0.00030535975271606683,0.0002919779632390927,calm
2019-03-01,0.0003508345776432,0.0003077628419338919,0.0003231223750248674,calm
2019-03-04,0.0003708081965043,0.0003054463441961618,0.00029704231448723033,calm
2019-03-05,0.0003652507299148,0.0003054463441961618,0.00027960685178386507,calm
2019-03-06,0.0003707980050048,0.0003054463441961618,0.0002926748580144846,calm
2019-03-07,9.245445579146076e-05,0.00029533331027650203,0.0003324463130805416,calm
2019-03-08,0.0002269110859454,0.00028997044400061163,0.000283781004854581,calm
2019-03-11,0.0001912758056811,0.00030134053712450474,0.00030534502406168347,calm
2019-03-12,0.0001893142371998,0.0003029339979208139,0.0002761708961544321,calm
2019-03-13,0.0001825626551218,0.00025561806570191916,0.00028380851716948934,calm
2019-03-14,0.0003447844570881,0.0002413364618973422,0.0002487382182995082,calm
2019-03-15,0.0004207559420317,0.00024324672210568235,0.00027090217455343806,calm
2019-03-18,0.0004244991244276,0.00023406864305172605,0.000243739931345134,calm
2019-03-19,0.000425725241843,0.00023372594144062392,0.00028905576594961225,calm
2019-03-20,0.000398348949197,0.00023683459568456713,0.0002579467929427448,calm
2019-03-21,0.0002355927247546,0.00028311633301921266,0.00031574564123064186,calm
2019-03-22,0.000230851376403,0.0003507533229484018,0.0004087144545026393,calm
2019-03-25,0.0003232889612058,0.00034292955035318404,0.00034723833227901966,calm
2019-03-26,0.0003180255858055,0.0003345715156358531,0.0003682585534970653,calm
2019-03-27,0.0006250980710787,0.0003210527533962802,0.0003657954006279055,calm
2019-03-28,0.0006251156433671,0.00031718717648716974,0.00031525879874286705,calm
2019-03-29,0.0005257887690222,0.0002823710677109004,0.00029335019806408857,calm
2019-04-01,0.000622010658125,0.0002873530781457353,0.0003539409385416397,calm
2019-04-02,0.0006803756859836,0.00028184124858348595,0.00034202306520072606,calm
2019-04-03,0.0003700128060014,0.00030915984429239396,0.00038886599773659003,calm
2019-04-04,0.0004084085481402,0.00030867932797591684,0.00035553716478906624,calm
2019-04-05,0.0003665629793892,0.0003010675815128221,0.0003794637922628796,calm
2019-04-08,0.0002614441776627,0.00029425194359168465,0.00033517430907817125,calm
2019-04-09,0.0002393199473443,0.00030529923715041647,0.00033956572024255023,calm
2019-04-10,0.000308493103638,0.0002812407210741945,0.0002867998544533853,calm
2019-04-11,0.0003339087208174,0.00028531781946355414,0.0003397424495327391,calm
2019-04-12,0.0003084035016555,0.00028494136757206966,0.0003112789928662492,calm
2019-04-15,0.0002698181796647,0.00028379986388416375,0.00031237775562758017,calm
2019-04-16,0.0003096495725567,0.00028379986388416375,0.0002980184221222796,calm
2019-04-17,0.0002408086015646,0.00028379986388416375,0.0002910970995999239,calm
2019-04-18,0.0002479042462916,0.000284246503352877,0.0003031735910844335,calm
2019-04-23,0.0001974077231807,0.0002817813028851239,0.0003216366921780235,calm
2019-04-24,0.0002079311330255,0.00028164328026926617,0.00029695855022786414,calm
2019-04-25,0.0001324909486203,0.0002768138177520364,0.00029468343506687257,calm
2019-04-26,0.0004134767883315,0.0002768138177520364,0.0002698960430474621,calm
2019-04-29,0.0003611646236082,0.00027749715720379217,0.0002728144686782253,calm
2019-04-30,0.0007180926968281,0.00027749715720379217,0.00028567909378545244,calm
2019-05-02,0.0006588906330389,0.0002811485448088809,0.0002836406291882641,calm
2019-05-03,0.0008750302262924,0.0002768138177520364,0.0002618200189521306,calm
2019-05-07,0.0007562201923839,0.00031889001276837084,0.0003972642179906842,calm
2019-05-08,0.0007406009052318,0.00031176488754826494,0.00035750404605873893,calm
2019-05-09,0.0005015562818324,0.00035340377472971107,0.00044401410512940763,calm
2019-05-10,0.0005231230115462,0.0003432094482914718,0.00040818631116554927,calm
2019-05-13,0.0003895850335903,0.0005131093911819349,0.0006285123576034145,calm
2019-05-14,0.0002280233991198,0.0003815979725530859,0.000532366388215052,calm
2019-05-15,0.0002258462664204,0.00037775693984871473,0.00048827515913674814,calm
2019-05-16,0.0002974182058737,0.00038537511712000806,0.0005245762172007687,calm
2019-05-17,0.0002976597586717,0.00038732668755589846,0.0005039228857523869,calm
2019-05-20,0.0002162857885915,0.00032802412508782324,0.00041284384662774743,calm
2019-05-21,0.0002524802621597,0.000333667744004626,0.0003926402076010506,calm
2019-05-22,0.0005211518223928,0.00033086889152323664,0.0003651741194918331,calm
2019-05-23,0.0004909750987282,0.00035168673151613915,0.000424164794948795,calm
2019-05-24,0.0005354031918633,0.0003428750137515815,0.00038582581896503393,calm
2019-05-27,0.0006952335277489,0.0003268264790295201,0.00035214340315320664,calm
2019-05-28,0.0006703638988665,0.0003200708326770391,0.00036798478043170973,calm
2019-05-29,0.0004742665785484,0.0003544852433774234,0.0004368397677480237,calm
2019-05-30,0.0003841916544224,0.00033770833721693345,0.00038599975619353416,calm
2019-05-31,0.0003313702715529,0.00035913421190162054,0.00046546324659080214,calm
2019-06-04,0.0001811880162483,0.0004729984217174321,0.0006423469138722153,calm
2019-06-05,0.0003843997177229,0.0004827942839283123,0.000589851642802591,calm
2019-06-06,0.0004090982918138,0.0004572162775574258,0.0005563436527290865,calm
2019-06-07,0.0003779381520305,0.0004189865299219757,0.0005446457984232485,calm
2019-06-10,0.0003950801721677,0.0003822464920421873,0.0004773852089698232,calm
2019-06-11,0.000429613861344,0.00034292306908950774,0.0003588691337775162,calm
2019-06-12,0.0002133173722909,0.00034510692383635976,0.00037300420361885417,calm
2019-06-13,0.0001531451315144,0.00032453750830511703,0.0003485833718520973,calm
2019-06-14,0.0002420265978247,0.00031845916729426784,0.0003036309602072358,calm
2019-06-17,0.0003233583477811,0.0003154450735380509,0.00030628565073240974,calm
2019-06-18,0.0003186983500059,0.0003228276599268069,0.00034252761533714395,calm
2019-06-19,0.0003294531074665,0.00031854271004344125,0.0003287721228405331,calm
2019-06-20,0.000303017714148,0.0003119523851438245,0.0003429875983688537,calm
2019-06-21,0.0002305628375897,0.00030220532734001875,0.00035007199962145265,calm
2019-06-24,0.0002758632403697,0.0003111750606726575,0.0003683273677579907,calm
2019-06-25,0.0002342581791771,0.0002888726301483573,0.0003184172103609957,calm
2019-06-26,0.0005577453754235,0.0002870486006083304,0.00028702034899742506,calm
2019-06-27,0.0006608195625479,0.00028830732504175107,0.0002822017725440634,calm
2019-06-28,0.0007526359910283,0.0002892310011062722,0.0003147447359998501,calm
2019-07-01,0.0006082164987922,0.0002855514764060147,0.00033358715999040796,calm
2019-07-02,0.0006702487751638,0.00028440212188037684,0.00028999910804044116,calm
2019-07-03,0.0003607814990358,0.00029671331527957056,0.0003715956549119593,calm
2019-07-04,0.0002892633712208,0.00029033757365475455,0.00037754058233773326,calm
2019-07-05,0.0001520603225491,0.0003091471136105452,0.00035507313872574353,calm
2019-07-08,0.0001575179152356,0.00028964607217299605,0.0003050619745856056,calm
2019-07-09,0.0001796427085673,0.00029334818671130427,0.00032724002001278035,calm
2019-07-10,0.0002659476335616,0.0002822793843249974,0.0002977920552348717,calm
2019-07-11,0.0002562035707963,0.0002811485448088809,0.0002943562897838952,calm
2019-07-12,0.0002494728351743,0.0002768138177520364,0.00027554474599618905,calm
2019-07-15,0.0002389891545103,0.0002768138177520364,0.0003085363471613111,calm
2019-07-16,0.0001911607893967,0.0002768138177520364,0.00026243236972168675,calm
2019-07-17,8.265197875726675e-05,0.0002773960318324999,0.00028374297732312187,calm
2019-07-18,6.21823010373453e-05,0.0002768138177520364,0.00028838760447028744,calm
2019-07-19,8.49103951117514e-05,0.0002768138177520364,0.0002905430148700058,calm
2019-07-22,0.0001582503017551,0.0002768138177520364,0.00028004711227362194,calm
2019-07-23,0.000620998406976,0.0002791214098518695,0.00030759819087419125,calm
2019-07-24,0.0006269335125352,0.00027658289676104985,0.0002901930282093438,calm
2019-07-25,0.000648717577934,0.0002805837719518244,0.0002992696884311281,calm
2019-07-26,0.0008831894863845,0.00028147160017369133,0.0002997969713216817,calm
2019-07-29,0.0016205042905894,0.0002819703765253804,0.0003220551939426011,calm
2019-07-30,0.0011445141641631,0.00032715923203159044,0.00039372585095998665,calm
2019-07-31,0.0011713199102352,0.0003170289398127036,0.00038631106111006375,calm
2019-08-01,0.0016068031155897,0.0003054055790495618,0.00039542773291083636,calm
2019-08-02,0.0015371800251144,0.0004520384857683108,0.0004238243189645535,calm
2019-08-05,0.0007304033374783,0.0007733015843288763,0.0008607353296692054,calm
2019-08-06,0.0007094575555888,0.0006553142435386384,0.0007362743631272684,calm
2019-08-07,0.000989144013131,0.0006756650103531583,0.0006694482468434827,calm
2019-08-08,0.0005964204691224,0.0007777307937552596,0.0009571593946957527,calm
2019-08-09,0.0005797319198181,0.0007590395224424892,0.0008840012710180795,calm
2019-08-12,0.0006163567210213,0.0004707837465107476,0.0006685595155870305,calm
2019-08-13,0.0010501766404067,0.0005197617167248306,0.0006835081607449194,calm
2019-08-14,0.0010493851385784,0.00085392522387444,0.0010419726389015002,calm
2019-08-15,0.000993581017763,0.0006657658219281368,0.0007803673993824166,calm
2019-08-16,0.0008310327880455,0.0006827878397991155,0.0008983996318038957,calm
2019-08-19,0.0007838980124726,0.0006801079360809283,0.0008985451833964214,calm
2019-08-20,0.0005790524301372,0.0008831362043003487,0.0010187024714234038,calm
2019-08-21,0.0004267617432135,0.0008371371865985846,0.0008344666594533193,calm
2019-08-22,0.0006431720043465,0.0008175722891218985,0.0007248301122897322,calm
2019-08-23,0.0006628204679428,0.0009024044910500458,0.0010172959264469381,calm
2019-08-26,0.000687831843172,0.0008011645970866951,0.0009108134389956747,calm
2019-08-27,0.0005052734115899,0.0007607020608503094,0.0008638177828305309,calm
2019-08-28,0.0005942077427441,0.0007503566525384401,0.0008348326502724527,calm
2019-08-29,0.000490058774189,0.0007891461226708774,0.000975814609911435,calm
2019-08-30,0.0004850982213365,0.0006742860003363441,0.000666685141915222,calm
2019-09-02,0.0004671670620299,0.0006533315894478509,0.0005888277923511834,calm
2019-09-03,0.0006958513461423,0.0006085943817580292,0.000655454929294663,calm
2019-09-04,0.0006352007400084,0.0005480725020845953,0.0006634159287522991,calm
2019-09-05,0.000564884613785,0.0005672630502624628,0.0006564949008044578,calm
2019-09-06,0.0007977084042256,0.0005593059145700293,0.0005635842220436302,calm
2019-09-09,0.0009348234024814,0.0005313723572665954,0.0005156546846254669,calm
2019-09-10,0.0009209659468164,0.0005043743499062818,0.0005604522626866015,calm
2019-09-11,0.0007640168243031,0.00048797837981105947,0.0005724774239552562,calm
2019-09-12,0.0007306420050359,0.00047663963626946154,0.00044883591527743215,calm
2019-09-13,0.0004787483668138,0.00038978220809617796,0.0004585743611895694,calm
2019-09-16,0.0004020577733371,0.0004505052337712264,0.00048639668256281166,calm
2019-09-17,0.000188719275639,0.00044291353306908206,0.0005040743398100512,calm
2019-09-18,0.0002144252146527,0.00037573390802321554,0.00042851507737580186,calm
2019-09-19,0.0002178296120773,0.0003593614346484398,0.0004540989425453314,calm
2019-09-20,0.0003613506300986,0.0003259844681150275,0.0003623099334942759,calm
2019-09-23,0.0004103812639936,0.000325481870669466,0.0004371064226844457,calm
2019-09-24,0.0003671735152083,0.0003161335900598568,0.0003779122589260673,calm
2019-09-25,0.000666398173777,0.0003178788552602623,0.00039183894391846063,calm
2019-09-26,0.0006327957448092,0.0003128138890791141,0.0003644239753658302,calm
2019-09-27,0.0005088719697885,0.00031582042850901665,0.00040075119509654826,calm
2019-09-30,0.0004756135371219,0.00031433040971824667,0.00037802077252315945,calm
2019-10-01,0.0006553616460182,0.0003131564344479614,0.0004232301190483815,calm
2019-10-02,0.0003345573145021,0.00042281156124148773,0.0006356394017623697,calm
2019-10-03,0.0004426585785419,0.0004230640388405603,0.0006258457244239314,calm
2019-10-04,0.0017604899296027,0.00042113290890338073,0.0006049850186514963,calm
2019-10-07,0.0016764618351847,0.0004111127477118368,0.0005670813883568107,calm
2019-10-08,0.0021625779575976,0.0004719092631335155,0.0006705409090998196,calm
2019-10-09,0.0021467788707219,0.0004116595790636264,0.0005497920206967663,calm
2019-10-10,0.0021118909436901,0.0003906250571437236,0.000496523970100028,calm
2019-10-11,0.0008638958784399,0.0006933480963418474,0.0008129135122451098,calm
2019-10-14,0.001142973989644,0.000649830443907528,0.0006467739785377675,calm
2019-10-15,0.0005937147704709,0.000707471095355656,0.0008293789104802882,calm
2019-10-16,0.000583784837407,0.0006600677252161985,0.0006905386468917226,calm
2019-10-17,0.0005114530408103,0.0006383927692280794,0.0006835706093823706,calm
2019-10-18,0.0004579297850874,0.0005212067179864299,0.0005020697647908718,calm
2019-10-21,0.0001795647593989,0.0005729176902626825,0.0005976950388186237,calm
2019-10-22,5.637277097300901e-05,0.0004331853796081957,0.0004813008665982137,calm
2019-10-23,5.8832158775665686e-05,0.00042190009835082955,0.0004587242192752661,calm
2019-10-24,0.0001252610736297,0.00041367453240286826,0.0004539790643625809,calm
2019-10-25,0.0002971308547373,0.00041085329513534496,0.0004597115006540052,calm
2019-10-28,0.0006017936596214,0.0004079980143661616,0.00042507302675698344,calm
2019-10-29,0.0006177129444033,0.0004067352796815101,0.0003989524717487419,calm
2019-10-30,0.0006041656928058,0.00040079934150097845,0.00039925849830652993,calm
2019-10-31,0.0007033376619787,0.00039838936036493806,0.0003875026004197028,calm
2019-11-01,0.0005447429096826,0.00037606477060141553,0.0004512612246081727,calm
2019-11-04,0.0002550018353927,0.0003848526196106318,0.0005283613979579071,calm
2019-11-05,0.0002503728358702,0.0003734906741026611,0.0004804895680269564,calm
2019-11-06,0.0002497254394354,0.0003725261939386076,0.0004622561029626079,calm
2019-11-07,9.76295637718444e-05,0.00038740770649951323,0.0005124248504054051,calm
2019-11-08,0.000198177095104,0.0003702119330754602,0.00046458874758328666,calm
2019-11-11,0.0002055981495123,0.0003576761568234661,0.0004079884595689564,calm
2019-11-12,0.0001939643064495,0.00029677944103472014,0.0003434047661504384,calm
2019-11-13,0.0003427071018355,0.00029677944103472014,0.00036558188173924555,calm
2019-11-14,0.0004601718640116,0.00027651527877547527,0.0003159532401131459,calm
2019-11-15,0.0005080292666413,0.00028228475065086346,0.00029467591390077704,calm
2019-11-18,0.0005858745165657,0.00027749715720379217,0.0002921360631670556,calm
2019-11-19,0.0008838794626154,0.0002768138177520364,0.00028349810472081647,calm
2019-11-20,0.0007503342496801,0.00027852151281943443,0.0002648214907830905,calm
2019-11-21,0.0006229016139599,0.0002804080208389736,0.0002671321921811413,calm
2019-11-22,0.0004352672429766,0.00028274752941396066,0.00029108392775300867,calm
2019-11-25,0.0003567480489279,0.00028926168744104367,0.00030370505629111536,calm
2019-11-26,0.0001292468481728,0.00036157347464670027,0.00034992204982884766,calm
2019-11-27,0.0002442837979099,0.0003087001258474736,0.00031415235241842696,calm
2019-11-28,0.00028438743521,0.0002905280565230136,0.0003088402856734752,calm
2019-11-29,0.0003644537396503,0.0002834482895162472,0.00031170644874355883,calm
2019-12-02,0.0003493184827487,0.0002869846606802716,0.0003661587539973531,calm
2019-12-03,0.0002885007009951,0.0002860980854946859,0.00035820528156576436,calm
2019-12-04,0.0001698523912028,0.0002930467292846813,0.00035259178782292867,calm
2019-12-05,0.0001564133313937,0.0002972846225268249,0.00035350713970795167,calm
2019-12-06,0.0003127924812902,0.0003070071494424321,0.00039043948299221796,calm
2019-12-09,0.0003171759794551,0.00027781814577523324,0.0003101441907716122,calm
2019-12-10,0.0004699910147586,0.0002770730101796006,0.0003009867493116302,calm
2019-12-11,0.000463264896256,0.0002768138177520364,0.0002818874077811316,calm
2019-12-12,0.0004347700663144,0.0002768138177520364,0.0002990408871871516,calm
2019-12-13,0.0002294230325219,0.0002828610010778022,0.00036953858592185567,calm
2019-12-16,0.0002197014684865,0.0002811485448088809,0.00032015493211101046,calm
2019-12-17,8.01668173616143e-05,0.0002855302227224404,0.0003738286484611194,calm
2019-12-18,0.000101277866783,0.0002836527049074658,0.0003367817073279827,calm
2019-12-19,0.0002113773533645,0.0002825877979052665,0.00031892269041657576,calm
2019-12-20,0.0001639690611757,0.00028166568416785074,0.00030917437793123476,calm
2019-12-23,0.0004909040001327,0.0002768138177520364,0.0002843868239641263,calm
2019-12-24,0.00056810694113,0.00027632416281800847,0.00029343585801501184,calm
2019-12-27,0.0005610388689117,0.00027651527877547527,0.00030637636168430015,calm
2019-12-30,0.0004729991594227,0.0002340914479960112,0.000237921860299236,calm
2019-12-31,0.0004959847311562,0.000233556180773605,0.0002569544023178539,calm
2020-01-02,0.0001940146418711,0.00036819402546141826,0.0003523101974274194,calm
2020-01-03,0.0001052817419234,0.00037063020162549407,0.00038154132827565156,calm
2020-01-06,0.0001057544212191,0.0003716058280147399,0.0003765057302411799,calm
2020-01-07,8.203953689290265e-05,0.00036420332184451177,0.000364198999813653,calm
2020-01-08,0.0001801633187304,0.00036620676949530764,0.0003555968461630119,calm
2020-01-09,0.0001562104479933,0.0003594417315328911,0.00033862851436552234,calm
2020-01-10,0.0001722786824762,0.0003500492193460153,0.000318818672190105,calm
2020-01-13,0.0001547461286311,0.0003500492193460153,0.0003194902488442561,calm
2020-01-14,0.0001929182229578,0.00034976261893311867,0.00031928796364140085,calm
2020-01-15,9.010956411618068e-05,0.00035346558244893817,0.00031786752258869134,calm
2020-01-16,0.0001353588690127,0.00035227313031575277,0.00030417423619119154,calm
2020-01-17,0.0001785539086621,0.0002954806997986191,0.0002678705802561267,calm
2020-01-20,0.0004839119950795,0.00029534653672535577,0.00026138632992750926,calm
2020-01-21,0.0004547338887669,0.00028619645660423224,0.00025544863744490537,calm
2020-01-22,0.0005994365796647,0.0002863830076881509,0.00027743162424230967,calm
2020-01-23,0.000712196019456,0.0002874731750133405,0.0002814515111909566,calm
2020-01-24,0.0007725230244093,0.0002970739983906031,0.0002885286938508323,calm
2020-01-27,0.0006638400033834,0.0004423180720065312,0.00043292219183824627,calm
2020-01-28,0.0006808145268637,0.0004486416881820948,0.00042318308992695763,calm
2020-01-29,0.0005997394414384,0.00045911880095362596,0.0004674540822347368,calm
2020-01-30,0.000441266090512,0.0004740177131990642,0.00048244479231551306,calm
2020-01-31,0.0003350241228323,0.0005308969276371123,0.0005741648137375379,calm
2020-02-03,0.0002826354043613,0.0004698519131088778,0.0004670439021305406,calm
2020-02-04,0.000423601657242,0.0004903831318919132,0.0004812665759112607,calm
2020-02-05,0.0003850558454225,0.00048403378041028894,0.0005110176585252803,calm
2020-02-06,0.0004120865052555,0.00047191130110613627,0.0004572492766547765,calm
2020-02-07,0.0003878583242327,0.0004571707200410727,0.0004162647520146518,calm
2020-02-10,0.000245450301144,0.00045790193005751265,0.00045563682260837615,calm
2020-02-11,7.761401581613876e-05,0.0004132328110361846,0.00041378487343088626,calm
2020-02-12,0.0002240040237725,0.0004132938853318293,0.0003801925388797518,calm
2020-02-13,0.0002013854525437,0.0004132938853318293,0.0003802401024284877,calm
2020-02-14,0.0002012149333936,0.00041310622915714497,0.0003721254913134111,calm
2020-02-17,0.0021761006918417,0.00040946290808805265,0.0003285240256419091,calm
2020-02-18,0.0023786935779103,0.00040887284607743534,0.00037562360465302487,calm
2020-02-19,0.0021894142089779,0.00041043126279348755,0.0003403591164845878,COVID-19
2020-02-20,0.0037172805223814,0.0004097178430913033,0.0003442154285333235,COVID-19
2020-02-21,0.0044226346716841,0.00041115953516225243,0.00039989878064136843,COVID-19
2020-02-24,0.0024463641813562,0.0013249530651154627,0.0013431896635741408,COVID-19
2020-02-25,0.0024810904162222,0.001395129741677294,0.001595614173373048,COVID-19
2020-02-26,0.0025441287943792,0.0012296403191494288,0.001231865226726583,COVID-19
2020-02-27,0.001205086625395,0.0023091550346372018,0.0026114784313287696,COVID-19
2020-02-28,0.0013114524736014,0.0026732263376399367,0.002386034117206629,COVID-19
2020-03-02,0.005700973245052,0.0020998958684747453,0.0025980548279467873,COVID-19
2020-03-03,0.005505988730687,0.0020807638363334892,0.0026200523243552687,COVID-19
2020-03-04,0.0059937162730382,0.0025660724085376286,0.0029170778068874983,COVID-19
2020-03-05,0.0167491316749809,0.00244614072467703,0.0025588691045773503,COVID-19
2020-03-06,0.0159561810754647,0.0024394375813065272,0.002584196272384451,COVID-19
2020-03-09,0.0183824885573361,0.004357583880330574,0.004458448181439863,COVID-19
2020-03-10,0.0183433708396958,0.00373018938362021,0.004753814378875532,COVID-19
2020-03-11,0.0242478595787751,0.004512939710033758,0.0052945140173709035,COVID-19
2020-03-12,0.0135179190290627,0.005948390226638019,0.00628822603453976,COVID-19
2020-03-13,0.0149461082784863,0.005364087233838772,0.007273326450954328,COVID-19
2020-03-16,0.0089859177996035,0.006835869509927728,0.00890711302169257,COVID-19
2020-03-17,0.0134857416718414,0.006047954512090489,0.008643270073322204,COVID-19
2020-03-18,0.0085316867516215,0.007224191217355513,0.00937733888938885,COVID-19
2020-03-19,0.0102960547307805,0.00587937675075022,0.008648438613243305,COVID-19
2020-03-20,0.0119233118281664,0.006859151875558938,0.009475439668940466,COVID-19
2020-03-23,0.0110952063564837,0.0064595708158118265,0.007556610483144513,COVID-19
2020-03-24,0.0083276823434987,0.007050850017822272,0.0073278017087838555,COVID-19
2020-03-25,0.0078546598197913,0.0064508019698051545,0.006555856243510535,COVID-19
2020-03-26,0.0063733976134837,0.007086603786781239,0.007932275259031982,COVID-19
2020-03-27,0.0036888747685731,0.007082507110750841,0.007823248197879436,COVID-19
2020-03-30,0.005908858779248,0.006370278139214412,0.007772565220209141,COVID-19
2020-03-31,0.0045468538001428,0.0064094656394339195,0.007549792973438154,COVID-19
2020-04-01,0.0035192014423762,0.006957913453870986,0.007853376925581525,COVID-19
2020-04-02,0.0042044641031845,0.005924862645233673,0.006666998110609823,COVID-19
2020-04-03,0.0042229659858506,0.0035061034665054953,0.005982448451618252,COVID-19
2020-04-06,0.0037329844157229,0.0074032001700156825,0.007187312204555743,COVID-19
2020-04-07,0.0038612600142815,0.0049959047592599065,0.005557308485883863,COVID-19
2020-04-08,0.0052707377189719,0.003660958597492607,0.006440562134038603,COVID-19
2020-04-09,0.0041447521521161,0.004605877460816458,0.006293133711368715,COVID-19
2020-04-14,0.0042285053575984,0.004641562227772442,0.006728490456117074,COVID-19
2020-04-15,0.0029345111407403,0.003433079917073927,0.005508768066610794,COVID-19
2020-04-16,0.0024659864579594,0.0032514396297669457,0.005014587594795768,COVID-19
2020-04-17,0.0010930239641161,0.004355839838914348,0.005038493050141767,COVID-19
2020-04-20,0.0013675888412437,0.003567845540095176,0.004838043652141107,COVID-19
2020-04-21,0.0011362514255022,0.0035440916304237484,0.004392768459531748,COVID-19
2020-04-22,0.0020347918517168,0.0028599308894709918,0.004281920096013153,COVID-19
2020-04-23,0.0022248170425713,0.0024926271580793863,0.0030823987454818838,COVID-19
2020-04-24,0.0037402860035509,0.002141482711154371,0.003302611329270407,COVID-19
2020-04-27,0.0034033840207015,0.0023684222480800186,0.0031935952135134253,COVID-19
2020-04-28,0.0033182843523857,0.0021234466495365814,0.0024850796745130694,COVID-19
2020-04-29,0.0024128696887986,0.0024535956660816124,0.0029117007276325655,COVID-19
2020-04-30,0.002425018366078,0.0022588785155969065,0.0026012823501344066,COVID-19
2020-05-04,0.0011784233228769,0.002691289808393048,0.0026900341752785772,COVID-19
2020-05-05,0.0011912440481563,0.0024001422919112487,0.002471283686432803,COVID-19
2020-05-06,0.001168756239992,0.002424596495426396,0.0023961982289434076,COVID-19
2020-05-07,0.0007890477635867,0.0018864150089663934,0.0019094942455880235,COVID-19
2020-05-08,0.0005536354491084,0.0018653877896251715,0.0021197316831502284,COVID-19
2020-05-11,0.0036226265488385,0.0013837980766639676,0.0014165286481449804,COVID-19
2020-05-12,0.0036131963827837,0.0015487097594143648,0.0019592533858996558,COVID-19
2020-05-13,0.0036131630295644,0.0016080575598111657,0.0019565414838755455,COVID-19
2020-05-14,0.0035502260571533,0.0013590772604732812,0.0017084574242926167,COVID-19
2020-05-15,0.0035675514332612,0.0012159326637178872,0.0015012903685992034,COVID-19
2020-05-18,0.0003425006491613,0.002290575814854695,0.0025392186860423408,COVID-19
2020-05-19,0.0010252693183238,0.0020585529023034476,0.002244763583193323,COVID-19
2020-05-20,0.0008938841368515,0.002055277296350418,0.0022140863561287967,COVID-19
2020-05-21,0.0009056239117121,0.002033036881915136,0.0020298273217484856,COVID-19
2020-05-22,0.0009464279928152,0.0020187414449572387,0.001811601533685601,COVID-19
2020-05-25,0.0011102272516601,0.0010465326814451752,0.0010664638625217054,COVID-19
2020-05-26,0.0004876070994493,0.0013118808610413572,0.0013664051790063636,COVID-19
2020-05-27,0.0013452968968155,0.0012551497538550527,0.0013197240917838249,COVID-19
2020-05-28,0.0013231030556831,0.0012453609183102298,0.0011661364173147976,COVID-19
2020-05-29,0.0016241604034673,0.0012488064044015189,0.0012063423869190365,COVID-19
2020-06-01,0.0014165593372984,0.0012532108045434642,0.0011415251432705257,COVID-19
2020-06-02,0.0020205336808011,0.0010073879952449349,0.0009988373597649986,COVID-19
2020-06-03,0.0011581621419366,0.0015154789151808797,0.0010820763019563364,COVID-19
2020-06-04,0.0029889958103634,0.0014062708406822407,0.0010511098869194742,COVID-19
2020-06-05,0.0026636159552438,0.0017367450729822251,0.0014589196834937142,COVID-19
2020-06-08,0.0025727614389092,0.0016831142060614182,0.001441649904362238,COVID-19
2020-06-09,0.0026953009321631,0.0017110539428175917,0.0015157973429047802,COVID-19
2020-06-10,0.0027236967386084,0.0015233820941257213,0.0012656496096565871,COVID-19
2020-06-11,0.0009735385609121,0.0023856021234812,0.0028511787866274257,COVID-19
2020-06-12,0.0009397033947022,0.001953971937890867,0.002553807116307788,COVID-19
2020-06-15,0.0009655959721669,0.0019497872655285897,0.0024243795195812725,COVID-19
2020-06-16,0.0002212494927039,0.0020222064385831033,0.0027113490976240803,COVID-19
2020-06-17,0.0010281744589907,0.0020101091697961996,0.0020172041393814724,COVID-19
2020-06-18,0.0009565953857501,0.0012526622609006944,0.0010658241726268318,COVID-19
2020-06-19,0.0009577820126513,0.0012488972545164907,0.001128131580561453,COVID-19
2020-06-22,0.0010183077102094,0.0012432526307859845,0.001078283554878023,COVID-19
2020-06-23,0.0010595543446526,0.0009787206100687047,0.0007355682917559412,COVID-19
2020-06-24,0.0002156566602205,0.0014670711478517685,0.001383639616518847,COVID-19
2020-06-25,0.0005062064459221,0.0013975578480847693,0.0012963113287871128,COVID-19
2020-06-26,0.0006277751387347,0.0015293899248585386,0.0015749238728235313,COVID-19
2020-06-29,0.0007881431446537,0.0014999029955077307,0.0015456053594593742,COVID-19
2020-06-30,0.0007041814934893,0.0015460875429317272,0.001639624515770438,COVID-19
2020-07-01,0.0009810920896749,0.0012261968331550932,0.0011159693603033087,calm
2020-07-02,0.0007956130954781,0.0012859654566331172,0.0012271860759532512,calm
2020-07-03,0.0008519621471972,0.0010697246138971774,0.001018127779589183,calm
2020-07-06,0.0006357167644666,0.001139526990239951,0.001169366415926499,calm
2020-07-07,0.0006316946489736,0.0010609874445228374,0.0010599954094324137,calm
2020-07-08,0.0011400515224859,0.0012617823719199518,0.0011200530667039594,calm
2020-07-09,0.0010200875689206,0.0010660745970066756,0.001010562165975059,calm
2020-07-10,0.0008831823410145,0.0011845147904050914,0.0011033410807903296,calm
2020-07-13,0.0008877044641119,0.0006839836971201407,0.0007231937013212831,calm
2020-07-14,0.0009235833812872,0.0006938820950346617,0.0007663371987509049,calm
2020-07-15,0.0001663453133845,0.0011271070734123908,0.000936384369257958,calm
2020-07-16,0.0001676860116489,0.0008303843229537632,0.0007493533568446168,calm
2020-07-17,0.0002917228498553,0.0008165034260120397,0.0007021465941707899,calm
2020-07-20,0.0002776222990198,0.0008160840562824986,0.000724906622422082,calm
2020-07-21,0.000369955725293,0.0007765940464680335,0.0006252960789113823,calm
2020-07-22,0.0003338446164205,0.000596075442764807,0.0005188780462799923,calm
2020-07-23,0.0005068888539715,0.0006041998260626853,0.0006623282246557493,calm
2020-07-24,0.000382100187631,0.000582134157889094,0.0005560050306250712,calm
2020-07-27,0.0007337071446254,0.0005774038609632924,0.000612320552265756,calm
2020-07-28,0.0006469386540362,0.0004899303430564484,0.0006136809074465348,calm
2020-07-29,0.0008194788517869,0.0005174464146537673,0.0006191856766960951,calm
2020-07-30,0.0006666711249058,0.0005176798102975591,0.0006030723474153891,calm
2020-07-31,0.0006762934212497,0.0005081018490494063,0.0005926704072562346,calm
2020-08-03,0.0002907140209562,0.0005502299725070212,0.0006628570324205598,calm
2020-08-04,0.000767299345757,0.0005184375665570585,0.0006196005108555408,calm
2020-08-05,0.0006635795337755,0.0005485851503064566,0.0006089703326224375,calm
2020-08-06,0.0006633141082505,0.0005125184578161018,0.0005573875563567281,calm
2020-08-07,0.0007559725018815,0.0005001861158741016,0.0005191852213919136,calm
2020-08-10,0.0007810211016221,0.00044033228475345366,0.00039796850266419776,calm
2020-08-11,0.0002626937572336,0.000537265900001485,0.0005488525242295322,calm
2020-08-12,0.0002139019196651,0.0005230206719735446,0.0006010235509829,calm
2020-08-13,0.0004208894138693,0.0005107891112136388,0.0005486171037308837,calm
2020-08-14,0.0006068727796715,0.00047855573132660857,0.00054380652571883,calm
2020-08-17,0.0006733303468584,0.0004882748463936718,0.0004962857902289448,calm
2020-08-18,0.0006746447525266,0.0004241250898426446,0.0004113013354863052,calm
2020-08-19,0.0009413919701407,0.00041962343562587694,0.00035977376542996184,calm
2020-08-20,0.0007554795362763,0.00043769228301542034,0.00040698001797446993,calm
2020-08-21,0.0004495793347047,0.0004762327307867059,0.0004508476915710829,calm
2020-08-24,0.0004743715583274,0.0005019270183595345,0.0005272205676386502,calm
2020-08-25,0.0004977244569592,0.0004915250503892985,0.000519841901911675,calm
2020-08-26,0.0002283467053845,0.0006558936541783063,0.0006146602931925154,calm
2020-08-27,0.0003474150457892,0.0005177708530358396,0.0005490776827374468,calm
2020-08-28,0.0003237091805148,0.0004860528210165799,0.0005422174782535216,calm
2020-08-31,0.0002158824539101,0.0004687242553447576,0.00047923015005912385,calm
2020-09-01,0.0002134232638511,0.000469704783597628,0.0005005651680746626,calm
2020-09-02,0.0003204800440768,0.00046644055769961244,0.0005077711704703532,calm
2020-09-03,0.0001622712055654,0.0006940832644657351,0.0008382975282979482,calm
2020-09-04,0.0001796378118503,0.000659808072309021,0.0007439848287083985,calm
2020-09-07,0.0001916357768532,0.0006766875625594068,0.0007128255940367665,calm
2020-09-08,0.0005989959440432,0.0007223517799265056,0.0008619449727526899,calm
2020-09-09,0.000554603834569,0.0007274262145274156,0.0009007676274341311,calm
2020-09-10,0.0005695217240648,0.000689507681662976,0.0007002266728021918,calm
2020-09-11,0.0006967362441639,0.0006792285563101839,0.0005437235435668246,calm
2020-09-14,0.0020057172066268,0.0006691576055376044,0.0006598941341684347,calm
2020-09-15,0.0015920165522565,0.0006654516426845853,0.0006540919198256615,calm
2020-09-16,0.0016052509507491,0.0005605828438207114,0.0005088326872486699,calm
2020-09-17,0.0016516763834193,0.0005078535760194273,0.0004794707324984302,calm
2020-09-18,0.001632224203875,0.0005556162606777158,0.0005775852521376117,calm
2020-09-21,0.0005919401875868,0.0010484439595140162,0.0009223031776192704,calm
2020-09-22,0.0006095076637679,0.0009706770636156274,0.0008478860943439354,calm
2020-09-23,0.0005155498032483,0.001139115808938148,0.0011202528490024475,calm
2020-09-24,0.0004587333186347,0.0011090848535070085,0.0009681559162814275,calm
2020-09-25,0.0003374842329372,0.0011111176704110231,0.0010598761197308034,calm
2020-09-28,9.50086267100626e-05,0.0008178604870287794,0.0009403697307647154,calm
2020-09-29,0.0002959479476198,0.0008079942394417574,0.0008658240131656458,calm
2020-09-30,0.0004897620236151,0.0006796663282738291,0.0008324838242204072,calm
2020-10-01,0.0005677483812578,0.0006682639739344401,0.0007352456696720377,calm
2020-10-02,0.0005641836070141,0.0006647547112030438,0.0007081168892621027,calm
2020-10-05,0.0005773270153901,0.0006579494594275637,0.0006343130111567477,calm
2020-10-06,0.000407540628365,0.0006754656779224966,0.0007351148099020296,calm
2020-10-07,0.0002173947185237,0.000783003746943602,0.0008925446003412541,calm
2020-10-08,0.0004156310182426,0.0007901810518099524,0.0008370815483511226,calm
2020-10-09,0.0004259842532489,0.0007781691433343046,0.0008107091386675105,calm
2020-10-12,0.0003667424936069,0.0007745332465046405,0.0008431551538642457,calm
2020-10-13,0.0003022069108305,0.0006716115182865941,0.0007374689192904923,calm
2020-10-14,0.0005661880218919,0.0006691224243711513,0.0006479371623440141,calm
2020-10-15,0.0003024218863756,0.000651361189930862,0.000664177487085759,calm
2020-10-16,0.0003516690986613,0.0006415352427492466,0.0006751922225429284,calm
2020-10-19,0.0006316355072262,0.0006516582453839705,0.0006877945505681963,calm
2020-10-20,0.0010116905565709,0.0006271723463785519,0.0006296748788575872,calm
2020-10-21,0.0014968170066333,0.0005379396658916586,0.0005081914458772574,calm
2020-10-22,0.0024097638173849,0.0005151355508985471,0.0004723096761632459,calm
2020-10-23,0.0024633622883886,0.0005099358745235713,0.0004439042626218466,calm
2020-10-26,0.0023695124867742,0.0005721856160210709,0.0005858601808418437,calm
2020-10-27,0.0027834544687808,0.0007365711917171079,0.0006343002694811626,calm
2020-10-28,0.0020778368151199,0.001203393138411149,0.001114930680854024,calm
2020-10-29,0.0011993415687931,0.0013138143851368633,0.001465522687495738,calm
2020-10-30,0.0010906123202192,0.0013143115695194258,0.0014613868506988315,calm
2020-11-02,0.0015703136588045,0.0013886176739529757,0.0014009389140304377,calm
2020-11-03,0.0010251980384469,0.0017327633437069425,0.0017059192248322762,calm
2020-11-04,0.0012878279648803,0.0015356051639630892,0.0014088418830125794,calm
2020-11-05,0.001314977424111,0.0014285016881250094,0.0012980466923084603,calm
2020-11-06,0.0013127414435416,0.0012046401279905868,0.0010119574656403927,calm
2020-11-09,0.0007078320790173,0.0015894096485913097,0.0012670793086455433,calm
2020-11-10,0.0007826720430716,0.0013744296408622991,0.0010741530011214246,calm
2020-11-11,0.0006036716785143,0.0014333180097953228,0.0010967771595349002,calm
2020-11-12,0.0007162593894625,0.00140990103543546,0.0009660178570918002,calm
2020-11-13,0.0007422241093193,0.0014382526791939648,0.0011037887515628361,calm
2020-11-16,0.0007175311082053,0.0010316223586007722,0.000941175269449468,calm
2020-11-17,0.0004805181751712,0.0011125502365714125,0.0009532139929585699,calm
2020-11-18,0.0004272494070002,0.0010450919795483144,0.000999722136141592,calm
2020-11-19,0.0002337787957213,0.0010690586190076157,0.0009372725483231758,calm
2020-11-20,0.0002058736633207,0.001041891402538913,0.0008878766047632224,calm
2020-11-23,0.0001971307303356,0.001013402640966581,0.0008237105027964181,calm
2020-11-24,0.0001491731253552,0.0010383285178886539,0.0009732005542677417,calm
2020-11-25,9.710227454546692e-05,0.0009810625627184534,0.0007653362388370703,calm
2020-11-26,0.0005018816957943,0.0009410712202542408,0.0006882343273791716,calm
2020-11-27,0.0010457302400144,0.000729354319230067,0.0006491130424645174,calm
2020-11-30,0.0010457823209881,0.000620158602629279,0.0005683659490194925,calm
2020-12-01,0.0010071454537789,0.0005896561026051093,0.0005248601672648988,calm
2020-12-02,0.001025236324266,0.0005864606334606387,0.0004806222994956836,calm
2020-12-03,0.0006334877802154,0.0005234166105788719,0.0004959225059813417,calm
2020-12-04,0.0002212203842414,0.0006783841256707487,0.0006638611823140918,calm
2020-12-07,0.0003134612292117,0.0006522390085051141,0.0005662058354339511,calm
2020-12-08,0.0003130883750429,0.000649681792276268,0.0005009548305167406,calm
2020-12-09,0.0003323674126806,0.0005632229708532407,0.0005151837048447656,calm
2020-12-10,0.0003381184319031,0.00041873995092028826,0.00041656334537221423,calm
2020-12-11,0.0002057931997002,0.0003929570393465447,0.0004156255367321412,calm
2020-12-14,0.0003569923934318,0.00039327881972223215,0.00043549372344554263,calm
2020-12-15,0.0003955346274771,0.0003996978592214398,0.0005184461929857742,calm
2020-12-16,0.0006268056403059,0.00041112552062032694,0.0004891134507008222,calm
2020-12-17,0.000613341521583,0.00038961563290097675,0.00045861665825372834,calm
2020-12-18,0.0007809073035336,0.0003652572388715092,0.0004469955003621683,calm
2020-12-21,0.0005146961800816,0.00040748035624819424,0.0004855625994352557,calm
2020-12-22,0.0009096467582753,0.0004276211625640586,0.00043524367052264563,calm
2020-12-23,0.0008642207351719,0.00046665573327073055,0.0005144843116402327,calm
2020-12-24,0.0010742189782285,0.00045690873834681236,0.0004603045238045564,calm
2020-12-29,0.0028113431806993,0.0004996031094369151,0.0005137451527724489,calm
2020-12-30,0.0028394844196326,0.0004388661429007386,0.00043754068956995614,calm
2020-12-31,0.0024650149327097,0.000618703768707919,0.000527282515330873,calm
2021-01-04,0.0022658167011537,0.0007259882919291192,0.0008326845389983768,calm
2021-01-05,0.0020571458948982,0.0007724247679679829,0.0007591236148076651,calm
2021-01-06,0.0003328117862981,0.0014994763120896066,0.0013581747313996433,calm
2021-01-07,0.0002971495930755,0.0011668163370833083,0.001386415882444969,calm
2021-01-08,0.0002779603814657,0.0010841695630817345,0.0011956623155533724,calm
2021-01-11,0.0003373052997548,0.0010572125616034906,0.001114296354791952,calm
2021-01-12,0.0003295913103425,0.000991362362597411,0.0009353426123932854,calm
2021-01-13,0.0001511906140003,0.0006429041636366041,0.000775333199480987,calm
2021-01-14,0.0001573512821708,0.0006299751513791973,0.0006804476920748639,calm
2021-01-15,0.0003878490045486,0.0006299751513791973,0.0007324279739901306,calm
2021-01-18,0.0006904194191487,0.0006377761133987404,0.0007415554123380781,calm
2021-01-19,0.0007223771890638,0.0006270680426612622,0.0008132181896990596,calm
2021-01-20,0.0013333110323329,0.0006962871914590899,0.0008728756462609877,calm
2021-01-21,0.0014414692852616,0.000677771191109543,0.0007537426331602607,calm
2021-01-22,0.0013661153680196,0.0006540687471510755,0.0008099787317944993,calm
2021-01-25,0.0010765444648121,0.0006578425638427319,0.0009732431182358514,calm
2021-01-26,0.0016395190416466,0.0006661167307548234,0.0009298552102593987,calm
2021-01-27,0.001051035175913,0.001340295671702808,0.001564286336881167,calm
2021-01-28,0.0009439247645765,0.0014488456633659885,0.0015615244010150563,calm
2021-01-29,0.0007491728574969,0.0016707438515420944,0.0017685970270844005,calm
2021-02-01,0.0006273926771037,0.0015970661571229688,0.0017671415746510738,calm
2021-02-02,4.5347365663615975e-05,0.0018625065063792201,0.002016691602686774,calm
2021-02-03,0.0001248985672838,0.0015264686550788844,0.0013225297044830162,calm
2021-02-04,0.0001277306728682,0.0014717429588349314,0.00141890759853025,calm
2021-02-05,0.0001614953542578,0.0009050107807902544,0.0008812096956881482,calm
2021-02-08,0.0002926616263218,0.0007777472849471513,0.0008440397483196086,calm
2021-02-09,0.0002898671229055,0.0006946039057251415,0.000602589333889794,calm
2021-02-10,0.0002137335035122,0.0006563715481255626,0.0006031638333515954,calm
2021-02-11,0.0002618215524451,0.0006665219784337813,0.0005415985979199693,calm
2021-02-12,0.0005244069837184,0.0006789495331071669,0.0005420219753994957,calm
2021-02-15,0.0005177017426953,0.0006958720783626088,0.0005424307819016108,calm
2021-02-16,0.0005373457101184,0.0006323752813093849,0.0005256324363245836,calm
2021-02-17,0.0006982143721197,0.000616957869333816,0.0005708813421504734,calm
2021-02-18,0.0007367240289888,0.0006171670050237394,0.0005469769891878082,calm
2021-02-19,0.0006239664114718,0.0006107102201206574,0.0006017991526853644,calm
2021-02-22,0.0010622318932667,0.0006121292400716512,0.0006561462515845955,calm
2021-02-23,0.0010397224204878,0.0006090170155334317,0.0005970664450019303,calm
2021-02-24,0.0016316622610214,0.0006465664594045492,0.0007111322137643403,calm
2021-02-25,0.0015906029868785,0.0009593543216165622,0.0010323677685178444,calm
2021-02-26,0.0019514736104256,0.0007026111407280859,0.0008073801700349379,calm
2021-03-01,0.001952091403613,0.0011285010033478934,0.001279480146132975,calm
2021-03-02,0.0020002984151356,0.0009530716550787029,0.00108041003584962,calm
2021-03-03,0.0012196964497749,0.0011826168250314358,0.0015476820310894041,calm
2021-03-04,0.001427136206909,0.0010976131235941392,0.0012086606342771643,calm
2021-03-05,0.0008902718217685,0.0013133273502430151,0.0016264926181522488,calm
2021-03-08,0.0004586707715565,0.0013125896078648655,0.0014401043149862437,calm
2021-03-09,0.000405224373202,0.0013744428089910294,0.001562635812836626,calm
2021-03-10,0.000420502103624,0.0012502605061050745,0.001265255712059633,calm
2021-03-11,0.000192776418261,0.0013282336197112052,0.0014789772222301115,calm
2021-03-12,0.00033294214238,0.0010810613934248692,0.0010012091188212632,calm
2021-03-15,0.000235589730075,0.000905668083196782,0.0009209953401990915,calm
2021-03-16,0.0002383992125987,0.0008278629207084897,0.0007597171406757044,calm
2021-03-17,0.0002383656675742,0.0008251964662425356,0.0007229080587380372,calm
2021-03-18,0.0002042190318742,0.0008535291239756919,0.000863021617614136,calm
2021-03-19,0.000236574310715,0.0008540408641822266,0.0008531551589686943,calm
2021-03-22,0.0002330534300107,0.0008499067905083109,0.0008626445825305691,calm
2021-03-23,0.0002974299362303,0.0008411174501805896,0.000881726325124611,calm
2021-03-24,0.0002895558421873,0.0008266478326328751,0.0008305094616763216,calm
2021-03-25,0.0002936118982794,0.0007586324180281737,0.0007165776139275916,calm
2021-03-26,0.0001511206546691,0.0008668815632697491,0.0009010390152249881,calm
2021-03-29,0.0001275152758328,0.000818769845713177,0.0007390901619089182,calm
2021-03-30,5.859410571646578e-05,0.0007995776384950517,0.0007892965133526727,calm
2021-03-31,5.2707352365811946e-05,0.0006089411811992654,0.0007316171266601719,calm
2021-04-01,0.0001298286823151,0.0006725366001933404,0.0007759101887551454,calm
2021-04-06,9.193934113026572e-05,0.0005367566456560717,0.0005274585433216149,calm
2021-04-07,8.516927472602788e-05,0.0005195692911308551,0.0005068391133295452,calm
2021-04-08,8.676141433314473e-05,0.0004982187166605331,0.0004607582118369671,calm
2021-04-09,0.0003251027779767,0.00039431920845910714,0.0003807498217699955,calm
2021-04-12,0.0002426228415206,0.000392465998415001,0.0003467452768480057,calm
2021-04-13,0.000747973191926,0.0003923442072712242,0.00035832781515264116,calm
2021-04-14,0.0007534004027319,0.0003690989007366622,0.00029799648703111907,calm
2021-04-15,0.0007689372687768,0.0003816292248719278,0.0003190424749445061,calm
2021-04-16,0.0005707373931981,0.000381019921140105,0.0003440490591490889,calm
2021-04-19,0.000673284204859,0.00037841828516445037,0.00033934257506322324,calm
2021-04-20,0.0001698597909292,0.0005308695897701092,0.0005253678543394744,calm
2021-04-21,0.0001893846011771,0.0005132578368069995,0.0005083651372580902,calm
2021-04-22,0.000190129197275,0.0005223655618403188,0.00047941729777546536,calm
2021-04-23,0.0002436507300211,0.0005218410436369988,0.0005008718560598435,calm
2021-04-26,0.0002749770188949,0.0005325272452304293,0.0004979916049358911,calm
2021-04-27,0.0015436402763371,0.0004762976724185423,0.00042361709116919827,calm
2021-04-28,0.0015200727746894,0.00046663259999130466,0.00038814145226177344,calm
2021-04-29,0.0015196645537627,0.0004501147350077891,0.00037023744234968654,calm
2021-04-30,0.0014272693408841,0.0004551793563395086,0.00038370877455602817,calm
2021-05-04,0.0018749346668068,0.0004927205013282781,0.0004470738438541754,calm
2021-05-05,0.0006432759304967,0.000965617424702843,0.0008439852792729984,calm
2021-05-06,0.0007288185294454,0.0008978785834215211,0.0007899321975643819,calm
2021-05-07,0.0008756444520045,0.0009318663299061465,0.0007829991361899309,calm
2021-05-10,0.0009151601578094,0.0009339828903941802,0.0009367085884614337,calm
2021-05-11,0.0003332999649043,0.000998121410220452,0.001001729829773936,calm
2021-05-12,0.0005309929219893,0.0007783412996863108,0.0010473785988700983,calm
2021-05-13,0.0005537891593889,0.0008042149750553097,0.001043835448833316,calm
2021-05-14,0.0006036557077369,0.0009600911682173235,0.001156782335573714,calm
2021-05-17,0.0005733756357327,0.0009476993541787257,0.0010233166016395466,calm
2021-05-18,0.0005966187774778,0.0007697421457616279,0.0009717966968898092,calm
2021-05-19,0.0003932543459919,0.0007106198556805995,0.0008692531569369568,calm
2021-05-20,0.0003456043314626,0.000710389889007936,0.0009138395529119813,calm
2021-05-21,0.0001417531989057,0.0006559862086250865,0.000742410404131586,calm
2021-05-24,0.0001686797702343,0.0006631841266539361,0.0008062064527533157,calm
2021-05-25,0.0001880025235859,0.000652289698767613,0.0007351658212824322,calm
2021-05-26,0.0001618260520041,0.0006105896616145153,0.0006747210093375404,calm
2021-05-27,0.000106075636694,0.000606041188294867,0.0005667636268803097,calm
2021-05-28,9.772856109175434e-05,0.0006048996921613578,0.0005838800146118373,calm
2021-05-31,6.452214771388621e-05,0.0006052195387138076,0.0005710673574807353,calm
2021-06-01,5.252060597704385e-05,0.0006052195387138076,0.0006307565182570948,calm
2021-06-02,5.8038125222642e-05,0.0006048996921613578,0.000593005401994303,calm
2021-06-03,5.291088380349113e-05,0.0005867302162442512,0.0005468797092847029,calm
2021-06-04,6.995430905776819e-05,0.0004785186246773716,0.0004456431488761916,calm
2021-06-07,0.0001519916887815,0.00047794350939044214,0.00042835876553911327,calm
2021-06-08,0.0002188781069082,0.0004767240290136346,0.0004513119029222363,calm
2021-06-09,0.0002476504301363,0.0004762638213287482,0.0004238191350032546,calm
2021-06-10,0.0002468393492588,0.00044586123995577485,0.00036685443594476006,calm
2021-06-11,0.0004924159833466,0.0004063931645292443,0.00035371657181812823,calm
2021-06-14,0.0004871942571772,0.0004073755986982945,0.00034403948637198704,calm
2021-06-15,0.0006361802262015,0.0003827180919828291,0.0003439584891885122,calm
2021-06-16,0.0006054750156846,0.00038150973971905357,0.00034385754296135056,calm
2021-06-17,0.0008302924786988,0.00038217501225599435,0.0003509807305830245,calm
2021-06-18,0.000569246747644,0.0004039599008345468,0.00044375481469187644,calm
2021-06-21,0.0009806422471903,0.0004327844677591654,0.000476566789748917,calm
2021-06-22,0.000764070740511,0.00043842431352867105,0.0005034037239630078,calm
2021-06-23,0.0008068945477062,0.00044567080612825443,0.0004690358656871636,calm
2021-06-24,0.0007810797102562,0.0006216514552346037,0.0005730869587336722,calm
2021-06-25,0.0007872626362708,0.00047538360642444165,0.00044714844712220365,calm
2021-06-28,0.0003763629555121,0.000590977364929861,0.0005193840327306987,calm
2021-06-29,0.0004336412596409,0.0004993706201411513,0.0005199084887168855,calm
2021-06-30,0.0003918238013061,0.0005080797298985192,0.00048629786480694357,calm
2021-07-01,0.0007922417505633,0.0005067168536259659,0.000508842739593193,calm
2021-07-02,0.000915390815072,0.0005036253961550988,0.0005088357793849773,calm
2021-07-05,0.0008598952717249,0.00046603212777724236,0.0005461286310198767,calm
2021-07-06,0.0007960073515565,0.00046747141045266113,0.0005321111856395614,calm
2021-07-07,0.0008046032268652,0.0004696543515219917,0.0005249711633096989,calm
2021-07-08,0.0002267962704158,0.0006161442667315134,0.00074948197362216,calm
2021-07-09,0.000105778040396,0.0007185269901698423,0.0008081976962006894,calm
2021-07-12,0.0011342489590912,0.0007105207339033965,0.0007438354196658863,calm
2021-07-13,0.0012195683580727,0.0006190317614534602,0.0008106515207273666,calm
2021-07-14,0.0016710811977781,0.0006124479758544166,0.0007320708481016765,calm
2021-07-15,0.0018633006439327,0.0005477871354787616,0.0006040991155252195,calm
2021-07-16,0.0019559985030477,0.0005520522483519996,0.0005475173949555341,calm
2021-07-19,0.0009071960308408,0.0010080019682277893,0.0010428099213156913,calm
2021-07-20,0.000802830459109,0.0010566646304162037,0.0011144699479057462,calm
2021-07-21,0.0003831179647759,0.0011491721220782646,0.001259661727208149,calm
2021-07-22,0.0001867623072708,0.001125246092877236,0.0011887258880337623,calm
2021-07-23,0.0001353650217084,0.0011270170634783982,0.0013006533405138972,calm
2021-07-26,0.0001407928487211,0.0008384211501774211,0.0008680277191714187,calm
2021-07-27,0.0001406836495573,0.0006687266205355701,0.0007930708040501464,calm
2021-07-28,0.0001261290495301,0.0006055219723437274,0.0006586161104652865,calm
2021-07-29,0.0001497270502128,0.0005979603573369349,0.0006257789076432964,calm
2021-07-30,0.0001369936729085,0.0005963394873556324,0.0005862724843336719,calm
2021-08-02,0.000124595401149,0.0005948406288341715,0.0005465599139803559,calm
2021-08-03,0.0006472411594047,0.0005951317000643276,0.0005940080105141009,calm
2021-08-04,0.0007449149949237,0.0005957292266223782,0.00059735436206401,calm
2021-08-05,0.0007048217327283,0.0005947350313867849,0.000598660336082636,calm
2021-08-06,0.0006643027765434,0.000585240254266922,0.0005575195442462544,calm
2021-08-09,0.0007379885099985,0.0005277570098494794,0.000512379606318574,calm
2021-08-10,0.0002422518024292,0.0005820143939547986,0.000581601136115875,calm
2021-08-11,0.000141329062362,0.0005850859833585756,0.0005455751333215193,calm
2021-08-12,0.0003373068077156,0.0005710705065714977,0.0005371355749943113,calm
2021-08-13,0.00040777194596,0.0005667922491976291,0.0005354459700581652,calm
2021-08-16,0.0003351330265348,0.0005796580681996355,0.0005595407975896634,calm
2021-08-17,0.0003170516786673,0.0005383551766802668,0.0005974202641575234,calm
2021-08-18,0.0004467222728131,0.00046094027213456197,0.0005001504989224658,calm
2021-08-19,0.0002655858230003,0.00046355826859601667,0.0005460735221913799,calm
2021-08-20,0.0001961044976806,0.00046691331303927745,0.0005142389148623908,calm
2021-08-23,0.0001974742913713,0.0004703800547193891,0.0004662392310333355,calm
2021-08-24,0.0002453648885433,0.00045647265814885673,0.00042734188148915866,calm
2021-08-25,8.210070029759192e-05,0.00046394734459042844,0.0004601915382357225,calm
2021-08-26,6.628771580689005e-05,0.00045573342662821154,0.000415171404468098,calm
2021-08-27,6.648825426145184e-05,0.00045638558957252043,0.0004155986650584194,calm
2021-08-30,8.272819575782221e-05,0.0004560601283490807,0.00038698310931376115,calm
2021-08-31,2.348473751847005e-05,0.00045607441739305973,0.00039216632679919,calm
2021-09-01,0.0002731277411068,0.00045497454029509667,0.00040261597996837554,calm
2021-09-02,0.0002762063366305,0.0004551971713540967,0.0003917082417212349,calm
2021-09-03,0.0003481262642966,0.00045497454029509667,0.00041522493821309034,calm
2021-09-06,0.000409295308285,0.00045497454029509667,0.00047786536571812506,calm
2021-09-07,0.0004281322570823,0.0004551971713540967,0.00046020972399352935,calm
2021-09-08,0.0002363534217181,0.000460899130954103,0.00048274520590318434,calm
2021-09-09,0.0006756904124266,0.00038239778211231424,0.000371570484367354,calm
2021-09-10,0.0006088291217554,0.0003737719971800219,0.00039298126726260624,calm
2021-09-13,0.000988865760582,0.0003888766980578428,0.00037757653357311925,calm
2021-09-14,0.0009907870827715,0.00038839589628889725,0.00038784993438586556,calm
2021-09-15,0.0013321267634089,0.00038367303583990766,0.0003666462908751921,calm
2021-09-16,0.0008911735384035,0.0004960328149021634,0.0004628266988198689,calm
2021-09-17,0.0009100871733503,0.00047588143781214384,0.00046270756006316487,calm
2021-09-20,0.000583630921141,0.0007256889262766616,0.0007360649260327872,calm
2021-09-21,0.0009274512221585,0.0006834826446446185,0.0006501749953423922,calm
2021-09-22,0.0005311194348371,0.0009015019793260223,0.0008346862334441604,calm
2021-09-23,0.0006046178832284,0.000697927369991871,0.0007742671680133028,calm
2021-09-24,0.0006098668215486,0.000695428976395318,0.0006962770728124817,calm
2021-09-27,0.0004817771741423,0.0004854322740612221,0.0005947035597027153,calm
2021-09-28,0.0001452942252275,0.0008561489245754205,0.0009134169099113392,calm
2021-09-29,0.0002724890328693,0.0006770196828017371,0.0007200773718628287,calm
2021-09-30,0.0003130258545634,0.0006836069970731327,0.0008000411664516411,calm
2021-10-01,0.0003157450751036,0.000684132344133866,0.0008297810563903538,calm
2021-10-04,0.0003410407889041,0.0007504104014248302,0.0008546563794195229,calm
2021-10-05,0.0003235415731029,0.0006706513047383817,0.0007082566581444232,calm
2021-10-06,0.0002429176577396,0.0006877815474944469,0.000740066664922454,calm
2021-10-07,0.0001791290746407,0.0006989804956106162,0.0007750234349088852,calm
2021-10-08,0.0002362541492331,0.0006652257489306451,0.0006659633564985746,calm
2021-10-11,0.000340301899805,0.0006221569309316774,0.0006922411754214158,calm
2021-10-12,0.0003282499873209,0.0006083139446216182,0.0005753948232276926,calm
2021-10-13,0.0003060449732722,0.0005826160603913342,0.0005563478176159471,calm
2021-10-14,0.0003836893349004,0.0006723010261122355,0.0006668691118297753,calm
2021-10-15,0.0003465048477614,0.0006706979413571242,0.0006701439260882187,calm
2021-10-18,0.0002366460022817,0.0006223000772355409,0.0006148705278801993,calm
2021-10-19,0.0003144717123746,0.0006201801748776316,0.0006612289758057735,calm
2021-10-20,0.0003862233177742,0.0005604550356791433,0.0005611521438676041,calm
2021-10-21,0.0002695723409744,0.0005150094548610364,0.00047665008089407227,calm
2021-10-22,0.0002313760126567,0.0005029945032874468,0.0003956883100290082,calm
2021-10-25,0.0002641253211409,0.0004787969604878223,0.00039315371306253836,calm
2021-10-26,0.0002641004247498,0.0005040179907970909,0.00040422125743884457,calm
2021-10-27,0.000229831754039,0.0005071788170325484,0.00041093718443300495,calm
2021-10-28,0.0002690995594138,0.0004711091979942758,0.00040399080931497546,calm
2021-10-29,0.0002588915435491,0.0004698554963806156,0.0003712497447558516,calm
2021-11-01,0.0002087135726113,0.0004696209644304282,0.0003681793857668541,calm
2021-11-02,0.0001445005845736,0.0004644408099598953,0.00037970892906187634,calm
2021-11-03,8.087385204019625e-05,0.00045874381109115773,0.00042818645723122217,calm
2021-11-04,2.7984889143538658e-05,0.0004575798769860656,0.0003773990611134624,calm
2021-11-05,3.2144924659700664e-05,0.00045380745118982744,0.00035773667516131725,calm
2021-11-08,5.897045885420152e-05,0.000382961939849122,0.00033898320354172005,calm
2021-11-09,6.1243466977675e-05,0.0003825754586219903,0.00033270909477119473,calm
2021-11-10,0.0001543976364277,0.0003823886001738611,0.0003407939115474865,calm
2021-11-11,0.0001579157285154,0.0003833973142777715,0.0004283882805714155,calm
2021-11-12,0.0001551769482617,0.0003727644907127964,0.0003789914906985461,calm
2021-11-15,0.0001331831899135,0.0003710668005418656,0.0003874428343728865,calm
2021-11-16,0.0001188877177201,0.0003686942410586135,0.0003311333079241149,calm
2021-11-17,6.551881428151927e-05,0.00037041732220331953,0.00033449953757451554,calm
2021-11-18,6.427842263692425e-05,0.0003694254872637707,0.00030018679844287164,calm
2021-11-19,0.0021623803667466,0.0003696842647538525,0.0003017413972856656,calm
2021-11-22,0.0021982989794685,0.00036950037006342,0.0002798157997368444,calm
2021-11-23,0.0022248199519913,0.00036568820345427965,0.0002962558291935427,calm
2021-11-24,0.0023621835302052,0.00036869409159689297,0.00031002773013360217,calm
2021-11-25,0.0023649884338905,0.000365300052386945,0.000296938896041701,calm
2021-11-26,0.0003516864974078,0.0011732253961617759,0.001142310735687901,calm
2021-11-29,0.00120213357159,0.0010590327140532338,0.0011595348151311388,calm
2021-11-30,0.0015964060671493,0.0011782908898477233,0.0012305638495183895,calm
2021-12-01,0.0014364772771376,0.001188351364780649,0.0012972116606019726,calm
2021-12-02,0.0014478376433752,0.001190607898006034,0.0012825075121525393,calm
2021-12-03,0.00136389284541,0.0007726484689429775,0.0008890674970979264,calm
2021-12-06,0.0007142867943978,0.0012093457448494715,0.0012628530774637873,calm
2021-12-07,0.0002962839011734,0.001405854406540013,0.0014348786757948054,calm
2021-12-08,0.0002790404671364,0.0013091931905053922,0.0012039457055500451,calm
2021-12-09,0.0003331311604389,0.0012975133148505763,0.0012030450437146745,calm
2021-12-10,0.0003361965152188,0.0012995125313696222,0.0012330874235597536,calm
2021-12-13,0.0004042774365942,0.000998036820330862,0.0012683973857999197,calm
2021-12-14,0.000948847746951,0.000851002182961499,0.0008492744391394376,calm
2021-12-15,0.0009865451399727,0.0009562608299193619,0.000998992679297219,calm
2021-12-16,0.0011378635352131,0.0009594285605158501,0.000982878311288772,calm
2021-12-17,0.0011277897238079,0.0009623113056609029,0.0009957304536442923,calm
2021-12-20,0.0008850622827575,0.0009860668492358907,0.001104236487709323,calm
2021-12-21,0.0003623602195542,0.0015441456029463407,0.0014733043976536723,calm
2021-12-22,0.0003498052754662,0.0013854449063350957,0.0013526431254677676,calm
2021-12-23,0.0007734810973265,0.001538673520359855,0.0013856955090771924,calm
2021-12-24,0.0008002901811626,0.001530186162373663,0.0013524861461510804,calm
2021-12-29,0.0008338044992112,0.001419266893909788,0.0011518814922360729,calm
2021-12-30,0.0008134709732818,0.0007568326038756863,0.0006931235065260859,calm
2021-12-31,0.0008858583307632,0.0007538684541031736,0.0006233157516051771,calm
2022-01-04,0.0002712431068032,0.000848652222710239,0.0007245736284485894,calm
2022-01-05,0.0002743304448559,0.0009161746637123279,0.0009584923183209578,calm
2022-01-06,0.0001790396660932,0.0009503386037919518,0.0009123126319176102,calm
2022-01-07,0.0004961816050043,0.0008906614106788123,0.0008958876974240051,calm
2022-01-10,0.0003975185512842,0.0008469655499398358,0.0008021438239033307,calm
2022-01-11,0.0006327849893059,0.0006356925696215191,0.0007280684604415747,calm
2022-01-12,0.0006092908484187,0.0005406998320836468,0.0005708361125701631,calm
2022-01-13,0.0006618689210907,0.0005833044732373698,0.0006819011327888064,calm
2022-01-14,0.0007141540909796,0.0005966478460081885,0.0007254746079636325,calm
2022-01-17,0.0026365042728447,0.0005742585806213984,0.000625013087702791,calm
2022-01-18,0.0023707274762152,0.0007122344094523328,0.0008844252838367258,calm
2022-01-19,0.0027156902644562,0.000664409699453771,0.000837411894621057,calm
2022-01-20,0.0026601066340174,0.0006818028288853198,0.0008481200293922979,calm
2022-01-21,0.0023613834054268,0.0008793398475142046,0.0011223251072727594,calm
2022-01-24,0.0004898902896602,0.001781256011556316,0.001709466600222747,calm
2022-01-25,0.0007373477907627,0.0011415752802424834,0.0014400038864385615,calm
2022-01-26,0.000400857628008,0.0013395052982159256,0.001468855217284019,calm
2022-01-27,0.000840449815207,0.0011375342793438173,0.0013519098068997062,calm
2022-01-28,0.0008588473644704,0.0013701303282951725,0.0016043896708769808,calm
2022-01-31,0.0010913197856389,0.0010942635984758015,0.0013123288888365787,calm
2022-02-01,0.0008438071561073,0.0013210445822661075,0.0013170903853054444,calm
2022-02-02,0.0011870982118951,0.001243044309174501,0.0012299017407222377,calm
2022-02-03,0.0008620954160018,0.00121560024551133,0.001602579179796952,calm
2022-02-04,0.0007682245837143,0.0011754893183631562,0.0013135231189597809,calm
2022-02-07,0.0009683837034841,0.0013162938305649747,0.0012714088952195232,calm
2022-02-08,0.0010562914902418,0.0012439191942151355,0.0012710277072632867,calm
2022-02-09,0.0007075445365128,0.0017391808904273119,0.0015030147203061053,calm
2022-02-10,0.0006378376305647,0.0012828671519776178,0.001414626034743852,War / energy shock 2022
2022-02-11,0.0008315810494435,0.0014191517049396327,0.0014550148011089408,War / energy shock 2022
2022-02-14,0.0006158962634729,0.0015364662492067136,0.0014722107089848227,War / energy shock 2022
2022-02-15,0.0005377969812029,0.0015018421620592295,0.0016194627862633636,War / energy shock 2022
2022-02-16,0.000635470043773,0.0014389583305679412,0.001210010184519276,War / energy shock 2022
2022-02-17,0.0027699016321363,0.001466954566674713,0.0014907721511922207,War / energy shock 2022
2022-02-18,0.0033470050500299,0.0012934871186829691,0.0013646649625865777,War / energy shock 2022
2022-02-21,0.0031311630556759,0.0013636492523935058,0.0013434572136982092,War / energy shock 2022
2022-02-22,0.0054221771603357,0.0011879509569390706,0.0012221816287287482,War / energy shock 2022
2022-02-23,0.0053456729827874,0.0009642294779932437,0.0011775739450768077,War / energy shock 2022
2022-02-24,0.0038073782957603,0.001938351224890325,0.0018514075759056051,War / energy shock 2022
2022-02-25,0.0062750265572957,0.0022730495046597225,0.0022325986630070092,War / energy shock 2022
2022-02-28,0.0065175374440419,0.002162003597227936,0.0019127593101756267,War / energy shock 2022
2022-03-01,0.0048586052203408,0.0032492087669021767,0.0028223489264936675,War / energy shock 2022
2022-03-02,0.0087658830381891,0.0030653477338965793,0.002803441558355299,War / energy shock 2022
2022-03-03,0.0083261353221941,0.002415851064287038,0.0023998147117345646,War / energy shock 2022
2022-03-04,0.0057680066705409,0.0030405999865565437,0.0027212168861884467,War / energy shock 2022
2022-03-07,0.0057090217804616,0.0037034112485948424,0.003538581714942324,War / energy shock 2022
2022-03-08,0.0051004455671594,0.002937874461190931,0.0030059970173262713,War / energy shock 2022
2022-03-09,0.0025912867420229,0.004549560329862302,0.0038193479809011687,War / energy shock 2022
2022-03-10,0.0024184746652711,0.004105313399094829,0.003481463246837688,War / energy shock 2022
2022-03-11,0.0019226206988843,0.004150017513695372,0.00352600040066541,War / energy shock 2022
2022-03-14,0.0017597794081367,0.003897889853958746,0.0028952648785984503,War / energy shock 2022
2022-03-15,0.0017313683938775,0.0033081875915821246,0.0032402562127664576,War / energy shock 2022
2022-03-16,0.0008133755086043,0.002569966410295193,0.00281084442931721,War / energy shock 2022
2022-03-17,0.0009063485642727,0.0023665978492143627,0.0027985435428038254,War / energy shock 2022
2022-03-18,0.0008107156908741,0.0022672342249526506,0.002653479491650801,War / energy shock 2022
2022-03-21,0.0007946055788636,0.0022603843956367463,0.0022200617573189217,War / energy shock 2022
2022-03-22,0.0019371435073683,0.002226580307157865,0.0024790892185295467,War / energy shock 2022
2022-03-23,0.002714603174566,0.001453531068898666,0.0019557980194205246,War / energy shock 2022
2022-03-24,0.0025996555105342,0.0014693066977993872,0.0020002850587058983,War / energy shock 2022
2022-03-25,0.0025103123486439,0.0014030905915888513,0.001781491600227164,War / energy shock 2022
2022-03-28,0.0026870409597838,0.0013973295575227392,0.0018229722801280032,War / energy shock 2022
2022-03-29,0.0017085601555421,0.002016331706614683,0.0021738254113550146,War / energy shock 2022
2022-03-30,0.0014142018643364,0.0021512859281109164,0.0022189622778710253,War / energy shock 2022
2022-03-31,0.0013982442561113,0.0019603480670422543,0.00226005796360143,War / energy shock 2022
2022-04-01,0.001620910000071,0.0019573502904412514,0.0019872161470337523,War / energy shock 2022
2022-04-04,0.00149682835839,0.001918977093726344,0.002134471488149182,War / energy shock 2022
2022-04-05,0.0013459374166263,0.001730053744174884,0.0018492011620220676,War / energy shock 2022
2022-04-06,0.0003535521757823,0.0018104297601520775,0.0018452585294764937,War / energy shock 2022
2022-04-07,0.0006795213177958,0.0016981890315138836,0.00158411177917422,War / energy shock 2022
2022-04-08,0.0004997704714363,0.0016535579572770401,0.0014306176920265362,War / energy shock 2022
2022-04-11,0.0007607423891419,0.0016900192541955544,0.0017531360194806137,War / energy shock 2022
2022-04-12,0.0010817199259752,0.0016427297639248445,0.001377862879310193,War / energy shock 2022
2022-04-13,0.0012863623127446,0.0011939724516155008,0.0012666717090856017,War / energy shock 2022
2022-04-14,0.0012119870320284,0.0012347268657861817,0.0014370102749296843,War / energy shock 2022
2022-04-19,0.0013596238691455,0.0012594539532340893,0.0013395923824934468,War / energy shock 2022
2022-04-20,0.0010150593072866,0.001184880015330654,0.0012396597284329632,War / energy shock 2022
2022-04-21,0.0007858945856704,0.0013733003687975288,0.0015769481914956309,War / energy shock 2022
2022-04-22,0.0006539792652599,0.001995680182207716,0.002074876269978592,War / energy shock 2022
2022-04-25,0.0004083326740405,0.0019232486415342272,0.0018856534249581908,War / energy shock 2022
2022-04-26,0.0002394647981832,0.002067833516708107,0.0023374711203696485,War / energy shock 2022
2022-04-27,0.0004802892752441,0.001577613586986407,0.0017872006789845715,War / energy shock 2022
2022-04-28,0.0005948227373486,0.0016477460157599527,0.0021933210903039117,War / energy shock 2022
2022-04-29,0.0014192633481378,0.0016384592388995502,0.002408742959072389,War / energy shock 2022
2022-05-03,0.0014135628714587,0.0014020324208801958,0.0017414641039584329,War / energy shock 2022
2022-05-04,0.0017256373074414,0.0010173114539554333,0.0016391819828646343,War / energy shock 2022
2022-05-05,0.0015346168180939,0.0011251078638488965,0.002180312480356088,War / energy shock 2022
2022-05-06,0.0020799521326128,0.0011172758831874512,0.0018901499899458053,War / energy shock 2022
2022-05-09,0.0012104650788227,0.0020346459404714224,0.0027096068850482606,War / energy shock 2022
2022-05-10,0.0013674629713488,0.0018550794729487226,0.002118372507727762,War / energy shock 2022
2022-05-11,0.0011405600900698,0.0015467223436801726,0.002252211765473676,War / energy shock 2022
2022-05-12,0.0014092016677196,0.0015007660832189532,0.0015862220102415496,War / energy shock 2022
2022-05-13,0.0008876423898087,0.0021578989253747405,0.0023958861364830487,War / energy shock 2022
2022-05-16,0.0010167105846979,0.0015551318254829966,0.0014952817756066366,War / energy shock 2022
2022-05-17,0.0010457529783564,0.00215842906149041,0.0019185756815941432,War / energy shock 2022
2022-05-18,0.0011695782963768,0.002231979722269752,0.0024996248000502164,War / energy shock 2022
2022-05-19,0.000952580532223,0.0022711657710563563,0.0022564541165934187,War / energy shock 2022
2022-05-20,0.0008852957773588,0.0019642663439616305,0.0016879160936221708,War / energy shock 2022
2022-05-23,0.0008433853995883,0.0019004880206934661,0.0022246793890452017,War / energy shock 2022
2022-05-24,0.0008977102606603,0.0018570947860586029,0.001969936755810672,War / energy shock 2022
2022-05-25,0.0012789698116343,0.0017648708664141214,0.001445527008002276,War / energy shock 2022
2022-05-26,0.0011984329608485,0.001418332489776181,0.0016439078973545685,War / energy shock 2022
2022-05-27,0.0010297162825527,0.0014940802491084989,0.0018852079606471134,War / energy shock 2022
2022-05-30,0.0009723875225726,0.0018356493264920003,0.0020028718236136515,War / energy shock 2022
2022-05-31,0.0007810396906533,0.001815944143012494,0.0018256574993812827,War / energy shock 2022
2022-06-01,0.0002312191197358,0.0020649309637231954,0.0020538647788136515,War / energy shock 2022
2022-06-02,0.0002208653255572,0.002299462004715251,0.0021024281034138087,War / energy shock 2022
2022-06-03,0.0015496076117225,0.0015065706570694193,0.0018659374822173492,War / energy shock 2022
2022-06-06,0.0022030316663483,0.0012716374929828262,0.0013762285372644534,War / energy shock 2022
2022-06-07,0.0024097098566666,0.0012393539413399842,0.0014018846125889075,War / energy shock 2022
2022-06-08,0.0024354775399155,0.0009748626863742306,0.0011465381057014314,War / energy shock 2022
2022-06-09,0.0027887687400231,0.0010762066870521828,0.001319408567256565,War / energy shock 2022
2022-06-10,0.0015388435598036,0.0019935161908073377,0.002231838512340641,War / energy shock 2022
2022-06-13,0.0008872852444677,0.002775372411513609,0.0031634355674727255,War / energy shock 2022
2022-06-14,0.000655859574622,0.0020637606355840667,0.002604450228952655,War / energy shock 2022
2022-06-15,0.0006676738670518,0.002177343954426517,0.0028664566857381645,War / energy shock 2022
2022-06-16,0.0003286733235688,0.0030486427581037073,0.00324434641354095,War / energy shock 2022
2022-06-17,0.0008207453570606,0.0020253825117460913,0.002186175725319454,War / energy shock 2022
2022-06-20,0.0007895631943404,0.0014949031021295228,0.0016014616092898048,War / energy shock 2022
2022-06-21,0.0009162281972107,0.0015334185053564482,0.0019470432134135213,War / energy shock 2022
2022-06-22,0.0010563167212341,0.00146467272994101,0.0015733953157403531,War / energy shock 2022
2022-06-23,0.0010889149193201,0.0011839393455603316,0.0012401518380614552,War / energy shock 2022
2022-06-24,0.0005467567053951,0.001701162952622055,0.0019128681915797764,War / energy shock 2022
2022-06-27,0.0005288411682558,0.0014899514545813936,0.0015987745690099375,War / energy shock 2022
2022-06-28,0.0009731906379635,0.00151750900532586,0.001839630762733313,War / energy shock 2022
2022-06-29,0.0009628811846703,0.001508092690753572,0.0016036580463143718,War / energy shock 2022
2022-06-30,0.0011532108047354,0.0015447235055556553,0.0017113779825150227,War / energy shock 2022
2022-07-01,0.0013281281887756,0.0009621843878015964,0.0012030763778255104,War / energy shock 2022
2022-07-04,0.0016530507081901,0.000956405044805614,0.0012338282188044647,War / energy shock 2022
2022-07-05,0.0010753994322146,0.001301874510208137,0.0011576505393033414,War / energy shock 2022
2022-07-06,0.0012422157543193,0.0012876410251469199,0.0011674456483935143,War / energy shock 2022
2022-07-07,0.0010080185671342,0.0015607768537861822,0.0013870439251450566,War / energy shock 2022
2022-07-08,0.0009307628124084,0.0016894032228753034,0.0012590171124418372,War / energy shock 2022
2022-07-11,0.000783007681239,0.0016996989233103816,0.0014495998518733236,War / energy shock 2022
2022-07-12,0.001089297621132,0.0010938790230867507,0.0011906440273444568,War / energy shock 2022
2022-07-13,0.0007021892111608,0.0013088355724040054,0.001121150501821586,War / energy shock 2022
2022-07-14,0.0006971428466339,0.0009745054621345084,0.0009220512743302196,War / energy shock 2022
2022-07-15,0.0006570270577601,0.0010651917748802297,0.001174517877922763,War / energy shock 2022
2022-07-18,0.0005418066322136,0.0009901140519322671,0.0010565247713732154,War / energy shock 2022
2022-07-19,0.0003209350641603,0.0012766456734906138,0.0014697279713135644,War / energy shock 2022
2022-07-20,0.0005177208177644,0.00110508700969131,0.0012704297156304184,War / energy shock 2022
2022-07-21,0.0006654277116485,0.0011077259449902702,0.0013044121849695221,War / energy shock 2022
2022-07-22,0.0008881885179382,0.0010978729343129059,0.0012192231893946139,War / energy shock 2022
2022-07-25,0.0008256185383721,0.0010732436789886186,0.0010534351322029109,War / energy shock 2022
2022-07-26,0.0007608605701169,0.0008270604671878795,0.0007834486769146253,War / energy shock 2022
2022-07-27,0.000857929220723,0.0010067218095615095,0.0011227039856360125,War / energy shock 2022
2022-07-28,0.0007340239764318,0.0010019618826317008,0.00110262466365911,War / energy shock 2022
2022-07-29,0.000475963164167,0.0011370711907642468,0.0012462952855930797,War / energy shock 2022
2022-08-01,0.0005645219615777,0.0010583253016390067,0.0010816056153519207,War / energy shock 2022
2022-08-02,0.0007666935148867,0.0010266948671145257,0.0011122471454578313,War / energy shock 2022
2022-08-03,0.0009048231957284,0.00104408380361226,0.0011350188721319825,War / energy shock 2022
2022-08-04,0.0008486697366462,0.0008895887107478105,0.0008785939806062648,War / energy shock 2022
2022-08-05,0.0014986137178631,0.0007576055181086471,0.0007451268962041092,War / energy shock 2022
2022-08-08,0.0014839501424381,0.0007547617369730274,0.0007476630521976148,War / energy shock 2022
2022-08-09,0.0012543178586121,0.0007907415510637531,0.0008029934948251213,War / energy shock 2022
2022-08-10,0.0009754393228762,0.0009633907261243581,0.0010306296260331465,War / energy shock 2022
2022-08-11,0.0009730717562578,0.0009298679625920867,0.000811150888604844,War / energy shock 2022
2022-08-12,0.0003045199703573,0.0012720598508868817,0.0013248455659499994,War / energy shock 2022
2022-08-15,0.0004890400106802,0.0012472426246386518,0.0011792711723327006,War / energy shock 2022
2022-08-16,0.0004788827791869,0.0011840493901171087,0.0010581544174222684,War / energy shock 2022
2022-08-17,0.0003187546760272,0.0009590859870275917,0.0009928481968964095,War / energy shock 2022
2022-08-18,0.000402357248398,0.0008782344945770996,0.0008913801976818545,War / energy shock 2022
2022-08-19,0.0007848483199464,0.000710198404194779,0.0008099645655287532,War / energy shock 2022
2022-08-22,0.0005458526391302,0.0008586305127848399,0.0011389006468295066,War / energy shock 2022
2022-08-23,0.000546803840544,0.0008311963855616862,0.0009813749909736687,War / energy shock 2022
2022-08-24,0.000572405492812,0.0008284527194910523,0.0009060623327755875,War / energy shock 2022
2022-08-25,0.0012593057906428,0.0008784063637821711,0.0010774215988708165,War / energy shock 2022
2022-08-26,0.0012998484502765,0.001085559502570381,0.0015785241895045655,War / energy shock 2022
2022-08-29,0.001743197970171,0.0009456217785519333,0.001176287147056372,War / energy shock 2022
2022-08-30,0.0018502656174322,0.0009392392831421345,0.0011758332828454784,War / energy shock 2022
2022-08-31,0.001833050526919,0.0009465765541181229,0.0011760853301828959,War / energy shock 2022
2022-09-01,0.0010805419592613,0.0014192667585324135,0.0014445920708865399,War / energy shock 2022
2022-09-02,0.0009787122846989,0.0012858477048662761,0.0011185006191246852,War / energy shock 2022
2022-09-05,0.0008814520593766,0.001313490910733772,0.0012866181477457872,War / energy shock 2022
2022-09-06,0.0012942144181751,0.0012504476891845313,0.001175464931035838,War / energy shock 2022
2022-09-07,0.001645078081295,0.0013033179932926586,0.0014241565623858386,War / energy shock 2022
2022-09-08,0.0016741957969193,0.0010837382202942192,0.0012163527616536932,War / energy shock 2022
2022-09-09,0.0018036269424939,0.0010626736245929103,0.0012357515809473865,War / energy shock 2022
2022-09-12,0.0014924432761477,0.0010713123709181701,0.001236417102603172,War / energy shock 2022
2022-09-13,0.0012336491563057,0.0015894304761912685,0.002057611475114226,War / energy shock 2022
2022-09-14,0.0008756025287777,0.001519245917315259,0.00181695447578178,War / energy shock 2022
2022-09-15,0.001145864828943,0.0015181234828975973,0.001968979181875182,War / energy shock 2022
2022-09-16,0.0013875699987524,0.0018670164738559686,0.0020229916906506665,War / energy shock 2022
2022-09-19,0.001360251335677,0.0018749716556794931,0.0018765146795605132,War / energy shock 2022
2022-09-20,0.0011008863651082,0.0015520313439663814,0.0012639995504014133,War / energy shock 2022
2022-09-21,0.0011227494681422,0.0012783402327154786,0.001363392921329823,War / energy shock 2022
2022-09-22,0.0019435734049871,0.0014789697703629324,0.0013935891498210336,War / energy shock 2022
2022-09-23,0.0017040641413618,0.0019197321473531598,0.0017538930885521034,War / energy shock 2022
2022-09-26,0.00168622693628,0.0019289455434924776,0.001691420192327495,War / energy shock 2022
2022-09-27,0.0046655027707526,0.0014870629737237843,0.001368219589391763,War / energy shock 2022
2022-09-28,0.0051262784873878,0.00159983430672638,0.0016193821944771349,War / energy shock 2022
2022-09-29,0.00399390362784,0.002090715801987603,0.002196508925422795,War / energy shock 2022
2022-09-30,0.003904635915982,0.0019657995091242925,0.002114871956594299,War / energy shock 2022
2022-10-03,0.0039854482890908,0.0020374325438527823,0.0023063674728693116,War / energy shock 2022
2022-10-04,0.0010785020679528,0.003127869877472652,0.004080886252408777,War / energy shock 2022
2022-10-05,0.0007454271714235,0.003025280926026222,0.003424641858237469,War / energy shock 2022
2022-10-06,0.0010794296632809,0.0023964089531421,0.0032715459471035105,War / energy shock 2022
2022-10-07,0.0009505183065017,0.0025432261851558546,0.004022511028087716,War / energy shock 2022
2022-10-10,0.0014374254539885,0.0023999930829171844,0.0032035955868404257,War / energy shock 2022
2022-10-11,0.0013826791239718,0.0016305055284445437,0.002103103218649385,War / energy shock 2022
2022-10-12,0.0013549990497906,0.00151606475219871,0.0018888046994834321,War / energy shock 2022
2022-10-13,0.0010793398118818,0.0017157874251435665,0.002529410316801055,War / energy shock 2022
2022-10-14,0.0010382630208048,0.0016009289837777593,0.002374066690252166,War / energy shock 2022
2022-10-17,0.0006946743948731,0.0021013016150859404,0.0029983545024107553,War / energy shock 2022
2022-10-18,0.0014409269523766,0.0020085303739377533,0.002759198546575965,War / energy shock 2022
2022-10-19,0.0013215028735183,0.002035891059446664,0.0026571774902502845,War / energy shock 2022
2022-10-20,0.001317872569852,0.0016318279950360592,0.002305183205232105,War / energy shock 2022
2022-10-21,0.0011177853844588,0.0015955351881490436,0.002596653277971141,War / energy shock 2022
2022-10-24,0.0009289302934673,0.001500335289326403,0.0020329958824117826,War / energy shock 2022
2022-10-25,0.0001634932095092,0.0020143178486678073,0.002481180804638113,War / energy shock 2022
2022-10-26,0.0001923047295448,0.001954808952957408,0.002264505411977876,War / energy shock 2022
2022-10-27,0.0002124643233094,0.0019549494624443303,0.002204801184623168,War / energy shock 2022
2022-10-28,0.000371959696237,0.0017028754609245435,0.0024892488929145885,War / energy shock 2022
2022-10-31,0.0006652416122362,0.0015221833024401132,0.0018988310761317252,War / energy shock 2022
2022-11-01,0.0006629925113586,0.0012021456384144406,0.0014490948792133882,calm
2022-11-02,0.0007232473451414,0.0014417869584579357,0.0017985159830596839,calm
2022-11-03,0.0017801503448824,0.0009993416416783781,0.0013260969486088528,calm
2022-11-04,0.0016147291473227,0.0010189129886572868,0.0013123302446351051,calm
2022-11-07,0.0014275855846161,0.0010892977810760247,0.0014877408014156129,calm
2022-11-08,0.0014737035379047,0.001013366223900982,0.0013816771399320909,calm
2022-11-09,0.0016675620536492,0.000991343598523235,0.001453104781908964,calm
2022-11-10,0.0005889805301908,0.0021843205414433966,0.003064768897899731,calm
2022-11-11,0.0008264104389905,0.00193941351969183,0.0025405229861569785,calm
2022-11-14,0.0006673042335258,0.001594029814021736,0.0024566544287429972,calm
2022-11-15,0.0006324065022296,0.0015321912958597608,0.0023356316189391065,calm
2022-11-16,0.0004552674315613,0.0014859753452842244,0.0022465384493951445,calm
2022-11-17,0.0003980061079606,0.0008792208293572884,0.0009363097402249022,calm
2022-11-18,0.0001512021195231,0.0009234176623333051,0.0010127426901196392,calm
2022-11-21,0.000188717880253,0.0008686734387149967,0.0008975656905733021,calm
2022-11-22,0.0001780011905505,0.0008753709527323287,0.0009984286025511335,calm
2022-11-23,6.640942300557086e-05,0.0007989763949210523,0.0008917867532288039,calm
2022-11-24,7.762959119756986e-05,0.0007565923975046014,0.0007833492072264605,calm
2022-11-25,5.454496103705388e-05,0.0007467794046149423,0.0006348802866282538,calm
2022-11-28,2.323510995750403e-05,0.000837772500840486,0.0008654250681705855,calm
2022-11-29,7.414080768555856e-05,0.000759016394345019,0.0007199822004795286,calm
2022-11-30,8.079002734028244e-05,0.0009447647014816062,0.0011343408962722781,calm
2022-12-01,8.379127578800545e-05,0.0009165817964427611,0.0009138339729394735,calm
2022-12-02,0.0002046096108248,0.0009130773497782387,0.001028233169296852,calm
2022-12-05,0.000264571478315,0.0009190579185059328,0.001055879818914076,calm
2022-12-06,0.0003199474998249,0.0009014936711802481,0.0010038124435018745,calm
2022-12-07,0.000312543111446,0.0007797851587560097,0.0007021399218546131,calm
2022-12-08,0.0009376632891759,0.0007768365786012119,0.0007652271186110715,calm
2022-12-09,0.0008169236594567,0.0007864499681829224,0.000767189493095679,calm
2022-12-12,0.0007993649623412,0.000666011963648861,0.0005264954115596265,calm
2022-12-13,0.0007086579445575,0.0006472226252576137,0.000505067929801058,calm
2022-12-14,0.0010877387864631,0.0006365597125045416,0.00048272188294830223,calm
2022-12-15,0.0005215139139612,0.0009726612474833935,0.0009467756434615967,calm
2022-12-16,0.0005215386954199,0.0008765126926996054,0.000802284339666277,calm
2022-12-19,0.0004756865739918,0.0008671099380625344,0.0007706553075817606,calm
2022-12-20,0.0004627130098377,0.0008110222915389492,0.0006113616107630613,calm
2022-12-21,0.000176405334894,0.0009950086533139016,0.0009075177486203591,calm
2022-12-22,0.0007589269260015,0.0007333588323828832,0.0006812354930605381,calm
2022-12-23,0.0013709418197773,0.0007154620650160233,0.0006222294210155795,calm
2022-12-28,0.0014095112281409,0.0007191785112390588,0.0006357124309449425,calm
2022-12-29,0.0016275708269068,0.0008108684392661846,0.0007134547286512724,calm
2022-12-30,0.0016924548939098,0.0007198180871372042,0.0005945474925104486,calm
2023-01-03,0.0010419471153317,0.0008282512713862896,0.0006613582520200832,calm
2023-01-04,0.0004307346394762,0.001110807688035171,0.0008570071142174777,calm
2023-01-05,0.0004768718843607,0.001080185650563119,0.0008740165996357911,calm
2023-01-06,0.0002754437784531,0.001142406977441285,0.0010772232290903177,calm
2023-01-09,0.0001193892357192,0.001094737346514805,0.0009442380214416995,calm
2023-01-10,0.0001139104698154,0.0009006608146916814,0.0009083967320720581,calm
2023-01-11,0.0001151745676596,0.000841335425502153,0.0008725525703068315,calm
2023-01-12,8.272098250922145e-05,0.0007748189658039062,0.0007864574124594468,calm
2023-01-13,0.000106091511426,0.0006858393987479521,0.0005992426702196731,calm
2023-01-16,0.0001233897251266,0.000685496642125173,0.0005860293216485495,calm
2023-01-17,0.000201863960341,0.0006853044834884839,0.0005556272375131285,calm
2023-01-18,0.0002014324690137,0.0007041230581822849,0.0006358621070793437,calm
2023-01-19,0.0001515590399168,0.0006791699212289719,0.000568445283095439,calm
2023-01-20,0.0001238549155959,0.0007411220912224346,0.0006781537297207439,calm
2023-01-23,0.000152226429518,0.0007878407980833244,0.0006750037981464777,calm
2023-01-24,7.995435700913244e-05,0.0007927097709600576,0.0006099081184858514,calm
2023-01-25,0.0002172659254209,0.0006753066550137287,0.0005291117318220283,calm
2023-01-26,0.0006394610612427,0.000653319211918371,0.0005463052431665462,calm
2023-01-27,0.0006271471228883,0.0005824882847185608,0.0004261920902655608,calm
2023-01-30,0.0006328700944749,0.0005968691369777301,0.0004999248427258806,calm
2023-01-31,0.0006585916525243,0.0006409297564318211,0.0005647294243739666,calm
2023-02-01,0.0005422827268023,0.0006660614928007634,0.0005665270722186947,calm
2023-02-02,0.0001346972231908,0.0006966773409492181,0.0006795668320446765,calm
2023-02-03,0.0006711682247373,0.0006950127174273525,0.0005452013236368317,calm
2023-02-06,0.0007673220880187,0.0006366878683569645,0.0005146745941747083,calm
2023-02-07,0.0007786688298809,0.0005797611160306413,0.0005099436148789223,calm
2023-02-08,0.0009659325863887,0.0005486587198084422,0.0004477812509910438,calm
2023-02-09,0.0009518245711856,0.0005414109693955144,0.0003710031410382099,calm
2023-02-10,0.0004790408639754,0.0006054501910924394,0.0005095184560278054,calm
2023-02-13,0.0003400960069804,0.0006779539028439076,0.0005740003172145663,calm
2023-02-14,0.0002987411850826,0.0006528783087723478,0.0004783644685415093,calm
2023-02-15,0.0001616458326452,0.0006457051460116642,0.0005217071652234234,calm
2023-02-16,0.0001537989172793,0.0007056020200622885,0.0005944579858358792,calm
2023-02-17,0.0002370418897344,0.0005725272615320118,0.00047599671779011995,calm
2023-02-20,0.0006000908800336,0.0005064249107669158,0.00043210186945071623,calm
2023-02-21,0.0005967282625343,0.0006051384850836281,0.0005701658479050707,calm
2023-02-22,0.0005242028601943,0.0005589054713823042,0.0004731704406128475,calm
2023-02-23,0.0009598794275894,0.0005601843727740819,0.00046898305881673877,calm
2023-02-24,0.0008507822334766,0.0005978252093297234,0.0005776646617295732,calm
2023-02-27,0.0006593447392745,0.0006590050757874814,0.0006670810259829342,calm
2023-02-28,0.0006651420384769,0.0005743643273178643,0.000543213785456794,calm
2023-03-01,0.0006688331944623,0.0005306601775479362,0.0005248697019681592,calm
2023-03-02,0.0003085453527925,0.0006485744006696562,0.0007077774029127753,calm
2023-03-03,0.0004281935857502,0.0007109266589667546,0.0006985488067254504,calm
2023-03-06,0.0014097647468725,0.000581787115672952,0.0005776585523631832,calm
2023-03-07,0.001932077000169,0.0006197531684549154,0.0006944399620532908,calm
2023-03-08,0.0033230761164805,0.0006118019543486448,0.0005950814124120042,calm
2023-03-09,0.0037447900933628,0.0006749033383384595,0.0008647211746553127,calm
2023-03-10,0.0039739894036283,0.0006875078656496162,0.0007390879615110817,calm
2023-03-13,0.0031997229743941,0.001089616036450553,0.0010758788872470115,calm
2023-03-14,0.0032983956712488,0.0011274789087581424,0.001249186333547695,calm
2023-03-15,0.0019290743921805,0.0016422726040403843,0.0015541618134698094,calm
2023-03-16,0.0015668820792142,0.0018750986144956201,0.0017409155257264773,calm
2023-03-17,0.0020237156126576,0.0018286695675392838,0.0017018629391963855,calm
2023-03-20,0.0017738630182925,0.0018559030600225803,0.0016590432294564938,calm
2023-03-21,0.0011608935293322,0.0018640564676255698,0.001728446178861173,calm
2023-03-22,0.0012809327179114,0.0018113560347090224,0.0016461095727497493,calm
2023-03-23,0.001307427221166,0.0015030326571092592,0.0012716458020861476,calm
2023-03-24,0.0004630561649408,0.0015848162988738844,0.0014516990264028015,calm
2023-03-27,0.0004360995801608,0.001518963942798889,0.0012959659445071982,calm
2023-03-28,0.0004420735230353,0.001440380493677076,0.0010191674870006484,calm
2023-03-29,0.0007519585598471,0.0014852956949535732,0.0011707591659851095,calm
2023-03-30,0.0006955771284724,0.0015289911345361497,0.0011571438456351136,calm
2023-03-31,0.0009699103915624,0.0011558785155510681,0.001178202411842364,calm
2023-04-03,0.0008714993279436,0.001144579410679883,0.001013463465376493,calm
2023-04-04,0.0008599227291618,0.0011033516323388393,0.0010425958414998684,calm
2023-04-05,0.0004458244459129,0.0011396204323728747,0.0010001446235066824,calm
2023-04-06,0.000410936194213,0.0010915978841889308,0.0009500135738218301,calm
2023-04-11,0.0002808368417272,0.0011881898613708647,0.0008426953962652169,calm
2023-04-12,0.0003205197018299,0.0010514732062398766,0.0008114838611592986,calm
2023-04-13,0.0003267036188048,0.0010361297680858165,0.0009916309171172605,calm
2023-04-14,0.0002910616470057,0.0008578589305998385,0.0007782526847688958,calm
2023-04-17,0.0002208440852219,0.0008251099093718138,0.0007292034891465585,calm
2023-04-18,7.637094164176044e-05,0.0006748698624336621,0.0006461529915001775,calm
2023-04-19,5.210955727199782e-05,0.000515508862761819,0.0005792407596793316,calm
2023-04-20,0.0001586046560255,0.0005085257103434639,0.0005488638639507369,calm
2023-04-21,0.00020978179001,0.0005061630629666849,0.0005001920223225652,calm
2023-04-24,0.0002364088710799,0.0005045936194814719,0.0004386433739036157,calm
2023-04-25,0.0003041678351162,0.00051908033990187,0.0005676513177492395,calm
2023-04-26,0.0002891831195295,0.0005174735077995655,0.0005183400546891106,calm
2023-04-27,0.0003407299680094,0.0005287683298664785,0.0005906418828758367,calm
2023-04-28,0.0004696058353579,0.0005147352510205014,0.0005099554404616326,calm
2023-05-02,0.0004707672133749,0.0005802312917772673,0.0005728229029460831,calm
2023-05-03,0.0004067053111195,0.0005150267702105989,0.0005317952071710907,calm
2023-05-04,0.0003929939366783,0.000514070900998017,0.0005060899254773927,calm
2023-05-05,0.0002205842741151,0.0005319748055637159,0.0006128157992723069,calm
2023-05-08,0.0001301094051709,0.0005263272345005465,0.0005569499487706271,calm
2023-05-09,0.0001020730210529,0.0005197241969137177,0.0005764251767762392,calm
2023-05-10,0.0001057785847888,0.0004831131757572548,0.00042339131149710785,calm
2023-05-11,0.0001088527346493,0.0004814585098291467,0.0003835190703918505,calm
2023-05-12,0.0001104000486318,0.000385812107288064,0.0002957625070848557,calm
2023-05-15,3.36389601879873e-05,0.00038939119995828664,0.0003094821652557263,calm
2023-05-16,3.3536066569734173e-05,0.00038899721423762333,0.00030744935181391904,calm
2023-05-17,0.000608100844822,0.0003925837338765649,0.00032105840690888597,calm
2023-05-18,0.0006200307663265,0.0003932402120199215,0.00033778214449100733,calm
2023-05-19,0.0006643262600036,0.0003688446862283431,0.00030020375211129666,calm
2023-05-22,0.0006521748492072,0.00036664529488468907,0.00035354503302731854,calm
2023-05-23,0.0008013789246268,0.00039243903690899004,0.0003845176432955145,calm
2023-05-24,0.0002233640701665,0.000507182114484316,0.0004709185675435778,calm
2023-05-25,0.0002589301064228,0.00047816973519956797,0.00044284392185793515,calm
2023-05-26,0.0004569959656253,0.000537668546225602,0.0005023677415209435,calm
2023-05-29,0.0004855558444186,0.0005554218856331142,0.0005384591520251284,calm
2023-05-30,0.0003558617873517,0.0005776402559922155,0.0005323676889977902,calm
2023-05-31,0.0003543189472098,0.000493836963031646,0.00042933673517220886,calm
2023-06-01,0.0003074581973743,0.0005060883484380494,0.00045563832283040414,calm
2023-06-02,0.0002018745140467,0.0005380953326717372,0.0005357811994862692,calm
2023-06-05,0.0001784612365352,0.0005195856630947838,0.00045943979109342326,calm
2023-06-06,0.0002169468965014,0.0004933313443016401,0.00042798135922238856,calm
2023-06-07,0.0002990210196534,0.0004579998323266785,0.0003784736901362601,calm
2023-06-08,0.0002946613722373,0.0004421985651841409,0.00035938383085524535,calm
2023-06-09,0.0002675867869644,0.000436197697761374,0.0003153738545716139,calm
2023-06-12,0.0003454422299223,0.00043481544878588683,0.00035326794257833905,calm
2023-06-13,0.0003007232736258,0.00043437734057467833,0.0003728528813959566,calm
2023-06-14,0.0002143295846901,0.0004340153215644747,0.00036579842463321983,calm
2023-06-15,0.0002894329058671,0.0004495725178331841,0.0004315529767516141,calm
2023-06-16,0.0003278973626737,0.00045170120889515106,0.0004029094014414506,calm
2023-06-19,0.0002722114426085,0.0004573886712938926,0.00040811083984079006,calm
2023-06-20,0.0003307333236871,0.00045461867628174605,0.0003914802990007075,calm
2023-06-21,0.0004527426980981,0.00045461867628174605,0.00041678393741025933,calm
2023-06-22,0.000379122814477,0.0004551130574374045,0.0003783370554542197,calm
2023-06-23,0.0004189191670106,0.0004371316082044636,0.00035854975750956376,calm
2023-06-26,0.0003857910735115,0.00043300076407221946,0.0003424873663581915,calm
2023-06-27,0.0003196934836787,0.000437327326600755,0.00038993520049722695,calm
2023-06-28,0.000207917190016,0.00043509605007616803,0.0003942875729036795,calm
2023-06-29,0.0012999908215339,0.0004347934991969866,0.0003833298371735792,calm
2023-06-30,0.0011838272230359,0.0004652883713338825,0.00044284064817125995,calm
2023-07-03,0.0012446004534838,0.0004492280942776132,0.0003812791695540234,calm
2023-07-04,0.0016841794322677,0.0004139741925855006,0.0003263456701735516,calm
2023-07-05,0.0018085213954566,0.00040436381462695213,0.00032521320418693226,calm
2023-07-06,0.0007364416951576,0.0008164861886552445,0.0006696981345855519,calm
2023-07-07,0.0006731648310039,0.0007780325490795201,0.0005537514081786015,calm
2023-07-10,0.0006596829593357,0.0007843189275055449,0.0005636027799548288,calm
2023-07-11,0.0002330734409438,0.0008233667880850113,0.0007023222480569995,calm
2023-07-12,0.0001564961807548,0.0008097784135473997,0.0007351326237385245,calm
2023-07-13,0.0001519866755016,0.0005523449193513895,0.0005894840565606083,calm
2023-07-14,0.0001528252968997,0.0005423384548503476,0.0005313750566373795,calm
2023-07-17,0.0001767972385896,0.0005412331972199505,0.000566065763728631,calm
2023-07-18,0.0001913932778216,0.0004952414238114018,0.0005239542133965132,calm
2023-07-19,0.0001333244483518,0.0004932911668461831,0.0004465856225363698,calm
2023-07-20,0.0003494448217973,0.0004930572787901338,0.0004586794552150065,calm
2023-07-21,0.0003391363733158,0.0004928073522612275,0.00043704983034359375,calm
2023-07-24,0.0002781243109387,0.0004932911668461831,0.00044700294229258175,calm
2023-07-25,0.000263249353567,0.0004919099823871732,0.000412896433086608,calm
2023-07-26,0.0003254749501231,0.0004894472068500243,0.0005288754277178295,calm
2023-07-27,9.27486570197566e-05,0.000505593497436721,0.000513402061077466,calm
2023-07-28,0.0003413356642496,0.0004955538123345633,0.0005239617136630133,calm
2023-07-31,0.0003357990052035,0.0004944636659714068,0.00048300352231899353,calm
2023-08-01,0.0004303514530352,0.0004901061544850134,0.000505319211818131,calm
2023-08-02,0.0005281043666515,0.0005670365212559983,0.0005944350266614273,calm
2023-08-03,0.0005639359049852,0.0005219545494214754,0.0005562018691764582,calm
2023-08-04,0.0005289990781596,0.0005231975946950449,0.000568462362978784,calm
2023-08-07,0.000523803035395,0.000442110468941735,0.0005217377505432478,calm
2023-08-08,0.0004315197118342,0.00045508388830511236,0.00044999678321606723,calm
2023-08-09,0.0002810407198408,0.0004637094462271298,0.000436483511169482,calm
2023-08-10,0.0004324708591729,0.00044028865685034744,0.0003921617797404985,calm
2023-08-11,0.0003291120882602,0.00044308382954303494,0.00039349587453328476,calm
2023-08-14,0.0003454640407598,0.0004397410359775582,0.000365415927171884,calm
2023-08-15,0.0004882570685155,0.000429519121602886,0.00039314056801214437,calm
2023-08-16,0.0005448673660589,0.00042297178024609686,0.0003768472794759698,calm
2023-08-17,0.0003610238552468,0.0004411638082853041,0.00042625361475134344,calm
2023-08-18,0.0002714030460868,0.0004358159742736324,0.0004435870150974359,calm
2023-08-21,0.0003986819453064,0.0004384002852907663,0.00040711552365185993,calm
2023-08-22,0.0002439437025902,0.00045960887970432866,0.0004034416684908401,calm
2023-08-23,0.0001991047091483,0.0004648346924001191,0.0004547832073506336,calm
2023-08-24,0.0002681628593561,0.0005040699077018145,0.00044625069795467824,calm
2023-08-25,0.0002595377457587,0.000499589999301261,0.00043759389958269215,calm
2023-08-28,0.0001341566352955,0.000492849342082805,0.00044872835307401747,calm
2023-08-29,0.0002584391885635,0.0005126992750938534,0.00048491453420105267,calm
2023-08-30,0.0003470979442914,0.0005081857129870409,0.00043416118000884634,calm
2023-08-31,0.0003523845189227,0.00046776213857117676,0.00041197370906003524,calm
